pac_nome;pac_usarNomeSocialAtendimentos;pac_nomeSocial;pac_sexo;Data_Nasc;idade;CNS;FuncaoAtendimento;prof_nome;Diagnosticos;Procedimentos;Cod_Procedimentos;TeveExamesSolicitados;ExamesSolicitados;MedicamentosPrescritos;TeveMedicamentosPrescritos;Demanda;DataRegistro;DataInicio;DataFim;Duracao;EnderecoTelefone
SORAIA DE AVILA LOPES;False;;F;10/02/1968 00:00:00;58;700406750671250;Procedimento;DEUSIMAR ALVES DE ARAUJO NOBRE;;<procedimento>, ESCUTA INICIAL / ORIENTACAO (ACOLHIMENTO A DEMANDA ESPONTANEA)</procedimento>;<procedimento>  0301040079 - ESCUTA INICIAL / ORIENTACAO (ACOLHIMENTO A DEMANDA ESPONTANEA) - Quantidade: 1
</procedimento>;;;;;Espontanea;14/09/2026 07:18:36;14/09/2026 00:00:00;14/09/2026 00:00:00;1min 12s;ALAMEDA MARICA, S/N, QD 15 LT 26, CONDADO DE MARICA, MARICA-RJ, CEP: 24905010  - Tel: 21997439309;
HELOA DE SOUZA MARTINS;False;;F;13/04/2018 00:00:00;8;703601059983234;Procedimento;DEUSIMAR ALVES DE ARAUJO NOBRE;;<procedimento>, ESCUTA INICIAL / ORIENTACAO (ACOLHIMENTO A DEMANDA ESPONTANEA)</procedimento>;<procedimento>  0301040079 - ESCUTA INICIAL / ORIENTACAO (ACOLHIMENTO A DEMANDA ESPONTANEA) - Quantidade: 1
</procedimento>;;;;;Espontanea;14/09/2026 07:21:02;14/09/2026 00:00:00;14/09/2026 00:00:00;28s;RODOVIA ERNANI DO AMARAL PEIXOTO, S/N, LT 18 QD 5, INOA (INOA), MARICA-RJ, CEP: 24942375  - Tel: 21972270774;
LUCIANE DOS SANTOS DE ALMEIDA;False;;F;31/03/1979 00:00:00;47;704005847003061;Procedimento;DEUSIMAR ALVES DE ARAUJO NOBRE;;<procedimento>, ESCUTA INICIAL / ORIENTACAO (ACOLHIMENTO A DEMANDA ESPONTANEA)</procedimento>;<procedimento>  0301040079 - ESCUTA INICIAL / ORIENTACAO (ACOLHIMENTO A DEMANDA ESPONTANEA) - Quantidade: 1
</procedimento>;;;;;Espontanea;14/09/2026 07:23:06;14/09/2026 00:00:00;14/09/2026 00:00:00;5min 3s;RODOVIA ERNANI DO AMARAL PEIXOTO, S/N, PONTA GROSSA, MARICA-RJ, CEP: 24914440  - Tel: 21997358899;
EDIVANIA DE FREITAS MOTTA;False;;F;20/07/1964 00:00:00;62;704109843351750;Procedimento;DEUSIMAR ALVES DE ARAUJO NOBRE;;<procedimento>, ESCUTA INICIAL / ORIENTACAO (ACOLHIMENTO A DEMANDA ESPONTANEA)</procedimento>;<procedimento>  0301040079 - ESCUTA INICIAL / ORIENTACAO (ACOLHIMENTO A DEMANDA ESPONTANEA) - Quantidade: 1
</procedimento>;;;;;Espontanea;14/09/2026 07:29:27;14/09/2026 00:00:00;14/09/2026 00:00:00;48s;RUA CINCO, S/N, SAO JOSE DO IMBASSAI, MARICA-RJ, CEP: 24930620  - Tel: 21997275313;
ELIETE MONTEIRO MENESES;False;;F;21/02/1970 00:00:00;56;708205110373041;Procedimento;DEUSIMAR ALVES DE ARAUJO NOBRE;;<procedimento>, ESCUTA INICIAL / ORIENTACAO (ACOLHIMENTO A DEMANDA ESPONTANEA)</procedimento>;<procedimento>  0301040079 - ESCUTA INICIAL / ORIENTACAO (ACOLHIMENTO A DEMANDA ESPONTANEA) - Quantidade: 1
</procedimento>;;;;;Espontanea;14/09/2026 07:33:22;14/09/2026 00:00:00;14/09/2026 00:00:00;43s;RUA ALMERINDA PEREIRA DA ROSA, 13, INOA (INOA), MARICA-RJ, CEP: 24942155  - Tel: 21987748381;
MARIA DAS NEVES DE LIMA;False;;F;10/08/1951 00:00:00;75;705006658239156;Procedimento;DEUSIMAR ALVES DE ARAUJO NOBRE;;<procedimento>, ESCUTA INICIAL / ORIENTACAO (ACOLHIMENTO A DEMANDA ESPONTANEA)</procedimento>;<procedimento>  0301040079 - ESCUTA INICIAL / ORIENTACAO (ACOLHIMENTO A DEMANDA ESPONTANEA) - Quantidade: 1
</procedimento>;;;;;Espontanea;14/09/2026 07:34:34;14/09/2026 00:00:00;14/09/2026 00:00:00;57s;RUA DOZE DE JULHO, S/N, LOTE 08 QD E, SAO JOSE DO IMBASSAI, MARICA-RJ, CEP: 24931730  - Tel: 21987403587;
RICARDO DE AGUIAR SODRE;False;;M;12/06/1962 00:00:00;64;708007803620922;Procedimento;DEUSIMAR ALVES DE ARAUJO NOBRE;;<procedimento>, ESCUTA INICIAL / ORIENTACAO (ACOLHIMENTO A DEMANDA ESPONTANEA)</procedimento>;<procedimento>  0301040079 - ESCUTA INICIAL / ORIENTACAO (ACOLHIMENTO A DEMANDA ESPONTANEA) - Quantidade: 1
</procedimento>;;;;;Espontanea;14/09/2026 07:35:44;14/09/2026 00:00:00;14/09/2026 00:00:00;1min 6s;AVENIDA ALCEBIADES GONCALVES MATARUNA, S/N, LT 16 QD 16, UBATIBA, MARICA-RJ, CEP: 24908765  - Tel: 21964740493;
MARIA LUCIA RIBEIRO;False;;F;13/01/1944 00:00:00;82;702308098933820;Procedimento;DEUSIMAR ALVES DE ARAUJO NOBRE;;<procedimento>, ESCUTA INICIAL / ORIENTACAO (ACOLHIMENTO A DEMANDA ESPONTANEA)</procedimento>;<procedimento>  0301040079 - ESCUTA INICIAL / ORIENTACAO (ACOLHIMENTO A DEMANDA ESPONTANEA) - Quantidade: 1
</procedimento>;;;;;Espontanea;14/09/2026 07:37:03;14/09/2026 00:00:00;14/09/2026 00:00:00;25s;RUA F, 329, BOSQUE ITAPEBA, SAO JOSE DO IMBASSAI, MARICA-RJ, CEP: 24930008  - Tel: 21988430737;
WALTER GOMES FILHO;False;;M;28/11/1953 00:00:00;72;702406061329323;Procedimento;DEUSIMAR ALVES DE ARAUJO NOBRE;;<procedimento>, ESCUTA INICIAL / ORIENTACAO (ACOLHIMENTO A DEMANDA ESPONTANEA)</procedimento>;<procedimento>  0301040079 - ESCUTA INICIAL / ORIENTACAO (ACOLHIMENTO A DEMANDA ESPONTANEA) - Quantidade: 1
</procedimento>;;;;;Espontanea;14/09/2026 07:38:18;14/09/2026 00:00:00;14/09/2026 00:00:00;36s;RUA CENTO E QUARENTA E UM, S/N, LT11A QD204 C67, PONTA NEGRA (PONTA NEGRA), MARICA-RJ, CEP: 24922015  - Tel: 21998909420;
THEREZINHA FREIRE DA COSTA;False;;F;05/11/1936 00:00:00;89;709600643592876;Consulta c/ Fonoaudiologo;ANDREI PEREIRA DOS SANTOS; H93  - TRANSTORNOS DO OUVIDO NAO CLASSIFICADOS EM OUTRA PARTE;<procedimento>, AUDIOMETRIA TONAL LIMIAR (VIA AEREA / OSSEA)</procedimento><procedimento>, CONSULTA DE PROFISSIONAIS DE NIVEL SUPERIOR NA ATENCAO ESPECIALIZADA (EXCETO MEDICO)</procedimento><procedimento>, IMITANCIOMETRIA</procedimento><procedimento>, LOGOAUDIOMETRIA (LDV-IRF-LRF)</procedimento>;<procedimento>  0211070041 - AUDIOMETRIA TONAL LIMIAR (VIA AEREA / OSSEA) - Quantidade: 1
</procedimento><procedimento>  0211070203 - IMITANCIOMETRIA - Quantidade: 1
</procedimento><procedimento>  0211070211 - LOGOAUDIOMETRIA (LDV-IRF-LRF) - Quantidade: 1
</procedimento><procedimento>  0301010048 - CONSULTA DE PROFISSIONAIS DE NIVEL SUPERIOR NA ATENCAO ESPECIALIZADA (EXCETO MEDICO) - Quantidade: 1
</procedimento>;N;;;N;Programada;14/09/2026 07:39:58;14/09/2026 00:00:00;14/09/2026 00:00:00;4min 40s;RUA LUCIO ALVES DA SILVA, 689, CASA, ARACATIBA, MARICA-RJ, CEP: 24902050  - Tel: 21986350812;
MARIA EDNA COSTA;False;;F;06/07/1951 00:00:00;75;700506528988552;Procedimento;DEUSIMAR ALVES DE ARAUJO NOBRE;;<procedimento>, ESCUTA INICIAL / ORIENTACAO (ACOLHIMENTO A DEMANDA ESPONTANEA)</procedimento>;<procedimento>  0301040079 - ESCUTA INICIAL / ORIENTACAO (ACOLHIMENTO A DEMANDA ESPONTANEA) - Quantidade: 1
</procedimento>;;;;;Espontanea;14/09/2026 07:39:20;14/09/2026 00:00:00;14/09/2026 00:00:00;47s;RUA FERNANDO MENDES, 122, INOA (INOA), MARICA-RJ, CEP: 24942250  - Tel: 21985339273;
CARLOS ALBERTO FRANCO;False;;M;24/03/1951 00:00:00;75;708201657116849;Procedimento;DEUSIMAR ALVES DE ARAUJO NOBRE;;<procedimento>, ESCUTA INICIAL / ORIENTACAO (ACOLHIMENTO A DEMANDA ESPONTANEA)</procedimento>;<procedimento>  0301040079 - ESCUTA INICIAL / ORIENTACAO (ACOLHIMENTO A DEMANDA ESPONTANEA) - Quantidade: 1
</procedimento>;;;;;Espontanea;14/09/2026 07:40:37;14/09/2026 00:00:00;14/09/2026 00:00:00;57s;RUA DOS BRAGAS, S/N, QD 573 LT 8, JARDIM ATLANTICO OESTE (ITAIPUACU), MARICA-RJ, CEP: 24935095  - Tel: 21964498023;
JAQUELINE CARDOSO SOARES;False;;F;01/01/1979 00:00:00;47;704102053738150;Procedimento;DEUSIMAR ALVES DE ARAUJO NOBRE;;<procedimento>, ESCUTA INICIAL / ORIENTACAO (ACOLHIMENTO A DEMANDA ESPONTANEA)</procedimento>;<procedimento>  0301040079 - ESCUTA INICIAL / ORIENTACAO (ACOLHIMENTO A DEMANDA ESPONTANEA) - Quantidade: 1
</procedimento>;;;;;Espontanea;14/09/2026 07:41:47;14/09/2026 00:00:00;14/09/2026 00:00:00;1min 9s;AVENIDA ROBERTO SILVEIRA, 2108, COND MONTE CRIS, FLAMENGO, MARICA-RJ, CEP: 24903815  - Tel: 6133152425;
MAKCINE PEREIRA DE MOURA;False;;F;10/07/1996 00:00:00;30;705603471098518;Procedimento;DEUSIMAR ALVES DE ARAUJO NOBRE;;<procedimento>, ESCUTA INICIAL / ORIENTACAO (ACOLHIMENTO A DEMANDA ESPONTANEA)</procedimento>;<procedimento>  0301040079 - ESCUTA INICIAL / ORIENTACAO (ACOLHIMENTO A DEMANDA ESPONTANEA) - Quantidade: 1
</procedimento>;;;;;Espontanea;14/09/2026 07:42:53;14/09/2026 00:00:00;14/09/2026 00:00:00;1min 17s;RUA DAS MAGNOLIAS, 01, QD 03 LT 18, SAO JOSE DO IMBASSAI, MARICA-RJ, CEP: 24930488  - Tel: 21972581579;
GILMARA MARQUES DOS SANTOS;False;;F;10/03/1973 00:00:00;53;700007366714105;Procedimento;DEUSIMAR ALVES DE ARAUJO NOBRE;;<procedimento>, ESCUTA INICIAL / ORIENTACAO (ACOLHIMENTO A DEMANDA ESPONTANEA)</procedimento>;<procedimento>  0301040079 - ESCUTA INICIAL / ORIENTACAO (ACOLHIMENTO A DEMANDA ESPONTANEA) - Quantidade: 1
</procedimento>;;;;;Espontanea;14/09/2026 07:44:30;14/09/2026 00:00:00;14/09/2026 00:00:00;49s;ESTRADA TREZE, S/N, RINCAO MIMOSO (ITAIPUACU), MARICA-RJ, CEP: 24938145  - Tel: 21968014619;
WALDENIZE ESPINOLA ANTUNES;False;;F;25/11/1953 00:00:00;72;704200217434784;Procedimento;DEUSIMAR ALVES DE ARAUJO NOBRE;;<procedimento>, ESCUTA INICIAL / ORIENTACAO (ACOLHIMENTO A DEMANDA ESPONTANEA)</procedimento>;<procedimento>  0301040079 - ESCUTA INICIAL / ORIENTACAO (ACOLHIMENTO A DEMANDA ESPONTANEA) - Quantidade: 1
</procedimento>;;;;;Espontanea;14/09/2026 07:47:09;14/09/2026 00:00:00;14/09/2026 00:00:00;46s;ESTRADA DE PONTA NEGRA, S/N, PONTA NEGRA (PONTA NEGRA), MARICA-RJ, CEP: 24922470  - Tel: 21983589608;
MAURIZA DE MATTOS ISAIAS;False;;F;26/09/1955 00:00:00;70;704802054670944;Consulta de Enfermagem;MAURO BATISTA DE BARROS; T140 - TRAUMATISMO SUPERFICIAL DE REGIAO NAO ESPECIFICADA DO CORPO;<procedimento>, CONSULTA DE PROFISSIONAIS DE NIVEL SUPERIOR NA ATENCAO ESPECIALIZADA (EXCETO MEDICO)</procedimento><procedimento>, CURATIVO ESPECIAL</procedimento>;<procedimento>  0301010048 - CONSULTA DE PROFISSIONAIS DE NIVEL SUPERIOR NA ATENCAO ESPECIALIZADA (EXCETO MEDICO) - Quantidade: 1
</procedimento><procedimento>  0301100276 - CURATIVO ESPECIAL - Quantidade: 1
</procedimento>;N;;;N;Programada;14/09/2026 08:22:23;14/09/2026 00:00:00;14/09/2026 00:00:00;27min 32s;ESTRADA MONTE LIBANO, S/N, SITIO 08 B CS 02, SANTA PAULA (INOA), MARICA-RJ, CEP: 24944660  - Tel: 21966511437;
EDINA MARIA BARBOSA RAMOS;False;;F;17/05/1945 00:00:00;81;707402062318276;Consulta de Enfermagem;ELAINE APARECIDA DE SOUZA; R53  - MAL ESTAR, FADIGA, K92  - DOENCAS DO APARELHO DIGESTIVO;<procedimento>, AVALIACAO ANTROPOMETRICA</procedimento><procedimento>, BARREIRAS PROTETORAS DE PELE SINTETICA E/OU MISTA EM FORMA DE PO / PASTA E/OU PLACA</procedimento><procedimento>, CONJUNTO DE PLACA E BOLSA PARA OSTOMA INTESTINAL</procedimento><procedimento>, CONSULTA DE PROFISSIONAIS DE NIVEL SUPERIOR NA ATENCAO ESPECIALIZADA (EXCETO MEDICO)</procedimento><procedimento>, CUIDADOS COM ESTOMAS</procedimento>;<procedimento>  0101040024 - AVALIACAO ANTROPOMETRICA - Quantidade: 1
</procedimento><procedimento>  0301010048 - CONSULTA DE PROFISSIONAIS DE NIVEL SUPERIOR NA ATENCAO ESPECIALIZADA (EXCETO MEDICO) - Quantidade: 1
</procedimento><procedimento>  0301100063 - CUIDADOS COM ESTOMAS - Quantidade: 1
</procedimento><procedimento>  0701050047 - CONJUNTO DE PLACA E BOLSA PARA OSTOMA INTESTINAL - Quantidade: 10
</procedimento><procedimento>  0701060018 - BARREIRAS PROTETORAS DE PELE SINTETICA E/OU MISTA EM FORMA DE PO / PASTA E/OU PLACA - Quantidade: 1
</procedimento>;N;;;N;Programada;14/09/2026 08:33:31;14/09/2026 00:00:00;14/09/2026 00:00:00;6h 46min 3s;RUA NOSSA SENHORA DE NAZARETH, 1673, BOQUEIRAO, SAQUAREMA-RJ, CEP: 28990536  - Tel: 21976352783;
SYLVIO LISBOA HENRIQUE;False;;M;16/03/1960 00:00:00;66;700506111447858;Consulta c/ Cardiologista;LUCIANA FIRMINO PONCE; I20  - ANGINA PECTORIS;<procedimento>, CONSULTA MEDICA EM ATENCAO ESPECIALIZADA</procedimento>;<procedimento>  0301010072 - CONSULTA MEDICA EM ATENCAO ESPECIALIZADA - Quantidade: 1
</procedimento>;S;DOSAGEM DE TIROXINA (T4)
DOSAGEM DE COLESTEROL LDL
DOSAGEM DE HORMONIO TIREOESTIMULANTE (TSH)
DOSAGEM DE SODIO
DOSAGEM DE COLESTEROL HDL
DOSAGEM DE CREATININA
ECOCARDIOGRAFIA TRANSTORACICA
DOSAGEM DE ACIDO URICO
DOSAGEM DE COLESTEROL TOTAL
DOSAGEM DE ANTIGENO PROSTATICO ESPECIFICO (PSA)
DOSAGEM DE POTASSIO
DOSAGEM DE 25 HIDROXIVITAMINA D
;;N;Programada;14/09/2026 08:46:40;14/09/2026 00:00:00;14/09/2026 00:00:00;21min 29s;RUA SETE, S/N, QD 68 LT 5 CS 1, BARROCO (ITAIPUACU), MARICA-RJ, CEP: 24936250  - Tel: 21971774920;
ODILA JULIO DOS SANTOS GUEDES;False;;F;01/02/1974 00:00:00;52;709208205921934;Consulta c/ Cirurgiao Geral;JOSE ROBERTO BARQUETTE; K801 - CALCULOSE DA VESICULA BILIAR COM OUTRAS FORMAS DE COLECISTITE;<procedimento>, CONSULTA MEDICA EM ATENCAO ESPECIALIZADA</procedimento>;<procedimento>  0301010072 - CONSULTA MEDICA EM ATENCAO ESPECIALIZADA - Quantidade: 1
</procedimento>;N;;;N;Programada;14/09/2026 08:48:21;14/09/2026 00:00:00;14/09/2026 00:00:00;10min 47s;AVENIDA BRAULINO VENANCIO DA COSTA, S/N, BALNEARIO BAMBUI (PONTA NEGRA), MARICA-RJ, CEP: 24920640  - Tel: 21976582964;
ELISABETE GUIMARAES RODRIGUES;False;;F;13/08/1961 00:00:00;65;702409030902725;Consulta c/ Ortopedista e Traumatologista;PALMERIO NEVES DE SOUZA NETO; R522 - OUTRA DOR CRONICA;<procedimento>, CONSULTA MEDICA EM ATENCAO ESPECIALIZADA</procedimento>;<procedimento>  0301010072 - CONSULTA MEDICA EM ATENCAO ESPECIALIZADA - Quantidade: 1
</procedimento>;S;RADIOGRAFIA DE COLUNA LOMBO-SACRA
RADIOGRAFIA DE COLUNA CERVICAL (AP + LATERAL + TO + OBLIQUAS)
;;N;Programada;14/09/2026 08:51:43;14/09/2026 00:00:00;14/09/2026 00:00:00;9min 28s;RUA TRES, S/N, LT6 QD10, JACONE (PONTA NEGRA), MARICA-RJ, CEP: 24924055  - Tel: 21994547650;
ADRIANA APARECIDA DE SOUZA;False;;F;08/05/1967 00:00:00;59;705806457849731;Consulta c/ Ortopedista e Traumatologista;PALMERIO NEVES DE SOUZA NETO; R522 - OUTRA DOR CRONICA;<procedimento>, CONSULTA MEDICA EM ATENCAO ESPECIALIZADA</procedimento>;<procedimento>  0301010072 - CONSULTA MEDICA EM ATENCAO ESPECIALIZADA - Quantidade: 1
</procedimento>;S;ULTRASSONOGRAFIA DE ARTICULACAO
RADIOGRAFIA DE CALCANEO
RADIOGRAFIA DE JOELHO (AP + LATERAL)
;;N;Programada;14/09/2026 09:00:42;14/09/2026 00:00:00;14/09/2026 00:00:00;9min 25s;RUA RAUL ALFREDO DE ANDRADE, 763, BL 3 APTO 112, CAXITO, MARICA-RJ, CEP: 24910530  - Tel: 21997223600;
ALEX PINTO DUARTE;False;;M;21/02/1972 00:00:00;54;700609999654664;Consulta c/ Cirurgiao Geral;JOSE ROBERTO BARQUETTE; K429 - HERNIA UMBILICAL SEM OBSTRUCAO OU GANGRENA;<procedimento>, CONSULTA MEDICA EM ATENCAO ESPECIALIZADA</procedimento>;<procedimento>  0301010072 - CONSULTA MEDICA EM ATENCAO ESPECIALIZADA - Quantidade: 1
</procedimento>;N;;;N;Programada;14/09/2026 09:00:04;14/09/2026 00:00:00;14/09/2026 00:00:00;6min 33s;RUA FAUSTO CAVALCANTI DE MENEZES GUERRA, 390, BARRA DE MARICA, MARICA-RJ, CEP: 24915530  - Tel: 21996368626;
CARMELITA DA ROSA DO ROSARIO;False;;F;02/10/1957 00:00:00;68;706500349267994;Procedimento;CLAUDIA FREIXO SEIXAS IOCKEN;;<procedimento>, DENSITOMETRIA OSSEA DUO-ENERGETICA DE COLUNA (VERTEBRAS LOMBARES E/OU FEMUR)</procedimento>;<procedimento>  0204060028 - DENSITOMETRIA OSSEA DUO-ENERGETICA DE COLUNA (VERTEBRAS LOMBARES E/OU FEMUR) - Quantidade: 1
</procedimento>;;;;;Espontanea;14/09/2026 10:59:23;14/09/2026 00:00:00;14/09/2026 00:00:00;0s;RUA DOUTOR CRESO RIBEIRO, S/N, SAO JOSE DO IMBASSAI, MARICA-RJ, CEP: 24930672  - Tel: 21996088425;
CELMA DOS SANTOS CRUZ;False;;F;14/07/1960 00:00:00;66;709804007818895;Procedimento;LUCIANA FIRMINO PONCE;;<procedimento>, ELETROCARDIOGRAMA</procedimento>;<procedimento>  0211020036 - ELETROCARDIOGRAMA - Quantidade: 1
</procedimento>;;;;;Espontanea;14/09/2026 10:43:09;14/09/2026 00:00:00;14/09/2026 00:00:00;0s;RUA ARLETE GERVAZONI DA SILVA, S/N, QD 21 LT 08, INOA (INOA), MARICA-RJ, CEP: 24943105  - Tel: 21964239725;
ELISA ELENA DE SOUZA SANTOS;False;;F;13/07/1981 00:00:00;45;706401604887885;Procedimento;RENATO ROQUE DE ANDRADE;;<procedimento>, MAMOGRAFIA BILATERAL PARA RASTREAMENTO</procedimento>;<procedimento>  0204030188 - MAMOGRAFIA BILATERAL PARA RASTREAMENTO - Quantidade: 1
</procedimento>;;;;;Espontanea;14/09/2026 10:30:47;14/09/2026 00:00:00;14/09/2026 00:00:00;0s;RUA AMILTON JOSE DOS SANTOS, S/N, JACAROA, MARICA-RJ, CEP: 24902375  - Tel: 21999132303;
ELISABETE EUFRASIA DA COSTA;False;;F;07/09/1956 00:00:00;70;898004233144221;Procedimento;CLAUDIA FREIXO SEIXAS IOCKEN;;<procedimento>, DENSITOMETRIA OSSEA DUO-ENERGETICA DE COLUNA (VERTEBRAS LOMBARES E/OU FEMUR)</procedimento>;<procedimento>  0204060028 - DENSITOMETRIA OSSEA DUO-ENERGETICA DE COLUNA (VERTEBRAS LOMBARES E/OU FEMUR) - Quantidade: 1
</procedimento>;;;;;Espontanea;14/09/2026 13:26:49;14/09/2026 00:00:00;14/09/2026 00:00:00;0s;ESTRADA MARIA OLYMPIA ALCANTARA, 14, CAJU (PONTA NEGRA), MARICA-RJ, CEP: 24918000  - Tel: 21997319952;
ELIZAMAR PIMENTEL E SILVA;False;;F;09/10/1978 00:00:00;47;705008413533452;Procedimento;RENATO ROQUE DE ANDRADE;;<procedimento>, MAMOGRAFIA BILATERAL PARA RASTREAMENTO</procedimento>;<procedimento>  0204030188 - MAMOGRAFIA BILATERAL PARA RASTREAMENTO - Quantidade: 1
</procedimento>;;;;;Espontanea;14/09/2026 11:06:15;14/09/2026 00:00:00;14/09/2026 00:00:00;0s;RUA UM, S/N, CORDEIRINHO, MARICA-RJ, CEP: 24921644  - Tel: 21999734181;
EVANILDA GOMES ANSELMO;False;;F;30/10/1974 00:00:00;51;702802110777765;Procedimento;LUCIANA FIRMINO PONCE;;<procedimento>, ELETROCARDIOGRAMA</procedimento>;<procedimento>  0211020036 - ELETROCARDIOGRAMA - Quantidade: 1
</procedimento>;;;;;Espontanea;14/09/2026 10:41:56;14/09/2026 00:00:00;14/09/2026 00:00:00;0s;RUA CENTO E VINTE E CINCO, S/N, LOTE17QD184, BALNEARIO BAMBUI (PONTA NEGRA), MARICA-RJ, CEP: 24920800  - Tel: 21997812308;
FATIMA PEREIRA DE ANDRADE;False;;F;19/02/1955 00:00:00;71;706300720703876;Procedimento;LUCIANA FIRMINO PONCE;;<procedimento>, ELETROCARDIOGRAMA</procedimento>;<procedimento>  0211020036 - ELETROCARDIOGRAMA - Quantidade: 1
</procedimento>;;;;;Espontanea;15/09/2026 07:53:01;14/09/2026 00:00:00;14/09/2026 00:00:00;0s;ESTRADA MARIA OLYMPIA ALCANTARA, 28, CAJU (PONTA NEGRA), MARICA-RJ, CEP: 24918000  - Tel: 21998823956;
GENY NOGUEIRA DE FARIA;False;;F;01/06/1945 00:00:00;81;700802934362989;Procedimento;CLAUDIA FREIXO SEIXAS IOCKEN;;<procedimento>, DENSITOMETRIA OSSEA DUO-ENERGETICA DE COLUNA (VERTEBRAS LOMBARES E/OU FEMUR)</procedimento>;<procedimento>  0204060028 - DENSITOMETRIA OSSEA DUO-ENERGETICA DE COLUNA (VERTEBRAS LOMBARES E/OU FEMUR) - Quantidade: 1
</procedimento>;;;;;Espontanea;14/09/2026 10:57:25;14/09/2026 00:00:00;14/09/2026 00:00:00;0s;AVENIDA ITAIPUACU, S/N, JARDIM ATLANTICO LESTE (ITAIPUACU), MARICA-RJ, CEP: 24933080  - Tel: 21974837479;
JANAINA MARCHON DA COSTA;False;;F;01/09/1984 00:00:00;42;702903572887774;Procedimento;RENATO ROQUE DE ANDRADE;;<procedimento>, MAMOGRAFIA BILATERAL PARA RASTREAMENTO</procedimento>;<procedimento>  0204030188 - MAMOGRAFIA BILATERAL PARA RASTREAMENTO - Quantidade: 1
</procedimento>;;;;;Espontanea;14/09/2026 10:02:50;14/09/2026 00:00:00;14/09/2026 00:00:00;0s;RODOVIA ERNANI DO AMARAL PEIXOTO, 557, CASA 2, SAO JOSE DO IMBASSAI, MARICA-RJ, CEP: 24931000  - Tel: 21986395429;
JOSELUCI MARIA MASCARENHAS NUNES;False;;F;27/10/1963 00:00:00;62;703001852726678;Procedimento;CLAUDIA FREIXO SEIXAS IOCKEN;;<procedimento>, DENSITOMETRIA OSSEA DUO-ENERGETICA DE COLUNA (VERTEBRAS LOMBARES E/OU FEMUR)</procedimento>;<procedimento>  0204060028 - DENSITOMETRIA OSSEA DUO-ENERGETICA DE COLUNA (VERTEBRAS LOMBARES E/OU FEMUR) - Quantidade: 1
</procedimento>;;;;;Espontanea;14/09/2026 10:58:27;14/09/2026 00:00:00;14/09/2026 00:00:00;0s;RUA TRINTA E DOIS, 01, Qd 305 LT 1, JARDIM ATLANTICO CENTRAL (ITAIPUACU), MARICA-RJ, CEP: 24934035  - Tel: 21996291959;
LUCIA DOS SANTOS PINNA NASCIMENTO;False;;F;30/09/1964 00:00:00;61;700006706093003;Procedimento;CLAUDIA FREIXO SEIXAS IOCKEN;;<procedimento>, DENSITOMETRIA OSSEA DUO-ENERGETICA DE COLUNA (VERTEBRAS LOMBARES E/OU FEMUR)</procedimento>;<procedimento>  0204060028 - DENSITOMETRIA OSSEA DUO-ENERGETICA DE COLUNA (VERTEBRAS LOMBARES E/OU FEMUR) - Quantidade: 1
</procedimento>;;;;;Espontanea;14/09/2026 11:26:52;14/09/2026 00:00:00;14/09/2026 00:00:00;0s;AVENIDA EUGENIO JOSE DIAS, 01, QD 01, SAO JOSE DO IMBASSAI, MARICA-RJ, CEP: 24931535  - Tel: 21982255552;
LUCIA MARIA DA SILVA SOUSA;False;;F;02/11/1957 00:00:00;68;702403040071723;Procedimento;SERGIO RICARDO DUARTE MOUTINHO;;<procedimento>, MONITORAMENTO PELO SISTEMA HOLTER 24 HS (3 CANAIS)</procedimento>;<procedimento>  0211020044 - MONITORAMENTO PELO SISTEMA HOLTER 24 HS (3 CANAIS) - Quantidade: 1
</procedimento>;;;;;Espontanea;14/09/2026 15:09:18;14/09/2026 00:00:00;14/09/2026 00:00:00;0s;RUA ISMAEL BARROS DE FIGUEIREDO, S/N, LT 01 QD 08 CS2, UBATIBA, MARICA-RJ, CEP: 24908095  - Tel: 21971501529;
MAGDA LUCINDA GUIMARAES DA SILVA;False;;F;06/05/1959 00:00:00;67;700000128104400;Procedimento;LUCIANA FIRMINO PONCE;;<procedimento>, ELETROCARDIOGRAMA</procedimento>;<procedimento>  0211020036 - ELETROCARDIOGRAMA - Quantidade: 1
</procedimento>;;;;;Espontanea;14/09/2026 10:39:07;14/09/2026 00:00:00;14/09/2026 00:00:00;0s;RUA ANTONIO EDUARDO, 229, NA, MUMBUCA, MARICA-RJ, CEP: 24913705  - Tel: 2121050000;
MANUEL DA COSTA E SOUSA;False;;M;21/08/1945 00:00:00;81;700606451284067;Procedimento;LUCIANA FIRMINO PONCE;;<procedimento>, ELETROCARDIOGRAMA</procedimento>;<procedimento>  0211020036 - ELETROCARDIOGRAMA - Quantidade: 1
</procedimento>;;;;;Espontanea;14/09/2026 10:40:28;14/09/2026 00:00:00;14/09/2026 00:00:00;0s;RUA JACARANDA, 26, LT 26B, CONDADO, MARICA-RJ, CEP: 24905300  - Tel: 2122683380;
MARIA DO CARMO DA SILVA CRISTINO;False;;F;28/08/1962 00:00:00;64;707800630217216;Procedimento;LUCIANA FIRMINO PONCE;;<procedimento>, ELETROCARDIOGRAMA</procedimento>;<procedimento>  0211020036 - ELETROCARDIOGRAMA - Quantidade: 1
</procedimento>;;;;;Espontanea;14/09/2026 10:54:36;14/09/2026 00:00:00;14/09/2026 00:00:00;0s;AVENIDA REGINALDO ZEIDAN, S/N, CORDEIRINHO (PONTA NEGRA), MARICA-RJ, CEP: 24921324  - Tel: 44988063190;
MARIA HELENA DE OLIVEIRA SALES;False;;F;18/11/1960 00:00:00;65;706801259997525;Procedimento;CLAUDIA FREIXO SEIXAS IOCKEN;;<procedimento>, DENSITOMETRIA OSSEA DUO-ENERGETICA DE COLUNA (VERTEBRAS LOMBARES E/OU FEMUR)</procedimento>;<procedimento>  0204060028 - DENSITOMETRIA OSSEA DUO-ENERGETICA DE COLUNA (VERTEBRAS LOMBARES E/OU FEMUR) - Quantidade: 1
</procedimento>;;;;;Espontanea;14/09/2026 11:00:53;14/09/2026 00:00:00;14/09/2026 00:00:00;0s;RUA FRANCISCO MACHADO, S/N, LT 31 QD 01, VALE DA FIGUEIRA (PONTA NEGRA), MARICA-RJ, CEP: 24926370  - Tel: 21965471745;
MARIA JOSE LEITE BAPTISTA;False;;F;10/12/1974 00:00:00;51;703204622112997;Procedimento;RENATO ROQUE DE ANDRADE;;<procedimento>, MAMOGRAFIA BILATERAL PARA RASTREAMENTO</procedimento>;<procedimento>  0204030188 - MAMOGRAFIA BILATERAL PARA RASTREAMENTO - Quantidade: 1
</procedimento>;;;;;Espontanea;14/09/2026 13:18:59;14/09/2026 00:00:00;14/09/2026 00:00:00;0s;RUA SETE, S/N, LT 06 QD 05, SAO JOSE DO IMBASSAI, MARICA-RJ, CEP: 24931390  - Tel: 21980292227;
MARIA JOSE LIMA DA MOTA;False;;F;24/05/1971 00:00:00;55;701202091281418;Procedimento;CLAUDIA FREIXO SEIXAS IOCKEN;;<procedimento>, DENSITOMETRIA OSSEA DUO-ENERGETICA DE COLUNA (VERTEBRAS LOMBARES E/OU FEMUR)</procedimento>;<procedimento>  0204060028 - DENSITOMETRIA OSSEA DUO-ENERGETICA DE COLUNA (VERTEBRAS LOMBARES E/OU FEMUR) - Quantidade: 1
</procedimento>;;;;;Espontanea;14/09/2026 11:02:11;14/09/2026 00:00:00;14/09/2026 00:00:00;0s;RUA ARARAS, 779, PARQUE NANCI, MARICA-RJ, CEP: 24914155  - Tel: 21967406189;
MARISTELA DUARTE DA SILVA MACHADO;False;;F;23/01/1971 00:00:00;55;708002314334825;Procedimento;SERGIO RICARDO DUARTE MOUTINHO;;<procedimento>, MONITORAMENTO PELO SISTEMA HOLTER 24 HS (3 CANAIS)</procedimento>;<procedimento>  0211020044 - MONITORAMENTO PELO SISTEMA HOLTER 24 HS (3 CANAIS) - Quantidade: 1
</procedimento>;;;;;Espontanea;14/09/2026 15:08:24;14/09/2026 00:00:00;14/09/2026 00:00:00;0s;RODOVIA ERNANI DO AMARAL PEIXOTO, S/N, PONTA GROSSA, MARICA-RJ, CEP: 24914440  - Tel: 21965585139;
NEIDE MARIA DA SILVA;False;;F;26/08/1958 00:00:00;68;701307699505530;Procedimento;RENATO ROQUE DE ANDRADE;;<procedimento>, MAMOGRAFIA BILATERAL PARA RASTREAMENTO</procedimento>;<procedimento>  0204030188 - MAMOGRAFIA BILATERAL PARA RASTREAMENTO - Quantidade: 1
</procedimento>;;;;;Espontanea;14/09/2026 10:45:51;14/09/2026 00:00:00;14/09/2026 00:00:00;0s;RUA CECILIA GONCALVES MATARUNA, 100, RUA 1 LT 21, PINDOBAS, MARICA-RJ, CEP: 24910600  - Tel: 99992060927;
NOEMIA DE SOUZA NEVES;False;;F;13/10/1955 00:00:00;70;702402015355127;Procedimento;CLAUDIA FREIXO SEIXAS IOCKEN;;<procedimento>, DENSITOMETRIA OSSEA DUO-ENERGETICA DE COLUNA (VERTEBRAS LOMBARES E/OU FEMUR)</procedimento>;<procedimento>  0204060028 - DENSITOMETRIA OSSEA DUO-ENERGETICA DE COLUNA (VERTEBRAS LOMBARES E/OU FEMUR) - Quantidade: 1
</procedimento>;;;;;Espontanea;14/09/2026 13:30:27;14/09/2026 00:00:00;14/09/2026 00:00:00;0s;RUA JOAQUIM PEREIRA DE MATOS, S/N, LT 10 QD 15, INOA (INOA), MARICA-RJ, CEP: 24943700  - Tel: 21986667644;
SANDRA CORDEIRO DOS SANTOS;False;;F;20/10/1974 00:00:00;51;898004243068854;Procedimento;RENATO ROQUE DE ANDRADE;;<procedimento>, MAMOGRAFIA BILATERAL PARA RASTREAMENTO</procedimento>;<procedimento>  0204030188 - MAMOGRAFIA BILATERAL PARA RASTREAMENTO - Quantidade: 1
</procedimento>;;;;;Espontanea;14/09/2026 11:36:30;14/09/2026 00:00:00;14/09/2026 00:00:00;0s;RUA G, S/N, QD LT, ITAPEBA, MARICA-RJ, CEP: 24912410  - Tel: 2137319823;
SIMONE CORREIA DE BRITO;False;;F;12/02/1972 00:00:00;54;706008360660747;Procedimento;CLAUDIA FREIXO SEIXAS IOCKEN;;<procedimento>, DENSITOMETRIA OSSEA DUO-ENERGETICA DE COLUNA (VERTEBRAS LOMBARES E/OU FEMUR)</procedimento>;<procedimento>  0204060028 - DENSITOMETRIA OSSEA DUO-ENERGETICA DE COLUNA (VERTEBRAS LOMBARES E/OU FEMUR) - Quantidade: 1
</procedimento>;;;;;Espontanea;14/09/2026 13:28:07;14/09/2026 00:00:00;14/09/2026 00:00:00;0s;RUA DOUTOR ALBERTO RUSH, S/N, QD 570 LT 9, JARDIM ATLANTICO OESTE (ITAIPUACU), MARICA-RJ, CEP: 24935070  - Tel: 21982055073;
VALERIA REGINA MACHADO COUTINHO;False;;F;02/07/1959 00:00:00;67;707800669787315;Procedimento;RENATO ROQUE DE ANDRADE;;<procedimento>, MAMOGRAFIA BILATERAL PARA RASTREAMENTO</procedimento>;<procedimento>  0204030188 - MAMOGRAFIA BILATERAL PARA RASTREAMENTO - Quantidade: 1
</procedimento>;;;;;Espontanea;14/09/2026 13:20:52;14/09/2026 00:00:00;14/09/2026 00:00:00;0s;RUA OITENTA E SEIS, S/N, LOTE27QUADRA86, JARDIM INTERLAGOS (PONTA NEGRA), MARICA-RJ, CEP: 24917100  - Tel: 21999912467;
VERA LUCIA DA SILVA;False;;F;10/05/1969 00:00:00;57;709206261740336;Procedimento;CLAUDIA FREIXO SEIXAS IOCKEN;;<procedimento>, DENSITOMETRIA OSSEA DUO-ENERGETICA DE COLUNA (VERTEBRAS LOMBARES E/OU FEMUR)</procedimento>;<procedimento>  0204060028 - DENSITOMETRIA OSSEA DUO-ENERGETICA DE COLUNA (VERTEBRAS LOMBARES E/OU FEMUR) - Quantidade: 1
</procedimento>;;;;;Espontanea;14/09/2026 13:29:21;14/09/2026 00:00:00;14/09/2026 00:00:00;0s;RUA C, S/N, CHACARAS DE INOA (INOA), MARICA-RJ, CEP: 24941530  - Tel: 21979406185;
WALTER DE PAULA CRUZ;False;;M;21/04/1972 00:00:00;54;706402699092088;Procedimento;ANDRE LUIZ TELLES FARAH;;<procedimento>, ELETROCARDIOGRAMA</procedimento>;<procedimento>  0211020036 - ELETROCARDIOGRAMA - Quantidade: 1
</procedimento>;;;;;Espontanea;15/09/2026 09:25:17;14/09/2026 00:00:00;14/09/2026 00:00:00;0s;RUA OITENTA E DOIS, S/N, QD 429 LT 46, JARDIM ATLANTICO LESTE (ITAIPUACU), MARICA-RJ, CEP: 24933480  - Tel: 21972399471;
DULCINEIA REIS DA SILVA;False;;F;06/09/1969 00:00:00;57;700305958174632;Consulta c/ Cirurgiao Geral;JOSE ROBERTO BARQUETTE; K801 - CALCULOSE DA VESICULA BILIAR COM OUTRAS FORMAS DE COLECISTITE;<procedimento>, CONSULTA MEDICA EM ATENCAO ESPECIALIZADA</procedimento>;<procedimento>  0301010072 - CONSULTA MEDICA EM ATENCAO ESPECIALIZADA - Quantidade: 1
</procedimento>;N;;;N;Programada;14/09/2026 09:07:52;14/09/2026 00:00:00;14/09/2026 00:00:00;9min 8s;RUA IRINEU FERREIRA PINTO, 143, PONTA GROSSA, MARICA-RJ, CEP: 24914345  - Tel: 21996286951;
MARINA DE FRANCA PEDROSA;False;;F;25/10/2000 00:00:00;25;700000481136309;Consulta c/ Ortopedista e Traumatologista;PALMERIO NEVES DE SOUZA NETO; R522 - OUTRA DOR CRONICA;<procedimento>, CONSULTA MEDICA EM ATENCAO ESPECIALIZADA</procedimento>;<procedimento>  0301010072 - CONSULTA MEDICA EM ATENCAO ESPECIALIZADA - Quantidade: 1
</procedimento>;S;RADIOGRAFIA DE PE / DEDOS DO PE
RADIOGRAFIA DE ARTICULACAO TIBIO-TARSICA
;;N;Programada;14/09/2026 09:09:44;14/09/2026 00:00:00;14/09/2026 00:00:00;36min 1s;RUA ELIETE ROCHA SANTOS, S/N, ARACATIBA, MARICA-RJ, CEP: 24902165  - Tel: 92991157261;
NAZARE COSTA DA SILVA;False;;F;11/10/1957 00:00:00;68;708001845216628;Consulta c/ Cardiologista;LUCIANA FIRMINO PONCE; I10  - HIPERTENSAO ESSENCIAL (PRIMARIA);<procedimento>, CONSULTA MEDICA EM ATENCAO ESPECIALIZADA</procedimento>;<procedimento>  0301010072 - CONSULTA MEDICA EM ATENCAO ESPECIALIZADA - Quantidade: 1
</procedimento>;S;MONITORIZACAO AMBULATORIAL DE PRESSAO ARTERIAL (M A P A)
ECOCARDIOGRAFIA TRANSTORACICA
;;N;Programada;14/09/2026 09:09:28;14/09/2026 00:00:00;14/09/2026 00:00:00;10min 0s;RUA MATHEUS RIBEIRO BARBOSA, S/N, PONTA NEGRA (PONTA NEGRA), MARICA-RJ, CEP: 24923000  - Tel: 21997971769;
MARCOS MONTEIRO;False;;M;24/07/1945 00:00:00;81;708004880161721;Consulta c/ Ortopedista e Traumatologista;PALMERIO NEVES DE SOUZA NETO; R522 - OUTRA DOR CRONICA;<procedimento>, CONSULTA MEDICA EM ATENCAO ESPECIALIZADA</procedimento>;<procedimento>  0301010072 - CONSULTA MEDICA EM ATENCAO ESPECIALIZADA - Quantidade: 1
</procedimento>;N;;;N;Programada;14/09/2026 09:15:55;14/09/2026 00:00:00;14/09/2026 00:00:00;7min 20s;RUA CINCO, S/N, QD 05 LT 27/202, INOA (INOA), MARICA-RJ, CEP: 24943130  - Tel: 21976732067;
JOAQUIM ALVES BAPTISTA;False;;M;28/10/1955 00:00:00;70;706204705186070;Consulta c/ Cirurgiao Geral;JOSE ROBERTO BARQUETTE; K402 - HERNIA INGUINAL BILATERAL, SEM OBSTRUCAO OU GANGRENA;<procedimento>, CONSULTA MEDICA EM ATENCAO ESPECIALIZADA</procedimento>;<procedimento>  0301010072 - CONSULTA MEDICA EM ATENCAO ESPECIALIZADA - Quantidade: 1
</procedimento>;N;;;N;Programada;14/09/2026 09:17:32;14/09/2026 00:00:00;14/09/2026 00:00:00;16min 58s;RUA GUARAPARI, S/N, LT 05 QD 33, SAO JOSE DO IMBASSAI, MARICA-RJ, CEP: 24931105  - Tel: 21998265081;
MANUEL DA COSTA E SOUSA;False;;M;21/08/1945 00:00:00;81;700606451284067;Consulta c/ Cardiologista;LUCIANA FIRMINO PONCE; I10  - HIPERTENSAO ESSENCIAL (PRIMARIA);<procedimento>, CONSULTA MEDICA EM ATENCAO ESPECIALIZADA</procedimento>;<procedimento>  0301010072 - CONSULTA MEDICA EM ATENCAO ESPECIALIZADA - Quantidade: 1
</procedimento>;N;;;N;Programada;14/09/2026 09:19:44;14/09/2026 00:00:00;14/09/2026 00:00:00;12min 49s;RUA JACARANDA, 26, LT 26B, CONDADO, MARICA-RJ, CEP: 24905300  - Tel: 2122683380;
MICHELLE MEIRA TELLES DA SILVA;False;;F;11/12/1984 00:00:00;41;709009817606110;Consulta c/ Ortopedista e Traumatologista;PALMERIO NEVES DE SOUZA NETO; R522 - OUTRA DOR CRONICA;<procedimento>, CONSULTA MEDICA EM ATENCAO ESPECIALIZADA</procedimento>;<procedimento>  0301010072 - CONSULTA MEDICA EM ATENCAO ESPECIALIZADA - Quantidade: 1
</procedimento>;S;ULTRASSONOGRAFIA DE ARTICULACAO
;;N;Programada;14/09/2026 09:22:37;14/09/2026 00:00:00;14/09/2026 00:00:00;8min 10s;RUA ANALIA MELO DOS SANTOS, 25, QD84 lote 25, BARROCO (ITAIPUACU), MARICA-RJ, CEP: 24936580  - Tel: 21974516615;
LUCIO GETULIO BRAGA CORREA;False;;M;05/04/1955 00:00:00;71;708409230855762;Consulta de Enfermagem;ELAINE APARECIDA DE SOUZA; K92  - DOENCAS DO APARELHO DIGESTIVO;<procedimento>, AVALIACAO ANTROPOMETRICA</procedimento><procedimento>, BARREIRAS PROTETORAS DE PELE SINTETICA E/OU MISTA EM FORMA DE PO / PASTA E/OU PLACA</procedimento><procedimento>, CONJUNTO DE PLACA E BOLSA PARA OSTOMA INTESTINAL</procedimento><procedimento>, CONSULTA DE PROFISSIONAIS DE NIVEL SUPERIOR NA ATENCAO ESPECIALIZADA (EXCETO MEDICO)</procedimento><procedimento>, CUIDADOS COM ESTOMAS</procedimento>;<procedimento>  0101040024 - AVALIACAO ANTROPOMETRICA - Quantidade: 1
</procedimento><procedimento>  0301010048 - CONSULTA DE PROFISSIONAIS DE NIVEL SUPERIOR NA ATENCAO ESPECIALIZADA (EXCETO MEDICO) - Quantidade: 1
</procedimento><procedimento>  0301100063 - CUIDADOS COM ESTOMAS - Quantidade: 1
</procedimento><procedimento>  0701050047 - CONJUNTO DE PLACA E BOLSA PARA OSTOMA INTESTINAL - Quantidade: 10
</procedimento><procedimento>  0701060018 - BARREIRAS PROTETORAS DE PELE SINTETICA E/OU MISTA EM FORMA DE PO / PASTA E/OU PLACA - Quantidade: 1
</procedimento>;N;;;N;Programada;14/09/2026 09:23:11;14/09/2026 00:00:00;14/09/2026 00:00:00;45min 0s;RUA NOVE, 08, LOTE06QUADRA16, CORDEIRINHO (PONTA NEGRA), MARICA-RJ, CEP: 24921628  - Tel: 21996954187;
HELIO ILSON BORGES DE SOUZA;False;;M;27/05/1967 00:00:00;59;700608432999465;Consulta c/ Ortopedista e Traumatologista;PALMERIO NEVES DE SOUZA NETO; M545 - DOR LOMBAR BAIXA;<procedimento>, CONSULTA MEDICA EM ATENCAO ESPECIALIZADA</procedimento>;<procedimento>  0301010072 - CONSULTA MEDICA EM ATENCAO ESPECIALIZADA - Quantidade: 1
</procedimento>;S;RADIOGRAFIA DE COLUNA LOMBO-SACRA
;;N;Programada;14/09/2026 09:30:24;14/09/2026 00:00:00;14/09/2026 00:00:00;4min 1s;RUA SEIS, S/N, GUARATIBA (PONTA NEGRA), MARICA-RJ, CEP: 24916175  - Tel: 21971639041;
MAGDA LUCINDA GUIMARAES DA SILVA;False;;F;06/05/1959 00:00:00;67;700000128104400;Consulta c/ Cardiologista;LUCIANA FIRMINO PONCE; I10  - HIPERTENSAO ESSENCIAL (PRIMARIA);<procedimento>, CONSULTA MEDICA EM ATENCAO ESPECIALIZADA</procedimento>;<procedimento>  0301010072 - CONSULTA MEDICA EM ATENCAO ESPECIALIZADA - Quantidade: 1
</procedimento>;S;ULTRASSONOGRAFIA DOPPLER COLORIDO DE VASOS
TESTE DE ESFORCO / TESTE ERGOMETRICO
;;N;Programada;14/09/2026 09:32:56;14/09/2026 00:00:00;14/09/2026 00:00:00;14min 56s;RUA ANTONIO EDUARDO, 229, NA, MUMBUCA, MARICA-RJ, CEP: 24913705  - Tel: 2121050000;
WALDIMEA RANGEL DOS SANTOS;False;;F;29/12/1960 00:00:00;65;708702131869898;Consulta c/ Cirurgiao Geral;JOSE ROBERTO BARQUETTE; D172 - NEOPLASIA LIPOMATOSA BENIGNA DA PELE E TECIDO SUBCUTANEO DOS MEMBROS;<procedimento>, CONSULTA MEDICA EM ATENCAO ESPECIALIZADA</procedimento>;<procedimento>  0301010072 - CONSULTA MEDICA EM ATENCAO ESPECIALIZADA - Quantidade: 1
</procedimento>;N;;;N;Programada;14/09/2026 09:35:27;14/09/2026 00:00:00;14/09/2026 00:00:00;10min 20s;AVENIDA ITAIPUACU, S/N, QD429 LT45, JARDIM ATLANTICO LESTE (ITAIPUACU), MARICA-RJ, CEP: 24933395  - Tel: 2198654843;
OCTHAVIO FERREIRA DA COSTA ABREU;False;;M;07/01/2016 00:00:00;10;898004948502075;Consulta c/ Fonoaudiologo;ANDREI PEREIRA DOS SANTOS; H93  - TRANSTORNOS DO OUVIDO NAO CLASSIFICADOS EM OUTRA PARTE;<procedimento>, AUDIOMETRIA TONAL LIMIAR (VIA AEREA / OSSEA)</procedimento><procedimento>, CONSULTA DE PROFISSIONAIS DE NIVEL SUPERIOR NA ATENCAO ESPECIALIZADA (EXCETO MEDICO)</procedimento><procedimento>, IMITANCIOMETRIA</procedimento><procedimento>, LOGOAUDIOMETRIA (LDV-IRF-LRF)</procedimento>;<procedimento>  0211070041 - AUDIOMETRIA TONAL LIMIAR (VIA AEREA / OSSEA) - Quantidade: 1
</procedimento><procedimento>  0211070203 - IMITANCIOMETRIA - Quantidade: 1
</procedimento><procedimento>  0211070211 - LOGOAUDIOMETRIA (LDV-IRF-LRF) - Quantidade: 1
</procedimento><procedimento>  0301010048 - CONSULTA DE PROFISSIONAIS DE NIVEL SUPERIOR NA ATENCAO ESPECIALIZADA (EXCETO MEDICO) - Quantidade: 1
</procedimento>;N;;;N;Programada;14/09/2026 09:40:48;14/09/2026 00:00:00;14/09/2026 00:00:00;16min 41s;RUA DUQUE DE CAXIAS, S/N, UBATIBA, MARICA-RJ, CEP: 24908755  - Tel: 21967450610;
MIZAEL RODRIGUES TORRES;False;;M;28/10/1946 00:00:00;79;704207208331486;Consulta de Enfermagem;MAURO BATISTA DE BARROS; T140 - TRAUMATISMO SUPERFICIAL DE REGIAO NAO ESPECIFICADA DO CORPO;<procedimento>, CONSULTA DE PROFISSIONAIS DE NIVEL SUPERIOR NA ATENCAO ESPECIALIZADA (EXCETO MEDICO)</procedimento><procedimento>, CURATIVO ESPECIAL</procedimento>;<procedimento>  0301010048 - CONSULTA DE PROFISSIONAIS DE NIVEL SUPERIOR NA ATENCAO ESPECIALIZADA (EXCETO MEDICO) - Quantidade: 1
</procedimento><procedimento>  0301100276 - CURATIVO ESPECIAL - Quantidade: 1
</procedimento>;N;;;N;Programada;14/09/2026 09:43:38;14/09/2026 00:00:00;14/09/2026 00:00:00;51min 9s;RUA DUQUE DE CAXIAS, S/N, LT 19 QD 29, UBATIBA, MARICA-RJ, CEP: 24908755  - Tel: 21997097171;
MARIA INES DA CONCEICAO;False;;F;30/03/1957 00:00:00;69;706005808113346;Consulta c/ Ortopedista e Traumatologista;PALMERIO NEVES DE SOUZA NETO; R522 - OUTRA DOR CRONICA;<procedimento>, CONSULTA MEDICA EM ATENCAO ESPECIALIZADA</procedimento>;<procedimento>  0301010072 - CONSULTA MEDICA EM ATENCAO ESPECIALIZADA - Quantidade: 1
</procedimento>;S;RADIOGRAFIA DE COLUNA LOMBO-SACRA
ULTRASSONOGRAFIA DE ARTICULACAO
;;N;Programada;14/09/2026 09:45:11;14/09/2026 00:00:00;14/09/2026 00:00:00;6min 11s;RUA IRENE RIBEIRO, S/N, QD443 A QD444, JARDIM ATLANTICO LESTE (ITAIPUACU), MARICA-RJ, CEP: 24933705  - Tel: 21987529208;
ROSANGELA GOULART QUARESMA;False;;F;14/06/1968 00:00:00;58;703002829973371;Consulta c/ Cirurgiao Geral;JOSE ROBERTO BARQUETTE; R10  - DOR ABDOMINAL E PELVICA;<procedimento>, CONSULTA MEDICA EM ATENCAO ESPECIALIZADA</procedimento>;<procedimento>  0301010072 - CONSULTA MEDICA EM ATENCAO ESPECIALIZADA - Quantidade: 1
</procedimento>;N;;;N;Programada;14/09/2026 09:46:44;14/09/2026 00:00:00;14/09/2026 00:00:00;36min 4s;AVENIDA DOUTOR ANTONIO MARQUES MATHIAS, S/N, QD233 LT2, JARDIM ATLANTICO CENTRAL (ITAIPUACU), MARICA-RJ, CEP: 24934155  - Tel: 21999652094;
VICENTE MEIRA DE ARAUJO;False;;M;21/11/1948 00:00:00;77;708609068246687;Consulta c/ Cardiologista;LUCIANA FIRMINO PONCE; I48  - FLUTTER E FIBRILACAO ATRIAL;<procedimento>, CONSULTA MEDICA EM ATENCAO ESPECIALIZADA</procedimento>;<procedimento>  0301010072 - CONSULTA MEDICA EM ATENCAO ESPECIALIZADA - Quantidade: 1
</procedimento>;S;ECOCARDIOGRAFIA TRANSTORACICA
;;N;Programada;14/09/2026 09:47:46;14/09/2026 00:00:00;14/09/2026 00:00:00;13min 14s;RUA ONZE, S/N, QD 01 LT 18, CHACARAS DE INOA (INOA), MARICA-RJ, CEP: 24940285  - Tel: 21986491088;
WALDIR ANTONIO MARIANO DOS SANTOS;False;;M;08/09/1980 00:00:00;46;700001023713602;Consulta c/ Ortopedista e Traumatologista;PALMERIO NEVES DE SOUZA NETO; R522 - OUTRA DOR CRONICA;<procedimento>, CONSULTA MEDICA EM ATENCAO ESPECIALIZADA</procedimento>;<procedimento>  0301010072 - CONSULTA MEDICA EM ATENCAO ESPECIALIZADA - Quantidade: 1
</procedimento>;S;RADIOGRAFIA DE COLUNA TORACO-LOMBAR
;;N;Programada;14/09/2026 09:51:21;14/09/2026 00:00:00;14/09/2026 00:00:00;16min 29s;RODOVIA ERNANI DO AMARAL PEIXOTO, 225, KM 14 5, INOA (INOA), MARICA-RJ, CEP: 24942375  - Tel: 21997387832;
EVANILDA GOMES ANSELMO;False;;F;30/10/1974 00:00:00;51;702802110777765;Consulta c/ Cardiologista;LUCIANA FIRMINO PONCE; I10  - HIPERTENSAO ESSENCIAL (PRIMARIA);<procedimento>, CONSULTA MEDICA EM ATENCAO ESPECIALIZADA</procedimento>;<procedimento>  0301010072 - CONSULTA MEDICA EM ATENCAO ESPECIALIZADA - Quantidade: 1
</procedimento>;S;MONITORIZACAO AMBULATORIAL DE PRESSAO ARTERIAL (M A P A)
;;N;Programada;14/09/2026 10:02:22;14/09/2026 00:00:00;14/09/2026 00:00:00;9min 37s;RUA CENTO E VINTE E CINCO, S/N, LOTE17QD184, BALNEARIO BAMBUI (PONTA NEGRA), MARICA-RJ, CEP: 24920800  - Tel: 21997812308;
NELMA LINS DA SILVA LIMA;False;;F;12/11/1967 00:00:00;58;701800299237376;Consulta c/ Ortopedista e Traumatologista;PALMERIO NEVES DE SOUZA NETO; M51  - TRANSTORNOS DE DISCOS INTERVERTEBRAIS;<procedimento>, CONSULTA MEDICA EM ATENCAO ESPECIALIZADA</procedimento>;<procedimento>  0301010072 - CONSULTA MEDICA EM ATENCAO ESPECIALIZADA - Quantidade: 1
</procedimento>;N;;;N;Programada;14/09/2026 10:07:39;14/09/2026 00:00:00;14/09/2026 00:00:00;8min 22s;RUA PIRATINI, S/N, LT QD, INOA, MARICA-RJ, CEP: 24900000  - Tel: 21971777245;
MARIA IRACEMA DA SILVA;False;;F;21/11/1955 00:00:00;70;702400558315426;Consulta c/ Cardiologista;LUCIANA FIRMINO PONCE; I10  - HIPERTENSAO ESSENCIAL (PRIMARIA);<procedimento>, CONSULTA MEDICA EM ATENCAO ESPECIALIZADA</procedimento>;<procedimento>  0301010072 - CONSULTA MEDICA EM ATENCAO ESPECIALIZADA - Quantidade: 1
</procedimento>;S;TESTE DE ESFORCO / TESTE ERGOMETRICO
;;N;Programada;14/09/2026 10:11:54;14/09/2026 00:00:00;14/09/2026 00:00:00;10min 18s;RUA CENTO E VINTE E OITO, 534, LT 30 CS 02, JARDIM ATLANTICO LESTE (ITAIPUACU), MARICA-RJ, CEP: 24933095  - Tel: 21980369021;
FATIMA MARIA EUZEBIO PEREIRA;False;;F;08/05/1955 00:00:00;71;708405711419265;Consulta de Enfermagem;ELAINE APARECIDA DE SOUZA; K92  - DOENCAS DO APARELHO DIGESTIVO;<procedimento>, BARREIRAS PROTETORAS DE PELE SINTETICA E/OU MISTA EM FORMA DE PO / PASTA E/OU PLACA</procedimento><procedimento>, BOLSA DE COLOSTOMIA FECHADA COM ADESIVO MICROPOROSO</procedimento><procedimento>, CONSULTA DE PROFISSIONAIS DE NIVEL SUPERIOR NA ATENCAO ESPECIALIZADA (EXCETO MEDICO)</procedimento><procedimento>, CUIDADOS COM ESTOMAS</procedimento>;<procedimento>  0301010048 - CONSULTA DE PROFISSIONAIS DE NIVEL SUPERIOR NA ATENCAO ESPECIALIZADA (EXCETO MEDICO) - Quantidade: 1
</procedimento><procedimento>  0301100063 - CUIDADOS COM ESTOMAS - Quantidade: 1
</procedimento><procedimento>  0701050012 - BOLSA DE COLOSTOMIA FECHADA COM ADESIVO MICROPOROSO - Quantidade: 16
</procedimento><procedimento>  0701060018 - BARREIRAS PROTETORAS DE PELE SINTETICA E/OU MISTA EM FORMA DE PO / PASTA E/OU PLACA - Quantidade: 1
</procedimento>;N;;;N;Programada;14/09/2026 10:14:52;14/09/2026 00:00:00;14/09/2026 00:00:00;32min 0s;RUA CONEGO LUIZ MONTES, 9, NA, LINDO PARQUE, SAO GONCALO-RJ, CEP: 24420000  - Tel: 6133152425;
RUTE RODRIGUES CARNEIRO;False;;F;03/08/1944 00:00:00;82;705804478789434;Consulta c/ Cardiologista;LUCIANA FIRMINO PONCE; I712 - ANEURISMA DA AORTA TORACICA, SEM MENCAO DE RUPTURA;<procedimento>, CONSULTA MEDICA EM ATENCAO ESPECIALIZADA</procedimento>;<procedimento>  0301010072 - CONSULTA MEDICA EM ATENCAO ESPECIALIZADA - Quantidade: 1
</procedimento>;S;DOSAGEM DE POTASSIO
DOSAGEM DE 25 HIDROXIVITAMINA D
DOSAGEM DE COLESTEROL TOTAL
DOSAGEM DE SODIO
DOSAGEM DE TRIGLICERIDEOS
DOSAGEM DE TIROXINA (T4)
DOSAGEM DE COLESTEROL HDL
DOSAGEM DE COLESTEROL LDL
DOSAGEM DE CREATININA
DOSAGEM DE UREIA
HEMOGRAMA COMPLETO
DOSAGEM DE VITAMINA B12
DOSAGEM DE HORMONIO TIREOESTIMULANTE (TSH)
DOSAGEM DE ACIDO URICO
;;N;Programada;14/09/2026 10:31:16;14/09/2026 00:00:00;14/09/2026 00:00:00;21min 0s;RUA PROJETADA TRINTA E SETE, S/N, JARDIM ATLANTICO CENTRAL (ITAIPUACU), MARICA-RJ, CEP: 24934227  - Tel: 21994738597;
MAGDA LUCINDA GUIMARAES DA SILVA;False;;F;06/05/1959 00:00:00;67;700000128104400;Procedimento;VERONICA NASCIMENTO DA COSTA;;<procedimento>, ESCUTA INICIAL / ORIENTACAO (ACOLHIMENTO A DEMANDA ESPONTANEA)</procedimento>;<procedimento>  0301040079 - ESCUTA INICIAL / ORIENTACAO (ACOLHIMENTO A DEMANDA ESPONTANEA) - Quantidade: 1
</procedimento>;;;;;Espontanea;14/09/2026 10:32:50;14/09/2026 00:00:00;14/09/2026 00:00:00;1min 10s;RUA ANTONIO EDUARDO, 229, NA, MUMBUCA, MARICA-RJ, CEP: 24913705  - Tel: 2121050000;
ALONSO DA SILVA FERREIRA;False;;M;08/05/1957 00:00:00;69;706404666471081;Consulta de Enfermagem;MAURO BATISTA DE BARROS; T140 - TRAUMATISMO SUPERFICIAL DE REGIAO NAO ESPECIFICADA DO CORPO;<procedimento>, CONSULTA DE PROFISSIONAIS DE NIVEL SUPERIOR NA ATENCAO ESPECIALIZADA (EXCETO MEDICO)</procedimento><procedimento>, CURATIVO ESPECIAL</procedimento>;<procedimento>  0301010048 - CONSULTA DE PROFISSIONAIS DE NIVEL SUPERIOR NA ATENCAO ESPECIALIZADA (EXCETO MEDICO) - Quantidade: 1
</procedimento><procedimento>  0301100276 - CURATIVO ESPECIAL - Quantidade: 1
</procedimento>;N;;;N;Programada;14/09/2026 10:34:25;14/09/2026 00:00:00;14/09/2026 00:00:00;16min 23s;AVENIDA DOUTOR ANTONIO MARQUES MATHIAS, S/N, JARDIM ATLANTICO CENTRAL (ITAIPUACU), MARICA-RJ, CEP: 24934015  - Tel: 21974143409;
MANUEL DA COSTA E SOUSA;False;;M;21/08/1945 00:00:00;81;700606451284067;Procedimento;VERONICA NASCIMENTO DA COSTA;;<procedimento>, ESCUTA INICIAL / ORIENTACAO (ACOLHIMENTO A DEMANDA ESPONTANEA)</procedimento>;<procedimento>  0301040079 - ESCUTA INICIAL / ORIENTACAO (ACOLHIMENTO A DEMANDA ESPONTANEA) - Quantidade: 1
</procedimento>;;;;;Espontanea;14/09/2026 10:34:51;14/09/2026 00:00:00;14/09/2026 00:00:00;1min 6s;RUA JACARANDA, 26, LT 26B, CONDADO, MARICA-RJ, CEP: 24905300  - Tel: 2122683380;
MIRIAN CARLA SANTOS DE OLIVEIRA;False;;F;16/06/1988 00:00:00;38;700007828365203;Consulta c/ Fonoaudiologo;ANDREI PEREIRA DOS SANTOS; H93  - TRANSTORNOS DO OUVIDO NAO CLASSIFICADOS EM OUTRA PARTE;<procedimento>, AUDIOMETRIA TONAL LIMIAR (VIA AEREA / OSSEA)</procedimento><procedimento>, CONSULTA DE PROFISSIONAIS DE NIVEL SUPERIOR NA ATENCAO ESPECIALIZADA (EXCETO MEDICO)</procedimento><procedimento>, IMITANCIOMETRIA</procedimento><procedimento>, LOGOAUDIOMETRIA (LDV-IRF-LRF)</procedimento>;<procedimento>  0211070041 - AUDIOMETRIA TONAL LIMIAR (VIA AEREA / OSSEA) - Quantidade: 1
</procedimento><procedimento>  0211070203 - IMITANCIOMETRIA - Quantidade: 1
</procedimento><procedimento>  0211070211 - LOGOAUDIOMETRIA (LDV-IRF-LRF) - Quantidade: 1
</procedimento><procedimento>  0301010048 - CONSULTA DE PROFISSIONAIS DE NIVEL SUPERIOR NA ATENCAO ESPECIALIZADA (EXCETO MEDICO) - Quantidade: 1
</procedimento>;N;;;N;Programada;14/09/2026 10:35:18;14/09/2026 00:00:00;14/09/2026 00:00:00;3min 44s;RUA Rua Beira Rio 1 , 102, casa, INOA, MARICA-RJ, CEP: 24940325  - Tel: 21972782307;
EVANILDA GOMES ANSELMO;False;;F;30/10/1974 00:00:00;51;702802110777765;Procedimento;VERONICA NASCIMENTO DA COSTA;;<procedimento>, ESCUTA INICIAL / ORIENTACAO (ACOLHIMENTO A DEMANDA ESPONTANEA)</procedimento>;<procedimento>  0301040079 - ESCUTA INICIAL / ORIENTACAO (ACOLHIMENTO A DEMANDA ESPONTANEA) - Quantidade: 1
</procedimento>;;;;;Espontanea;14/09/2026 10:35:48;14/09/2026 00:00:00;14/09/2026 00:00:00;1min 6s;RUA CENTO E VINTE E CINCO, S/N, LOTE17QD184, BALNEARIO BAMBUI (PONTA NEGRA), MARICA-RJ, CEP: 24920800  - Tel: 21997812308;
CELMA DOS SANTOS CRUZ;False;;F;14/07/1960 00:00:00;66;709804007818895;Procedimento;VERONICA NASCIMENTO DA COSTA;;<procedimento>, ESCUTA INICIAL / ORIENTACAO (ACOLHIMENTO A DEMANDA ESPONTANEA)</procedimento>;<procedimento>  0301040079 - ESCUTA INICIAL / ORIENTACAO (ACOLHIMENTO A DEMANDA ESPONTANEA) - Quantidade: 1
</procedimento>;;;;;Espontanea;14/09/2026 10:37:31;14/09/2026 00:00:00;14/09/2026 00:00:00;47s;RUA ARLETE GERVAZONI DA SILVA, S/N, QD 21 LT 08, INOA (INOA), MARICA-RJ, CEP: 24943105  - Tel: 21964239725;
ELOAH MARINS DE ABREU;False;;F;24/02/2023 00:00:00;3;700403484493942;Consulta c/ Fonoaudiologo;ANDREI PEREIRA DOS SANTOS; H93  - TRANSTORNOS DO OUVIDO NAO CLASSIFICADOS EM OUTRA PARTE;<procedimento>, AUDIOMETRIA TONAL LIMIAR (VIA AEREA / OSSEA)</procedimento><procedimento>, CONSULTA DE PROFISSIONAIS DE NIVEL SUPERIOR NA ATENCAO ESPECIALIZADA (EXCETO MEDICO)</procedimento>;<procedimento>  0211070041 - AUDIOMETRIA TONAL LIMIAR (VIA AEREA / OSSEA) - Quantidade: 1
</procedimento><procedimento>  0301010048 - CONSULTA DE PROFISSIONAIS DE NIVEL SUPERIOR NA ATENCAO ESPECIALIZADA (EXCETO MEDICO) - Quantidade: 1
</procedimento>;N;;;N;Programada;14/09/2026 10:38:53;14/09/2026 00:00:00;14/09/2026 00:00:00;3min 15s;RUA LUCIMERE RODRIGUES DE MELO, S/N, LT 12 QD A, MUMBUCA, MARICA-RJ, CEP: 24913720  - Tel: 21995405106;
SERGIO SILVA DE JESUS;False;;M;03/10/1958 00:00:00;67;704204752267689;Consulta c/ Cirurgiao Geral;JOSE ROBERTO BARQUETTE; K402 - HERNIA INGUINAL BILATERAL, SEM OBSTRUCAO OU GANGRENA;<procedimento>, CONSULTA MEDICA EM ATENCAO ESPECIALIZADA</procedimento>;<procedimento>  0301010072 - CONSULTA MEDICA EM ATENCAO ESPECIALIZADA - Quantidade: 1
</procedimento>;N;;;N;Programada;14/09/2026 10:45:14;14/09/2026 00:00:00;14/09/2026 00:00:00;8min 44s;RUA CENTO E OITO, S/N, QUADRA107LOTE47, JARDIM INTERLAGOS (PONTA NEGRA), MARICA-RJ, CEP: 24917030  - Tel: 2124279403;
JOSE CARLOS MATARUNA;False;;M;22/04/1963 00:00:00;63;708704159628498;Consulta de Enfermagem;ELAINE APARECIDA DE SOUZA; K92  - DOENCAS DO APARELHO DIGESTIVO;<procedimento>, BARREIRAS PROTETORAS DE PELE SINTETICA E/OU MISTA EM FORMA DE PO / PASTA E/OU PLACA</procedimento><procedimento>, BOLSA DE COLOSTOMIA COM ADESIVO MICROPORO DRENAVEL</procedimento><procedimento>, CONSULTA DE PROFISSIONAIS DE NIVEL SUPERIOR NA ATENCAO ESPECIALIZADA (EXCETO MEDICO)</procedimento><procedimento>, CUIDADOS COM ESTOMAS</procedimento>;<procedimento>  0301010048 - CONSULTA DE PROFISSIONAIS DE NIVEL SUPERIOR NA ATENCAO ESPECIALIZADA (EXCETO MEDICO) - Quantidade: 1
</procedimento><procedimento>  0301100063 - CUIDADOS COM ESTOMAS - Quantidade: 1
</procedimento><procedimento>  0701050020 - BOLSA DE COLOSTOMIA COM ADESIVO MICROPORO DRENAVEL - Quantidade: 15
</procedimento><procedimento>  0701060018 - BARREIRAS PROTETORAS DE PELE SINTETICA E/OU MISTA EM FORMA DE PO / PASTA E/OU PLACA - Quantidade: 1
</procedimento>;N;;;N;Programada;14/09/2026 10:47:58;14/09/2026 00:00:00;14/09/2026 00:00:00;35min 0s;RUA MIRENE DA SILVA BITTENCOURT, 39, CASA 03, ITAPEBA, MARICA-RJ, CEP: 24912470  - Tel: 21972762410;
CELMA DOS SANTOS CRUZ;False;;F;14/07/1960 00:00:00;66;709804007818895;Consulta c/ Cardiologista;LUCIANA FIRMINO PONCE; I10  - HIPERTENSAO ESSENCIAL (PRIMARIA);<procedimento>, CONSULTA MEDICA EM ATENCAO ESPECIALIZADA</procedimento>;<procedimento>  0301010072 - CONSULTA MEDICA EM ATENCAO ESPECIALIZADA - Quantidade: 1
</procedimento>;N;;;N;Programada;14/09/2026 10:52:39;14/09/2026 00:00:00;14/09/2026 00:00:00;13min 54s;RUA ARLETE GERVAZONI DA SILVA, S/N, QD 21 LT 08, INOA (INOA), MARICA-RJ, CEP: 24943105  - Tel: 21964239725;
DENILDA MACHADO DA COSTA FERREIRA;False;;F;02/09/1962 00:00:00;64;706305743275670;Consulta c/ Ortopedista e Traumatologista;PALMERIO NEVES DE SOUZA NETO; G551 - COMPRESSOES DAS RAIZES E DOS PLEXOS NERVOSOS EM TRANSTORNOS DOS DISCOS INTERVERTEBRAIS;<procedimento>, CONSULTA MEDICA EM ATENCAO ESPECIALIZADA</procedimento>;<procedimento>  0301010072 - CONSULTA MEDICA EM ATENCAO ESPECIALIZADA - Quantidade: 1
</procedimento>;N;;;N;Programada;14/09/2026 10:53:27;14/09/2026 00:00:00;14/09/2026 00:00:00;9min 39s;RUA OITENTA E CINCO, S/N, LOTE03QUADRA95, JARDIM INTERLAGOS (PONTA NEGRA), MARICA-RJ, CEP: 24917110  - Tel: 21999581518;
MARIA DO CARMO DA SILVA CRISTINO;False;;F;28/08/1962 00:00:00;64;707800630217216;Procedimento;VERONICA NASCIMENTO DA COSTA;;<procedimento>, ESCUTA INICIAL / ORIENTACAO (ACOLHIMENTO A DEMANDA ESPONTANEA)</procedimento>;<procedimento>  0301040079 - ESCUTA INICIAL / ORIENTACAO (ACOLHIMENTO A DEMANDA ESPONTANEA) - Quantidade: 1
</procedimento>;;;;;Espontanea;14/09/2026 10:55:44;14/09/2026 00:00:00;14/09/2026 00:00:00;1min 16s;AVENIDA REGINALDO ZEIDAN, S/N, CORDEIRINHO (PONTA NEGRA), MARICA-RJ, CEP: 24921324  - Tel: 44988063190;
MARIA TELMA MOREIRA;False;;F;26/07/1968 00:00:00;58;702808615077162;Consulta de Enfermagem;MAURO BATISTA DE BARROS; T140 - TRAUMATISMO SUPERFICIAL DE REGIAO NAO ESPECIFICADA DO CORPO;<procedimento>, CONSULTA DE PROFISSIONAIS DE NIVEL SUPERIOR NA ATENCAO ESPECIALIZADA (EXCETO MEDICO)</procedimento><procedimento>, CURATIVO ESPECIAL</procedimento>;<procedimento>  0301010048 - CONSULTA DE PROFISSIONAIS DE NIVEL SUPERIOR NA ATENCAO ESPECIALIZADA (EXCETO MEDICO) - Quantidade: 1
</procedimento><procedimento>  0301100276 - CURATIVO ESPECIAL - Quantidade: 1
</procedimento>;N;;;N;Programada;14/09/2026 10:59:32;14/09/2026 00:00:00;14/09/2026 00:00:00;15min 42s;RUA LEONARDO JOSE ANTUNES, S/N, STE BL13 AP303, INOA (INOA), MARICA-RJ, CEP: 24943255  - Tel: 21974352744;
ALEXANDRE FERNANDES MURTA;False;;M;09/11/1976 00:00:00;49;700103898954890;Consulta c/ Fonoaudiologo;ANDREI PEREIRA DOS SANTOS; H93  - TRANSTORNOS DO OUVIDO NAO CLASSIFICADOS EM OUTRA PARTE;<procedimento>, AUDIOMETRIA DE REFORCO VISUAL (VIA AEREA / OSSEA)</procedimento><procedimento>, CONSULTA DE PROFISSIONAIS DE NIVEL SUPERIOR NA ATENCAO ESPECIALIZADA (EXCETO MEDICO)</procedimento><procedimento>, IMITANCIOMETRIA</procedimento><procedimento>, LOGOAUDIOMETRIA (LDV-IRF-LRF)</procedimento>;<procedimento>  0211070025 - AUDIOMETRIA DE REFORCO VISUAL (VIA AEREA / OSSEA) - Quantidade: 1
</procedimento><procedimento>  0211070203 - IMITANCIOMETRIA - Quantidade: 1
</procedimento><procedimento>  0211070211 - LOGOAUDIOMETRIA (LDV-IRF-LRF) - Quantidade: 1
</procedimento><procedimento>  0301010048 - CONSULTA DE PROFISSIONAIS DE NIVEL SUPERIOR NA ATENCAO ESPECIALIZADA (EXCETO MEDICO) - Quantidade: 1
</procedimento>;N;;;N;Programada;14/09/2026 11:02:54;14/09/2026 00:00:00;14/09/2026 00:00:00;4min 38s;RUA WILSON TEIXEIRA BARBOSA, S/N, QD252 LT08 FUND, JARDIM ATLANTICO CENTRAL (ITAIPUACU), MARICA-RJ, CEP: 24934150  - Tel: 2193807868;
EVILACIO FONSECA;False;;M;30/09/1953 00:00:00;72;706205052173565;Consulta c/ Cardiologista;LUCIANA FIRMINO PONCE; I10  - HIPERTENSAO ESSENCIAL (PRIMARIA);<procedimento>, CONSULTA MEDICA EM ATENCAO ESPECIALIZADA</procedimento>;<procedimento>  0301010072 - CONSULTA MEDICA EM ATENCAO ESPECIALIZADA - Quantidade: 1
</procedimento>;N;;;N;Programada;14/09/2026 11:06:20;14/09/2026 00:00:00;14/09/2026 00:00:00;9min 30s;RUA Q, 509, CHACARAS DE INOA (INOA), MARICA-RJ, CEP: 24940570  - Tel: 21995389643;
MARIA NAZARE DE OLIVEIRA;False;;F;08/09/1963 00:00:00;63;700407496523845;Consulta c/ Cirurgiao Geral;JOSE ROBERTO BARQUETTE; K801 - CALCULOSE DA VESICULA BILIAR COM OUTRAS FORMAS DE COLECISTITE;<procedimento>, CONSULTA MEDICA EM ATENCAO ESPECIALIZADA</procedimento>;<procedimento>  0301010072 - CONSULTA MEDICA EM ATENCAO ESPECIALIZADA - Quantidade: 1
</procedimento>;N;;;N;Programada;14/09/2026 11:09:13;14/09/2026 00:00:00;14/09/2026 00:00:00;8min 12s;RUA ARLETE GERVAZONI DA SILVA, S/N, LT16 QD23, INOA (INOA), MARICA-RJ, CEP: 24943105  - Tel: 21998883901;
JORGE FERNANDES FILHO;False;;M;18/06/1955 00:00:00;71;706209086305565;Consulta de Enfermagem;MAURO BATISTA DE BARROS; T140 - TRAUMATISMO SUPERFICIAL DE REGIAO NAO ESPECIFICADA DO CORPO;<procedimento>, CONSULTA DE PROFISSIONAIS DE NIVEL SUPERIOR NA ATENCAO ESPECIALIZADA (EXCETO MEDICO)</procedimento><procedimento>, CURATIVO ESPECIAL</procedimento>;<procedimento>  0301010048 - CONSULTA DE PROFISSIONAIS DE NIVEL SUPERIOR NA ATENCAO ESPECIALIZADA (EXCETO MEDICO) - Quantidade: 1
</procedimento><procedimento>  0301100276 - CURATIVO ESPECIAL - Quantidade: 1
</procedimento>;N;;;N;Programada;14/09/2026 11:15:21;14/09/2026 00:00:00;14/09/2026 00:00:00;48min 0s;RUA VEREADOR TUNINHO DO BIRINIGTH, S/N, QD 144 LT 37, JARDIM ATLANTICO CENTRAL (ITAIPUACU), MARICA-RJ, CEP: 24934325  - Tel: 21972630683;
MARIA DO CARMO DA SILVA CRISTINO;False;;F;28/08/1962 00:00:00;64;707800630217216;Consulta c/ Cardiologista;LUCIANA FIRMINO PONCE; I50  - INSUFICIENCIA CARDIACA;<procedimento>, CONSULTA MEDICA EM ATENCAO ESPECIALIZADA</procedimento>;<procedimento>  0301010072 - CONSULTA MEDICA EM ATENCAO ESPECIALIZADA - Quantidade: 1
</procedimento>;N;;;N;Programada;14/09/2026 11:16:47;14/09/2026 00:00:00;14/09/2026 00:00:00;13min 1s;AVENIDA REGINALDO ZEIDAN, S/N, CORDEIRINHO (PONTA NEGRA), MARICA-RJ, CEP: 24921324  - Tel: 44988063190;
JOSE LUIZ MORENO DUTRA;False;;M;02/05/1968 00:00:00;58;700106967384116;Consulta c/ Ortopedista e Traumatologista;PALMERIO NEVES DE SOUZA NETO; S660 - TRAUMATISMO DO MUSCULO FLEXOR LONGO E TENDAO DO POLEGAR AO NIVEL DO PUNHO E DA MAO;<procedimento>, CONSULTA MEDICA EM ATENCAO ESPECIALIZADA</procedimento>;<procedimento>  0301010072 - CONSULTA MEDICA EM ATENCAO ESPECIALIZADA - Quantidade: 1
</procedimento>;N;;;N;Programada;14/09/2026 11:21:28;14/09/2026 00:00:00;14/09/2026 00:00:00;17min 34s;LOTEAMENTO ENGENHO DO MATO, 264, ITAIPU, NITEROI-RJ, CEP: 24344030  - Tel: 21984273020;
PAULO ALBERTO FATIGATI DE CARVALHO;False;;M;01/09/1955 00:00:00;71;700903936611897;Consulta de Enfermagem;ELAINE APARECIDA DE SOUZA; K92  - DOENCAS DO APARELHO DIGESTIVO;<procedimento>, BOLSA DE COLOSTOMIA COM ADESIVO MICROPORO DRENAVEL</procedimento><procedimento>, CONSULTA DE PROFISSIONAIS DE NIVEL SUPERIOR NA ATENCAO ESPECIALIZADA (EXCETO MEDICO)</procedimento><procedimento>, CONSULTA DE PROFISSIONAIS DE NIVEL SUPERIOR NA ATENCAO PRIMARIA (EXCETO MEDICO)</procedimento><procedimento>, CUIDADOS COM ESTOMAS</procedimento>;<procedimento>  0301010030 - CONSULTA DE PROFISSIONAIS DE NIVEL SUPERIOR NA ATENCAO PRIMARIA (EXCETO MEDICO) - Quantidade: 1
</procedimento><procedimento>  0301010048 - CONSULTA DE PROFISSIONAIS DE NIVEL SUPERIOR NA ATENCAO ESPECIALIZADA (EXCETO MEDICO) - Quantidade: 1
</procedimento><procedimento>  0301100063 - CUIDADOS COM ESTOMAS - Quantidade: 1
</procedimento><procedimento>  0701050020 - BOLSA DE COLOSTOMIA COM ADESIVO MICROPORO DRENAVEL - Quantidade: 1
</procedimento>;N;;;N;Programada;14/09/2026 11:23:16;14/09/2026 00:00:00;14/09/2026 00:00:00;32min 0s;RUA ARTISTA KLEBER FIGUEIRA, 01, QD 111 LT 13, ARACATIBA, MARICA-RJ, CEP: 24901625  - Tel: 21985005520;
ALVARO DA SILVA NOGUEIRA;False;;M;17/03/1954 00:00:00;72;;Consulta c/ Cardiologista;LUCIANA FIRMINO PONCE; I25  - DOENCA ISQUEMICA CRONICA DO CORACAO;<procedimento>, CONSULTA MEDICA EM ATENCAO ESPECIALIZADA</procedimento>;<procedimento>  0301010072 - CONSULTA MEDICA EM ATENCAO ESPECIALIZADA - Quantidade: 1
</procedimento>;N;;;N;Programada;14/09/2026 11:34:43;14/09/2026 00:00:00;14/09/2026 00:00:00;8min 22s;AVENIDA JOSE FRANCISCO RANGEL E SOUZA, S/N, ARACATIBA, MARICA-RJ, CEP: 24901365  - Tel: 21987001259;
CINIA MIRANDA MARQUES LOPES DA SILVA;False;;F;03/02/1966 00:00:00;60;701206031024412;Consulta c/ Cardiologista;LUCIANA FIRMINO PONCE; I10  - HIPERTENSAO ESSENCIAL (PRIMARIA);<procedimento>, CONSULTA MEDICA EM ATENCAO ESPECIALIZADA</procedimento>;<procedimento>  0301010072 - CONSULTA MEDICA EM ATENCAO ESPECIALIZADA - Quantidade: 1
</procedimento>;N;;;N;Programada;14/09/2026 11:44:18;14/09/2026 00:00:00;14/09/2026 00:00:00;6min 30s;RUA ALBERTINO PEREIRA DO VALE QUADRA 381/397, S/N, LT 40 QD 384, JACAROA, MARICA-RJ, CEP: 24933545  - Tel: 21990639785;
FELLIPE DE SOUSA SACRAMENTO;False;;M;20/09/1983 00:00:00;42;700504703537656;Consulta c/ Cirurgiao Geral;JOSE ROBERTO BARQUETTE; N45  - ORQUITE E EPIDIDIMITE;<procedimento>, CONSULTA MEDICA EM ATENCAO ESPECIALIZADA</procedimento>;<procedimento>  0301010072 - CONSULTA MEDICA EM ATENCAO ESPECIALIZADA - Quantidade: 1
</procedimento>;N;;;N;Programada;14/09/2026 11:54:18;14/09/2026 00:00:00;14/09/2026 00:00:00;22min 34s;RUA ABREU SODRE, 1020, MUMBUCA, MARICA-RJ, CEP: 24913775  - Tel: 21996664787;
REGINA MARIA DE SOUZA GOMES;False;;F;18/11/1949 00:00:00;76;708204642399540;Consulta de Enfermagem;ELAINE APARECIDA DE SOUZA; K92  - DOENCAS DO APARELHO DIGESTIVO;<procedimento>, BARREIRAS PROTETORAS DE PELE SINTETICA E/OU MISTA EM FORMA DE PO / PASTA E/OU PLACA</procedimento><procedimento>, BOLSA DE COLOSTOMIA COM ADESIVO MICROPORO DRENAVEL</procedimento><procedimento>, CONSULTA DE PROFISSIONAIS DE NIVEL SUPERIOR NA ATENCAO ESPECIALIZADA (EXCETO MEDICO)</procedimento><procedimento>, CUIDADOS COM ESTOMAS</procedimento>;<procedimento>  0301010048 - CONSULTA DE PROFISSIONAIS DE NIVEL SUPERIOR NA ATENCAO ESPECIALIZADA (EXCETO MEDICO) - Quantidade: 1
</procedimento><procedimento>  0301100063 - CUIDADOS COM ESTOMAS - Quantidade: 1
</procedimento><procedimento>  0701050020 - BOLSA DE COLOSTOMIA COM ADESIVO MICROPORO DRENAVEL - Quantidade: 16
</procedimento><procedimento>  0701060018 - BARREIRAS PROTETORAS DE PELE SINTETICA E/OU MISTA EM FORMA DE PO / PASTA E/OU PLACA - Quantidade: 1
</procedimento>;N;;;N;Programada;14/09/2026 11:55:40;14/09/2026 00:00:00;14/09/2026 00:00:00;52min 0s;RUA K, 656, SETOR B, SANTA PAULA (INOA), MARICA-RJ, CEP: 24944628  - Tel: 21993143574;
MAURIZA DE MATTOS ISAIAS;False;;F;26/09/1955 00:00:00;70;704802054670944;Procedimento;MARCIA SEIXAS PEREIRA;;<procedimento>, ESCUTA INICIAL / ORIENTACAO (ACOLHIMENTO A DEMANDA ESPONTANEA)</procedimento>;<procedimento>  0301040079 - ESCUTA INICIAL / ORIENTACAO (ACOLHIMENTO A DEMANDA ESPONTANEA) - Quantidade: 1
</procedimento>;;;;;Espontanea;14/09/2026 12:04:20;14/09/2026 00:00:00;14/09/2026 00:00:00;46s;ESTRADA MONTE LIBANO, S/N, SITIO 08 B CS 02, SANTA PAULA (INOA), MARICA-RJ, CEP: 24944660  - Tel: 21966511437;
MIZAEL RODRIGUES TORRES;False;;M;28/10/1946 00:00:00;79;704207208331486;Procedimento;MARCIA SEIXAS PEREIRA;;<procedimento>, CURATIVO ESPECIAL</procedimento>;<procedimento>  0301100276 - CURATIVO ESPECIAL - Quantidade: 1
</procedimento>;;;;;Espontanea;14/09/2026 12:05:16;14/09/2026 00:00:00;14/09/2026 00:00:00;39s;RUA DUQUE DE CAXIAS, S/N, LT 19 QD 29, UBATIBA, MARICA-RJ, CEP: 24908755  - Tel: 21997097171;
ALONSO DA SILVA FERREIRA;False;;M;08/05/1957 00:00:00;69;706404666471081;Procedimento;MARCIA SEIXAS PEREIRA;;<procedimento>, CURATIVO ESPECIAL</procedimento>;<procedimento>  0301100276 - CURATIVO ESPECIAL - Quantidade: 1
</procedimento>;;;;;Espontanea;14/09/2026 12:06:06;14/09/2026 00:00:00;14/09/2026 00:00:00;25s;AVENIDA DOUTOR ANTONIO MARQUES MATHIAS, S/N, JARDIM ATLANTICO CENTRAL (ITAIPUACU), MARICA-RJ, CEP: 24934015  - Tel: 21974143409;
MARIA TELMA MOREIRA;False;;F;26/07/1968 00:00:00;58;702808615077162;Procedimento;MARCIA SEIXAS PEREIRA;;<procedimento>, CURATIVO ESPECIAL</procedimento>;<procedimento>  0301100276 - CURATIVO ESPECIAL - Quantidade: 1
</procedimento>;;;;;Espontanea;14/09/2026 12:06:58;14/09/2026 00:00:00;14/09/2026 00:00:00;2min 57s;RUA LEONARDO JOSE ANTUNES, S/N, STE BL13 AP303, INOA (INOA), MARICA-RJ, CEP: 24943255  - Tel: 21974352744;
JORGE FERNANDES FILHO;False;;M;18/06/1955 00:00:00;71;706209086305565;Procedimento;MARCIA SEIXAS PEREIRA;;<procedimento>, CURATIVO ESPECIAL</procedimento>;<procedimento>  0301100276 - CURATIVO ESPECIAL - Quantidade: 1
</procedimento>;;;;;Espontanea;14/09/2026 12:09:38;14/09/2026 00:00:00;14/09/2026 00:00:00;1min 4s;RUA VEREADOR TUNINHO DO BIRINIGTH, S/N, QD 144 LT 37, JARDIM ATLANTICO CENTRAL (ITAIPUACU), MARICA-RJ, CEP: 24934325  - Tel: 21972630683;
JOHNNY TORRENTES CAMARA;False;;M;20/11/1958 00:00:00;67;898004232023978;Consulta c/ Cirurgiao Geral;JOSE ROBERTO BARQUETTE; K402 - HERNIA INGUINAL BILATERAL, SEM OBSTRUCAO OU GANGRENA;<procedimento>, CONSULTA MEDICA EM ATENCAO ESPECIALIZADA</procedimento>;<procedimento>  0301010072 - CONSULTA MEDICA EM ATENCAO ESPECIALIZADA - Quantidade: 1
</procedimento>;N;;;N;Programada;14/09/2026 12:19:57;14/09/2026 00:00:00;14/09/2026 00:00:00;10min 10s;RUA VOLTA REDONDA RUA  LT, S/N, SEM INFORMACAO, MARICA-RJ, CEP: 24900000  - Tel: 2126340385;
BIANCA ALEXANDRE;False;;F;04/11/1974 00:00:00;51;700109934971120;Consulta c/ Otorrinolaringologista;LEANDRO NOGUEIRA DE AZEVEDO; R490 - DISFONIA;<procedimento>, CONSULTA MEDICA EM ATENCAO ESPECIALIZADA</procedimento>;<procedimento>  0301010072 - CONSULTA MEDICA EM ATENCAO ESPECIALIZADA - Quantidade: 1
</procedimento>;N;;;N;Programada;14/09/2026 12:48:56;14/09/2026 00:00:00;14/09/2026 00:00:00;55min 17s;RUA GETULIO VARGAS QUADRA 5/8, S/N, JARDIM ATLANTICO, MARICA-RJ, CEP: 24935465  - Tel: 21990704135;
MARIA EDUARDA TARGINO ALVES;False;;F;26/09/2013 00:00:00;12;898005121591308;Consulta c/ Otorrinolaringologista;LEANDRO NOGUEIRA DE AZEVEDO; R490 - DISFONIA;<procedimento>, CONSULTA MEDICA EM ATENCAO ESPECIALIZADA</procedimento>;<procedimento>  0301010072 - CONSULTA MEDICA EM ATENCAO ESPECIALIZADA - Quantidade: 1
</procedimento>;N;;;N;Programada;14/09/2026 12:51:58;14/09/2026 00:00:00;14/09/2026 00:00:00;53min 25s;RUA BEIRA LAGOA, S/N, 43, PARQUE NANCI, MARICA-RJ, CEP: 24914115  - Tel: 21986521474;
ANA BEATRIZ RODRIGUES GUERREIRO;False;;F;27/06/1976 00:00:00;50;700904968436293;Procedimento;RENATO ROQUE DE ANDRADE;;<procedimento>, MAMOGRAFIA BILATERAL PARA RASTREAMENTO</procedimento>;<procedimento>  0204030188 - MAMOGRAFIA BILATERAL PARA RASTREAMENTO - Quantidade: 1
</procedimento>;;;;;Espontanea;14/09/2026 15:35:26;14/09/2026 00:00:00;14/09/2026 00:00:00;0s;RUA MARIA AUGUSTA BITTENCOURT, S/N, LT24 QD1 CS1, MUMBUCA, MARICA-RJ, CEP: 24913805  - Tel: 21979158545;
ANA MARIA WALSH BASTOS;False;;F;21/05/1947 00:00:00;79;706805751107523;Procedimento;CLAUDIA FREIXO SEIXAS IOCKEN;;<procedimento>, DENSITOMETRIA OSSEA DUO-ENERGETICA DE COLUNA (VERTEBRAS LOMBARES E/OU FEMUR)</procedimento>;<procedimento>  0204060028 - DENSITOMETRIA OSSEA DUO-ENERGETICA DE COLUNA (VERTEBRAS LOMBARES E/OU FEMUR) - Quantidade: 1
</procedimento>;;;;;Espontanea;14/09/2026 15:25:39;14/09/2026 00:00:00;14/09/2026 00:00:00;0s;RUA DIRCEU FERNANDES PINTO, 187, RECANTO DE ITAIPUACU (ITAIPUACU), MARICA-RJ, CEP: 24937230  - Tel: 21987876586;
ANDREA MARIA MONTEIRO;False;;F;12/02/1972 00:00:00;54;704107187390676;Procedimento;CLAUDIA FREIXO SEIXAS IOCKEN;;<procedimento>, DENSITOMETRIA OSSEA DUO-ENERGETICA DE COLUNA (VERTEBRAS LOMBARES E/OU FEMUR)</procedimento>;<procedimento>  0204060028 - DENSITOMETRIA OSSEA DUO-ENERGETICA DE COLUNA (VERTEBRAS LOMBARES E/OU FEMUR) - Quantidade: 1
</procedimento>;;;;;Espontanea;14/09/2026 15:26:53;14/09/2026 00:00:00;14/09/2026 00:00:00;0s;AVENIDA ELOMIR GONCALVES DA SILVA, S/N, LT 04 QD T, SAO JOSE DO IMBASSAI, MARICA-RJ, CEP: 24931823  - Tel: 21973516913;
ANGELA RODRIGUES DE OLIVEIRA;False;;F;12/06/1981 00:00:00;45;706100874867730;Procedimento;CLAUDIA FREIXO SEIXAS IOCKEN;;<procedimento>, DENSITOMETRIA OSSEA DUO-ENERGETICA DE COLUNA (VERTEBRAS LOMBARES E/OU FEMUR)</procedimento>;<procedimento>  0204060028 - DENSITOMETRIA OSSEA DUO-ENERGETICA DE COLUNA (VERTEBRAS LOMBARES E/OU FEMUR) - Quantidade: 1
</procedimento>;;;;;Espontanea;14/09/2026 13:50:22;14/09/2026 00:00:00;14/09/2026 00:00:00;0s;RUA JORGE FERNANDES DE OLIVEIRA, S/N, LOTE01QUADRA91, JARDIM INTERLAGOS (PONTA NEGRA), MARICA-RJ, CEP: 24917050  - Tel: 21998976864;
CARLA BONIFACIO NUNES;False;;F;27/09/1963 00:00:00;62;704201756931386;Procedimento;CLAUDIA FREIXO SEIXAS IOCKEN;;<procedimento>, DENSITOMETRIA OSSEA DUO-ENERGETICA DE COLUNA (VERTEBRAS LOMBARES E/OU FEMUR)</procedimento>;<procedimento>  0204060028 - DENSITOMETRIA OSSEA DUO-ENERGETICA DE COLUNA (VERTEBRAS LOMBARES E/OU FEMUR) - Quantidade: 1
</procedimento>;;;;;Espontanea;14/09/2026 15:29:09;14/09/2026 00:00:00;14/09/2026 00:00:00;0s;RUA SETENTA, S/N, QD 343 LT 22, JARDIM ATLANTICO LESTE (ITAIPUACU), MARICA-RJ, CEP: 24933630  - Tel: 21994291755;
CLAUDIA OLIVEIRA DOS SANTOS;False;;F;06/10/1976 00:00:00;49;702404003212220;Procedimento;RENATO ROQUE DE ANDRADE;;<procedimento>, MAMOGRAFIA BILATERAL PARA RASTREAMENTO</procedimento>;<procedimento>  0204030188 - MAMOGRAFIA BILATERAL PARA RASTREAMENTO - Quantidade: 1
</procedimento>;;;;;Espontanea;14/09/2026 15:46:47;14/09/2026 00:00:00;14/09/2026 00:00:00;0s;RUA DOUGLAS MARQUES RIENTI, S/N, QD441 LT42, JARDIM ATLANTICO LESTE (ITAIPUACU), MARICA-RJ, CEP: 24933710  - Tel: 2121050000;
CRISTIANE DA COSTA GUIMARAES;False;;F;10/06/1977 00:00:00;49;704307570355193;Procedimento;SERGIO RICARDO DUARTE MOUTINHO;;<procedimento>, MONITORAMENTO PELO SISTEMA HOLTER 24 HS (3 CANAIS)</procedimento>;<procedimento>  0211020044 - MONITORAMENTO PELO SISTEMA HOLTER 24 HS (3 CANAIS) - Quantidade: 1
</procedimento>;;;;;Espontanea;14/09/2026 16:13:25;14/09/2026 00:00:00;14/09/2026 00:00:00;0s;RUA LEONARDO JOSE ANTUNES, S/N, STB BL12 AP 204, INOA (INOA), MARICA-RJ, CEP: 24943255  - Tel: 21991937300;
ISABEL CRISTINA VELONI CAMPOS;False;;F;03/02/1969 00:00:00;57;704706769152836;Procedimento;RENATO ROQUE DE ANDRADE;;<procedimento>, MAMOGRAFIA BILATERAL PARA RASTREAMENTO</procedimento>;<procedimento>  0204030188 - MAMOGRAFIA BILATERAL PARA RASTREAMENTO - Quantidade: 1
</procedimento>;;;;;Espontanea;14/09/2026 15:50:33;14/09/2026 00:00:00;14/09/2026 00:00:00;0s;RUA NOVE, S/N, QD31 LT06 CS01, JARDIM ATLANTICO OESTE (ITAIPUACU), MARICA-RJ, CEP: 24935529  - Tel: 21987693475;
ISABEL CRISTINA VELONI CAMPOS;False;;F;03/02/1969 00:00:00;57;704706769152836;Procedimento;RENATO ROQUE DE ANDRADE;;<procedimento>, MAMOGRAFIA BILATERAL PARA RASTREAMENTO</procedimento>;<procedimento>  0204030188 - MAMOGRAFIA BILATERAL PARA RASTREAMENTO - Quantidade: 1
</procedimento>;;;;;Espontanea;14/09/2026 14:22:12;14/09/2026 00:00:00;14/09/2026 00:00:00;0s;RUA NOVE, S/N, QD31 LT06 CS01, JARDIM ATLANTICO OESTE (ITAIPUACU), MARICA-RJ, CEP: 24935529  - Tel: 21987693475;
JERUSA SILVA MOREIRA;False;;F;09/04/1969 00:00:00;57;704703701045438;Procedimento;SERGIO RICARDO DUARTE MOUTINHO;;<procedimento>, MONITORAMENTO PELO SISTEMA HOLTER 24 HS (3 CANAIS)</procedimento>;<procedimento>  0211020044 - MONITORAMENTO PELO SISTEMA HOLTER 24 HS (3 CANAIS) - Quantidade: 1
</procedimento>;;;;;Espontanea;14/09/2026 16:15:46;14/09/2026 00:00:00;14/09/2026 00:00:00;0s;RUA ARGENTINA, S/N, JACAROA, MARICA-RJ, CEP: 24902415  - Tel: 21989368803;
JOANICE LAURINO GOMES BARBOZA;False;;F;24/06/1967 00:00:00;59;703401336614000;Procedimento;SERGIO RICARDO DUARTE MOUTINHO;;<procedimento>, MONITORAMENTO PELO SISTEMA HOLTER 24 HS (3 CANAIS)</procedimento>;<procedimento>  0211020044 - MONITORAMENTO PELO SISTEMA HOLTER 24 HS (3 CANAIS) - Quantidade: 1
</procedimento>;;;;;Espontanea;14/09/2026 15:07:28;14/09/2026 00:00:00;14/09/2026 00:00:00;0s;RUA ANTONIO CALADO, S/N, CENTRO, MARICA-RJ, CEP: 24900090  - Tel: 21997565346;
JOAO ALICE DE BARROS;False;;M;24/06/1936 00:00:00;90;701207089776019;Procedimento;SERGIO RICARDO DUARTE MOUTINHO;;<procedimento>, MONITORIZACAO AMBULATORIAL DE PRESSAO ARTERIAL (M A P A)</procedimento>;<procedimento>  0211020052 - MONITORIZACAO AMBULATORIAL DE PRESSAO ARTERIAL (M A P A) - Quantidade: 1
</procedimento>;;;;;Espontanea;14/09/2026 16:12:20;14/09/2026 00:00:00;14/09/2026 00:00:00;0s; NOSSA SENHORA DA PAZ, LT 04 QD43, SAO BENTO DA LAGOA, MARICA-RJ, CEP: 24936755  - Tel: 32999390876;
JOSE DE OLIVEIRA SOBRINHO;False;;M;18/08/1962 00:00:00;64;700201481725729;Procedimento;SERGIO RICARDO DUARTE MOUTINHO;;<procedimento>, MONITORAMENTO PELO SISTEMA HOLTER 24 HS (3 CANAIS)</procedimento>;<procedimento>  0211020044 - MONITORAMENTO PELO SISTEMA HOLTER 24 HS (3 CANAIS) - Quantidade: 1
</procedimento>;;;;;Espontanea;14/09/2026 15:06:25;14/09/2026 00:00:00;14/09/2026 00:00:00;0s;RODOVIA VEREADOR OLDEMAR GUEDES FIGUEIREDO, S/N, LAGARTO, MARICA-RJ, CEP: 24907000  - Tel: 6133152425;
MARISA ALVES DE BRITO;False;;F;13/04/1977 00:00:00;49;700305912413839;Procedimento;RENATO ROQUE DE ANDRADE;;<procedimento>, MAMOGRAFIA BILATERAL PARA RASTREAMENTO</procedimento>;<procedimento>  0204030188 - MAMOGRAFIA BILATERAL PARA RASTREAMENTO - Quantidade: 1
</procedimento>;;;;;Espontanea;14/09/2026 15:55:11;14/09/2026 00:00:00;14/09/2026 00:00:00;0s;RUA WILSON TEIXEIRA BARBOSA, S/N, QD254 LT14, JARDIM ATLANTICO CENTRAL (ITAIPUACU), MARICA-RJ, CEP: 24934460  - Tel: 21998644065;
MONICA DE OLIVEIRA BARRETO;False;;F;07/12/1971 00:00:00;54;704202582380690;Procedimento;RENATO ROQUE DE ANDRADE;;<procedimento>, MAMOGRAFIA BILATERAL PARA RASTREAMENTO</procedimento>;<procedimento>  0204030188 - MAMOGRAFIA BILATERAL PARA RASTREAMENTO - Quantidade: 1
</procedimento>;;;;;Espontanea;14/09/2026 15:48:50;14/09/2026 00:00:00;14/09/2026 00:00:00;0s;ESTRADA ANTONIO CALLADO, S/N, LOTE 21 B 16 Q, BALNEARIO BAMBUI (PONTA NEGRA), MARICA-RJ, CEP: 24920710  - Tel: 21971235167;
NAGIDE FERREIRA;False;;M;19/06/1948 00:00:00;78;702009399874185;Procedimento;LUCIANA FIRMINO PONCE;;<procedimento>, ELETROCARDIOGRAMA</procedimento>;<procedimento>  0211020036 - ELETROCARDIOGRAMA - Quantidade: 1
</procedimento>;;;;;Espontanea;14/09/2026 14:58:06;14/09/2026 00:00:00;14/09/2026 00:00:00;0s;RUA ANGRA DOS REIS, S/N, CAXITO, MARICA-RJ, CEP: 24910020  - Tel: 21997089945;
REGINA CELIA MEDEIROS PINTO DE JESUS;False;;F;04/03/1968 00:00:00;58;703209650782696;Procedimento;RENATO ROQUE DE ANDRADE;;<procedimento>, MAMOGRAFIA BILATERAL PARA RASTREAMENTO</procedimento>;<procedimento>  0204030188 - MAMOGRAFIA BILATERAL PARA RASTREAMENTO - Quantidade: 1
</procedimento>;;;;;Espontanea;14/09/2026 15:53:16;14/09/2026 00:00:00;14/09/2026 00:00:00;0s;ESTRADA ESTRD DE JACONE, 24, CAS, PONTA NEGRA MARICA, MARICA-RJ, CEP: 24900000  - Tel: 21995915839;
REGINA REIS;False;;F;10/01/1952 00:00:00;74;702804528031470;Procedimento;LUCIANA FIRMINO PONCE;;<procedimento>, ELETROCARDIOGRAMA</procedimento>;<procedimento>  0211020036 - ELETROCARDIOGRAMA - Quantidade: 1
</procedimento>;;;;;Espontanea;14/09/2026 15:15:33;14/09/2026 00:00:00;14/09/2026 00:00:00;0s;RUA CECILIO RODRIGUES DE SOUZA, S/N, ITAPEBA, MARICA-RJ, CEP: 24913090  - Tel: 21987636673;
RITA DE CASSIA PEREIRA LIMA;False;;F;20/05/1953 00:00:00;73;704609603021824;Procedimento;CLAUDIA FREIXO SEIXAS IOCKEN;;<procedimento>, DENSITOMETRIA OSSEA DUO-ENERGETICA DE COLUNA (VERTEBRAS LOMBARES E/OU FEMUR)</procedimento>;<procedimento>  0204060028 - DENSITOMETRIA OSSEA DUO-ENERGETICA DE COLUNA (VERTEBRAS LOMBARES E/OU FEMUR) - Quantidade: 1
</procedimento>;;;;;Espontanea;14/09/2026 15:24:31;14/09/2026 00:00:00;14/09/2026 00:00:00;0s;RUA TRINTA E UM, 02, Q 99 LT 4, ITAIPUACU, MARICA-RJ, CEP: 24936630  - Tel: 21964276606;
ROSANA CARVALHO ARAUJO DA SILVA PEREIRA;False;;F;07/09/1965 00:00:00;61;700603930006161;Procedimento;SERGIO RICARDO DUARTE MOUTINHO;;<procedimento>, MONITORIZACAO AMBULATORIAL DE PRESSAO ARTERIAL (M A P A)</procedimento>;<procedimento>  0211020052 - MONITORIZACAO AMBULATORIAL DE PRESSAO ARTERIAL (M A P A) - Quantidade: 1
</procedimento>;;;;;Espontanea;14/09/2026 15:51:18;14/09/2026 00:00:00;14/09/2026 00:00:00;0s;RUA MARQUES DE PARANA, S/N, LT 19 QD 02 CASA 01, MARQUES DE MARICA, MARICA-RJ, CEP: 24904515  - Tel: 21995730664;
SANDRA LUCIA RIBEIRO DOS SANTOS;False;;F;05/09/1962 00:00:00;64;700805912454182;Procedimento;CLAUDIA FREIXO SEIXAS IOCKEN;;<procedimento>, DENSITOMETRIA OSSEA DUO-ENERGETICA DE COLUNA (VERTEBRAS LOMBARES E/OU FEMUR)</procedimento>;<procedimento>  0204060028 - DENSITOMETRIA OSSEA DUO-ENERGETICA DE COLUNA (VERTEBRAS LOMBARES E/OU FEMUR) - Quantidade: 1
</procedimento>;;;;;Espontanea;14/09/2026 15:27:54;14/09/2026 00:00:00;14/09/2026 00:00:00;0s;RUA WALDIR LOPES DUARTE, S/N, LT 06 CS 03, JARDIM ATLANTICO CENTRAL (ITAIPUACU), MARICA-RJ, CEP: 24934535  - Tel: 21986314041;
VILSON ANTONIO LEGENTIL;False;;M;16/04/1940 00:00:00;86;700004732795204;Procedimento;SERGIO RICARDO DUARTE MOUTINHO;;<procedimento>, MONITORIZACAO AMBULATORIAL DE PRESSAO ARTERIAL (M A P A)</procedimento>;<procedimento>  0211020052 - MONITORIZACAO AMBULATORIAL DE PRESSAO ARTERIAL (M A P A) - Quantidade: 1
</procedimento>;;;;;Espontanea;14/09/2026 15:50:33;14/09/2026 00:00:00;14/09/2026 00:00:00;0s;AVENIDA ROBERTO SILVEIRA, 900, FLAMENGO, MARICA-RJ, CEP: 24903485  - Tel: 21964769895;
VIVIANE SANTOS DE RESENDE;False;;F;18/03/1982 00:00:00;44;705000214143959;Procedimento;RENATO ROQUE DE ANDRADE;;<procedimento>, MAMOGRAFIA BILATERAL PARA RASTREAMENTO</procedimento>;<procedimento>  0204030188 - MAMOGRAFIA BILATERAL PARA RASTREAMENTO - Quantidade: 1
</procedimento>;;;;;Espontanea;14/09/2026 15:33:26;14/09/2026 00:00:00;14/09/2026 00:00:00;0s;RUA NOSSA SENHORA DA PENHA, S/N, PRAIA DE ITAIPUACU (ITAIPUACU), MARICA-RJ, CEP: 24936750  - Tel: 2125803502;
MARIA DE FATIMA CALDAS ARAUJO;False;;F;08/04/1960 00:00:00;66;703007819868472;Consulta c/ Otorrinolaringologista;LEANDRO NOGUEIRA DE AZEVEDO; R490 - DISFONIA;<procedimento>, CONSULTA MEDICA EM ATENCAO ESPECIALIZADA</procedimento>;<procedimento>  0301010072 - CONSULTA MEDICA EM ATENCAO ESPECIALIZADA - Quantidade: 1
</procedimento>;N;;;N;Programada;14/09/2026 13:01:57;14/09/2026 00:00:00;14/09/2026 00:00:00;44min 37s;AVENIDA UM, S/N, LT 21 QD 09, VALE DA FIGUEIRA (PONTA NEGRA), MARICA-RJ, CEP: 24926580  - Tel: 21969967653;
WALDENIR DO CARMO;False;;F;14/03/1959 00:00:00;67;702503284767440;Consulta c/ Cirurgiao Geral;JOSE ROBERTO BARQUETTE; K801 - CALCULOSE DA VESICULA BILIAR COM OUTRAS FORMAS DE COLECISTITE;<procedimento>, CONSULTA MEDICA EM ATENCAO ESPECIALIZADA</procedimento>;<procedimento>  0301010072 - CONSULTA MEDICA EM ATENCAO ESPECIALIZADA - Quantidade: 1
</procedimento>;N;;;N;Programada;14/09/2026 13:01:03;14/09/2026 00:00:00;14/09/2026 00:00:00;6min 40s;AVENIDA MAYSA, 02, LOTE21QUADRA34, GUARATIBA (PONTA NEGRA), MARICA-RJ, CEP: 24916000  - Tel: 21990537618;
MARIA HELENA DO CARMO AMARAL;False;;F;06/03/1957 00:00:00;69;704008804720066;Consulta c/ Cardiologista;LUCIANA FIRMINO PONCE; I10  - HIPERTENSAO ESSENCIAL (PRIMARIA);<procedimento>, CONSULTA MEDICA EM ATENCAO ESPECIALIZADA</procedimento>;<procedimento>  0301010072 - CONSULTA MEDICA EM ATENCAO ESPECIALIZADA - Quantidade: 1
</procedimento>;S;ECOCARDIOGRAFIA TRANSTORACICA
;;N;Programada;14/09/2026 13:04:11;14/09/2026 00:00:00;14/09/2026 00:00:00;12min 6s;RUA N, 243, SANTA PAULA (INOA), MARICA-RJ, CEP: 24944846  - Tel: 21992590095;
ANA PAULA DE MARINS;False;;F;29/09/1977 00:00:00;48;704807034104646;Consulta c/ Cirurgiao Geral;JOSE ROBERTO BARQUETTE; I829 - EMBOLIA E TROMBOSE VENOSAS DE VEIA NAO ESPECIFICADA;<procedimento>, CONSULTA MEDICA EM ATENCAO ESPECIALIZADA</procedimento>;<procedimento>  0301010072 - CONSULTA MEDICA EM ATENCAO ESPECIALIZADA - Quantidade: 1
</procedimento>;N;;;N;Programada;14/09/2026 13:09:38;14/09/2026 00:00:00;14/09/2026 00:00:00;7min 57s;RUA SESSENTA E UM, S/N, LT 2 QD 114, ARACATIBA, MARICA-RJ, CEP: 24901620  - Tel: 21987707655;
LAURA MARQUES DA CRUZ;False;;F;13/02/2024 00:00:00;2;700006735143609;Consulta c/ Otorrinolaringologista;LEANDRO NOGUEIRA DE AZEVEDO; J352 - HIPERTROFIA DAS ADENOIDES;<procedimento>, CONSULTA MEDICA EM ATENCAO ESPECIALIZADA</procedimento>;<procedimento>  0301010072 - CONSULTA MEDICA EM ATENCAO ESPECIALIZADA - Quantidade: 1
</procedimento>;N;;;N;Programada;14/09/2026 13:10:59;14/09/2026 00:00:00;14/09/2026 00:00:00;38min 34s;RUA TUCANOS, 1115, QD 36 LT 11115, PARQUE NANCI, MARICA-RJ, CEP: 24914140  - Tel: 21967272084;
ROBISON RODRIGUES RANGEL;False;;M;23/11/1955 00:00:00;70;704804546500548;Procedimento;DEUSIMAR ALVES DE ARAUJO NOBRE;;<procedimento>, ESCUTA INICIAL / ORIENTACAO (ACOLHIMENTO A DEMANDA ESPONTANEA)</procedimento>;<procedimento>  0301040079 - ESCUTA INICIAL / ORIENTACAO (ACOLHIMENTO A DEMANDA ESPONTANEA) - Quantidade: 1
</procedimento>;;;;;Espontanea;14/09/2026 13:10:04;14/09/2026 00:00:00;14/09/2026 00:00:00;40s;RUA ALBERTO RANGEL, S/N, CS 01 LT 12, CENTRO, MARICA-RJ, CEP: 24901080  - Tel: 21971133300;
ELIANE PEREIRA MOUS;False;;F;01/02/1951 00:00:00;75;701203020822816;Procedimento;DEUSIMAR ALVES DE ARAUJO NOBRE;;<procedimento>, ESCUTA INICIAL / ORIENTACAO (ACOLHIMENTO A DEMANDA ESPONTANEA)</procedimento>;<procedimento>  0301040079 - ESCUTA INICIAL / ORIENTACAO (ACOLHIMENTO A DEMANDA ESPONTANEA) - Quantidade: 1
</procedimento>;;;;;Espontanea;14/09/2026 13:11:32;14/09/2026 00:00:00;14/09/2026 00:00:00;1min 7s;RUA UM, S/N, LT 35, CHACARAS DE INOA (INOA), MARICA-RJ, CEP: 24940130  - Tel: 21966899079;
MANUELA MAZULO RODRIGUES;False;;F;05/01/2011 00:00:00;15;709807046243094;Procedimento;DEUSIMAR ALVES DE ARAUJO NOBRE;;<procedimento>, ESCUTA INICIAL / ORIENTACAO (ACOLHIMENTO A DEMANDA ESPONTANEA)</procedimento>;<procedimento>  0301040079 - ESCUTA INICIAL / ORIENTACAO (ACOLHIMENTO A DEMANDA ESPONTANEA) - Quantidade: 1
</procedimento>;;;;;Espontanea;14/09/2026 13:13:31;14/09/2026 00:00:00;14/09/2026 00:00:00;1min 37s;RUA HELIO GUAPYASSU DE SA, S/N, QD324 LT23 CS02, JARDIM ATLANTICO CENTRAL (ITAIPUACU), MARICA-RJ, CEP: 24934045  - Tel: 21964198760;
ARLINDO VIEIRA TEIXEIRA;False;;M;23/09/1962 00:00:00;63;709206269323637;Consulta de Enfermagem;MAURO BATISTA DE BARROS; T140 - TRAUMATISMO SUPERFICIAL DE REGIAO NAO ESPECIFICADA DO CORPO;<procedimento>, CONSULTA DE PROFISSIONAIS DE NIVEL SUPERIOR NA ATENCAO ESPECIALIZADA (EXCETO MEDICO)</procedimento><procedimento>, CURATIVO ESPECIAL</procedimento>;<procedimento>  0301010048 - CONSULTA DE PROFISSIONAIS DE NIVEL SUPERIOR NA ATENCAO ESPECIALIZADA (EXCETO MEDICO) - Quantidade: 1
</procedimento><procedimento>  0301100276 - CURATIVO ESPECIAL - Quantidade: 1
</procedimento>;N;;;N;Programada;14/09/2026 13:15:02;14/09/2026 00:00:00;14/09/2026 00:00:00;24min 21s;RUA PAULO AFFONSO MACHADO, 16, QUADRA 02, PONTA NEGRA, MARICA-RJ, CEP: 24914340  - Tel: 21992707883;
THAISSA DOS SANTOS TAVARES BARCELOS;False;;F;05/09/2000 00:00:00;26;709203217765539;Procedimento;DEUSIMAR ALVES DE ARAUJO NOBRE;;<procedimento>, ESCUTA INICIAL / ORIENTACAO (ACOLHIMENTO A DEMANDA ESPONTANEA)</procedimento>;<procedimento>  0301040079 - ESCUTA INICIAL / ORIENTACAO (ACOLHIMENTO A DEMANDA ESPONTANEA) - Quantidade: 1
</procedimento>;;;;;Espontanea;14/09/2026 13:15:54;14/09/2026 00:00:00;14/09/2026 00:00:00;1min 26s;ESTRADA ANTONIO CALLADO, S/N, LOTE15QUADRA38, CORDEIRINHO (PONTA NEGRA), MARICA-RJ, CEP: 24921580  - Tel: 21980993556;
ALTAIR FERNANDES VIANA;False;;F;12/08/1949 00:00:00;77;708506586860380;Consulta c/ Cardiologista;LUCIANA FIRMINO PONCE; I10  - HIPERTENSAO ESSENCIAL (PRIMARIA), I64  - ACIDENTE VASCULAR CEREBRAL, NAO ESPECIFICADO COMO HEMORRAGICO OU ISQUEMICO;<procedimento>, CONSULTA MEDICA EM ATENCAO ESPECIALIZADA</procedimento>;<procedimento>  0301010072 - CONSULTA MEDICA EM ATENCAO ESPECIALIZADA - Quantidade: 1
</procedimento>;S;ECOCARDIOGRAFIA TRANSTORACICA
;;N;Programada;14/09/2026 13:16:26;14/09/2026 00:00:00;14/09/2026 00:00:00;8min 38s;RUA AGUIAS, 629, QDA 18, PARQUE NANCI, MARICA-RJ, CEP: 24914175  - Tel: 21976713797;
BRYAN DA SILVA NUNES;False;;M;21/03/2022 00:00:00;4;704103170779873;Consulta c/ Otorrinolaringologista;LEANDRO NOGUEIRA DE AZEVEDO; J352 - HIPERTROFIA DAS ADENOIDES;<procedimento>, CONSULTA MEDICA EM ATENCAO ESPECIALIZADA</procedimento>;<procedimento>  0301010072 - CONSULTA MEDICA EM ATENCAO ESPECIALIZADA - Quantidade: 1
</procedimento>;N;;;N;Programada;14/09/2026 13:16:53;14/09/2026 00:00:00;14/09/2026 00:00:00;31min 43s;RUA DAS AMENDOAS, S/N, QD 15 LT 325, RINCAO MIMOSO (ITAIPUACU), MARICA-RJ, CEP: 24938340  - Tel: 21992642801;
ALESSANDRA MOREIRA DOS SANTOS;False;;F;02/06/1977 00:00:00;49;707609276330697;Consulta c/ Cirurgiao Geral;JOSE ROBERTO BARQUETTE; D180 - HEMANGIOMA DE QUALQUER LOCALIZACAO;<procedimento>, CONSULTA MEDICA EM ATENCAO ESPECIALIZADA</procedimento>;<procedimento>  0301010072 - CONSULTA MEDICA EM ATENCAO ESPECIALIZADA - Quantidade: 1
</procedimento>;N;;;N;Programada;14/09/2026 13:17:55;14/09/2026 00:00:00;14/09/2026 00:00:00;10min 43s;AVENIDA NIRVANA, S/N, LT 36 QD 17 CS2, CHACARAS DE INOA (INOA), MARICA-RJ, CEP: 24940245  - Tel: 21974705179;
EDNA ROSA RESENDE;False;;F;16/10/1982 00:00:00;43;704101286504380;Procedimento;DEUSIMAR ALVES DE ARAUJO NOBRE;;<procedimento>, ESCUTA INICIAL / ORIENTACAO (ACOLHIMENTO A DEMANDA ESPONTANEA)</procedimento>;<procedimento>  0301040079 - ESCUTA INICIAL / ORIENTACAO (ACOLHIMENTO A DEMANDA ESPONTANEA) - Quantidade: 1
</procedimento>;;;;;Espontanea;14/09/2026 13:22:32;14/09/2026 00:00:00;14/09/2026 00:00:00;57s;RUA VERDES MARES, S/N, QD 39 LT 9/8, JARDIM ATLANTICO OESTE (ITAIPUACU), MARICA-RJ, CEP: 24935565  - Tel: 21976532497;
SIMONELLE DE ALMEIDA ARAUJO;False;;F;27/10/1981 00:00:00;44;708705156566298;Consulta c/ Otorrinolaringologista;LEANDRO NOGUEIRA DE AZEVEDO; J342 - DESVIO DO SEPTO NASAL;<procedimento>, CONSULTA MEDICA EM ATENCAO ESPECIALIZADA</procedimento>;<procedimento>  0301010072 - CONSULTA MEDICA EM ATENCAO ESPECIALIZADA - Quantidade: 1
</procedimento>;N;;;N;Programada;14/09/2026 13:23:38;14/09/2026 00:00:00;14/09/2026 00:00:00;26min 12s;RUA QUARENTA E DOIS, 61, GUARATIBA (PONTA NEGRA), MARICA-RJ, CEP: 24916295  - Tel: 69992957666;
ANTONIO CARLOS MACHADO DOS REIS;False;;M;23/02/1961 00:00:00;65;706006326023940;Consulta c/ Cardiologista;LUCIANA FIRMINO PONCE; I10  - HIPERTENSAO ESSENCIAL (PRIMARIA);<procedimento>, CONSULTA MEDICA EM ATENCAO ESPECIALIZADA</procedimento>;<procedimento>  0301010072 - CONSULTA MEDICA EM ATENCAO ESPECIALIZADA - Quantidade: 1
</procedimento>;N;;;N;Programada;14/09/2026 13:24:52;14/09/2026 00:00:00;14/09/2026 00:00:00;9min 35s;RUA CRISPIM GONCALVES DOS SANTOS, S/N, SN, PONTA NEGRA, MARICA-RJ, CEP: 24922308  - Tel: 21999266497;
KRISHNA COUTO DA SILVA;False;;F;06/08/2008 00:00:00;18;700505540262255;Procedimento;DEUSIMAR ALVES DE ARAUJO NOBRE;;<procedimento>, ESCUTA INICIAL / ORIENTACAO (ACOLHIMENTO A DEMANDA ESPONTANEA)</procedimento>;<procedimento>  0301040079 - ESCUTA INICIAL / ORIENTACAO (ACOLHIMENTO A DEMANDA ESPONTANEA) - Quantidade: 1
</procedimento>;;;;;Espontanea;14/09/2026 13:26:12;14/09/2026 00:00:00;14/09/2026 00:00:00;46s;RUA JOSE FORTES DA SILVA, S/N, UBATIBA, MARICA-RJ, CEP: 24908115  - Tel: 21995516561;
ALAINE GOMES DOS SANTOS VIEIRA;False;;F;22/08/1977 00:00:00;49;702600781063944;Procedimento;DEUSIMAR ALVES DE ARAUJO NOBRE;;<procedimento>, ESCUTA INICIAL / ORIENTACAO (ACOLHIMENTO A DEMANDA ESPONTANEA)</procedimento>;<procedimento>  0301040079 - ESCUTA INICIAL / ORIENTACAO (ACOLHIMENTO A DEMANDA ESPONTANEA) - Quantidade: 1
</procedimento>;;;;;Espontanea;14/09/2026 13:27:44;14/09/2026 00:00:00;14/09/2026 00:00:00;1min 4s;RUA CONDOR, 999, PARQUE NANCI, MARICA-RJ, CEP: 24914145  - Tel: 21995529286;
THIAGO SAMPAIO VECCHIATTI;False;;M;29/11/1985 00:00:00;40;700601968715168;Consulta c/ Ortopedista e Traumatologista;PALMERIO NEVES DE SOUZA NETO; R522 - OUTRA DOR CRONICA;<procedimento>, CONSULTA MEDICA EM ATENCAO ESPECIALIZADA</procedimento>;<procedimento>  0301010072 - CONSULTA MEDICA EM ATENCAO ESPECIALIZADA - Quantidade: 1
</procedimento>;N;;;N;Programada;14/09/2026 13:28:33;14/09/2026 00:00:00;14/09/2026 00:00:00;8min 9s;RUA JOAQUIM MENDES, 999, CENTRO, MARICA-RJ, CEP: 24900620  - Tel: 21999923770;
NIKOLLE VALERIO OLIVEIRA PEREIRA;False;;F;29/04/2011 00:00:00;15;700008059337909;Procedimento;DEUSIMAR ALVES DE ARAUJO NOBRE;;<procedimento>, ESCUTA INICIAL / ORIENTACAO (ACOLHIMENTO A DEMANDA ESPONTANEA)</procedimento>;<procedimento>  0301040079 - ESCUTA INICIAL / ORIENTACAO (ACOLHIMENTO A DEMANDA ESPONTANEA) - Quantidade: 1
</procedimento>;;;;;Espontanea;14/09/2026 13:28:50;14/09/2026 00:00:00;14/09/2026 00:00:00;1min 10s;RUA JUTAI, S/N, LT26 QD48, ITAOCAIA VALLEY (ITAIPUACU), MARICA-RJ, CEP: 24938590  - Tel: 21993746519;
ERENICE ERVILHA PEREIRA;False;;F;26/12/1958 00:00:00;67;;Consulta c/ Cirurgiao Geral;JOSE ROBERTO BARQUETTE; R10  - DOR ABDOMINAL E PELVICA;<procedimento>, CONSULTA MEDICA EM ATENCAO ESPECIALIZADA</procedimento>;<procedimento>  0301010072 - CONSULTA MEDICA EM ATENCAO ESPECIALIZADA - Quantidade: 1
</procedimento>;N;;;N;Programada;14/09/2026 13:30:34;14/09/2026 00:00:00;14/09/2026 00:00:00;16min 32s;RUA DAS OLIVEIRAS, 02, JARDIM ATLANTICO OESTE (ITAIPUACU), MARICA-RJ, CEP: 24935065  - Tel: 21995798496;
CARMINDA DO NASCIMENTO NUNES;False;;F;21/04/1947 00:00:00;79;702302129443514;Procedimento;DEUSIMAR ALVES DE ARAUJO NOBRE;;<procedimento>, ESCUTA INICIAL / ORIENTACAO (ACOLHIMENTO A DEMANDA ESPONTANEA)</procedimento>;<procedimento>  0301040079 - ESCUTA INICIAL / ORIENTACAO (ACOLHIMENTO A DEMANDA ESPONTANEA) - Quantidade: 1
</procedimento>;;;;;Espontanea;14/09/2026 13:30:06;14/09/2026 00:00:00;14/09/2026 00:00:00;28s;RUA CENTO E QUARENTA E CINCO, S/N, LT20 QD547 C4, JARDIM ATLANTICO, MARICA-RJ, CEP: 24933255  - Tel: 21979183636;
EMILY VITORIA BARBIO GOMES;False;;F;24/02/2021 00:00:00;5;702107843314970;Consulta c/ Otorrinolaringologista;LEANDRO NOGUEIRA DE AZEVEDO; J352 - HIPERTROFIA DAS ADENOIDES;<procedimento>, CONSULTA MEDICA EM ATENCAO ESPECIALIZADA</procedimento>;<procedimento>  0301010072 - CONSULTA MEDICA EM ATENCAO ESPECIALIZADA - Quantidade: 1
</procedimento>;N;;;N;Programada;14/09/2026 13:31:58;14/09/2026 00:00:00;14/09/2026 00:00:00;18min 49s; K, 35, CS 02, SAO JOSE DO IMBASSAI, MARICA-RJ, CEP: 24930416  - Tel: 22993223021;
TAMIRES BATISTA DA SILVA;False;;F;20/03/1997 00:00:00;29;708703175726392;Procedimento;DEUSIMAR ALVES DE ARAUJO NOBRE;;<procedimento>, ESCUTA INICIAL / ORIENTACAO (ACOLHIMENTO A DEMANDA ESPONTANEA)</procedimento>;<procedimento>  0301040079 - ESCUTA INICIAL / ORIENTACAO (ACOLHIMENTO A DEMANDA ESPONTANEA) - Quantidade: 1
</procedimento>;;;;;Espontanea;14/09/2026 13:31:13;14/09/2026 00:00:00;14/09/2026 00:00:00;46s;AVENIDA VEREADORA ROMILDA NUNES, S/N, QD64 LT 03, ITAOCAIA VALLEY (ITAIPUACU), MARICA-RJ, CEP: 24938760  - Tel: 21970691411;
MARIA CRISTINA DE CARVALHO FERREIRA;False;;F;27/01/1962 00:00:00;64;706402171255781;Procedimento;DEUSIMAR ALVES DE ARAUJO NOBRE;;<procedimento>, ESCUTA INICIAL / ORIENTACAO (ACOLHIMENTO A DEMANDA ESPONTANEA)</procedimento>;<procedimento>  0301040079 - ESCUTA INICIAL / ORIENTACAO (ACOLHIMENTO A DEMANDA ESPONTANEA) - Quantidade: 1
</procedimento>;;;;;Espontanea;14/09/2026 13:32:46;14/09/2026 00:00:00;14/09/2026 00:00:00;1min 7s;RUA CAPITAO BENJAMIN CONSTANT KELLER, S/N, QD 94 LT 11 CS1, BARROCO (ITAIPUACU), MARICA-RJ, CEP: 24936620  - Tel: 21968348335;
CARMELIA VIANA MARTINS;False;;F;18/03/1956 00:00:00;70;703608035305534;Procedimento;DEUSIMAR ALVES DE ARAUJO NOBRE;;<procedimento>, ESCUTA INICIAL / ORIENTACAO (ACOLHIMENTO A DEMANDA ESPONTANEA)</procedimento>;<procedimento>  0301040079 - ESCUTA INICIAL / ORIENTACAO (ACOLHIMENTO A DEMANDA ESPONTANEA) - Quantidade: 1
</procedimento>;;;;;Espontanea;14/09/2026 13:34:30;14/09/2026 00:00:00;14/09/2026 00:00:00;51s;RUA CECILIA ANA FERREIRA, 309, LT 16 QD 27, INOA, MARICA-RJ, CEP: 24941565  - Tel: 21973663467;
IRENE MARTA DE PAULA;False;;F;24/01/1954 00:00:00;72;702409096316921;Consulta c/ Ortopedista e Traumatologista;PALMERIO NEVES DE SOUZA NETO; M17  - GONARTROSE (ARTROSE DO JOELHO);<procedimento>, CONSULTA MEDICA EM ATENCAO ESPECIALIZADA</procedimento>;<procedimento>  0301010072 - CONSULTA MEDICA EM ATENCAO ESPECIALIZADA - Quantidade: 1
</procedimento>;S;RADIOGRAFIA DE JOELHO (AP + LATERAL)
;;N;Programada;14/09/2026 13:36:40;14/09/2026 00:00:00;14/09/2026 00:00:00;4min 48s;RUA DUQUE DE CAXIAS, S/N, UBATIBA, MARICA-RJ, CEP: 24908755  - Tel: 21991436875;
MARIA GLORIA ANTUNES PINHEIRO;False;;F;28/02/1948 00:00:00;78;704804007328749;Consulta c/ Cardiologista;LUCIANA FIRMINO PONCE; I10  - HIPERTENSAO ESSENCIAL (PRIMARIA);<procedimento>, CONSULTA MEDICA EM ATENCAO ESPECIALIZADA</procedimento>;<procedimento>  0301010072 - CONSULTA MEDICA EM ATENCAO ESPECIALIZADA - Quantidade: 1
</procedimento>;N;;;N;Programada;14/09/2026 13:39:33;14/09/2026 00:00:00;14/09/2026 00:00:00;21min 45s;ESTRADA DE ITAIPUACU, S/N, RECANTO DE ITAIPUACU (ITAIPUACU), MARICA-RJ, CEP: 24937325  - Tel: 21998476636;
BARBARA HELENA LUCAS RIBEIRO;False;;F;22/11/1966 00:00:00;59;700607417625362;Consulta c/ Otorrinolaringologista;LEANDRO NOGUEIRA DE AZEVEDO; R490 - DISFONIA;<procedimento>, CONSULTA MEDICA EM ATENCAO ESPECIALIZADA</procedimento>;<procedimento>  0301010072 - CONSULTA MEDICA EM ATENCAO ESPECIALIZADA - Quantidade: 1
</procedimento>;N;;;N;Programada;14/09/2026 13:39:01;14/09/2026 00:00:00;14/09/2026 00:00:00;11min 51s;RUA MATHEUS RIBEIRO BARBOSA, S/N, LT 03 QD 04, PONTA NEGRA (PONTA NEGRA), MARICA-RJ, CEP: 24923000  - Tel: 21969352710;
LOURDELEA DA CONCEICAO SILVA;False;;F;22/08/1969 00:00:00;57;707804693505514;Consulta de Enfermagem;MAURO BATISTA DE BARROS; T140 - TRAUMATISMO SUPERFICIAL DE REGIAO NAO ESPECIFICADA DO CORPO;<procedimento>, CONSULTA DE PROFISSIONAIS DE NIVEL SUPERIOR NA ATENCAO ESPECIALIZADA (EXCETO MEDICO)</procedimento><procedimento>, CURATIVO ESPECIAL</procedimento>;<procedimento>  0301010048 - CONSULTA DE PROFISSIONAIS DE NIVEL SUPERIOR NA ATENCAO ESPECIALIZADA (EXCETO MEDICO) - Quantidade: 1
</procedimento><procedimento>  0301100276 - CURATIVO ESPECIAL - Quantidade: 1
</procedimento>;N;;;N;Programada;14/09/2026 13:39:45;14/09/2026 00:00:00;14/09/2026 00:00:00;38min 22s;ESTRADA HENFIL, S/N, 103, PINDOBAS, MARICA-RJ, CEP: 24910750  - Tel: 21985856861;
LUCIANA PEREIRA DE CAMPOS;False;;F;06/07/1983 00:00:00;43;702803179999466;Consulta c/ Ortopedista e Traumatologista;PALMERIO NEVES DE SOUZA NETO; M544 - LUMBAGO COM CIATICA;<procedimento>, CONSULTA MEDICA EM ATENCAO ESPECIALIZADA</procedimento>;<procedimento>  0301010072 - CONSULTA MEDICA EM ATENCAO ESPECIALIZADA - Quantidade: 1
</procedimento>;N;;;N;Programada;14/09/2026 13:40:59;14/09/2026 00:00:00;14/09/2026 00:00:00;7min 38s;RUA DAS OLIVEIRAS, S/N, QD 579 LT 14, JARDIM ATLANTICO OESTE (ITAIPUACU), MARICA-RJ, CEP: 24935065  - Tel: 21995874961;
LEANN CALDAS PEREIRA DE ALMEIDA BASTOS;False;;M;19/01/1994 00:00:00;32;702605281042144;Consulta c/ Ortopedista e Traumatologista;PALMERIO NEVES DE SOUZA NETO; M75  - LESOES DO OMBRO;<procedimento>, CONSULTA MEDICA EM ATENCAO ESPECIALIZADA</procedimento>;<procedimento>  0301010072 - CONSULTA MEDICA EM ATENCAO ESPECIALIZADA - Quantidade: 1
</procedimento>;S;ULTRASSONOGRAFIA DE ARTICULACAO
;;N;Programada;14/09/2026 13:47:48;14/09/2026 00:00:00;14/09/2026 00:00:00;5min 4s;RODOVIA ERNANI DO AMARAL PEIXOTO, S/N, SAO JOSE DO IMBASSAI, MARICA-RJ, CEP: 24931000  - Tel: 6133152425;
ANA MARIA DANTAS TAVARES;False;;F;07/05/1960 00:00:00;66;700003951759709;Consulta c/ Cirurgiao Geral;JOSE ROBERTO BARQUETTE; K439 - HERNIA VENTRAL SEM OBSTRUCAO OU GANGRENA;<procedimento>, CONSULTA MEDICA EM ATENCAO ESPECIALIZADA</procedimento>;<procedimento>  0301010072 - CONSULTA MEDICA EM ATENCAO ESPECIALIZADA - Quantidade: 1
</procedimento>;N;;;N;Programada;14/09/2026 13:51:55;14/09/2026 00:00:00;14/09/2026 00:00:00;13min 19s;RUA SEIS, S/N, JACONE (PONTA NEGRA), MARICA-RJ, CEP: 24924075  - Tel: 2126486496;
MARIA CRISTINA DE CARVALHO FERREIRA;False;;F;27/01/1962 00:00:00;64;706402171255781;Procedimento;DEUSIMAR ALVES DE ARAUJO NOBRE;;<procedimento>, ESCUTA INICIAL / ORIENTACAO (ACOLHIMENTO A DEMANDA ESPONTANEA)</procedimento>;<procedimento>  0301040079 - ESCUTA INICIAL / ORIENTACAO (ACOLHIMENTO A DEMANDA ESPONTANEA) - Quantidade: 1
</procedimento>;;;;;Espontanea;14/09/2026 13:51:04;14/09/2026 00:00:00;14/09/2026 00:00:00;26s;RUA CAPITAO BENJAMIN CONSTANT KELLER, S/N, QD 94 LT 11 CS1, BARROCO (ITAIPUACU), MARICA-RJ, CEP: 24936620  - Tel: 21968348335;
SONIA REGINA MOREIRA DE SOUZA;False;;F;28/06/1977 00:00:00;49;705003621307759;Consulta c/ Ortopedista e Traumatologista;PALMERIO NEVES DE SOUZA NETO; R522 - OUTRA DOR CRONICA;<procedimento>, CONSULTA MEDICA EM ATENCAO ESPECIALIZADA</procedimento>;<procedimento>  0301010072 - CONSULTA MEDICA EM ATENCAO ESPECIALIZADA - Quantidade: 1
</procedimento>;N;;;N;Programada;14/09/2026 13:52:14;14/09/2026 00:00:00;14/09/2026 00:00:00;7min 21s;RUA ITAMARACA, S/N, LT 11  QD 10, SAO JOSE DO IMBASSAI, MARICA-RJ, CEP: 24931170  - Tel: 21966136811;
CLAUDIA REGINA DOURADO FRANCA;False;;F;21/07/1966 00:00:00;60;708605501065287;Consulta c/ Ortopedista e Traumatologista;PALMERIO NEVES DE SOUZA NETO; R522 - OUTRA DOR CRONICA;<procedimento>, CONSULTA MEDICA EM ATENCAO ESPECIALIZADA</procedimento>;<procedimento>  0301010072 - CONSULTA MEDICA EM ATENCAO ESPECIALIZADA - Quantidade: 1
</procedimento>;S;ULTRASSONOGRAFIA DE ARTICULACAO
;;N;Programada;14/09/2026 13:59:38;14/09/2026 00:00:00;14/09/2026 00:00:00;8min 17s;RUA ARAGUARI, S/N, QD41LT4 CS2, SAO JOSE DO IMBASSAI, MARICA-RJ, CEP: 24931080  - Tel: 21974921069;
BENEDITO PEREIRA DA SILVA;False;;M;16/09/1939 00:00:00;86;704501389854410;Consulta c/ Cardiologista;LUCIANA FIRMINO PONCE; I10  - HIPERTENSAO ESSENCIAL (PRIMARIA);<procedimento>, CONSULTA MEDICA EM ATENCAO ESPECIALIZADA</procedimento>;<procedimento>  0301010072 - CONSULTA MEDICA EM ATENCAO ESPECIALIZADA - Quantidade: 1
</procedimento>;S;MONITORIZACAO AMBULATORIAL DE PRESSAO ARTERIAL (M A P A)
ECOCARDIOGRAFIA TRANSTORACICA
;;N;Programada;14/09/2026 14:02:39;14/09/2026 00:00:00;14/09/2026 00:00:00;10min 39s;RUA C, 06, CHACARAS DE INOA (INOA), MARICA-RJ, CEP: 24941530  - Tel: 21965820986;
GABRIELLE BERNARDO ARAUJO;False;;F;11/11/2006 00:00:00;19;708103556645334;Consulta c/ Ortopedista e Traumatologista;PALMERIO NEVES DE SOUZA NETO; R522 - OUTRA DOR CRONICA;<procedimento>, CONSULTA MEDICA EM ATENCAO ESPECIALIZADA</procedimento>;<procedimento>  0301010072 - CONSULTA MEDICA EM ATENCAO ESPECIALIZADA - Quantidade: 1
</procedimento>;N;;;N;Programada;14/09/2026 14:07:28;14/09/2026 00:00:00;14/09/2026 00:00:00;26min 10s;RUA THEOPHILO GOMES DA COSTA, S/N, BARRA DE MARICA, MARICA-RJ, CEP: 24915585  - Tel: 21995337009;
MARCOS ANTUNES RODRIGUES;False;;M;23/12/1956 00:00:00;69;700700946222671;Consulta c/ Cirurgiao Geral;JOSE ROBERTO BARQUETTE; K409 - HERNIA INGUINAL UNILATERAL OU NAO ESPECIFICADA, SEM OBSTRUCAO OU GANGRENA;<procedimento>, CONSULTA MEDICA EM ATENCAO ESPECIALIZADA</procedimento>;<procedimento>  0301010072 - CONSULTA MEDICA EM ATENCAO ESPECIALIZADA - Quantidade: 1
</procedimento>;N;;;N;Programada;14/09/2026 14:10:31;14/09/2026 00:00:00;14/09/2026 00:00:00;8min 54s;RUA TINHARE, S/N, LT 12 QD 03, SAO JOSE DO IMBASSAI, MARICA-RJ, CEP: 24931120  - Tel: 21984467360;
REGINA REIS;False;;F;10/01/1952 00:00:00;74;702804528031470;Consulta c/ Cardiologista;LUCIANA FIRMINO PONCE; I10  - HIPERTENSAO ESSENCIAL (PRIMARIA);<procedimento>, CONSULTA MEDICA EM ATENCAO ESPECIALIZADA</procedimento>;<procedimento>  0301010072 - CONSULTA MEDICA EM ATENCAO ESPECIALIZADA - Quantidade: 1
</procedimento>;N;;;N;Programada;14/09/2026 14:13:22;14/09/2026 00:00:00;14/09/2026 00:00:00;32min 8s;RUA CECILIO RODRIGUES DE SOUZA, S/N, ITAPEBA, MARICA-RJ, CEP: 24913090  - Tel: 21987636673;
SEVERINO MANOEL DE SOUZA;False;;M;20/05/1969 00:00:00;57;704503391805113;Consulta de Enfermagem;ELAINE APARECIDA DE SOUZA; K92  - DOENCAS DO APARELHO DIGESTIVO;<procedimento>, BARREIRAS PROTETORAS DE PELE SINTETICA E/OU MISTA EM FORMA DE PO / PASTA E/OU PLACA</procedimento><procedimento>, CONJUNTO DE PLACA E BOLSA PARA OSTOMA INTESTINAL</procedimento><procedimento>, CONSULTA DE PROFISSIONAIS DE NIVEL SUPERIOR NA ATENCAO ESPECIALIZADA (EXCETO MEDICO)</procedimento><procedimento>, CONSULTA DE PROFISSIONAIS DE NIVEL SUPERIOR NA ATENCAO PRIMARIA (EXCETO MEDICO)</procedimento><procedimento>, CUIDADOS COM ESTOMAS</procedimento>;<procedimento>  0301010030 - CONSULTA DE PROFISSIONAIS DE NIVEL SUPERIOR NA ATENCAO PRIMARIA (EXCETO MEDICO) - Quantidade: 1
</procedimento><procedimento>  0301010048 - CONSULTA DE PROFISSIONAIS DE NIVEL SUPERIOR NA ATENCAO ESPECIALIZADA (EXCETO MEDICO) - Quantidade: 1
</procedimento><procedimento>  0301100063 - CUIDADOS COM ESTOMAS - Quantidade: 1
</procedimento><procedimento>  0701050047 - CONJUNTO DE PLACA E BOLSA PARA OSTOMA INTESTINAL - Quantidade: 10
</procedimento><procedimento>  0701060018 - BARREIRAS PROTETORAS DE PELE SINTETICA E/OU MISTA EM FORMA DE PO / PASTA E/OU PLACA - Quantidade: 1
</procedimento>;N;;;N;Programada;14/09/2026 14:19:33;14/09/2026 00:00:00;14/09/2026 00:00:00;15min 0s;RUA DAS ROSAS, S/N, CHACARAS DE INOA (INOA), MARICA-RJ, CEP: 24940040  - Tel: 21985154013;
CARLOS VINICIUS BILIO DA SILVA;False;;M;22/05/1987 00:00:00;39;702901589119471;Consulta c/ Cirurgiao Geral;JOSE ROBERTO BARQUETTE; K439 - HERNIA VENTRAL SEM OBSTRUCAO OU GANGRENA;<procedimento>, CONSULTA MEDICA EM ATENCAO ESPECIALIZADA</procedimento>;<procedimento>  0301010072 - CONSULTA MEDICA EM ATENCAO ESPECIALIZADA - Quantidade: 1
</procedimento>;N;;;N;Programada;14/09/2026 14:21:23;14/09/2026 00:00:00;14/09/2026 00:00:00;8min 8s;RUA VITOR CONCEICAO, S/N, QD 10 LT 16B, ARACATIBA, MARICA-RJ, CEP: 24901445  - Tel: 21970170609;
ANGELO JESUS DOS SANTOS;False;;M;08/05/2024 00:00:00;2;700606405742163;Consulta c/ Fonoaudiologo;ANDREI PEREIRA DOS SANTOS; H93  - TRANSTORNOS DO OUVIDO NAO CLASSIFICADOS EM OUTRA PARTE;<procedimento>, AUDIOMETRIA TONAL LIMIAR (VIA AEREA / OSSEA)</procedimento><procedimento>, CONSULTA DE PROFISSIONAIS DE NIVEL SUPERIOR NA ATENCAO ESPECIALIZADA (EXCETO MEDICO)</procedimento><procedimento>, IMITANCIOMETRIA</procedimento><procedimento>, LOGOAUDIOMETRIA (LDV-IRF-LRF)</procedimento>;<procedimento>  0211070041 - AUDIOMETRIA TONAL LIMIAR (VIA AEREA / OSSEA) - Quantidade: 1
</procedimento><procedimento>  0211070203 - IMITANCIOMETRIA - Quantidade: 1
</procedimento><procedimento>  0211070211 - LOGOAUDIOMETRIA (LDV-IRF-LRF) - Quantidade: 1
</procedimento><procedimento>  0301010048 - CONSULTA DE PROFISSIONAIS DE NIVEL SUPERIOR NA ATENCAO ESPECIALIZADA (EXCETO MEDICO) - Quantidade: 1
</procedimento>;N;;;N;Programada;14/09/2026 14:24:29;14/09/2026 00:00:00;14/09/2026 00:00:00;1min 50s;RUA MILTAER SOARES, S/N, LT 44 QD 184, JARDIM ATLANTICO CENTRAL (ITAIPUACU), MARICA-RJ, CEP: 24934255  - Tel: 6133152425;
GEORGIA BRAGA MARINS;False;;F;25/01/2000 00:00:00;26;701403649471239;Consulta c/ Fonoaudiologo;ANDREI PEREIRA DOS SANTOS; H93  - TRANSTORNOS DO OUVIDO NAO CLASSIFICADOS EM OUTRA PARTE;<procedimento>, CONSULTA DE PROFISSIONAIS DE NIVEL SUPERIOR NA ATENCAO ESPECIALIZADA (EXCETO MEDICO)</procedimento>;<procedimento>  0301010048 - CONSULTA DE PROFISSIONAIS DE NIVEL SUPERIOR NA ATENCAO ESPECIALIZADA (EXCETO MEDICO) - Quantidade: 1
</procedimento>;N;;;N;Programada;14/09/2026 14:26:00;14/09/2026 00:00:00;14/09/2026 00:00:00;1min 22s;RUA QUATRO, S/N, QD 8 LT 127, CHACARAS DE INOA (INOA), MARICA-RJ, CEP: 24941620  - Tel: 2126365507;
FABILENE DOS SANTOS DA SILVA;False;;F;04/06/1983 00:00:00;43;700500355468859;Consulta c/ Fonoaudiologo;ANDREI PEREIRA DOS SANTOS; H93  - TRANSTORNOS DO OUVIDO NAO CLASSIFICADOS EM OUTRA PARTE;<procedimento>, CONSULTA DE PROFISSIONAIS DE NIVEL SUPERIOR NA ATENCAO ESPECIALIZADA (EXCETO MEDICO)</procedimento>;<procedimento>  0301010048 - CONSULTA DE PROFISSIONAIS DE NIVEL SUPERIOR NA ATENCAO ESPECIALIZADA (EXCETO MEDICO) - Quantidade: 1
</procedimento>;N;;;N;Programada;14/09/2026 14:27:31;14/09/2026 00:00:00;14/09/2026 00:00:00;1min 16s;RUA COMISSARIO ROMULO, 376, RINCAO MIMOSO (ITAIPUACU), MARICA-RJ, CEP: 24938200  - Tel: 21980134045;
WANDER TEIXEIRA DO NASCIMENTO;False;;M;09/11/1965 00:00:00;60;705002411634051;Consulta c/ Cirurgiao Geral;JOSE ROBERTO BARQUETTE; K429 - HERNIA UMBILICAL SEM OBSTRUCAO OU GANGRENA;<procedimento>, CONSULTA MEDICA EM ATENCAO ESPECIALIZADA</procedimento>;<procedimento>  0301010072 - CONSULTA MEDICA EM ATENCAO ESPECIALIZADA - Quantidade: 1
</procedimento>;N;;;N;Programada;14/09/2026 14:30:51;14/09/2026 00:00:00;14/09/2026 00:00:00;13min 23s;RUA TRES, S/N, QD 05 LT 29, CHACARAS DE INOA (INOA), MARICA-RJ, CEP: 24940135  - Tel: 21971860796;
MARILENE SOARES DE OLIVEIRA;False;;F;15/10/1976 00:00:00;49;705404481844894;Consulta c/ Ortopedista e Traumatologista;PALMERIO NEVES DE SOUZA NETO; M16  - COXARTROSE (ARTROSE DO QUADRIL);<procedimento>, CONSULTA MEDICA EM ATENCAO ESPECIALIZADA</procedimento>;<procedimento>  0301010072 - CONSULTA MEDICA EM ATENCAO ESPECIALIZADA - Quantidade: 1
</procedimento>;N;;;N;Programada;14/09/2026 14:35:01;14/09/2026 00:00:00;14/09/2026 00:00:00;26min 5s;RODOVIA VEREADOR OLDEMAR GUEDES FIGUEIREDO, S/N, LAGARTO, MARICA-RJ, CEP: 24907000  - Tel: 21999447159;
DIONISIA DUARTE PINHEIRO;False;;F;17/02/1962 00:00:00;64;702000316941280;Consulta de Enfermagem;ELAINE APARECIDA DE SOUZA; K92  - DOENCAS DO APARELHO DIGESTIVO;<procedimento>, AVALIACAO ANTROPOMETRICA</procedimento><procedimento>, BARREIRAS PROTETORAS DE PELE SINTETICA E/OU MISTA EM FORMA DE PO / PASTA E/OU PLACA</procedimento><procedimento>, BOLSA DE COLOSTOMIA COM ADESIVO MICROPORO DRENAVEL</procedimento><procedimento>, CONSULTA DE PROFISSIONAIS DE NIVEL SUPERIOR NA ATENCAO ESPECIALIZADA (EXCETO MEDICO)</procedimento><procedimento>, CUIDADOS COM ESTOMAS</procedimento>;<procedimento>  0101040024 - AVALIACAO ANTROPOMETRICA - Quantidade: 1
</procedimento><procedimento>  0301010048 - CONSULTA DE PROFISSIONAIS DE NIVEL SUPERIOR NA ATENCAO ESPECIALIZADA (EXCETO MEDICO) - Quantidade: 1
</procedimento><procedimento>  0301100063 - CUIDADOS COM ESTOMAS - Quantidade: 1
</procedimento><procedimento>  0701050020 - BOLSA DE COLOSTOMIA COM ADESIVO MICROPORO DRENAVEL - Quantidade: 16
</procedimento><procedimento>  0701060018 - BARREIRAS PROTETORAS DE PELE SINTETICA E/OU MISTA EM FORMA DE PO / PASTA E/OU PLACA - Quantidade: 1
</procedimento>;N;;;N;Programada;14/09/2026 14:35:32;14/09/2026 00:00:00;14/09/2026 00:00:00;41min 0s;RUA EDILCO RAMALHO, S/N, QD 334 LT 45 C2, JARDIM ATLANTICO LESTE (ITAIPUACU), MARICA-RJ, CEP: 24933640  - Tel: 21998883970;
WALDECY DE SOUZA NASCIMENTO;False;;M;09/12/1974 00:00:00;51;898004847479574;Consulta de Enfermagem;MAURO BATISTA DE BARROS; T140 - TRAUMATISMO SUPERFICIAL DE REGIAO NAO ESPECIFICADA DO CORPO;<procedimento>, CONSULTA DE PROFISSIONAIS DE NIVEL SUPERIOR NA ATENCAO ESPECIALIZADA (EXCETO MEDICO)</procedimento><procedimento>, CURATIVO ESPECIAL</procedimento>;<procedimento>  0301010048 - CONSULTA DE PROFISSIONAIS DE NIVEL SUPERIOR NA ATENCAO ESPECIALIZADA (EXCETO MEDICO) - Quantidade: 1
</procedimento><procedimento>  0301100276 - CURATIVO ESPECIAL - Quantidade: 1
</procedimento>;N;;;N;Programada;14/09/2026 14:41:35;14/09/2026 00:00:00;14/09/2026 00:00:00;16min 21s;RUA WALDIR TAVARES GUAPYASSU DE SA, S/N, QD 256 LT 29, JARDIM ATLANTICO CENTRAL (ITAIPUACU), MARICA-RJ, CEP: 24934140  - Tel: 21986894128;
MARIA LUCIA BEZERRA SILVA;False;;F;11/12/1971 00:00:00;54;702601207162642;Consulta c/ Cirurgiao Geral;JOSE ROBERTO BARQUETTE; D171 - NEOPLASIA LIPOMATOSA BENIGNA DA PELE E TECIDO SUBCUTANEO DO TRONCO;<procedimento>, CONSULTA MEDICA EM ATENCAO ESPECIALIZADA</procedimento>;<procedimento>  0301010072 - CONSULTA MEDICA EM ATENCAO ESPECIALIZADA - Quantidade: 1
</procedimento>;N;;;N;Programada;14/09/2026 14:45:18;14/09/2026 00:00:00;14/09/2026 00:00:00;10min 27s;RUA NOVE, S/N, SAO JOSE DO IMBASSAI, MARICA-RJ, CEP: 24931415  - Tel: 21976202218;
WILSON RANGEL SOARES;False;;M;04/11/1960 00:00:00;65;708002350650626;Consulta c/ Fonoaudiologo;ANDREI PEREIRA DOS SANTOS; H93  - TRANSTORNOS DO OUVIDO NAO CLASSIFICADOS EM OUTRA PARTE;<procedimento>, AUDIOMETRIA TONAL LIMIAR (VIA AEREA / OSSEA)</procedimento><procedimento>, CONSULTA DE PROFISSIONAIS DE NIVEL SUPERIOR NA ATENCAO ESPECIALIZADA (EXCETO MEDICO)</procedimento><procedimento>, IMITANCIOMETRIA</procedimento><procedimento>, LOGOAUDIOMETRIA (LDV-IRF-LRF)</procedimento>;<procedimento>  0211070041 - AUDIOMETRIA TONAL LIMIAR (VIA AEREA / OSSEA) - Quantidade: 1
</procedimento><procedimento>  0211070203 - IMITANCIOMETRIA - Quantidade: 1
</procedimento><procedimento>  0211070211 - LOGOAUDIOMETRIA (LDV-IRF-LRF) - Quantidade: 1
</procedimento><procedimento>  0301010048 - CONSULTA DE PROFISSIONAIS DE NIVEL SUPERIOR NA ATENCAO ESPECIALIZADA (EXCETO MEDICO) - Quantidade: 1
</procedimento>;N;;;N;Programada;14/09/2026 14:48:52;14/09/2026 00:00:00;14/09/2026 00:00:00;3min 12s;AVENIDA TRES, S/N, LOTE17QUADRA15, JARDIM INTERLAGOS (PONTA NEGRA), MARICA-RJ, CEP: 24917230  - Tel: 21972919210;
NAGIDE FERREIRA;False;;M;19/06/1948 00:00:00;78;702009399874185;Consulta c/ Cardiologista;LUCIANA FIRMINO PONCE; I10  - HIPERTENSAO ESSENCIAL (PRIMARIA);<procedimento>, CONSULTA MEDICA EM ATENCAO ESPECIALIZADA</procedimento>;<procedimento>  0301010072 - CONSULTA MEDICA EM ATENCAO ESPECIALIZADA - Quantidade: 1
</procedimento>;S;DOSAGEM DE COLESTEROL TOTAL
DOSAGEM DE CREATININA
DOSAGEM DE 25 HIDROXIVITAMINA D
DOSAGEM DE COLESTEROL HDL
DOSAGEM DE POTASSIO
DOSAGEM DE ANTIGENO PROSTATICO ESPECIFICO (PSA)
DOSAGEM DE HORMONIO TIREOESTIMULANTE (TSH)
DOSAGEM DE SODIO
DOSAGEM DE COLESTEROL LDL
DOSAGEM DE ACIDO URICO
DOSAGEM DE TIROXINA (T4)
DOSAGEM DE VITAMINA B12
DOSAGEM DE 25 HIDROXIVITAMINA D
ECOCARDIOGRAFIA TRANSTORACICA
;;N;Programada;14/09/2026 14:49:05;14/09/2026 00:00:00;14/09/2026 00:00:00;16min 55s;RUA ANGRA DOS REIS, S/N, CAXITO, MARICA-RJ, CEP: 24910020  - Tel: 21997089945;
NAGIDE FERREIRA;False;;M;19/06/1948 00:00:00;78;702009399874185;Procedimento;VERONICA NASCIMENTO DA COSTA;;<procedimento>, ESCUTA INICIAL / ORIENTACAO (ACOLHIMENTO A DEMANDA ESPONTANEA)</procedimento>;<procedimento>  0301040079 - ESCUTA INICIAL / ORIENTACAO (ACOLHIMENTO A DEMANDA ESPONTANEA) - Quantidade: 1
</procedimento>;;;;;Espontanea;14/09/2026 14:56:35;14/09/2026 00:00:00;14/09/2026 00:00:00;53s;RUA ANGRA DOS REIS, S/N, CAXITO, MARICA-RJ, CEP: 24910020  - Tel: 21997089945;
ARLINDO VIEIRA TEIXEIRA;False;;M;23/09/1962 00:00:00;63;709206269323637;Procedimento;MARCIA SEIXAS PEREIRA;;<procedimento>, CURATIVO ESPECIAL</procedimento>;<procedimento>  0301100276 - CURATIVO ESPECIAL - Quantidade: 1
</procedimento>;;;;;Espontanea;14/09/2026 15:00:58;14/09/2026 00:00:00;14/09/2026 00:00:00;2min 10s;RUA PAULO AFFONSO MACHADO, 16, QUADRA 02, PONTA NEGRA, MARICA-RJ, CEP: 24914340  - Tel: 21992707883;
RAFAEL BEZERRA DA SILVA;False;;M;28/11/1982 00:00:00;43;702504311673139;Consulta c/ Ortopedista e Traumatologista;PALMERIO NEVES DE SOUZA NETO; M238 - OUTROS TRANSTORNOS INTERNOS DO JOELHO;<procedimento>, CONSULTA MEDICA EM ATENCAO ESPECIALIZADA</procedimento>;<procedimento>  0301010072 - CONSULTA MEDICA EM ATENCAO ESPECIALIZADA - Quantidade: 1
</procedimento>;N;;;N;Programada;14/09/2026 15:01:25;14/09/2026 00:00:00;14/09/2026 00:00:00;5min 40s;RUA WALDIR TAVARES GUAPYASSU DE SA, S/N, QD 261 LT 25 C2, JARDIM ATLANTICO CENTRAL (ITAIPUACU), MARICA-RJ, CEP: 24934135  - Tel: 21971516875;
ELISANGELA NASCIMENTO DOS SANTOS;False;;F;01/06/1981 00:00:00;45;703404216251310;Consulta c/ Cirurgiao Geral;JOSE ROBERTO BARQUETTE; K801 - CALCULOSE DA VESICULA BILIAR COM OUTRAS FORMAS DE COLECISTITE;<procedimento>, CONSULTA MEDICA EM ATENCAO ESPECIALIZADA</procedimento>;<procedimento>  0301010072 - CONSULTA MEDICA EM ATENCAO ESPECIALIZADA - Quantidade: 1
</procedimento>;N;;;N;Programada;14/09/2026 15:01:25;14/09/2026 00:00:00;14/09/2026 00:00:00;10min 10s;RUA B, 12, CASA 1 QUADRA D, ITAPEBA, MARICA-RJ, CEP: 24912427  - Tel: 21995929905;
LOURDELEA DA CONCEICAO SILVA;False;;F;22/08/1969 00:00:00;57;707804693505514;Procedimento;MARCIA SEIXAS PEREIRA;;<procedimento>, CURATIVO ESPECIAL</procedimento>;<procedimento>  0301100276 - CURATIVO ESPECIAL - Quantidade: 1
</procedimento>;;;;;Espontanea;14/09/2026 15:02:46;14/09/2026 00:00:00;14/09/2026 00:00:00;13min 4s;ESTRADA HENFIL, S/N, 103, PINDOBAS, MARICA-RJ, CEP: 24910750  - Tel: 21985856861;
LUCIA MARIA DA SILVA SOUSA;False;;F;02/11/1957 00:00:00;68;702403040071723;Procedimento;TATIANA PUREZA DA SILVA;;<procedimento>, ESCUTA INICIAL / ORIENTACAO (ACOLHIMENTO A DEMANDA ESPONTANEA)</procedimento>;<procedimento>  0301040079 - ESCUTA INICIAL / ORIENTACAO (ACOLHIMENTO A DEMANDA ESPONTANEA) - Quantidade: 1
</procedimento>;;;;;Espontanea;14/09/2026 15:02:52;14/09/2026 00:00:00;14/09/2026 00:00:00;1min 4s;RUA ISMAEL BARROS DE FIGUEIREDO, S/N, LT 01 QD 08 CS2, UBATIBA, MARICA-RJ, CEP: 24908095  - Tel: 21971501529;
ANTHONY BRITO DE OLIVEIRA;False;;M;09/11/2010 00:00:00;15;703004867448175;Consulta c/ Fonoaudiologo;ANDREI PEREIRA DOS SANTOS; H93  - TRANSTORNOS DO OUVIDO NAO CLASSIFICADOS EM OUTRA PARTE;<procedimento>, CONSULTA DE PROFISSIONAIS DE NIVEL SUPERIOR NA ATENCAO ESPECIALIZADA (EXCETO MEDICO)</procedimento>;<procedimento>  0301010048 - CONSULTA DE PROFISSIONAIS DE NIVEL SUPERIOR NA ATENCAO ESPECIALIZADA (EXCETO MEDICO) - Quantidade: 1
</procedimento>;N;;;N;Programada;14/09/2026 15:03:18;14/09/2026 00:00:00;14/09/2026 00:00:00;8min 57s;RUA DELFIM, 01, QD01 LT02, SAO JOSE DO IMBASSAI, MARICA-RJ, CEP: 24931505  - Tel: 21986245438;
MARISTELA DUARTE DA SILVA MACHADO;False;;F;23/01/1971 00:00:00;55;708002314334825;Procedimento;TATIANA PUREZA DA SILVA;;<procedimento>, ESCUTA INICIAL / ORIENTACAO (ACOLHIMENTO A DEMANDA ESPONTANEA)</procedimento>;<procedimento>  0301040079 - ESCUTA INICIAL / ORIENTACAO (ACOLHIMENTO A DEMANDA ESPONTANEA) - Quantidade: 1
</procedimento>;;;;;Espontanea;14/09/2026 15:03:28;14/09/2026 00:00:00;14/09/2026 00:00:00;50s;RODOVIA ERNANI DO AMARAL PEIXOTO, S/N, PONTA GROSSA, MARICA-RJ, CEP: 24914440  - Tel: 21965585139;
JOANICE LAURINO GOMES BARBOZA;False;;F;24/06/1967 00:00:00;59;703401336614000;Procedimento;TATIANA PUREZA DA SILVA;;<procedimento>, ESCUTA INICIAL / ORIENTACAO (ACOLHIMENTO A DEMANDA ESPONTANEA)</procedimento>;<procedimento>  0301040079 - ESCUTA INICIAL / ORIENTACAO (ACOLHIMENTO A DEMANDA ESPONTANEA) - Quantidade: 1
</procedimento>;;;;;Espontanea;14/09/2026 15:04:35;14/09/2026 00:00:00;14/09/2026 00:00:00;45s;RUA ANTONIO CALADO, S/N, CENTRO, MARICA-RJ, CEP: 24900090  - Tel: 21997565346;
JOSE DE OLIVEIRA SOBRINHO;False;;M;18/08/1962 00:00:00;64;700201481725729;Procedimento;TATIANA PUREZA DA SILVA;;<procedimento>, ESCUTA INICIAL / ORIENTACAO (ACOLHIMENTO A DEMANDA ESPONTANEA)</procedimento>;<procedimento>  0301040079 - ESCUTA INICIAL / ORIENTACAO (ACOLHIMENTO A DEMANDA ESPONTANEA) - Quantidade: 1
</procedimento>;;;;;Espontanea;14/09/2026 15:05:10;14/09/2026 00:00:00;14/09/2026 00:00:00;20s;RODOVIA VEREADOR OLDEMAR GUEDES FIGUEIREDO, S/N, LAGARTO, MARICA-RJ, CEP: 24907000  - Tel: 6133152425;
TANIA MARA MOREIRA PECANHA;False;;F;04/02/1965 00:00:00;61;700009472798602;Consulta c/ Ortopedista e Traumatologista;PALMERIO NEVES DE SOUZA NETO; M17  - GONARTROSE (ARTROSE DO JOELHO);<procedimento>, CONSULTA MEDICA EM ATENCAO ESPECIALIZADA</procedimento>;<procedimento>  0301010072 - CONSULTA MEDICA EM ATENCAO ESPECIALIZADA - Quantidade: 1
</procedimento>;N;;;N;Programada;14/09/2026 15:06:55;14/09/2026 00:00:00;14/09/2026 00:00:00;7min 24s;RUA GEORGILEI RODRIGUES, S/N, JARDIM ATLANTICO LESTE (ITAIPUACU), MARICA-RJ, CEP: 24933585  - Tel: 21997963843;
MARCIA FERREIRA LOBATO SOUSA;False;;F;09/02/1964 00:00:00;62;702602274659848;Consulta c/ Cardiologista;LUCIANA FIRMINO PONCE; I10  - HIPERTENSAO ESSENCIAL (PRIMARIA);<procedimento>, CONSULTA MEDICA EM ATENCAO ESPECIALIZADA</procedimento>;<procedimento>  0301010072 - CONSULTA MEDICA EM ATENCAO ESPECIALIZADA - Quantidade: 1
</procedimento>;S;DOSAGEM DE 25 HIDROXIVITAMINA D
DOSAGEM DE CREATININA
DOSAGEM DE SODIO
HEMOGRAMA COMPLETO
DOSAGEM DE COLESTEROL TOTAL
DOSAGEM DE COLESTEROL HDL
DOSAGEM DE HORMONIO TIREOESTIMULANTE (TSH)
DOSAGEM DE 25 HIDROXIVITAMINA D
DOSAGEM DE VITAMINA B12
DOSAGEM DE TIROXINA (T4)
DOSAGEM DE ACIDO URICO
DOSAGEM DE TRIGLICERIDEOS
DOSAGEM DE UREIA
DOSAGEM DE COLESTEROL LDL
DOSAGEM DE VITAMINA B12
DOSAGEM DE POTASSIO
;;N;Programada;14/09/2026 15:06:31;14/09/2026 00:00:00;14/09/2026 00:00:00;8min 21s;RUA ANGRA DOS REIS, S/N, CAXITO, MARICA-RJ, CEP: 24910020  - Tel: 21997089945;
KAUA SILVA;False;;M;13/08/2010 00:00:00;16;706904140219934;Consulta c/ Fonoaudiologo;ANDREI PEREIRA DOS SANTOS; H93  - TRANSTORNOS DO OUVIDO NAO CLASSIFICADOS EM OUTRA PARTE;<procedimento>, CONSULTA DE PROFISSIONAIS DE NIVEL SUPERIOR NA ATENCAO ESPECIALIZADA (EXCETO MEDICO)</procedimento>;<procedimento>  0301010048 - CONSULTA DE PROFISSIONAIS DE NIVEL SUPERIOR NA ATENCAO ESPECIALIZADA (EXCETO MEDICO) - Quantidade: 1
</procedimento>;N;;;N;Programada;14/09/2026 15:12:12;14/09/2026 00:00:00;14/09/2026 00:00:00;1min 0s;RUA BEIRA RIO, S/N, CHACARAS DE INOA (INOA), MARICA-RJ, CEP: 24940325  - Tel: 6133152425;
JORGE JORGINO DE OLIVEIRA;False;;M;16/05/1952 00:00:00;74;704008336596264;Consulta c/ Fonoaudiologo;ANDREI PEREIRA DOS SANTOS; H93  - TRANSTORNOS DO OUVIDO NAO CLASSIFICADOS EM OUTRA PARTE;<procedimento>, CONSULTA DE PROFISSIONAIS DE NIVEL SUPERIOR NA ATENCAO ESPECIALIZADA (EXCETO MEDICO)</procedimento>;<procedimento>  0301010048 - CONSULTA DE PROFISSIONAIS DE NIVEL SUPERIOR NA ATENCAO ESPECIALIZADA (EXCETO MEDICO) - Quantidade: 1
</procedimento>;N;;;N;Programada;14/09/2026 15:13:08;14/09/2026 00:00:00;14/09/2026 00:00:00;1min 3s;RUA A, S/N, SANTA PAULA (INOA), MARICA-RJ, CEP: 24944584  - Tel: 21966105891;
DEBORA DA SILVA;False;;F;22/11/1963 00:00:00;62;707004889391233;Consulta c/ Ortopedista e Traumatologista;PALMERIO NEVES DE SOUZA NETO; M545 - DOR LOMBAR BAIXA, R522 - OUTRA DOR CRONICA;<procedimento>, CONSULTA MEDICA EM ATENCAO ESPECIALIZADA</procedimento>;<procedimento>  0301010072 - CONSULTA MEDICA EM ATENCAO ESPECIALIZADA - Quantidade: 1
</procedimento>;N;;;N;Programada;14/09/2026 15:14:44;14/09/2026 00:00:00;14/09/2026 00:00:00;13min 14s;RUA LEONARDO JOSE ANTUNES, S/N, STC BL10 AP003, INOA (INOA), MARICA-RJ, CEP: 24943255  - Tel: 21968643189;
DENIZE CHACON FERREIRA;False;;F;20/12/1958 00:00:00;67;707604212471791;Consulta c/ Fonoaudiologo;ANDREI PEREIRA DOS SANTOS; H93  - TRANSTORNOS DO OUVIDO NAO CLASSIFICADOS EM OUTRA PARTE;<procedimento>, CONSULTA DE PROFISSIONAIS DE NIVEL SUPERIOR NA ATENCAO ESPECIALIZADA (EXCETO MEDICO)</procedimento>;<procedimento>  0301010048 - CONSULTA DE PROFISSIONAIS DE NIVEL SUPERIOR NA ATENCAO ESPECIALIZADA (EXCETO MEDICO) - Quantidade: 1
</procedimento>;N;;;N;Programada;14/09/2026 15:14:12;14/09/2026 00:00:00;14/09/2026 00:00:00;46s;RUA TRINTA E SETE, S/N, BALNEARIO BAMBUI (PONTA NEGRA), MARICA-RJ, CEP: 24920660  - Tel: 21988710934;
MARIA BERNARDETE DANTAS NEVES;False;;F;14/03/1942 00:00:00;84;705006848170858;Consulta c/ Fonoaudiologo;ANDREI PEREIRA DOS SANTOS; H93  - TRANSTORNOS DO OUVIDO NAO CLASSIFICADOS EM OUTRA PARTE;<procedimento>, CONSULTA DE PROFISSIONAIS DE NIVEL SUPERIOR NA ATENCAO ESPECIALIZADA (EXCETO MEDICO)</procedimento>;<procedimento>  0301010048 - CONSULTA DE PROFISSIONAIS DE NIVEL SUPERIOR NA ATENCAO ESPECIALIZADA (EXCETO MEDICO) - Quantidade: 1
</procedimento>;N;;;N;Programada;14/09/2026 15:14:55;14/09/2026 00:00:00;14/09/2026 00:00:00;3min 4s;RUA SESSENTA E SETE, S/N, LT 3 QD 70, BALNEARIO BAMBUI (PONTA NEGRA), MARICA-RJ, CEP: 24920260  - Tel: 21997609199;
REGINA REIS;False;;F;10/01/1952 00:00:00;74;702804528031470;Procedimento;VERONICA NASCIMENTO DA COSTA;;<procedimento>, ESCUTA INICIAL / ORIENTACAO (ACOLHIMENTO A DEMANDA ESPONTANEA)</procedimento>;<procedimento>  0301040079 - ESCUTA INICIAL / ORIENTACAO (ACOLHIMENTO A DEMANDA ESPONTANEA) - Quantidade: 1
</procedimento>;;;;;Espontanea;14/09/2026 15:14:14;14/09/2026 00:00:00;14/09/2026 00:00:00;31s;RUA CECILIO RODRIGUES DE SOUZA, S/N, ITAPEBA, MARICA-RJ, CEP: 24913090  - Tel: 21987636673;
ZILA XAVIER RIBEIRO;False;;F;26/10/1951 00:00:00;74;702809611758166;Consulta c/ Cardiologista;LUCIANA FIRMINO PONCE; I70  - ATEROSCLEROSE;<procedimento>, CONSULTA MEDICA EM ATENCAO ESPECIALIZADA</procedimento>;<procedimento>  0301010072 - CONSULTA MEDICA EM ATENCAO ESPECIALIZADA - Quantidade: 1
</procedimento>;S;MONITORIZACAO AMBULATORIAL DE PRESSAO ARTERIAL (M A P A)
;;N;Programada;14/09/2026 15:15:01;14/09/2026 00:00:00;14/09/2026 00:00:00;16min 47s;RUA CARLOS RIBAS PERDIGAO, S/N, QD 165 LT 20, JARDIM ATLANTICO CENTRAL (ITAIPUACU), MARICA-RJ, CEP: 24934315  - Tel: 21988411642;
WALDECY DE SOUZA NASCIMENTO;False;;M;09/12/1974 00:00:00;51;898004847479574;Procedimento;MARCIA SEIXAS PEREIRA;;<procedimento>, CURATIVO ESPECIAL</procedimento>;<procedimento>  0301100276 - CURATIVO ESPECIAL - Quantidade: 1
</procedimento>;;;;;Espontanea;14/09/2026 15:15:34;14/09/2026 00:00:00;14/09/2026 00:00:00;1min 0s;RUA WALDIR TAVARES GUAPYASSU DE SA, S/N, QD 256 LT 29, JARDIM ATLANTICO CENTRAL (ITAIPUACU), MARICA-RJ, CEP: 24934140  - Tel: 21986894128;
ANA CLAUDIA DA ROSA DA SILVA;False;;F;04/01/1974 00:00:00;52;704000891885169;Consulta c/ Ortopedista e Traumatologista;PALMERIO NEVES DE SOUZA NETO; M238 - OUTROS TRANSTORNOS INTERNOS DO JOELHO;<procedimento>, CONSULTA MEDICA EM ATENCAO ESPECIALIZADA</procedimento>;<procedimento>  0301010072 - CONSULTA MEDICA EM ATENCAO ESPECIALIZADA - Quantidade: 1
</procedimento>;N;;;N;Programada;14/09/2026 15:29:09;14/09/2026 00:00:00;14/09/2026 00:00:00;5min 3s;RUA DR CLEZIO RIBEIRO, 12, QD LT CS, SAO JOSE DE IMBASSAI, MARICA-RJ, CEP: 24910000  - Tel: 21997878947;
HELOISA HELENA CARDIM DE SANT ANNA;False;;F;17/07/1967 00:00:00;59;702401564260620;Consulta c/ Cardiologista;LUCIANA FIRMINO PONCE; I10  - HIPERTENSAO ESSENCIAL (PRIMARIA);<procedimento>, CONSULTA MEDICA EM ATENCAO ESPECIALIZADA</procedimento>;<procedimento>  0301010072 - CONSULTA MEDICA EM ATENCAO ESPECIALIZADA - Quantidade: 1
</procedimento>;S;ECOCARDIOGRAFIA TRANSTORACICA
RADIOGRAFIA DE TORAX (PA E PERFIL)
;;N;Programada;14/09/2026 15:32:36;14/09/2026 00:00:00;14/09/2026 00:00:00;12min 45s;AVENIDA EUGENIO JOSE DIAS, S/N, LT 02 QD E, SAO JOSE DO IMBASSAI, MARICA-RJ, CEP: 24931535  - Tel: 21992474244;
REGINA REIS;False;;F;10/01/1952 00:00:00;74;702804528031470;Escuta Inicial;SILVIA GOMES DA SILVA;;<procedimento>, ESCUTA INICIAL / ORIENTACAO (ACOLHIMENTO A DEMANDA ESPONTANEA)</procedimento>;<procedimento>  0301040079 - ESCUTA INICIAL / ORIENTACAO (ACOLHIMENTO A DEMANDA ESPONTANEA) - Quantidade: 1
</procedimento>;N;;;N;Espontanea;14/09/2026 15:36:03;14/09/2026 00:00:00;14/09/2026 00:00:00;1min 1s;RUA CECILIO RODRIGUES DE SOUZA, S/N, ITAPEBA, MARICA-RJ, CEP: 24913090  - Tel: 21987636673;
MARIA DO CARMO DA SILVA CRISTINO;False;;F;28/08/1962 00:00:00;64;707800630217216;Escuta Inicial;SILVIA GOMES DA SILVA;;<procedimento>, ESCUTA INICIAL / ORIENTACAO (ACOLHIMENTO A DEMANDA ESPONTANEA)</procedimento>;<procedimento>  0301040079 - ESCUTA INICIAL / ORIENTACAO (ACOLHIMENTO A DEMANDA ESPONTANEA) - Quantidade: 1
</procedimento>;N;;;N;Espontanea;14/09/2026 15:37:46;14/09/2026 00:00:00;14/09/2026 00:00:00;1min 51s;AVENIDA REGINALDO ZEIDAN, S/N, CORDEIRINHO (PONTA NEGRA), MARICA-RJ, CEP: 24921324  - Tel: 44988063190;
MARIA DO CARMO DA SILVA CRISTINO;False;;F;28/08/1962 00:00:00;64;707800630217216;Escuta Inicial;SILVIA GOMES DA SILVA;;<procedimento>, ESCUTA INICIAL / ORIENTACAO (ACOLHIMENTO A DEMANDA ESPONTANEA)</procedimento>;<procedimento>  0301040079 - ESCUTA INICIAL / ORIENTACAO (ACOLHIMENTO A DEMANDA ESPONTANEA) - Quantidade: 1
</procedimento>;N;;;N;Espontanea;14/09/2026 15:40:50;14/09/2026 00:00:00;14/09/2026 00:00:00;2min 16s;AVENIDA REGINALDO ZEIDAN, S/N, CORDEIRINHO (PONTA NEGRA), MARICA-RJ, CEP: 24921324  - Tel: 44988063190;
CHRISTIANE HORTA DE MELO;False;;F;01/01/1975 00:00:00;51;708404232855161;Consulta c/ Cardiologista;LUCIANA FIRMINO PONCE; I10  - HIPERTENSAO ESSENCIAL (PRIMARIA);<procedimento>, CONSULTA MEDICA EM ATENCAO ESPECIALIZADA</procedimento>;<procedimento>  0301010072 - CONSULTA MEDICA EM ATENCAO ESPECIALIZADA - Quantidade: 1
</procedimento>;S;DOSAGEM DE TIROXINA (T4)
DOSAGEM DE CALCIO IONIZAVEL
DOSAGEM DE TRIGLICERIDEOS
HEMOGRAMA COMPLETO
DOSAGEM DE HORMONIO TIREOESTIMULANTE (TSH)
DOSAGEM DE VITAMINA B12
DOSAGEM DE CREATININA
DOSAGEM DE ACIDO URICO
DOSAGEM DE 25 HIDROXIVITAMINA D
DOSAGEM DE POTASSIO
DOSAGEM DE UREIA
DOSAGEM DE COLESTEROL HDL
DOSAGEM DE 25 HIDROXIVITAMINA D
DOSAGEM DE SODIO
DOSAGEM DE COLESTEROL TOTAL
DOSAGEM DE COLESTEROL LDL
DOSAGEM DE VITAMINA B12
;;N;Programada;14/09/2026 15:46:18;14/09/2026 00:00:00;14/09/2026 00:00:00;28min 22s;RUA IRENE RIBEIRO QUADRA 439/442, S/N, QD 447 LT 09, JARDIM ATLANTICO LESTE (ITAIPUACU), MARICA-RJ, CEP: 24933460  - Tel: 21970185362;
SYLVIO LISBOA HENRIQUE;False;;M;16/03/1960 00:00:00;66;700506111447858;Escuta Inicial;SILVIA GOMES DA SILVA;;<procedimento>, AFERICAO DE PRESSAO ARTERIAL</procedimento><procedimento>, AVALIACAO ANTROPOMETRICA</procedimento><procedimento>, ESCUTA INICIAL / ORIENTACAO (ACOLHIMENTO A DEMANDA ESPONTANEA)</procedimento>;<procedimento>  0101040024 - AVALIACAO ANTROPOMETRICA - Quantidade: 1
</procedimento><procedimento>  0301040079 - ESCUTA INICIAL / ORIENTACAO (ACOLHIMENTO A DEMANDA ESPONTANEA) - Quantidade: 1
</procedimento><procedimento>  0301100039 - AFERICAO DE PRESSAO ARTERIAL - Quantidade: 1
</procedimento>;N;;;N;Espontanea;14/09/2026 15:46:44;14/09/2026 00:00:00;14/09/2026 00:00:00;2min 34s;RUA SETE, S/N, QD 68 LT 5 CS 1, BARROCO (ITAIPUACU), MARICA-RJ, CEP: 24936250  - Tel: 21971774920;
ZILA XAVIER RIBEIRO;False;;F;26/10/1951 00:00:00;74;702809611758166;Consulta de Enfermagem;LUCIANA DOS SANTOS AZEVEDO SOARES; H264 - POS-CATARATA;<procedimento>, AFERICAO DE PRESSAO ARTERIAL</procedimento><procedimento>, AVALIACAO ANTROPOMETRICA</procedimento><procedimento>, CONSULTA DE PROFISSIONAIS DE NIVEL SUPERIOR NA ATENCAO PRIMARIA (EXCETO MEDICO)</procedimento>;<procedimento>  0101040024 - AVALIACAO ANTROPOMETRICA - Quantidade: 1
</procedimento><procedimento>  0301010030 - CONSULTA DE PROFISSIONAIS DE NIVEL SUPERIOR NA ATENCAO PRIMARIA (EXCETO MEDICO) - Quantidade: 1
</procedimento><procedimento>  0301100039 - AFERICAO DE PRESSAO ARTERIAL - Quantidade: 1
</procedimento>;N;;;N;Espontanea;14/09/2026 15:47:42;14/09/2026 00:00:00;14/09/2026 00:00:00;1min 56s;RUA CARLOS RIBAS PERDIGAO, S/N, QD 165 LT 20, JARDIM ATLANTICO CENTRAL (ITAIPUACU), MARICA-RJ, CEP: 24934315  - Tel: 21988411642;
ELISANGELA NASCIMENTO DOS SANTOS;False;;F;01/06/1981 00:00:00;45;703404216251310;Escuta Inicial;SILVIA GOMES DA SILVA;;<procedimento>, ESCUTA INICIAL / ORIENTACAO (ACOLHIMENTO A DEMANDA ESPONTANEA)</procedimento>;<procedimento>  0301040079 - ESCUTA INICIAL / ORIENTACAO (ACOLHIMENTO A DEMANDA ESPONTANEA) - Quantidade: 1
</procedimento>;N;;;N;Espontanea;14/09/2026 15:49:48;14/09/2026 00:00:00;14/09/2026 00:00:00;1min 3s;RUA B, 12, CASA 1 QUADRA D, ITAPEBA, MARICA-RJ, CEP: 24912427  - Tel: 21995929905;
MARCIA FERREIRA LOBATO SOUSA;False;;F;09/02/1964 00:00:00;62;702602274659848;Consulta de Enfermagem;LUCIANA DOS SANTOS AZEVEDO SOARES; I10  - HIPERTENSAO ESSENCIAL (PRIMARIA);<procedimento>, AFERICAO DE PRESSAO ARTERIAL</procedimento><procedimento>, AVALIACAO ANTROPOMETRICA</procedimento><procedimento>, CONSULTA DE PROFISSIONAIS DE NIVEL SUPERIOR NA ATENCAO PRIMARIA (EXCETO MEDICO)</procedimento>;<procedimento>  0101040024 - AVALIACAO ANTROPOMETRICA - Quantidade: 1
</procedimento><procedimento>  0301010030 - CONSULTA DE PROFISSIONAIS DE NIVEL SUPERIOR NA ATENCAO PRIMARIA (EXCETO MEDICO) - Quantidade: 1
</procedimento><procedimento>  0301100039 - AFERICAO DE PRESSAO ARTERIAL - Quantidade: 1
</procedimento>;N;;;N;Espontanea;14/09/2026 15:49:38;14/09/2026 00:00:00;14/09/2026 00:00:00;1min 52s;RUA ANGRA DOS REIS, S/N, CAXITO, MARICA-RJ, CEP: 24910020  - Tel: 21997089945;
ROSANA CARVALHO ARAUJO DA SILVA PEREIRA;False;;F;07/09/1965 00:00:00;61;700603930006161;Procedimento;TATIANA PUREZA DA SILVA;;<procedimento>, ESCUTA INICIAL / ORIENTACAO (ACOLHIMENTO A DEMANDA ESPONTANEA)</procedimento>;<procedimento>  0301040079 - ESCUTA INICIAL / ORIENTACAO (ACOLHIMENTO A DEMANDA ESPONTANEA) - Quantidade: 1
</procedimento>;;;;;Espontanea;14/09/2026 15:49:05;14/09/2026 00:00:00;14/09/2026 00:00:00;15s;RUA MARQUES DE PARANA, S/N, LT 19 QD 02 CASA 01, MARQUES DE MARICA, MARICA-RJ, CEP: 24904515  - Tel: 21995730664;
VILSON ANTONIO LEGENTIL;False;;M;16/04/1940 00:00:00;86;700004732795204;Procedimento;TATIANA PUREZA DA SILVA;;<procedimento>, ESCUTA INICIAL / ORIENTACAO (ACOLHIMENTO A DEMANDA ESPONTANEA)</procedimento>;<procedimento>  0301040079 - ESCUTA INICIAL / ORIENTACAO (ACOLHIMENTO A DEMANDA ESPONTANEA) - Quantidade: 1
</procedimento>;;;;;Espontanea;14/09/2026 15:49:36;14/09/2026 00:00:00;14/09/2026 00:00:00;52s;AVENIDA ROBERTO SILVEIRA, 900, FLAMENGO, MARICA-RJ, CEP: 24903485  - Tel: 21964769895;
MARIA LUCIA BEZERRA SILVA;False;;F;11/12/1971 00:00:00;54;702601207162642;Escuta Inicial;SILVIA GOMES DA SILVA;;<procedimento>, ESCUTA INICIAL / ORIENTACAO (ACOLHIMENTO A DEMANDA ESPONTANEA)</procedimento>;<procedimento>  0301040079 - ESCUTA INICIAL / ORIENTACAO (ACOLHIMENTO A DEMANDA ESPONTANEA) - Quantidade: 1
</procedimento>;N;;;N;Espontanea;14/09/2026 15:51:08;14/09/2026 00:00:00;14/09/2026 00:00:00;34s;RUA NOVE, S/N, SAO JOSE DO IMBASSAI, MARICA-RJ, CEP: 24931415  - Tel: 21976202218;
NAGIDE FERREIRA;False;;M;19/06/1948 00:00:00;78;702009399874185;Consulta de Enfermagem;LUCIANA DOS SANTOS AZEVEDO SOARES; I10  - HIPERTENSAO ESSENCIAL (PRIMARIA);<procedimento>, AFERICAO DE PRESSAO ARTERIAL</procedimento><procedimento>, AVALIACAO ANTROPOMETRICA</procedimento><procedimento>, CONSULTA DE PROFISSIONAIS DE NIVEL SUPERIOR NA ATENCAO PRIMARIA (EXCETO MEDICO)</procedimento>;<procedimento>  0101040024 - AVALIACAO ANTROPOMETRICA - Quantidade: 1
</procedimento><procedimento>  0301010030 - CONSULTA DE PROFISSIONAIS DE NIVEL SUPERIOR NA ATENCAO PRIMARIA (EXCETO MEDICO) - Quantidade: 1
</procedimento><procedimento>  0301100039 - AFERICAO DE PRESSAO ARTERIAL - Quantidade: 1
</procedimento>;N;;;N;Espontanea;14/09/2026 15:51:31;14/09/2026 00:00:00;14/09/2026 00:00:00;1min 51s;RUA ANGRA DOS REIS, S/N, CAXITO, MARICA-RJ, CEP: 24910020  - Tel: 21997089945;
WANDER TEIXEIRA DO NASCIMENTO;False;;M;09/11/1965 00:00:00;60;705002411634051;Escuta Inicial;SILVIA GOMES DA SILVA;;<procedimento>, ESCUTA INICIAL / ORIENTACAO (ACOLHIMENTO A DEMANDA ESPONTANEA)</procedimento>;<procedimento>  0301040079 - ESCUTA INICIAL / ORIENTACAO (ACOLHIMENTO A DEMANDA ESPONTANEA) - Quantidade: 1
</procedimento>;N;;;N;Espontanea;14/09/2026 15:52:15;14/09/2026 00:00:00;14/09/2026 00:00:00;33s;RUA TRES, S/N, QD 05 LT 29, CHACARAS DE INOA (INOA), MARICA-RJ, CEP: 24940135  - Tel: 21971860796;
CARLOS VINICIUS BILIO DA SILVA;False;;M;22/05/1987 00:00:00;39;702901589119471;Escuta Inicial;SILVIA GOMES DA SILVA;;<procedimento>, ESCUTA INICIAL / ORIENTACAO (ACOLHIMENTO A DEMANDA ESPONTANEA)</procedimento>;<procedimento>  0301040079 - ESCUTA INICIAL / ORIENTACAO (ACOLHIMENTO A DEMANDA ESPONTANEA) - Quantidade: 1
</procedimento>;N;;;N;Espontanea;14/09/2026 15:53:20;14/09/2026 00:00:00;14/09/2026 00:00:00;49s;RUA VITOR CONCEICAO, S/N, QD 10 LT 16B, ARACATIBA, MARICA-RJ, CEP: 24901445  - Tel: 21970170609;
BENEDITO PEREIRA DA SILVA;False;;M;16/09/1939 00:00:00;86;704501389854410;Consulta de Enfermagem;LUCIANA DOS SANTOS AZEVEDO SOARES; I10  - HIPERTENSAO ESSENCIAL (PRIMARIA);<procedimento>, AFERICAO DE PRESSAO ARTERIAL</procedimento><procedimento>, AVALIACAO ANTROPOMETRICA</procedimento><procedimento>, CONSULTA DE PROFISSIONAIS DE NIVEL SUPERIOR NA ATENCAO PRIMARIA (EXCETO MEDICO)</procedimento>;<procedimento>  0101040024 - AVALIACAO ANTROPOMETRICA - Quantidade: 1
</procedimento><procedimento>  0301010030 - CONSULTA DE PROFISSIONAIS DE NIVEL SUPERIOR NA ATENCAO PRIMARIA (EXCETO MEDICO) - Quantidade: 1
</procedimento><procedimento>  0301100039 - AFERICAO DE PRESSAO ARTERIAL - Quantidade: 1
</procedimento>;N;;;N;Espontanea;14/09/2026 15:53:27;14/09/2026 00:00:00;14/09/2026 00:00:00;1min 14s;RUA C, 06, CHACARAS DE INOA (INOA), MARICA-RJ, CEP: 24941530  - Tel: 21965820986;
MARCOS ANTUNES RODRIGUES;False;;M;23/12/1956 00:00:00;69;700700946222671;Escuta Inicial;SILVIA GOMES DA SILVA;;<procedimento>, ESCUTA INICIAL / ORIENTACAO (ACOLHIMENTO A DEMANDA ESPONTANEA)</procedimento>;<procedimento>  0301040079 - ESCUTA INICIAL / ORIENTACAO (ACOLHIMENTO A DEMANDA ESPONTANEA) - Quantidade: 1
</procedimento>;N;;;N;Espontanea;14/09/2026 15:54:29;14/09/2026 00:00:00;14/09/2026 00:00:00;56s;RUA TINHARE, S/N, LT 12 QD 03, SAO JOSE DO IMBASSAI, MARICA-RJ, CEP: 24931120  - Tel: 21984467360;
ANA MARIA DANTAS TAVARES;False;;F;07/05/1960 00:00:00;66;700003951759709;Escuta Inicial;SILVIA GOMES DA SILVA;;<procedimento>, ESCUTA INICIAL / ORIENTACAO (ACOLHIMENTO A DEMANDA ESPONTANEA)</procedimento>;<procedimento>  0301040079 - ESCUTA INICIAL / ORIENTACAO (ACOLHIMENTO A DEMANDA ESPONTANEA) - Quantidade: 1
</procedimento>;N;;;N;Espontanea;14/09/2026 15:55:33;14/09/2026 00:00:00;14/09/2026 00:00:00;56s;RUA SEIS, S/N, JACONE (PONTA NEGRA), MARICA-RJ, CEP: 24924075  - Tel: 2126486496;
MARIA GLORIA ANTUNES PINHEIRO;False;;F;28/02/1948 00:00:00;78;704804007328749;Consulta de Enfermagem;LUCIANA DOS SANTOS AZEVEDO SOARES; I10  - HIPERTENSAO ESSENCIAL (PRIMARIA);<procedimento>, AFERICAO DE PRESSAO ARTERIAL</procedimento><procedimento>, AVALIACAO ANTROPOMETRICA</procedimento><procedimento>, CONSULTA DE PROFISSIONAIS DE NIVEL SUPERIOR NA ATENCAO PRIMARIA (EXCETO MEDICO)</procedimento>;<procedimento>  0101040024 - AVALIACAO ANTROPOMETRICA - Quantidade: 1
</procedimento><procedimento>  0301010030 - CONSULTA DE PROFISSIONAIS DE NIVEL SUPERIOR NA ATENCAO PRIMARIA (EXCETO MEDICO) - Quantidade: 1
</procedimento><procedimento>  0301100039 - AFERICAO DE PRESSAO ARTERIAL - Quantidade: 1
</procedimento>;N;;;N;Espontanea;14/09/2026 15:55:08;14/09/2026 00:00:00;14/09/2026 00:00:00;59s;ESTRADA DE ITAIPUACU, S/N, RECANTO DE ITAIPUACU (ITAIPUACU), MARICA-RJ, CEP: 24937325  - Tel: 21998476636;
ERENICE ERVILHA PEREIRA;False;;F;26/12/1958 00:00:00;67;;Escuta Inicial;SILVIA GOMES DA SILVA;;<procedimento>, ESCUTA INICIAL / ORIENTACAO (ACOLHIMENTO A DEMANDA ESPONTANEA)</procedimento>;<procedimento>  0301040079 - ESCUTA INICIAL / ORIENTACAO (ACOLHIMENTO A DEMANDA ESPONTANEA) - Quantidade: 1
</procedimento>;N;;;N;Espontanea;14/09/2026 15:56:37;14/09/2026 00:00:00;14/09/2026 00:00:00;55s;RUA DAS OLIVEIRAS, 02, JARDIM ATLANTICO OESTE (ITAIPUACU), MARICA-RJ, CEP: 24935065  - Tel: 21995798496;
ANTONIO CARLOS MACHADO DOS REIS;False;;M;23/02/1961 00:00:00;65;706006326023940;Consulta de Enfermagem;LUCIANA DOS SANTOS AZEVEDO SOARES; I10  - HIPERTENSAO ESSENCIAL (PRIMARIA);<procedimento>, AFERICAO DE PRESSAO ARTERIAL</procedimento><procedimento>, AVALIACAO ANTROPOMETRICA</procedimento><procedimento>, CONSULTA DE PROFISSIONAIS DE NIVEL SUPERIOR NA ATENCAO PRIMARIA (EXCETO MEDICO)</procedimento>;<procedimento>  0101040024 - AVALIACAO ANTROPOMETRICA - Quantidade: 1
</procedimento><procedimento>  0301010030 - CONSULTA DE PROFISSIONAIS DE NIVEL SUPERIOR NA ATENCAO PRIMARIA (EXCETO MEDICO) - Quantidade: 1
</procedimento><procedimento>  0301100039 - AFERICAO DE PRESSAO ARTERIAL - Quantidade: 1
</procedimento>;N;;;N;Espontanea;14/09/2026 15:56:33;14/09/2026 00:00:00;14/09/2026 00:00:00;1min 37s;RUA CRISPIM GONCALVES DOS SANTOS, S/N, SN, PONTA NEGRA, MARICA-RJ, CEP: 24922308  - Tel: 21999266497;
ALESSANDRA MOREIRA DOS SANTOS;False;;F;02/06/1977 00:00:00;49;707609276330697;Escuta Inicial;SILVIA GOMES DA SILVA;;<procedimento>, ESCUTA INICIAL / ORIENTACAO (ACOLHIMENTO A DEMANDA ESPONTANEA)</procedimento>;<procedimento>  0301040079 - ESCUTA INICIAL / ORIENTACAO (ACOLHIMENTO A DEMANDA ESPONTANEA) - Quantidade: 1
</procedimento>;N;;;N;Espontanea;14/09/2026 15:57:26;14/09/2026 00:00:00;14/09/2026 00:00:00;43s;AVENIDA NIRVANA, S/N, LT 36 QD 17 CS2, CHACARAS DE INOA (INOA), MARICA-RJ, CEP: 24940245  - Tel: 21974705179;
WALDENIR DO CARMO;False;;F;14/03/1959 00:00:00;67;702503284767440;Escuta Inicial;SILVIA GOMES DA SILVA;;<procedimento>, ESCUTA INICIAL / ORIENTACAO (ACOLHIMENTO A DEMANDA ESPONTANEA)</procedimento>;<procedimento>  0301040079 - ESCUTA INICIAL / ORIENTACAO (ACOLHIMENTO A DEMANDA ESPONTANEA) - Quantidade: 1
</procedimento>;N;;;N;Espontanea;14/09/2026 15:59:09;14/09/2026 00:00:00;14/09/2026 00:00:00;25s;AVENIDA MAYSA, 02, LOTE21QUADRA34, GUARATIBA (PONTA NEGRA), MARICA-RJ, CEP: 24916000  - Tel: 21990537618;
JOHNNY TORRENTES CAMARA;False;;M;20/11/1958 00:00:00;67;898004232023978;Escuta Inicial;SILVIA GOMES DA SILVA;;<procedimento>, ESCUTA INICIAL / ORIENTACAO (ACOLHIMENTO A DEMANDA ESPONTANEA)</procedimento>;<procedimento>  0301040079 - ESCUTA INICIAL / ORIENTACAO (ACOLHIMENTO A DEMANDA ESPONTANEA) - Quantidade: 1
</procedimento>;N;;;N;Espontanea;14/09/2026 16:00:10;14/09/2026 00:00:00;14/09/2026 00:00:00;31s;RUA VOLTA REDONDA RUA  LT, S/N, SEM INFORMACAO, MARICA-RJ, CEP: 24900000  - Tel: 2126340385;
FELLIPE DE SOUSA SACRAMENTO;False;;M;20/09/1983 00:00:00;42;700504703537656;Escuta Inicial;SILVIA GOMES DA SILVA;;<procedimento>, ESCUTA INICIAL / ORIENTACAO (ACOLHIMENTO A DEMANDA ESPONTANEA)</procedimento>;<procedimento>  0301040079 - ESCUTA INICIAL / ORIENTACAO (ACOLHIMENTO A DEMANDA ESPONTANEA) - Quantidade: 1
</procedimento>;N;;;N;Espontanea;14/09/2026 16:01:10;14/09/2026 00:00:00;14/09/2026 00:00:00;34s;RUA ABREU SODRE, 1020, MUMBUCA, MARICA-RJ, CEP: 24913775  - Tel: 21996664787;
MARIA NAZARE DE OLIVEIRA;False;;F;08/09/1963 00:00:00;63;700407496523845;Escuta Inicial;SILVIA GOMES DA SILVA;;<procedimento>, ESCUTA INICIAL / ORIENTACAO (ACOLHIMENTO A DEMANDA ESPONTANEA)</procedimento>;<procedimento>  0301040079 - ESCUTA INICIAL / ORIENTACAO (ACOLHIMENTO A DEMANDA ESPONTANEA) - Quantidade: 1
</procedimento>;N;;;N;Espontanea;14/09/2026 16:02:22;14/09/2026 00:00:00;14/09/2026 00:00:00;39s;RUA ARLETE GERVAZONI DA SILVA, S/N, LT16 QD23, INOA (INOA), MARICA-RJ, CEP: 24943105  - Tel: 21998883901;
ALTAIR FERNANDES VIANA;False;;F;12/08/1949 00:00:00;77;708506586860380;Consulta de Enfermagem;LUCIANA DOS SANTOS AZEVEDO SOARES; I10  - HIPERTENSAO ESSENCIAL (PRIMARIA);<procedimento>, AFERICAO DE PRESSAO ARTERIAL</procedimento><procedimento>, AVALIACAO ANTROPOMETRICA</procedimento><procedimento>, CONSULTA DE PROFISSIONAIS DE NIVEL SUPERIOR NA ATENCAO PRIMARIA (EXCETO MEDICO)</procedimento>;<procedimento>  0101040024 - AVALIACAO ANTROPOMETRICA - Quantidade: 1
</procedimento><procedimento>  0301010030 - CONSULTA DE PROFISSIONAIS DE NIVEL SUPERIOR NA ATENCAO PRIMARIA (EXCETO MEDICO) - Quantidade: 1
</procedimento><procedimento>  0301100039 - AFERICAO DE PRESSAO ARTERIAL - Quantidade: 1
</procedimento>;N;;;N;Espontanea;14/09/2026 16:02:41;14/09/2026 00:00:00;14/09/2026 00:00:00;1min 59s;RUA AGUIAS, 629, QDA 18, PARQUE NANCI, MARICA-RJ, CEP: 24914175  - Tel: 21976713797;
SERGIO SILVA DE JESUS;False;;M;03/10/1958 00:00:00;67;704204752267689;Escuta Inicial;SILVIA GOMES DA SILVA;;<procedimento>, ESCUTA INICIAL / ORIENTACAO (ACOLHIMENTO A DEMANDA ESPONTANEA)</procedimento>;<procedimento>  0301040079 - ESCUTA INICIAL / ORIENTACAO (ACOLHIMENTO A DEMANDA ESPONTANEA) - Quantidade: 1
</procedimento>;N;;;N;Espontanea;14/09/2026 16:03:12;14/09/2026 00:00:00;14/09/2026 00:00:00;28s;RUA CENTO E OITO, S/N, QUADRA107LOTE47, JARDIM INTERLAGOS (PONTA NEGRA), MARICA-RJ, CEP: 24917030  - Tel: 2124279403;
ROSANGELA GOULART QUARESMA;False;;F;14/06/1968 00:00:00;58;703002829973371;Escuta Inicial;SILVIA GOMES DA SILVA;;<procedimento>, ESCUTA INICIAL / ORIENTACAO (ACOLHIMENTO A DEMANDA ESPONTANEA)</procedimento>;<procedimento>  0301040079 - ESCUTA INICIAL / ORIENTACAO (ACOLHIMENTO A DEMANDA ESPONTANEA) - Quantidade: 1
</procedimento>;N;;;N;Espontanea;14/09/2026 16:04:08;14/09/2026 00:00:00;14/09/2026 00:00:00;26s;AVENIDA DOUTOR ANTONIO MARQUES MATHIAS, S/N, QD233 LT2, JARDIM ATLANTICO CENTRAL (ITAIPUACU), MARICA-RJ, CEP: 24934155  - Tel: 21999652094;
MARIA HELENA DO CARMO AMARAL;False;;F;06/03/1957 00:00:00;69;704008804720066;Consulta de Enfermagem;LUCIANA DOS SANTOS AZEVEDO SOARES; I10  - HIPERTENSAO ESSENCIAL (PRIMARIA);<procedimento>, AFERICAO DE PRESSAO ARTERIAL</procedimento><procedimento>, AVALIACAO ANTROPOMETRICA</procedimento><procedimento>, CONSULTA DE PROFISSIONAIS DE NIVEL SUPERIOR NA ATENCAO PRIMARIA (EXCETO MEDICO)</procedimento>;<procedimento>  0101040024 - AVALIACAO ANTROPOMETRICA - Quantidade: 1
</procedimento><procedimento>  0301010030 - CONSULTA DE PROFISSIONAIS DE NIVEL SUPERIOR NA ATENCAO PRIMARIA (EXCETO MEDICO) - Quantidade: 1
</procedimento><procedimento>  0301100039 - AFERICAO DE PRESSAO ARTERIAL - Quantidade: 1
</procedimento>;N;;;N;Espontanea;14/09/2026 16:04:39;14/09/2026 00:00:00;14/09/2026 00:00:00;3min 7s;RUA N, 243, SANTA PAULA (INOA), MARICA-RJ, CEP: 24944846  - Tel: 21992590095;
WALDIMEA RANGEL DOS SANTOS;False;;F;29/12/1960 00:00:00;65;708702131869898;Escuta Inicial;SILVIA GOMES DA SILVA;;<procedimento>, ESCUTA INICIAL / ORIENTACAO (ACOLHIMENTO A DEMANDA ESPONTANEA)</procedimento>;<procedimento>  0301040079 - ESCUTA INICIAL / ORIENTACAO (ACOLHIMENTO A DEMANDA ESPONTANEA) - Quantidade: 1
</procedimento>;N;;;N;Espontanea;14/09/2026 16:05:27;14/09/2026 00:00:00;14/09/2026 00:00:00;43s;AVENIDA ITAIPUACU, S/N, QD429 LT45, JARDIM ATLANTICO LESTE (ITAIPUACU), MARICA-RJ, CEP: 24933395  - Tel: 2198654843;
JOAQUIM ALVES BAPTISTA;False;;M;28/10/1955 00:00:00;70;706204705186070;Escuta Inicial;SILVIA GOMES DA SILVA;;<procedimento>, ESCUTA INICIAL / ORIENTACAO (ACOLHIMENTO A DEMANDA ESPONTANEA)</procedimento>;<procedimento>  0301040079 - ESCUTA INICIAL / ORIENTACAO (ACOLHIMENTO A DEMANDA ESPONTANEA) - Quantidade: 1
</procedimento>;N;;;N;Espontanea;14/09/2026 16:06:19;14/09/2026 00:00:00;14/09/2026 00:00:00;58s;RUA GUARAPARI, S/N, LT 05 QD 33, SAO JOSE DO IMBASSAI, MARICA-RJ, CEP: 24931105  - Tel: 21998265081;
DULCINEIA REIS DA SILVA;False;;F;06/09/1969 00:00:00;57;700305958174632;Escuta Inicial;SILVIA GOMES DA SILVA;;<procedimento>, ESCUTA INICIAL / ORIENTACAO (ACOLHIMENTO A DEMANDA ESPONTANEA)</procedimento>;<procedimento>  0301040079 - ESCUTA INICIAL / ORIENTACAO (ACOLHIMENTO A DEMANDA ESPONTANEA) - Quantidade: 1
</procedimento>;N;;;N;Espontanea;14/09/2026 16:07:32;14/09/2026 00:00:00;14/09/2026 00:00:00;51s;RUA IRINEU FERREIRA PINTO, 143, PONTA GROSSA, MARICA-RJ, CEP: 24914345  - Tel: 21996286951;
CINIA MIRANDA MARQUES LOPES DA SILVA;False;;F;03/02/1966 00:00:00;60;701206031024412;Consulta de Enfermagem;LUCIANA DOS SANTOS AZEVEDO SOARES; I10  - HIPERTENSAO ESSENCIAL (PRIMARIA);<procedimento>, AFERICAO DE PRESSAO ARTERIAL</procedimento><procedimento>, AVALIACAO ANTROPOMETRICA</procedimento><procedimento>, CONSULTA DE PROFISSIONAIS DE NIVEL SUPERIOR NA ATENCAO PRIMARIA (EXCETO MEDICO)</procedimento>;<procedimento>  0101040024 - AVALIACAO ANTROPOMETRICA - Quantidade: 1
</procedimento><procedimento>  0301010030 - CONSULTA DE PROFISSIONAIS DE NIVEL SUPERIOR NA ATENCAO PRIMARIA (EXCETO MEDICO) - Quantidade: 1
</procedimento><procedimento>  0301100039 - AFERICAO DE PRESSAO ARTERIAL - Quantidade: 1
</procedimento>;N;;;N;Espontanea;14/09/2026 16:08:00;14/09/2026 00:00:00;14/09/2026 00:00:00;1min 11s;RUA ALBERTINO PEREIRA DO VALE QUADRA 381/397, S/N, LT 40 QD 384, JACAROA, MARICA-RJ, CEP: 24933545  - Tel: 21990639785;
ALEX PINTO DUARTE;False;;M;21/02/1972 00:00:00;54;700609999654664;Escuta Inicial;SILVIA GOMES DA SILVA;;<procedimento>, ESCUTA INICIAL / ORIENTACAO (ACOLHIMENTO A DEMANDA ESPONTANEA)</procedimento>;<procedimento>  0301040079 - ESCUTA INICIAL / ORIENTACAO (ACOLHIMENTO A DEMANDA ESPONTANEA) - Quantidade: 1
</procedimento>;N;;;N;Espontanea;14/09/2026 16:09:31;14/09/2026 00:00:00;14/09/2026 00:00:00;47s;RUA FAUSTO CAVALCANTI DE MENEZES GUERRA, 390, BARRA DE MARICA, MARICA-RJ, CEP: 24915530  - Tel: 21996368626;
ALVARO DA SILVA NOGUEIRA;False;;M;17/03/1954 00:00:00;72;;Consulta de Enfermagem;LUCIANA DOS SANTOS AZEVEDO SOARES; I10  - HIPERTENSAO ESSENCIAL (PRIMARIA);<procedimento>, AFERICAO DE PRESSAO ARTERIAL</procedimento><procedimento>, AVALIACAO ANTROPOMETRICA</procedimento><procedimento>, CONSULTA DE PROFISSIONAIS DE NIVEL SUPERIOR NA ATENCAO PRIMARIA (EXCETO MEDICO)</procedimento>;<procedimento>  0101040024 - AVALIACAO ANTROPOMETRICA - Quantidade: 1
</procedimento><procedimento>  0301010030 - CONSULTA DE PROFISSIONAIS DE NIVEL SUPERIOR NA ATENCAO PRIMARIA (EXCETO MEDICO) - Quantidade: 1
</procedimento><procedimento>  0301100039 - AFERICAO DE PRESSAO ARTERIAL - Quantidade: 1
</procedimento>;N;;;N;Espontanea;14/09/2026 16:09:44;14/09/2026 00:00:00;14/09/2026 00:00:00;2min 4s;AVENIDA JOSE FRANCISCO RANGEL E SOUZA, S/N, ARACATIBA, MARICA-RJ, CEP: 24901365  - Tel: 21987001259;
CRISTIANE DA COSTA GUIMARAES;False;;F;10/06/1977 00:00:00;49;704307570355193;Procedimento;TATIANA PUREZA DA SILVA;;<procedimento>, ESCUTA INICIAL / ORIENTACAO (ACOLHIMENTO A DEMANDA ESPONTANEA)</procedimento>;<procedimento>  0301040079 - ESCUTA INICIAL / ORIENTACAO (ACOLHIMENTO A DEMANDA ESPONTANEA) - Quantidade: 1
</procedimento>;;;;;Espontanea;14/09/2026 16:10:33;14/09/2026 00:00:00;14/09/2026 00:00:00;47s;RUA LEONARDO JOSE ANTUNES, S/N, STB BL12 AP 204, INOA (INOA), MARICA-RJ, CEP: 24943255  - Tel: 21991937300;
ODILA JULIO DOS SANTOS GUEDES;False;;F;01/02/1974 00:00:00;52;709208205921934;Escuta Inicial;SILVIA GOMES DA SILVA;;<procedimento>, ESCUTA INICIAL / ORIENTACAO (ACOLHIMENTO A DEMANDA ESPONTANEA)</procedimento>;<procedimento>  0301040079 - ESCUTA INICIAL / ORIENTACAO (ACOLHIMENTO A DEMANDA ESPONTANEA) - Quantidade: 1
</procedimento>;N;;;N;Espontanea;14/09/2026 16:11:18;14/09/2026 00:00:00;14/09/2026 00:00:00;45s;AVENIDA BRAULINO VENANCIO DA COSTA, S/N, BALNEARIO BAMBUI (PONTA NEGRA), MARICA-RJ, CEP: 24920640  - Tel: 21976582964;
EVILACIO FONSECA;False;;M;30/09/1953 00:00:00;72;706205052173565;Consulta de Enfermagem;LUCIANA DOS SANTOS AZEVEDO SOARES; I10  - HIPERTENSAO ESSENCIAL (PRIMARIA);<procedimento>, AFERICAO DE PRESSAO ARTERIAL</procedimento><procedimento>, AVALIACAO ANTROPOMETRICA</procedimento><procedimento>, CONSULTA DE PROFISSIONAIS DE NIVEL SUPERIOR NA ATENCAO PRIMARIA (EXCETO MEDICO)</procedimento>;<procedimento>  0101040024 - AVALIACAO ANTROPOMETRICA - Quantidade: 1
</procedimento><procedimento>  0301010030 - CONSULTA DE PROFISSIONAIS DE NIVEL SUPERIOR NA ATENCAO PRIMARIA (EXCETO MEDICO) - Quantidade: 1
</procedimento><procedimento>  0301100039 - AFERICAO DE PRESSAO ARTERIAL - Quantidade: 1
</procedimento>;N;;;N;Espontanea;14/09/2026 16:11:32;14/09/2026 00:00:00;14/09/2026 00:00:00;1min 39s;RUA Q, 509, CHACARAS DE INOA (INOA), MARICA-RJ, CEP: 24940570  - Tel: 21995389643;
JOAO ALICE DE BARROS;False;;M;24/06/1936 00:00:00;90;701207089776019;Procedimento;TATIANA PUREZA DA SILVA;;<procedimento>, ESCUTA INICIAL / ORIENTACAO (ACOLHIMENTO A DEMANDA ESPONTANEA)</procedimento>;<procedimento>  0301040079 - ESCUTA INICIAL / ORIENTACAO (ACOLHIMENTO A DEMANDA ESPONTANEA) - Quantidade: 1
</procedimento>;;;;;Espontanea;14/09/2026 16:11:32;14/09/2026 00:00:00;14/09/2026 00:00:00;47s; NOSSA SENHORA DA PAZ, LT 04 QD43, SAO BENTO DA LAGOA, MARICA-RJ, CEP: 24936755  - Tel: 32999390876;
CELMA DOS SANTOS CRUZ;False;;F;14/07/1960 00:00:00;66;709804007818895;Consulta de Enfermagem;LUCIANA DOS SANTOS AZEVEDO SOARES; I10  - HIPERTENSAO ESSENCIAL (PRIMARIA);<procedimento>, AFERICAO DE PRESSAO ARTERIAL</procedimento><procedimento>, AVALIACAO ANTROPOMETRICA</procedimento><procedimento>, CONSULTA DE PROFISSIONAIS DE NIVEL SUPERIOR NA ATENCAO PRIMARIA (EXCETO MEDICO)</procedimento>;<procedimento>  0101040024 - AVALIACAO ANTROPOMETRICA - Quantidade: 1
</procedimento><procedimento>  0301010030 - CONSULTA DE PROFISSIONAIS DE NIVEL SUPERIOR NA ATENCAO PRIMARIA (EXCETO MEDICO) - Quantidade: 1
</procedimento><procedimento>  0301100039 - AFERICAO DE PRESSAO ARTERIAL - Quantidade: 1
</procedimento>;N;;;N;Espontanea;14/09/2026 16:13:27;14/09/2026 00:00:00;14/09/2026 00:00:00;1min 38s;RUA ARLETE GERVAZONI DA SILVA, S/N, QD 21 LT 08, INOA (INOA), MARICA-RJ, CEP: 24943105  - Tel: 21964239725;
JERUSA SILVA MOREIRA;False;;F;09/04/1969 00:00:00;57;704703701045438;Procedimento;VERONICA NASCIMENTO DA COSTA;;<procedimento>, ESCUTA INICIAL / ORIENTACAO (ACOLHIMENTO A DEMANDA ESPONTANEA)</procedimento>;<procedimento>  0301040079 - ESCUTA INICIAL / ORIENTACAO (ACOLHIMENTO A DEMANDA ESPONTANEA) - Quantidade: 1
</procedimento>;;;;;Espontanea;14/09/2026 16:14:50;14/09/2026 00:00:00;14/09/2026 00:00:00;1min 2s;RUA ARGENTINA, S/N, JACAROA, MARICA-RJ, CEP: 24902415  - Tel: 21989368803;
PATRICIA BARBOSA;False;;F;14/02/1970 00:00:00;56;706502320089291;Consulta c/ Cardiologista;LUCIANA FIRMINO PONCE; I20  - ANGINA PECTORIS;<procedimento>, CONSULTA MEDICA EM ATENCAO ESPECIALIZADA</procedimento>;<procedimento>  0301010072 - CONSULTA MEDICA EM ATENCAO ESPECIALIZADA - Quantidade: 1
</procedimento>;S;DETERMINACAO DE TEMPO DE TROMBOPLASTINA PARCIAL ATIVADA (TTP ATIVADA)
DETERMINACAO DE TEMPO E ATIVIDADE DA PROTROMBINA (TAP)
DOSAGEM DE SODIO
DOSAGEM DE COLESTEROL LDL
DOSAGEM DE TIROXINA (T4)
ECOCARDIOGRAFIA TRANSTORACICA
DOSAGEM DE ACIDO URICO
DOSAGEM DE COLESTEROL TOTAL
DETERMINACAO DIRETA E REVERSA DE GRUPO ABO
DOSAGEM DE HORMONIO TIREOESTIMULANTE (TSH)
DOSAGEM DE 25 HIDROXIVITAMINA D
DOSAGEM DE TRIGLICERIDEOS
DOSAGEM DE UREIA
DOSAGEM DE POTASSIO
DOSAGEM DE COLESTEROL HDL
DOSAGEM DE VITAMINA B12
PESQUISA DE FATOR RH (INCLUI D FRACO)
HEMOGRAMA COMPLETO
DOSAGEM DE CREATININA
;;N;Programada;14/09/2026 16:15:06;14/09/2026 00:00:00;14/09/2026 00:00:00;12min 41s;RUA NATALINO JOSE FELICISSIMO, S/N, LT 11, BANANAL (PONTA NEGRA), MARICA-RJ, CEP: 24925615  - Tel: 2126486589;
RUTE RODRIGUES CARNEIRO;False;;F;03/08/1944 00:00:00;82;705804478789434;Consulta de Enfermagem;LUCIANA DOS SANTOS AZEVEDO SOARES; I712 - ANEURISMA DA AORTA TORACICA, SEM MENCAO DE RUPTURA;<procedimento>, AFERICAO DE PRESSAO ARTERIAL</procedimento><procedimento>, AVALIACAO ANTROPOMETRICA</procedimento><procedimento>, CONSULTA DE PROFISSIONAIS DE NIVEL SUPERIOR NA ATENCAO PRIMARIA (EXCETO MEDICO)</procedimento>;<procedimento>  0101040024 - AVALIACAO ANTROPOMETRICA - Quantidade: 1
</procedimento><procedimento>  0301010030 - CONSULTA DE PROFISSIONAIS DE NIVEL SUPERIOR NA ATENCAO PRIMARIA (EXCETO MEDICO) - Quantidade: 1
</procedimento><procedimento>  0301100039 - AFERICAO DE PRESSAO ARTERIAL - Quantidade: 1
</procedimento>;N;;;N;Espontanea;14/09/2026 16:15:10;14/09/2026 00:00:00;14/09/2026 00:00:00;2min 47s;RUA PROJETADA TRINTA E SETE, S/N, JARDIM ATLANTICO CENTRAL (ITAIPUACU), MARICA-RJ, CEP: 24934227  - Tel: 21994738597;
MARIA IRACEMA DA SILVA;False;;F;21/11/1955 00:00:00;70;702400558315426;Consulta de Enfermagem;LUCIANA DOS SANTOS AZEVEDO SOARES; I10  - HIPERTENSAO ESSENCIAL (PRIMARIA);<procedimento>, AFERICAO DE PRESSAO ARTERIAL</procedimento><procedimento>, AVALIACAO ANTROPOMETRICA</procedimento><procedimento>, CONSULTA DE PROFISSIONAIS DE NIVEL SUPERIOR NA ATENCAO PRIMARIA (EXCETO MEDICO)</procedimento>;<procedimento>  0101040024 - AVALIACAO ANTROPOMETRICA - Quantidade: 1
</procedimento><procedimento>  0301010030 - CONSULTA DE PROFISSIONAIS DE NIVEL SUPERIOR NA ATENCAO PRIMARIA (EXCETO MEDICO) - Quantidade: 1
</procedimento><procedimento>  0301100039 - AFERICAO DE PRESSAO ARTERIAL - Quantidade: 1
</procedimento>;N;;;N;Espontanea;14/09/2026 16:19:19;14/09/2026 00:00:00;14/09/2026 00:00:00;1min 18s;RUA CENTO E VINTE E OITO, 534, LT 30 CS 02, JARDIM ATLANTICO LESTE (ITAIPUACU), MARICA-RJ, CEP: 24933095  - Tel: 21980369021;
EVANILDA GOMES ANSELMO;False;;F;30/10/1974 00:00:00;51;702802110777765;Consulta de Enfermagem;LUCIANA DOS SANTOS AZEVEDO SOARES; I10  - HIPERTENSAO ESSENCIAL (PRIMARIA);<procedimento>, AFERICAO DE PRESSAO ARTERIAL</procedimento><procedimento>, AVALIACAO ANTROPOMETRICA</procedimento><procedimento>, CONSULTA DE PROFISSIONAIS DE NIVEL SUPERIOR NA ATENCAO PRIMARIA (EXCETO MEDICO)</procedimento>;<procedimento>  0101040024 - AVALIACAO ANTROPOMETRICA - Quantidade: 1
</procedimento><procedimento>  0301010030 - CONSULTA DE PROFISSIONAIS DE NIVEL SUPERIOR NA ATENCAO PRIMARIA (EXCETO MEDICO) - Quantidade: 1
</procedimento><procedimento>  0301100039 - AFERICAO DE PRESSAO ARTERIAL - Quantidade: 1
</procedimento>;N;;;N;Espontanea;14/09/2026 16:21:09;14/09/2026 00:00:00;14/09/2026 00:00:00;1min 15s;RUA CENTO E VINTE E CINCO, S/N, LOTE17QD184, BALNEARIO BAMBUI (PONTA NEGRA), MARICA-RJ, CEP: 24920800  - Tel: 21997812308;
VICENTE MEIRA DE ARAUJO;False;;M;21/11/1948 00:00:00;77;708609068246687;Consulta de Enfermagem;LUCIANA DOS SANTOS AZEVEDO SOARES; I48  - FLUTTER E FIBRILACAO ATRIAL;<procedimento>, AFERICAO DE PRESSAO ARTERIAL</procedimento><procedimento>, AVALIACAO ANTROPOMETRICA</procedimento><procedimento>, CONSULTA DE PROFISSIONAIS DE NIVEL SUPERIOR NA ATENCAO PRIMARIA (EXCETO MEDICO)</procedimento>;<procedimento>  0101040024 - AVALIACAO ANTROPOMETRICA - Quantidade: 1
</procedimento><procedimento>  0301010030 - CONSULTA DE PROFISSIONAIS DE NIVEL SUPERIOR NA ATENCAO PRIMARIA (EXCETO MEDICO) - Quantidade: 1
</procedimento><procedimento>  0301100039 - AFERICAO DE PRESSAO ARTERIAL - Quantidade: 1
</procedimento>;N;;;N;Espontanea;14/09/2026 16:22:58;14/09/2026 00:00:00;14/09/2026 00:00:00;1min 58s;RUA ONZE, S/N, QD 01 LT 18, CHACARAS DE INOA (INOA), MARICA-RJ, CEP: 24940285  - Tel: 21986491088;
ANA PAULA DE MARINS;False;;F;29/09/1977 00:00:00;48;704807034104646;Escuta Inicial;SILVIA GOMES DA SILVA;;<procedimento>, ESCUTA INICIAL / ORIENTACAO (ACOLHIMENTO A DEMANDA ESPONTANEA)</procedimento>;<procedimento>  0301040079 - ESCUTA INICIAL / ORIENTACAO (ACOLHIMENTO A DEMANDA ESPONTANEA) - Quantidade: 1
</procedimento>;N;;;N;Espontanea;14/09/2026 16:24:02;14/09/2026 00:00:00;14/09/2026 00:00:00;1min 14s;RUA SESSENTA E UM, S/N, LT 2 QD 114, ARACATIBA, MARICA-RJ, CEP: 24901620  - Tel: 21987707655;
MAGDA LUCINDA GUIMARAES DA SILVA;False;;F;06/05/1959 00:00:00;67;700000128104400;Consulta de Enfermagem;LUCIANA DOS SANTOS AZEVEDO SOARES; I10  - HIPERTENSAO ESSENCIAL (PRIMARIA);<procedimento>, AFERICAO DE PRESSAO ARTERIAL</procedimento><procedimento>, AVALIACAO ANTROPOMETRICA</procedimento><procedimento>, CONSULTA DE PROFISSIONAIS DE NIVEL SUPERIOR NA ATENCAO PRIMARIA (EXCETO MEDICO)</procedimento>;<procedimento>  0101040024 - AVALIACAO ANTROPOMETRICA - Quantidade: 1
</procedimento><procedimento>  0301010030 - CONSULTA DE PROFISSIONAIS DE NIVEL SUPERIOR NA ATENCAO PRIMARIA (EXCETO MEDICO) - Quantidade: 1
</procedimento><procedimento>  0301100039 - AFERICAO DE PRESSAO ARTERIAL - Quantidade: 1
</procedimento>;N;;;N;Espontanea;14/09/2026 16:24:51;14/09/2026 00:00:00;14/09/2026 00:00:00;2min 0s;RUA ANTONIO EDUARDO, 229, NA, MUMBUCA, MARICA-RJ, CEP: 24913705  - Tel: 2121050000;
LADYANE BARBOSA DE MARCOS;False;;F;28/07/1979 00:00:00;47;700309947319336;Escuta Inicial;SILVIA GOMES DA SILVA;;<procedimento>, ESCUTA INICIAL / ORIENTACAO (ACOLHIMENTO A DEMANDA ESPONTANEA)</procedimento>;<procedimento>  0301040079 - ESCUTA INICIAL / ORIENTACAO (ACOLHIMENTO A DEMANDA ESPONTANEA) - Quantidade: 1
</procedimento>;N;;;N;Espontanea;14/09/2026 16:25:59;14/09/2026 00:00:00;14/09/2026 00:00:00;1min 46s;RUA JOAO PRESSEL, S/N, QD 12 LT 3A CS2, JARDIM ATLANTICO OESTE (ITAIPUACU), MARICA-RJ, CEP: 24935485  - Tel: 21975166266;
NAZARE COSTA DA SILVA;False;;F;11/10/1957 00:00:00;68;708001845216628;Consulta de Enfermagem;LUCIANA DOS SANTOS AZEVEDO SOARES; I10  - HIPERTENSAO ESSENCIAL (PRIMARIA);<procedimento>, AFERICAO DE PRESSAO ARTERIAL</procedimento><procedimento>, AVALIACAO ANTROPOMETRICA</procedimento><procedimento>, CONSULTA DE PROFISSIONAIS DE NIVEL SUPERIOR NA ATENCAO PRIMARIA (EXCETO MEDICO)</procedimento>;<procedimento>  0101040024 - AVALIACAO ANTROPOMETRICA - Quantidade: 1
</procedimento><procedimento>  0301010030 - CONSULTA DE PROFISSIONAIS DE NIVEL SUPERIOR NA ATENCAO PRIMARIA (EXCETO MEDICO) - Quantidade: 1
</procedimento><procedimento>  0301100039 - AFERICAO DE PRESSAO ARTERIAL - Quantidade: 1
</procedimento>;N;;;N;Espontanea;14/09/2026 16:26:29;14/09/2026 00:00:00;14/09/2026 00:00:00;1min 48s;RUA MATHEUS RIBEIRO BARBOSA, S/N, PONTA NEGRA (PONTA NEGRA), MARICA-RJ, CEP: 24923000  - Tel: 21997971769;
JAMYLLE TESTI SILVEIRA DIONISIO;False;;F;12/09/1995 00:00:00;31;704208744995089;Escuta Inicial;SILVIA GOMES DA SILVA;;<procedimento>, ESCUTA INICIAL / ORIENTACAO (ACOLHIMENTO A DEMANDA ESPONTANEA)</procedimento>;<procedimento>  0301040079 - ESCUTA INICIAL / ORIENTACAO (ACOLHIMENTO A DEMANDA ESPONTANEA) - Quantidade: 1
</procedimento>;N;;;N;Espontanea;14/09/2026 16:28:05;14/09/2026 00:00:00;14/09/2026 00:00:00;20s;ESTRADA ZILTO MONTEIRO DE ABREU 1/99998, S/N, Caju, MARICA-RJ, CEP: 24918100  - Tel: 21997471783;
PATRICIA BARBOSA;False;;F;14/02/1970 00:00:00;56;706502320089291;Consulta de Enfermagem;LUCIANA DOS SANTOS AZEVEDO SOARES; I20  - ANGINA PECTORIS;<procedimento>, AFERICAO DE PRESSAO ARTERIAL</procedimento><procedimento>, AVALIACAO ANTROPOMETRICA</procedimento><procedimento>, CONSULTA DE PROFISSIONAIS DE NIVEL SUPERIOR NA ATENCAO PRIMARIA (EXCETO MEDICO)</procedimento>;<procedimento>  0101040024 - AVALIACAO ANTROPOMETRICA - Quantidade: 1
</procedimento><procedimento>  0301010030 - CONSULTA DE PROFISSIONAIS DE NIVEL SUPERIOR NA ATENCAO PRIMARIA (EXCETO MEDICO) - Quantidade: 1
</procedimento><procedimento>  0301100039 - AFERICAO DE PRESSAO ARTERIAL - Quantidade: 1
</procedimento>;N;;;N;Espontanea;14/09/2026 16:28:35;14/09/2026 00:00:00;14/09/2026 00:00:00;1min 19s;RUA NATALINO JOSE FELICISSIMO, S/N, LT 11, BANANAL (PONTA NEGRA), MARICA-RJ, CEP: 24925615  - Tel: 2126486589;
FABIANA BERNARDO DA SILVA;False;;F;22/08/1992 00:00:00;34;700404462159145;Escuta Inicial;SILVIA GOMES DA SILVA;;<procedimento>, ESCUTA INICIAL / ORIENTACAO (ACOLHIMENTO A DEMANDA ESPONTANEA)</procedimento>;<procedimento>  0301040079 - ESCUTA INICIAL / ORIENTACAO (ACOLHIMENTO A DEMANDA ESPONTANEA) - Quantidade: 1
</procedimento>;N;;;N;Espontanea;14/09/2026 16:29:00;14/09/2026 00:00:00;14/09/2026 00:00:00;15s;RUA CECILIO RODRIGUES DE SOUZA, 21, ITAPEBA, MARICA-RJ, CEP: 24913090  - Tel: 21965642400;
LARA CARINE FERREIRA DE CARVALHO;False;;F;10/02/1997 00:00:00;29;898004163499646;Escuta Inicial;SILVIA GOMES DA SILVA;;<procedimento>, ESCUTA INICIAL / ORIENTACAO (ACOLHIMENTO A DEMANDA ESPONTANEA)</procedimento>;<procedimento>  0301040079 - ESCUTA INICIAL / ORIENTACAO (ACOLHIMENTO A DEMANDA ESPONTANEA) - Quantidade: 1
</procedimento>;N;;;N;Espontanea;14/09/2026 16:30:01;14/09/2026 00:00:00;14/09/2026 00:00:00;22s;RUA JOAQUIM MENDES, 52, CENTRO, MARICA-RJ, CEP: 24900620  - Tel: 21998044793;
CHRISTIANE CRISTINA SIMQUINI GOMES;False;;F;29/04/1989 00:00:00;37;708606597213283;Escuta Inicial;SILVIA GOMES DA SILVA;;<procedimento>, ESCUTA INICIAL / ORIENTACAO (ACOLHIMENTO A DEMANDA ESPONTANEA)</procedimento>;<procedimento>  0301040079 - ESCUTA INICIAL / ORIENTACAO (ACOLHIMENTO A DEMANDA ESPONTANEA) - Quantidade: 1
</procedimento>;N;;;N;Espontanea;14/09/2026 16:31:42;14/09/2026 00:00:00;14/09/2026 00:00:00;1min 2s;RUA CENTO E QUATRO, S/N, LT 10 QD 28, CORDEIRINHO (PONTA NEGRA), MARICA-RJ, CEP: 24921496  - Tel: 21964791093;
JESSICA DOS SANTOS FRANCA;False;;F;18/03/1991 00:00:00;35;702103714840990;Escuta Inicial;SILVIA GOMES DA SILVA;;<procedimento>, ESCUTA INICIAL / ORIENTACAO (ACOLHIMENTO A DEMANDA ESPONTANEA)</procedimento>;<procedimento>  0301040079 - ESCUTA INICIAL / ORIENTACAO (ACOLHIMENTO A DEMANDA ESPONTANEA) - Quantidade: 1
</procedimento>;N;;;N;Espontanea;14/09/2026 16:32:45;14/09/2026 00:00:00;14/09/2026 00:00:00;1min 7s;RUA DAVI FERREIRA DOS SANTOS, S/N, ARACATIBA, MARICA-RJ, CEP: 24902135  - Tel: 2126373561;
TATIANE DOS SANTOS DIAS MARINHO;False;;F;06/08/1984 00:00:00;42;708005811145322;Escuta Inicial;SILVIA GOMES DA SILVA;;<procedimento>, ESCUTA INICIAL / ORIENTACAO (ACOLHIMENTO A DEMANDA ESPONTANEA)</procedimento>;<procedimento>  0301040079 - ESCUTA INICIAL / ORIENTACAO (ACOLHIMENTO A DEMANDA ESPONTANEA) - Quantidade: 1
</procedimento>;N;;;N;Espontanea;14/09/2026 16:34:13;14/09/2026 00:00:00;14/09/2026 00:00:00;29s;RUA DAS ORQUIDEAS, S/N, CASA 02, SAO JOSE DO IMBASSAI, MARICA-RJ, CEP: 24930520  - Tel: 21998538527;
JULIANA SAYURI GONDO;False;;F;24/02/1978 00:00:00;48;705802485494337;Escuta Inicial;SILVIA GOMES DA SILVA;;<procedimento>, ESCUTA INICIAL / ORIENTACAO (ACOLHIMENTO A DEMANDA ESPONTANEA)</procedimento>;<procedimento>  0301040079 - ESCUTA INICIAL / ORIENTACAO (ACOLHIMENTO A DEMANDA ESPONTANEA) - Quantidade: 1
</procedimento>;N;;;N;Espontanea;14/09/2026 16:35:12;14/09/2026 00:00:00;14/09/2026 00:00:00;32s;RUA SEIS, 86, GUARATIBA (PONTA NEGRA), MARICA-RJ, CEP: 24916175  - Tel: 21973856673;
CHRISTIANE HORTA DE MELO;False;;F;01/01/1975 00:00:00;51;708404232855161;Consulta de Enfermagem;LUCIANA DOS SANTOS AZEVEDO SOARES; I10  - HIPERTENSAO ESSENCIAL (PRIMARIA);<procedimento>, AFERICAO DE PRESSAO ARTERIAL</procedimento><procedimento>, AVALIACAO ANTROPOMETRICA</procedimento><procedimento>, CONSULTA DE PROFISSIONAIS DE NIVEL SUPERIOR NA ATENCAO PRIMARIA (EXCETO MEDICO)</procedimento>;<procedimento>  0101040024 - AVALIACAO ANTROPOMETRICA - Quantidade: 1
</procedimento><procedimento>  0301010030 - CONSULTA DE PROFISSIONAIS DE NIVEL SUPERIOR NA ATENCAO PRIMARIA (EXCETO MEDICO) - Quantidade: 1
</procedimento><procedimento>  0301100039 - AFERICAO DE PRESSAO ARTERIAL - Quantidade: 1
</procedimento>;N;;;N;Espontanea;14/09/2026 16:35:49;14/09/2026 00:00:00;14/09/2026 00:00:00;1min 40s;RUA IRENE RIBEIRO QUADRA 439/442, S/N, QD 447 LT 09, JARDIM ATLANTICO LESTE (ITAIPUACU), MARICA-RJ, CEP: 24933460  - Tel: 21970185362;
ANA CLAUDIA DE OLIVEIRA ALMEIDA MARINHO;False;;F;02/08/1970 00:00:00;56;704609135126622;Escuta Inicial;SILVIA GOMES DA SILVA;;<procedimento>, ESCUTA INICIAL / ORIENTACAO (ACOLHIMENTO A DEMANDA ESPONTANEA)</procedimento>;<procedimento>  0301040079 - ESCUTA INICIAL / ORIENTACAO (ACOLHIMENTO A DEMANDA ESPONTANEA) - Quantidade: 1
</procedimento>;N;;;N;Espontanea;14/09/2026 16:36:16;14/09/2026 00:00:00;14/09/2026 00:00:00;31s;AVENIDA DOUTOR ANTONIO MARQUES MATHIAS, S/N, QD 387 LT 55/56, JARDIM ATLANTICO LESTE (ITAIPUACU), MARICA-RJ, CEP: 24933570  - Tel: 21994448135;
MARGARETE SAMPAIO ARLEU;False;;F;23/10/1970 00:00:00;55;708003332438123;Escuta Inicial;SILVIA GOMES DA SILVA;;<procedimento>, ESCUTA INICIAL / ORIENTACAO (ACOLHIMENTO A DEMANDA ESPONTANEA)</procedimento>;<procedimento>  0301040079 - ESCUTA INICIAL / ORIENTACAO (ACOLHIMENTO A DEMANDA ESPONTANEA) - Quantidade: 1
</procedimento>;N;;;N;Espontanea;14/09/2026 16:37:31;14/09/2026 00:00:00;14/09/2026 00:00:00;47s;RUA JOAO PAULO DA COSTA, S/N, LT 09 QD 4A, inoa, MARICA-RJ, CEP: 24943680  - Tel: 21975260457;
HELOISA HELENA CARDIM DE SANT ANNA;False;;F;17/07/1967 00:00:00;59;702401564260620;Consulta de Enfermagem;LUCIANA DOS SANTOS AZEVEDO SOARES; I10  - HIPERTENSAO ESSENCIAL (PRIMARIA);<procedimento>, AFERICAO DE PRESSAO ARTERIAL</procedimento><procedimento>, AVALIACAO ANTROPOMETRICA</procedimento><procedimento>, CONSULTA DE PROFISSIONAIS DE NIVEL SUPERIOR NA ATENCAO PRIMARIA (EXCETO MEDICO)</procedimento>;<procedimento>  0101040024 - AVALIACAO ANTROPOMETRICA - Quantidade: 1
</procedimento><procedimento>  0301010030 - CONSULTA DE PROFISSIONAIS DE NIVEL SUPERIOR NA ATENCAO PRIMARIA (EXCETO MEDICO) - Quantidade: 1
</procedimento><procedimento>  0301100039 - AFERICAO DE PRESSAO ARTERIAL - Quantidade: 1
</procedimento>;N;;;N;Espontanea;14/09/2026 16:37:16;14/09/2026 00:00:00;14/09/2026 00:00:00;1min 13s;AVENIDA EUGENIO JOSE DIAS, S/N, LT 02 QD E, SAO JOSE DO IMBASSAI, MARICA-RJ, CEP: 24931535  - Tel: 21992474244;
DEONICE ALVES DE OLIVEIRA;False;;F;18/03/1960 00:00:00;66;705002864750258;Escuta Inicial;SILVIA GOMES DA SILVA;;<procedimento>, ESCUTA INICIAL / ORIENTACAO (ACOLHIMENTO A DEMANDA ESPONTANEA)</procedimento>;<procedimento>  0301040079 - ESCUTA INICIAL / ORIENTACAO (ACOLHIMENTO A DEMANDA ESPONTANEA) - Quantidade: 1
</procedimento>;N;;;N;Espontanea;14/09/2026 16:38:21;14/09/2026 00:00:00;14/09/2026 00:00:00;36s;RUA CECILIA PEREIRA FONTOURA, S/N, LT 02 QD 23, CENTRO, MARICA-RJ, CEP: 24900430  - Tel: 21995910237;
MARINA DE FRANCA PEDROSA;False;;F;25/10/2000 00:00:00;25;700000481136309;Consulta de Enfermagem;LUCIANA DOS SANTOS AZEVEDO SOARES; Z711 - PESSOA COM MEDO DE UMA QUEIXA PARA A QUAL NAO FOI FEITO DIAGNOSTICO;<procedimento>, CONSULTA DE PROFISSIONAIS DE NIVEL SUPERIOR NA ATENCAO PRIMARIA (EXCETO MEDICO)</procedimento>;<procedimento>  0301010030 - CONSULTA DE PROFISSIONAIS DE NIVEL SUPERIOR NA ATENCAO PRIMARIA (EXCETO MEDICO) - Quantidade: 1
</procedimento>;N;;;N;Espontanea;14/09/2026 16:38:48;14/09/2026 00:00:00;14/09/2026 00:00:00;3min 21s;RUA ELIETE ROCHA SANTOS, S/N, ARACATIBA, MARICA-RJ, CEP: 24902165  - Tel: 92991157261;
EWELEN SABRINE DA SILVA MELLO;False;;F;11/02/1995 00:00:00;31;700003883966201;Escuta Inicial;SILVIA GOMES DA SILVA;;<procedimento>, ESCUTA INICIAL / ORIENTACAO (ACOLHIMENTO A DEMANDA ESPONTANEA)</procedimento>;<procedimento>  0301040079 - ESCUTA INICIAL / ORIENTACAO (ACOLHIMENTO A DEMANDA ESPONTANEA) - Quantidade: 1
</procedimento>;N;;;N;Espontanea;14/09/2026 16:39:20;14/09/2026 00:00:00;14/09/2026 00:00:00;36s;RUA SETENTA E DOIS, S/N, QD 360 LT 21, JARDIM ATLANTICO LESTE (ITAIPUACU), MARICA-RJ, CEP: 24933835  - Tel: 21990276137;
JEANE LOPES DAS VIRGENS ALVES;False;;F;03/08/1967 00:00:00;59;703401459686700;Escuta Inicial;SILVIA GOMES DA SILVA;;<procedimento>, ESCUTA INICIAL / ORIENTACAO (ACOLHIMENTO A DEMANDA ESPONTANEA)</procedimento>;<procedimento>  0301040079 - ESCUTA INICIAL / ORIENTACAO (ACOLHIMENTO A DEMANDA ESPONTANEA) - Quantidade: 1
</procedimento>;N;;;N;Espontanea;14/09/2026 16:40:39;14/09/2026 00:00:00;14/09/2026 00:00:00;59s;RUA SANTA JOANA DARC, S/N, QD26 LT43 CS02, PRAIA DE ITAIPUACU (ITAIPUACU), MARICA-RJ, CEP: 24936830  - Tel: 21970338282;
RITA LUIZA FERREIRA DA SILVA CARDOSO;False;;F;08/02/1969 00:00:00;57;704707739707636;Escuta Inicial;SILVIA GOMES DA SILVA;;<procedimento>, ESCUTA INICIAL / ORIENTACAO (ACOLHIMENTO A DEMANDA ESPONTANEA)</procedimento>;<procedimento>  0301040079 - ESCUTA INICIAL / ORIENTACAO (ACOLHIMENTO A DEMANDA ESPONTANEA) - Quantidade: 1
</procedimento>;N;;;N;Espontanea;14/09/2026 16:41:41;14/09/2026 00:00:00;14/09/2026 00:00:00;1min 45s;AVENIDA JOSE CAETANO RODRIGUES HORTA JUNIOR, 01, CASA, UBATIBA, MARICA-RJ, CEP: 24908735  - Tel: 21975348094;
ELISABETE GUIMARAES RODRIGUES;False;;F;13/08/1961 00:00:00;65;702409030902725;Consulta de Enfermagem;LUCIANA DOS SANTOS AZEVEDO SOARES; M796 - DOR EM MEMBRO;<procedimento>, CONSULTA DE PROFISSIONAIS DE NIVEL SUPERIOR NA ATENCAO PRIMARIA (EXCETO MEDICO)</procedimento>;<procedimento>  0301010030 - CONSULTA DE PROFISSIONAIS DE NIVEL SUPERIOR NA ATENCAO PRIMARIA (EXCETO MEDICO) - Quantidade: 1
</procedimento>;N;;;N;Espontanea;14/09/2026 16:41:54;14/09/2026 00:00:00;14/09/2026 00:00:00;7min 37s;RUA TRES, S/N, LT6 QD10, JACONE (PONTA NEGRA), MARICA-RJ, CEP: 24924055  - Tel: 21994547650;
MICHELLE MEIRA TELLES DA SILVA;False;;F;11/12/1984 00:00:00;41;709009817606110;Consulta de Enfermagem;LUCIANA DOS SANTOS AZEVEDO SOARES; L721 - CISTO TRIQUILEMAL;<procedimento>, CONSULTA DE PROFISSIONAIS DE NIVEL SUPERIOR NA ATENCAO PRIMARIA (EXCETO MEDICO)</procedimento>;<procedimento>  0301010030 - CONSULTA DE PROFISSIONAIS DE NIVEL SUPERIOR NA ATENCAO PRIMARIA (EXCETO MEDICO) - Quantidade: 1
</procedimento>;N;;;N;Espontanea;14/09/2026 16:49:20;14/09/2026 00:00:00;14/09/2026 00:00:00;2min 20s;RUA ANALIA MELO DOS SANTOS, 25, QD84 lote 25, BARROCO (ITAIPUACU), MARICA-RJ, CEP: 24936580  - Tel: 21974516615;
ADRIANA APARECIDA DE SOUZA;False;;F;08/05/1967 00:00:00;59;705806457849731;Consulta de Enfermagem;LUCIANA DOS SANTOS AZEVEDO SOARES; R07  - DOR DE GARGANTA E NO PEITO;<procedimento>, CONSULTA DE PROFISSIONAIS DE NIVEL SUPERIOR NA ATENCAO PRIMARIA (EXCETO MEDICO)</procedimento>;<procedimento>  0301010030 - CONSULTA DE PROFISSIONAIS DE NIVEL SUPERIOR NA ATENCAO PRIMARIA (EXCETO MEDICO) - Quantidade: 1
</procedimento>;N;;;N;Espontanea;14/09/2026 16:52:30;14/09/2026 00:00:00;14/09/2026 00:00:00;1min 39s;RUA RAUL ALFREDO DE ANDRADE, 763, BL 3 APTO 112, CAXITO, MARICA-RJ, CEP: 24910530  - Tel: 21997223600;
HELIO ILSON BORGES DE SOUZA;False;;M;27/05/1967 00:00:00;59;700608432999465;Consulta de Enfermagem;LUCIANA DOS SANTOS AZEVEDO SOARES; M545 - DOR LOMBAR BAIXA;<procedimento>, CONSULTA DE PROFISSIONAIS DE NIVEL SUPERIOR NA ATENCAO PRIMARIA (EXCETO MEDICO)</procedimento>;<procedimento>  0301010030 - CONSULTA DE PROFISSIONAIS DE NIVEL SUPERIOR NA ATENCAO PRIMARIA (EXCETO MEDICO) - Quantidade: 1
</procedimento>;N;;;N;Espontanea;14/09/2026 16:54:11;14/09/2026 00:00:00;14/09/2026 00:00:00;1min 47s;RUA SEIS, S/N, GUARATIBA (PONTA NEGRA), MARICA-RJ, CEP: 24916175  - Tel: 21971639041;
MARIA INES DA CONCEICAO;False;;F;30/03/1957 00:00:00;69;706005808113346;Consulta de Enfermagem;LUCIANA DOS SANTOS AZEVEDO SOARES; M77  - OUTRAS ENTESOPATIAS;<procedimento>, CONSULTA DE PROFISSIONAIS DE NIVEL SUPERIOR NA ATENCAO PRIMARIA (EXCETO MEDICO)</procedimento>;<procedimento>  0301010030 - CONSULTA DE PROFISSIONAIS DE NIVEL SUPERIOR NA ATENCAO PRIMARIA (EXCETO MEDICO) - Quantidade: 1
</procedimento>;N;;;N;Espontanea;14/09/2026 16:56:14;14/09/2026 00:00:00;14/09/2026 00:00:00;1min 26s;RUA IRENE RIBEIRO, S/N, QD443 A QD444, JARDIM ATLANTICO LESTE (ITAIPUACU), MARICA-RJ, CEP: 24933705  - Tel: 21987529208;
MARINA DE FRANCA PEDROSA;False;;F;25/10/2000 00:00:00;25;700000481136309;Consulta de Enfermagem;LUCIANA DOS SANTOS AZEVEDO SOARES; Z711 - PESSOA COM MEDO DE UMA QUEIXA PARA A QUAL NAO FOI FEITO DIAGNOSTICO;<procedimento>, CONSULTA DE PROFISSIONAIS DE NIVEL SUPERIOR NA ATENCAO PRIMARIA (EXCETO MEDICO)</procedimento>;<procedimento>  0301010030 - CONSULTA DE PROFISSIONAIS DE NIVEL SUPERIOR NA ATENCAO PRIMARIA (EXCETO MEDICO) - Quantidade: 1
</procedimento>;N;;;N;Espontanea;14/09/2026 16:58:31;14/09/2026 00:00:00;14/09/2026 00:00:00;1min 8s;RUA ELIETE ROCHA SANTOS, S/N, ARACATIBA, MARICA-RJ, CEP: 24902165  - Tel: 92991157261;
MARCOS MONTEIRO;False;;M;24/07/1945 00:00:00;81;708004880161721;Consulta de Enfermagem;LUCIANA DOS SANTOS AZEVEDO SOARES; M48  - ESPONDILOPATIAS;<procedimento>, CONSULTA DE PROFISSIONAIS DE NIVEL SUPERIOR NA ATENCAO PRIMARIA (EXCETO MEDICO)</procedimento>;<procedimento>  0301010030 - CONSULTA DE PROFISSIONAIS DE NIVEL SUPERIOR NA ATENCAO PRIMARIA (EXCETO MEDICO) - Quantidade: 1
</procedimento>;N;;;N;Espontanea;14/09/2026 16:59:34;14/09/2026 00:00:00;14/09/2026 00:00:00;1min 36s;RUA CINCO, S/N, QD 05 LT 27/202, INOA (INOA), MARICA-RJ, CEP: 24943130  - Tel: 21976732067;
THIAGO SAMPAIO VECCHIATTI;False;;M;29/11/1985 00:00:00;40;700601968715168;Consulta de Enfermagem;LUCIANA DOS SANTOS AZEVEDO SOARES; M48  - ESPONDILOPATIAS;<procedimento>, CONSULTA DE PROFISSIONAIS DE NIVEL SUPERIOR NA ATENCAO PRIMARIA (EXCETO MEDICO)</procedimento>;<procedimento>  0301010030 - CONSULTA DE PROFISSIONAIS DE NIVEL SUPERIOR NA ATENCAO PRIMARIA (EXCETO MEDICO) - Quantidade: 1
</procedimento>;N;;;N;Espontanea;14/09/2026 17:01:00;14/09/2026 00:00:00;14/09/2026 00:00:00;51s;RUA JOAQUIM MENDES, 999, CENTRO, MARICA-RJ, CEP: 24900620  - Tel: 21999923770;
DENILDA MACHADO DA COSTA FERREIRA;False;;F;02/09/1962 00:00:00;64;706305743275670;Consulta de Enfermagem;LUCIANA DOS SANTOS AZEVEDO SOARES; M545 - DOR LOMBAR BAIXA;<procedimento>, CONSULTA DE PROFISSIONAIS DE NIVEL SUPERIOR NA ATENCAO PRIMARIA (EXCETO MEDICO)</procedimento>;<procedimento>  0301010030 - CONSULTA DE PROFISSIONAIS DE NIVEL SUPERIOR NA ATENCAO PRIMARIA (EXCETO MEDICO) - Quantidade: 1
</procedimento>;N;;;N;Espontanea;14/09/2026 17:02:20;14/09/2026 00:00:00;14/09/2026 00:00:00;1min 29s;RUA OITENTA E CINCO, S/N, LOTE03QUADRA95, JARDIM INTERLAGOS (PONTA NEGRA), MARICA-RJ, CEP: 24917110  - Tel: 21999581518;
LUCIANA PEREIRA DE CAMPOS;False;;F;06/07/1983 00:00:00;43;702803179999466;Consulta de Enfermagem;LUCIANA DOS SANTOS AZEVEDO SOARES; M545 - DOR LOMBAR BAIXA;<procedimento>, CONSULTA DE PROFISSIONAIS DE NIVEL SUPERIOR NA ATENCAO PRIMARIA (EXCETO MEDICO)</procedimento>;<procedimento>  0301010030 - CONSULTA DE PROFISSIONAIS DE NIVEL SUPERIOR NA ATENCAO PRIMARIA (EXCETO MEDICO) - Quantidade: 1
</procedimento>;N;;;N;Espontanea;14/09/2026 17:04:06;14/09/2026 00:00:00;14/09/2026 00:00:00;1min 3s;RUA DAS OLIVEIRAS, S/N, QD 579 LT 14, JARDIM ATLANTICO OESTE (ITAIPUACU), MARICA-RJ, CEP: 24935065  - Tel: 21995874961;
IRENE MARTA DE PAULA;False;;F;24/01/1954 00:00:00;72;702409096316921;Consulta de Enfermagem;LUCIANA DOS SANTOS AZEVEDO SOARES; R60  - EDEMA NAO CLASSIFICADO EM OUTRA PARTE;<procedimento>, CONSULTA DE PROFISSIONAIS DE NIVEL SUPERIOR NA ATENCAO PRIMARIA (EXCETO MEDICO)</procedimento>;<procedimento>  0301010030 - CONSULTA DE PROFISSIONAIS DE NIVEL SUPERIOR NA ATENCAO PRIMARIA (EXCETO MEDICO) - Quantidade: 1
</procedimento>;N;;;N;Espontanea;14/09/2026 17:05:30;14/09/2026 00:00:00;14/09/2026 00:00:00;1min 13s;RUA DUQUE DE CAXIAS, S/N, UBATIBA, MARICA-RJ, CEP: 24908755  - Tel: 21991436875;
SONIA REGINA MOREIRA DE SOUZA;False;;F;28/06/1977 00:00:00;49;705003621307759;Consulta de Enfermagem;LUCIANA DOS SANTOS AZEVEDO SOARES; M545 - DOR LOMBAR BAIXA;<procedimento>, CONSULTA DE PROFISSIONAIS DE NIVEL SUPERIOR NA ATENCAO PRIMARIA (EXCETO MEDICO)</procedimento>;<procedimento>  0301010030 - CONSULTA DE PROFISSIONAIS DE NIVEL SUPERIOR NA ATENCAO PRIMARIA (EXCETO MEDICO) - Quantidade: 1
</procedimento>;N;;;N;Espontanea;14/09/2026 17:06:48;14/09/2026 00:00:00;14/09/2026 00:00:00;2min 5s;RUA ITAMARACA, S/N, LT 11  QD 10, SAO JOSE DO IMBASSAI, MARICA-RJ, CEP: 24931170  - Tel: 21966136811;
GABRIELLE BERNARDO ARAUJO;False;;F;11/11/2006 00:00:00;19;708103556645334;Consulta de Enfermagem;LUCIANA DOS SANTOS AZEVEDO SOARES; M54  - DORSALGIA;<procedimento>, CONSULTA DE PROFISSIONAIS DE NIVEL SUPERIOR NA ATENCAO PRIMARIA (EXCETO MEDICO)</procedimento>;<procedimento>  0301010030 - CONSULTA DE PROFISSIONAIS DE NIVEL SUPERIOR NA ATENCAO PRIMARIA (EXCETO MEDICO) - Quantidade: 1
</procedimento>;N;;;N;Espontanea;14/09/2026 17:09:15;14/09/2026 00:00:00;14/09/2026 00:00:00;1min 15s;RUA THEOPHILO GOMES DA COSTA, S/N, BARRA DE MARICA, MARICA-RJ, CEP: 24915585  - Tel: 21995337009;
MARILENE SOARES DE OLIVEIRA;False;;F;15/10/1976 00:00:00;49;705404481844894;Consulta de Enfermagem;LUCIANA DOS SANTOS AZEVEDO SOARES; M545 - DOR LOMBAR BAIXA;<procedimento>, CONSULTA DE PROFISSIONAIS DE NIVEL SUPERIOR NA ATENCAO PRIMARIA (EXCETO MEDICO)</procedimento>;<procedimento>  0301010030 - CONSULTA DE PROFISSIONAIS DE NIVEL SUPERIOR NA ATENCAO PRIMARIA (EXCETO MEDICO) - Quantidade: 1
</procedimento>;N;;;N;Espontanea;14/09/2026 17:10:50;14/09/2026 00:00:00;14/09/2026 00:00:00;2min 38s;RODOVIA VEREADOR OLDEMAR GUEDES FIGUEIREDO, S/N, LAGARTO, MARICA-RJ, CEP: 24907000  - Tel: 21999447159;
DEBORA DA SILVA;False;;F;22/11/1963 00:00:00;62;707004889391233;Consulta de Enfermagem;LUCIANA DOS SANTOS AZEVEDO SOARES; M545 - DOR LOMBAR BAIXA;<procedimento>, CONSULTA DE PROFISSIONAIS DE NIVEL SUPERIOR NA ATENCAO PRIMARIA (EXCETO MEDICO)</procedimento>;<procedimento>  0301010030 - CONSULTA DE PROFISSIONAIS DE NIVEL SUPERIOR NA ATENCAO PRIMARIA (EXCETO MEDICO) - Quantidade: 1
</procedimento>;N;;;N;Espontanea;14/09/2026 17:13:34;14/09/2026 00:00:00;14/09/2026 00:00:00;1min 17s;RUA LEONARDO JOSE ANTUNES, S/N, STC BL10 AP003, INOA (INOA), MARICA-RJ, CEP: 24943255  - Tel: 21968643189;
RAFAEL BEZERRA DA SILVA;False;;M;28/11/1982 00:00:00;43;702504311673139;Consulta de Enfermagem;LUCIANA DOS SANTOS AZEVEDO SOARES; M545 - DOR LOMBAR BAIXA;<procedimento>, CONSULTA DE PROFISSIONAIS DE NIVEL SUPERIOR NA ATENCAO PRIMARIA (EXCETO MEDICO)</procedimento>;<procedimento>  0301010030 - CONSULTA DE PROFISSIONAIS DE NIVEL SUPERIOR NA ATENCAO PRIMARIA (EXCETO MEDICO) - Quantidade: 1
</procedimento>;N;;;N;Espontanea;14/09/2026 17:14:47;14/09/2026 00:00:00;14/09/2026 00:00:00;1min 22s;RUA WALDIR TAVARES GUAPYASSU DE SA, S/N, QD 261 LT 25 C2, JARDIM ATLANTICO CENTRAL (ITAIPUACU), MARICA-RJ, CEP: 24934135  - Tel: 21971516875;
ANA CLAUDIA DA ROSA DA SILVA;False;;F;04/01/1974 00:00:00;52;704000891885169;Consulta de Enfermagem;LUCIANA DOS SANTOS AZEVEDO SOARES; M545 - DOR LOMBAR BAIXA;<procedimento>, CONSULTA DE PROFISSIONAIS DE NIVEL SUPERIOR NA ATENCAO PRIMARIA (EXCETO MEDICO)</procedimento>;<procedimento>  0301010030 - CONSULTA DE PROFISSIONAIS DE NIVEL SUPERIOR NA ATENCAO PRIMARIA (EXCETO MEDICO) - Quantidade: 1
</procedimento>;N;;;N;Espontanea;14/09/2026 17:15:53;14/09/2026 00:00:00;14/09/2026 00:00:00;1min 40s;RUA DR CLEZIO RIBEIRO, 12, QD LT CS, SAO JOSE DE IMBASSAI, MARICA-RJ, CEP: 24910000  - Tel: 21997878947;
NORIVAL MIRANDA;False;;M;17/08/1962 00:00:00;64;700302920189133;Consulta de Enfermagem;MAURO BATISTA DE BARROS; R60  - EDEMA NAO CLASSIFICADO EM OUTRA PARTE, T140 - TRAUMATISMO SUPERFICIAL DE REGIAO NAO ESPECIFICADA DO CORPO;<procedimento>, AFERICAO DE PRESSAO ARTERIAL</procedimento><procedimento>, CONSULTA DE PROFISSIONAIS DE NIVEL SUPERIOR NA ATENCAO ESPECIALIZADA (EXCETO MEDICO)</procedimento><procedimento>, CURATIVO ESPECIAL</procedimento><procedimento>, GLICEMIA CAPILAR</procedimento>;<procedimento>  0214010015 - GLICEMIA CAPILAR - Quantidade: 1
</procedimento><procedimento>  0301010048 - CONSULTA DE PROFISSIONAIS DE NIVEL SUPERIOR NA ATENCAO ESPECIALIZADA (EXCETO MEDICO) - Quantidade: 1
</procedimento><procedimento>  0301100039 - AFERICAO DE PRESSAO ARTERIAL - Quantidade: 1
</procedimento><procedimento>  0301100276 - CURATIVO ESPECIAL - Quantidade: 1
</procedimento>;N;;;N;Programada;15/09/2026 07:48:26;15/09/2026 00:00:00;15/09/2026 00:00:00;47min 26s;RUA QUARENTA E TRES, S/N, QDA249 LT5, JARDIM ATLANTICO CENTRAL (ITAIPUACU), MARICA-RJ, CEP: 24934555  - Tel: 21987810577;
FATIMA PEREIRA DE ANDRADE;False;;F;19/02/1955 00:00:00;71;706300720703876;Procedimento;VERONICA NASCIMENTO DA COSTA;;<procedimento>, ESCUTA INICIAL / ORIENTACAO (ACOLHIMENTO A DEMANDA ESPONTANEA)</procedimento>;<procedimento>  0301040079 - ESCUTA INICIAL / ORIENTACAO (ACOLHIMENTO A DEMANDA ESPONTANEA) - Quantidade: 1
</procedimento>;;;;;Espontanea;15/09/2026 07:54:09;15/09/2026 00:00:00;15/09/2026 00:00:00;29s;ESTRADA MARIA OLYMPIA ALCANTARA, 28, CAJU (PONTA NEGRA), MARICA-RJ, CEP: 24918000  - Tel: 21998823956;
FATIMA PEREIRA DE ANDRADE;False;;F;19/02/1955 00:00:00;71;706300720703876;Consulta c/ Cardiologista;ANDRE LUIZ TELLES FARAH; I10  - HIPERTENSAO ESSENCIAL (PRIMARIA);<procedimento>, CONSULTA MEDICA EM ATENCAO ESPECIALIZADA</procedimento>;<procedimento>  0301010072 - CONSULTA MEDICA EM ATENCAO ESPECIALIZADA - Quantidade: 1
</procedimento>;S;ECOCARDIOGRAFIA TRANSTORACICA
MONITORIZACAO AMBULATORIAL DE PRESSAO ARTERIAL (M A P A)
MONITORAMENTO PELO SISTEMA HOLTER 24 HS (3 CANAIS)
;;N;Programada;15/09/2026 08:31:01;15/09/2026 00:00:00;15/09/2026 00:00:00;6min 23s;ESTRADA MARIA OLYMPIA ALCANTARA, 28, CAJU (PONTA NEGRA), MARICA-RJ, CEP: 24918000  - Tel: 21998823956;
JOSE NUNES DO NASCIMENTO;False;;M;01/12/1949 00:00:00;76;700206942858423;Consulta de Enfermagem;MAURO BATISTA DE BARROS; T140 - TRAUMATISMO SUPERFICIAL DE REGIAO NAO ESPECIFICADA DO CORPO, I87  - TRANSTORNOS DAS VEIAS, R60  - EDEMA NAO CLASSIFICADO EM OUTRA PARTE;<procedimento>, AFERICAO DE PRESSAO ARTERIAL</procedimento><procedimento>, CONSULTA DE PROFISSIONAIS DE NIVEL SUPERIOR NA ATENCAO ESPECIALIZADA (EXCETO MEDICO)</procedimento><procedimento>, CURATIVO ESPECIAL</procedimento><procedimento>, GLICEMIA CAPILAR</procedimento>;<procedimento>  0214010015 - GLICEMIA CAPILAR - Quantidade: 1
</procedimento><procedimento>  0301010048 - CONSULTA DE PROFISSIONAIS DE NIVEL SUPERIOR NA ATENCAO ESPECIALIZADA (EXCETO MEDICO) - Quantidade: 1
</procedimento><procedimento>  0301100039 - AFERICAO DE PRESSAO ARTERIAL - Quantidade: 1
</procedimento><procedimento>  0301100276 - CURATIVO ESPECIAL - Quantidade: 1
</procedimento>;N;;;N;Programada;15/09/2026 08:35:45;15/09/2026 00:00:00;15/09/2026 00:00:00;16min 50s;RUA SETE, S/N, LT 1QD13, CORDEIRINHO (PONTA NEGRA), MARICA-RJ, CEP: 24921636  - Tel: 21996830872;
ANDRE CARLOS DA SILVA;False;;M;13/12/1979 00:00:00;46;898004220407113;Consulta c/ Cardiologista;ANDRE LUIZ TELLES FARAH; R001 - BRADICARDIA NAO ESPECIFICADA;<procedimento>, CONSULTA MEDICA EM ATENCAO ESPECIALIZADA</procedimento>;<procedimento>  0301010072 - CONSULTA MEDICA EM ATENCAO ESPECIALIZADA - Quantidade: 1
</procedimento>;S;ECOCARDIOGRAFIA TRANSTORACICA
TESTE DE ESFORCO / TESTE ERGOMETRICO
MONITORAMENTO PELO SISTEMA HOLTER 24 HS (3 CANAIS)
;;N;Programada;15/09/2026 08:37:30;15/09/2026 00:00:00;15/09/2026 00:00:00;6min 4s;RUA DAS ACACIAS, S/N, CENTRO, MARICA-RJ, CEP: 24900001  - Tel: 21971734172;
CRISTIANE DE FREITAS QUARESMA DE AZEVEDO;False;;F;12/11/1972 00:00:00;53;708503308201378;Consulta de Enfermagem;ELAINE APARECIDA DE SOUZA; K92  - DOENCAS DO APARELHO DIGESTIVO;<procedimento>, BARREIRAS PROTETORAS DE PELE SINTETICA E/OU MISTA EM FORMA DE PO / PASTA E/OU PLACA</procedimento><procedimento>, CONJUNTO DE PLACA E BOLSA PARA OSTOMA INTESTINAL</procedimento><procedimento>, CONSULTA DE PROFISSIONAIS DE NIVEL SUPERIOR NA ATENCAO ESPECIALIZADA (EXCETO MEDICO)</procedimento><procedimento>, CONSULTA DE PROFISSIONAIS DE NIVEL SUPERIOR NA ATENCAO PRIMARIA (EXCETO MEDICO)</procedimento><procedimento>, CUIDADOS COM ESTOMAS</procedimento>;<procedimento>  0301010030 - CONSULTA DE PROFISSIONAIS DE NIVEL SUPERIOR NA ATENCAO PRIMARIA (EXCETO MEDICO) - Quantidade: 1
</procedimento><procedimento>  0301010048 - CONSULTA DE PROFISSIONAIS DE NIVEL SUPERIOR NA ATENCAO ESPECIALIZADA (EXCETO MEDICO) - Quantidade: 1
</procedimento><procedimento>  0301100063 - CUIDADOS COM ESTOMAS - Quantidade: 1
</procedimento><procedimento>  0701050047 - CONJUNTO DE PLACA E BOLSA PARA OSTOMA INTESTINAL - Quantidade: 7
</procedimento><procedimento>  0701060018 - BARREIRAS PROTETORAS DE PELE SINTETICA E/OU MISTA EM FORMA DE PO / PASTA E/OU PLACA - Quantidade: 1
</procedimento>;N;;;N;Programada;15/09/2026 08:40:08;15/09/2026 00:00:00;15/09/2026 00:00:00;21min 0s;RUA ADELAIDE BEZERRA, S/N, CENTRO, MARICA-RJ, CEP: 24900800  - Tel: 21996522188;
IVANILDO SANTOS DE AZEVEDO;False;;M;08/06/1969 00:00:00;57;709207279393639;Consulta c/ Cardiologista;ANDRE LUIZ TELLES FARAH; I10  - HIPERTENSAO ESSENCIAL (PRIMARIA), I447 - BLOQUEIO DE RAMO ESQUERDO NAO ESPECIFICADO;<procedimento>, CONSULTA MEDICA EM ATENCAO ESPECIALIZADA</procedimento>;<procedimento>  0301010072 - CONSULTA MEDICA EM ATENCAO ESPECIALIZADA - Quantidade: 1
</procedimento>;N;;;N;Programada;15/09/2026 08:48:16;15/09/2026 00:00:00;15/09/2026 00:00:00;7min 23s;RUA TENENTE-CORONEL-AVIADOR PAULO ROBERTO DE SOUZA MACHADO, S/N, MORADOR SOCIAL, CENTRO, MARICA-RJ, CEP: 24901120  - Tel: 21971148516;
WANDA SANTOS DE SOUZA;False;;F;31/07/1960 00:00:00;66;708104591531634;Consulta c/ Cardiologista;ANDRE LUIZ TELLES FARAH; Z954 - PRESENCA DE OUTRAS SUBSTITUICOES VALVARES CARDIACAS;<procedimento>, CONSULTA MEDICA EM ATENCAO ESPECIALIZADA</procedimento>;<procedimento>  0301010072 - CONSULTA MEDICA EM ATENCAO ESPECIALIZADA - Quantidade: 1
</procedimento>;S;ECOCARDIOGRAFIA TRANSTORACICA
;;N;Programada;15/09/2026 08:57:24;15/09/2026 00:00:00;15/09/2026 00:00:00;7min 39s;RUA RUA SETE DE SETEMBRO, 7, SAO JOSE DE IMBASSAI, MARICA-RJ, CEP: 24900000  - Tel: 6133152425;
ALBERVANIA OLIVEIRA BENEDITO;False;;F;04/03/1964 00:00:00;62;704508383045819;Procedimento;RENATO ROQUE DE ANDRADE;;<procedimento>, MAMOGRAFIA BILATERAL PARA RASTREAMENTO</procedimento>;<procedimento>  0204030188 - MAMOGRAFIA BILATERAL PARA RASTREAMENTO - Quantidade: 1
</procedimento>;;;;;Espontanea;15/09/2026 11:43:38;15/09/2026 00:00:00;15/09/2026 00:00:00;0s;RUA DAS ORQUIDEAS, S/N, CALABOCA (INOA), MARICA-RJ, CEP: 24944060  - Tel: 21982443931;
AMARISI RIBEIRO DA SILVA;False;;F;01/01/1968 00:00:00;58;700408101711350;Procedimento;RENATO ROQUE DE ANDRADE;;<procedimento>, MAMOGRAFIA BILATERAL PARA RASTREAMENTO</procedimento>;<procedimento>  0204030188 - MAMOGRAFIA BILATERAL PARA RASTREAMENTO - Quantidade: 1
</procedimento>;;;;;Espontanea;15/09/2026 11:44:48;15/09/2026 00:00:00;15/09/2026 00:00:00;0s;RUA HEROTIDES DA COSTA BEZERRA, 38, CASA 01, SPAR (INOA), MARICA-RJ, CEP: 24944272  - Tel: 2126361314;
ANDRE CARLOS DA SILVA;False;;M;13/12/1979 00:00:00;46;898004220407113;Procedimento;ANDRE LUIZ TELLES FARAH;;<procedimento>, ELETROCARDIOGRAMA</procedimento>;<procedimento>  0211020036 - ELETROCARDIOGRAMA - Quantidade: 1
</procedimento>;;;;;Espontanea;15/09/2026 09:51:02;15/09/2026 00:00:00;15/09/2026 00:00:00;0s;RUA DAS ACACIAS, S/N, CENTRO, MARICA-RJ, CEP: 24900001  - Tel: 21971734172;
ANGELICA HENRIQUE DA SILVA;False;;F;31/10/1984 00:00:00;41;704107161945077;Procedimento;RENATO ROQUE DE ANDRADE;;<procedimento>, MAMOGRAFIA BILATERAL PARA RASTREAMENTO</procedimento>;<procedimento>  0204030188 - MAMOGRAFIA BILATERAL PARA RASTREAMENTO - Quantidade: 1
</procedimento>;;;;;Espontanea;15/09/2026 11:49:16;15/09/2026 00:00:00;15/09/2026 00:00:00;0s;RUA PERI, S/N, ITAOCAIA VALLEY (ITAIPUACU), MARICA-RJ, CEP: 24938870  - Tel: 21992057034;
CARLOS HENRIQUE DO AMARAL PEREIRA;False;;M;29/12/1967 00:00:00;58;705002280937455;Procedimento;CLAUDIA FREIXO SEIXAS IOCKEN;;<procedimento>, DENSITOMETRIA OSSEA DUO-ENERGETICA DE COLUNA (VERTEBRAS LOMBARES E/OU FEMUR)</procedimento>;<procedimento>  0204060028 - DENSITOMETRIA OSSEA DUO-ENERGETICA DE COLUNA (VERTEBRAS LOMBARES E/OU FEMUR) - Quantidade: 1
</procedimento>;;;;;Espontanea;15/09/2026 16:58:00;15/09/2026 00:00:00;15/09/2026 00:00:00;0s;RUA JOSE LUIS DA COSTA, 32, QD M, FLAMENGO, MARICA-RJ, CEP: 24903645  - Tel: 21998103034;
DALVA FRANCA CORREA;False;;F;17/07/1961 00:00:00;65;706703584523815;Procedimento;RENATO ROQUE DE ANDRADE;;<procedimento>, MAMOGRAFIA BILATERAL PARA RASTREAMENTO</procedimento>;<procedimento>  0204030188 - MAMOGRAFIA BILATERAL PARA RASTREAMENTO - Quantidade: 1
</procedimento>;;;;;Espontanea;15/09/2026 11:48:07;15/09/2026 00:00:00;15/09/2026 00:00:00;0s;RUA B, 8, LT 8 QD 8, SAO JOSE DO IMBASSAI, MARICA-RJ, CEP: 24931340  - Tel: 21992531358;
DJANIRA MARIA DOS PASSOS RAMOS;False;;F;11/11/1968 00:00:00;57;704303552321793;Procedimento;RENATO ROQUE DE ANDRADE;;<procedimento>, MAMOGRAFIA BILATERAL PARA RASTREAMENTO</procedimento>;<procedimento>  0204030188 - MAMOGRAFIA BILATERAL PARA RASTREAMENTO - Quantidade: 1
</procedimento>;;;;;Espontanea;15/09/2026 15:24:54;15/09/2026 00:00:00;15/09/2026 00:00:00;0s;RUA DOZE, 1, QD 08 LT 26, SANTA PAULA (INOA), MARICA-RJ, CEP: 24944438  - Tel: 21995473575;
IVALTER FERREIRA DE SOUZA;False;;M;25/05/1942 00:00:00;84;700105902171613;Procedimento;ANDRE LUIZ TELLES FARAH;;<procedimento>, ELETROCARDIOGRAMA</procedimento>;<procedimento>  0211020036 - ELETROCARDIOGRAMA - Quantidade: 1
</procedimento>;;;;;Espontanea;15/09/2026 15:55:35;15/09/2026 00:00:00;15/09/2026 00:00:00;0s;RUA SETENTA E OITO, S/N, LT 35 QD 107, BALNEARIO BAMBUI (PONTA NEGRA), MARICA-RJ, CEP: 24920695  - Tel: 21987807120;
IVANILDO SANTOS DE AZEVEDO;False;;M;08/06/1969 00:00:00;57;709207279393639;Procedimento;ANDRE LUIZ TELLES FARAH;;<procedimento>, ELETROCARDIOGRAMA</procedimento>;<procedimento>  0211020036 - ELETROCARDIOGRAMA - Quantidade: 1
</procedimento>;;;;;Espontanea;15/09/2026 09:53:24;15/09/2026 00:00:00;15/09/2026 00:00:00;0s;RUA TENENTE-CORONEL-AVIADOR PAULO ROBERTO DE SOUZA MACHADO, S/N, MORADOR SOCIAL, CENTRO, MARICA-RJ, CEP: 24901120  - Tel: 21971148516;
JOSE LUIZ SOARES;False;;M;10/04/1954 00:00:00;72;708409258580768;Procedimento;SERGIO RICARDO DUARTE MOUTINHO;;<procedimento>, MONITORAMENTO PELO SISTEMA HOLTER 24 HS (3 CANAIS)</procedimento>;<procedimento>  0211020044 - MONITORAMENTO PELO SISTEMA HOLTER 24 HS (3 CANAIS) - Quantidade: 1
</procedimento>;;;;;Espontanea;15/09/2026 10:30:54;15/09/2026 00:00:00;15/09/2026 00:00:00;0s;ESTRADA DUAS AGUAS, S/N, --, ESPRAIADO (PONTA NEGRA), MARICA-RJ, CEP: 24928150  - Tel: 21996479358;
JOSE LUIZ SOARES;False;;M;10/04/1954 00:00:00;72;708409258580768;Procedimento;SERGIO RICARDO DUARTE MOUTINHO;;<procedimento>, MONITORAMENTO PELO SISTEMA HOLTER 24 HS (3 CANAIS)</procedimento>;<procedimento>  0211020044 - MONITORAMENTO PELO SISTEMA HOLTER 24 HS (3 CANAIS) - Quantidade: 1
</procedimento>;;;;;Espontanea;16/09/2026 08:51:18;15/09/2026 00:00:00;15/09/2026 00:00:00;0s;ESTRADA DUAS AGUAS, S/N, --, ESPRAIADO (PONTA NEGRA), MARICA-RJ, CEP: 24928150  - Tel: 21996479358;
MARCIO JOAO FERREIRA;False;;M;13/06/1999 00:00:00;27;898006365384523;Procedimento;SERGIO RICARDO DUARTE MOUTINHO;;<procedimento>, MONITORAMENTO PELO SISTEMA HOLTER 24 HS (3 CANAIS)</procedimento>;<procedimento>  0211020044 - MONITORAMENTO PELO SISTEMA HOLTER 24 HS (3 CANAIS) - Quantidade: 1
</procedimento>;;;;;Espontanea;16/09/2026 08:52:20;15/09/2026 00:00:00;15/09/2026 00:00:00;0s;RUA LEVI RIBEIRO 1/99998, 211, L30 Q 23, ARACATIBA, MARICA-RJ, CEP: 24900840  - Tel: 21973684262;
MARCIO JOAO FERREIRA;False;;M;13/06/1999 00:00:00;27;898006365384523;Procedimento;SERGIO RICARDO DUARTE MOUTINHO;;<procedimento>, MONITORAMENTO PELO SISTEMA HOLTER 24 HS (3 CANAIS)</procedimento>;<procedimento>  0211020044 - MONITORAMENTO PELO SISTEMA HOLTER 24 HS (3 CANAIS) - Quantidade: 1
</procedimento>;;;;;Espontanea;15/09/2026 10:30:09;15/09/2026 00:00:00;15/09/2026 00:00:00;0s;RUA LEVI RIBEIRO 1/99998, 211, L30 Q 23, ARACATIBA, MARICA-RJ, CEP: 24900840  - Tel: 21973684262;
MARIA DOS ANJOS RUPERTI;False;;F;12/07/1946 00:00:00;80;701001800389798;Procedimento;ANDRE LUIZ TELLES FARAH;;<procedimento>, ELETROCARDIOGRAMA</procedimento>;<procedimento>  0211020036 - ELETROCARDIOGRAMA - Quantidade: 1
</procedimento>;;;;;Espontanea;15/09/2026 09:46:59;15/09/2026 00:00:00;15/09/2026 00:00:00;0s;RUA EURIPEDES RANGEL DE FIGUEIREDO, 14, CASA 6 QUADRA H, SAO JOSE DO IMBASSAI, MARICA-RJ, CEP: 24931835  - Tel: 21994078405;
SANDRA LUCIA RIBEIRO DOS SANTOS;False;;F;05/09/1962 00:00:00;64;700805912454182;Procedimento;RENATO ROQUE DE ANDRADE;;<procedimento>, MAMOGRAFIA BILATERAL PARA RASTREAMENTO</procedimento>;<procedimento>  0204030188 - MAMOGRAFIA BILATERAL PARA RASTREAMENTO - Quantidade: 1
</procedimento>;;;;;Espontanea;15/09/2026 11:52:38;15/09/2026 00:00:00;15/09/2026 00:00:00;0s;RUA WALDIR LOPES DUARTE, S/N, LT 06 CS 03, JARDIM ATLANTICO CENTRAL (ITAIPUACU), MARICA-RJ, CEP: 24934535  - Tel: 21986314041;
SANDRA REGINA ANACLETO PLACIDO;False;;F;28/08/1966 00:00:00;60;708709127994493;Procedimento;RENATO ROQUE DE ANDRADE;;<procedimento>, MAMOGRAFIA BILATERAL PARA RASTREAMENTO</procedimento>;<procedimento>  0204030188 - MAMOGRAFIA BILATERAL PARA RASTREAMENTO - Quantidade: 1
</procedimento>;;;;;Espontanea;15/09/2026 11:47:04;15/09/2026 00:00:00;15/09/2026 00:00:00;0s;RUA UM, S/N, QD 04  LT 31, SPAR (INOA), MARICA-RJ, CEP: 24944244  - Tel: 21996018992;
SELMA ANDRADE DA CONCEICAO;False;;F;17/05/1978 00:00:00;48;701303681758530;Procedimento;RENATO ROQUE DE ANDRADE;;<procedimento>, MAMOGRAFIA BILATERAL PARA RASTREAMENTO</procedimento>;<procedimento>  0204030188 - MAMOGRAFIA BILATERAL PARA RASTREAMENTO - Quantidade: 1
</procedimento>;;;;;Espontanea;15/09/2026 11:54:09;15/09/2026 00:00:00;15/09/2026 00:00:00;0s;RUA DOS QUINTANILHAS, S/N, QD A LT 06, CENTRO, MARICA-RJ, CEP: 24900155  - Tel: 21974594201;
SONIA REGINA ALVES BARBOZA;False;;F;07/10/1972 00:00:00;53;705002898561857;Procedimento;RENATO ROQUE DE ANDRADE;;<procedimento>, MAMOGRAFIA BILATERAL PARA RASTREAMENTO</procedimento>;<procedimento>  0204030188 - MAMOGRAFIA BILATERAL PARA RASTREAMENTO - Quantidade: 1
</procedimento>;;;;;Espontanea;15/09/2026 11:51:27;15/09/2026 00:00:00;15/09/2026 00:00:00;0s;RUA OITENTA, S/N, QD 416 LT 43, JARDIM ATLANTICO LESTE (ITAIPUACU), MARICA-RJ, CEP: 24933505  - Tel: 21983161034;
SUELI CONCEICAO ALVES GUIMARAES;False;;F;23/03/1951 00:00:00;75;707806630856710;Procedimento;SERGIO RICARDO DUARTE MOUTINHO;;<procedimento>, MONITORAMENTO PELO SISTEMA HOLTER 24 HS (3 CANAIS)</procedimento>;<procedimento>  0211020044 - MONITORAMENTO PELO SISTEMA HOLTER 24 HS (3 CANAIS) - Quantidade: 1
</procedimento>;;;;;Espontanea;16/09/2026 08:53:01;15/09/2026 00:00:00;15/09/2026 00:00:00;0s;RUA NOVENTA E DOIS, S/N, LOTE28 QUADRA129, CORDEIRINHO, MARICA-RJ, CEP: 24921456  - Tel: 21988262838;
VERA LUCIA DA SILVA ALBUQUERQUE;False;;F;27/08/1963 00:00:00;63;702605298476045;Procedimento;ANDRE LUIZ TELLES FARAH;;<procedimento>, ELETROCARDIOGRAMA</procedimento>;<procedimento>  0211020036 - ELETROCARDIOGRAMA - Quantidade: 1
</procedimento>;;;;;Espontanea;15/09/2026 09:52:07;15/09/2026 00:00:00;15/09/2026 00:00:00;0s;RUA OITENTA E TRES, S/N, LOTE10-DRA113, BALNEARIO BAMBUI (PONTA NEGRA), MARICA-RJ, CEP: 24920715  - Tel: 21995622607;
WANDA SANTOS DE SOUZA;False;;F;31/07/1960 00:00:00;66;708104591531634;Procedimento;JOSE HIPOLITO DE GODOY E OLIVEIRA;;<procedimento>, ELETROCARDIOGRAMA</procedimento>;<procedimento>  0211020036 - ELETROCARDIOGRAMA - Quantidade: 1
</procedimento>;;;;;Espontanea;15/09/2026 09:49:43;15/09/2026 00:00:00;15/09/2026 00:00:00;0s;RUA RUA SETE DE SETEMBRO, 7, SAO JOSE DE IMBASSAI, MARICA-RJ, CEP: 24900000  - Tel: 6133152425;
PAULO ROBERTO CERQUEIRA;False;;M;05/01/1956 00:00:00;70;700506520393355;Consulta c/ Cardiologista;ANDRE LUIZ TELLES FARAH; I10  - HIPERTENSAO ESSENCIAL (PRIMARIA), I48  - FLUTTER E FIBRILACAO ATRIAL;<procedimento>, CONSULTA MEDICA EM ATENCAO ESPECIALIZADA</procedimento>;<procedimento>  0301010072 - CONSULTA MEDICA EM ATENCAO ESPECIALIZADA - Quantidade: 1
</procedimento>;S;ECOCARDIOGRAFIA TRANSTORACICA
MONITORAMENTO PELO SISTEMA HOLTER 24 HS (3 CANAIS)
;;N;Programada;15/09/2026 09:06:00;15/09/2026 00:00:00;15/09/2026 00:00:00;12min 37s;RUA CINQUENTA E SETE, S/N, LT 01 QD 66, BALNEARIO BAMBUI (PONTA NEGRA), MARICA-RJ, CEP: 24920435  - Tel: 21992098851;
IRANI DA SILVA FERREIRA;False;;F;26/08/1953 00:00:00;73;704700720557837;Consulta de Enfermagem;MAURO BATISTA DE BARROS; R60  - EDEMA NAO CLASSIFICADO EM OUTRA PARTE;<procedimento>, AFERICAO DE PRESSAO ARTERIAL</procedimento><procedimento>, CONSULTA DE PROFISSIONAIS DE NIVEL SUPERIOR NA ATENCAO ESPECIALIZADA (EXCETO MEDICO)</procedimento><procedimento>, CURATIVO ESPECIAL</procedimento><procedimento>, GLICEMIA CAPILAR</procedimento>;<procedimento>  0214010015 - GLICEMIA CAPILAR - Quantidade: 1
</procedimento><procedimento>  0301010048 - CONSULTA DE PROFISSIONAIS DE NIVEL SUPERIOR NA ATENCAO ESPECIALIZADA (EXCETO MEDICO) - Quantidade: 1
</procedimento><procedimento>  0301100039 - AFERICAO DE PRESSAO ARTERIAL - Quantidade: 1
</procedimento><procedimento>  0301100276 - CURATIVO ESPECIAL - Quantidade: 1
</procedimento>;N;;;N;Programada;15/09/2026 09:08:54;15/09/2026 00:00:00;15/09/2026 00:00:00;23min 2s;RUA DE JACONE, 18, CS, PONTA NEGRA, MARICA-RJ, CEP: 24900001  - Tel: 6133152425;
WALTER DE PAULA CRUZ;False;;M;21/04/1972 00:00:00;54;706402699092088;Consulta c/ Cardiologista;ANDRE LUIZ TELLES FARAH; I10  - HIPERTENSAO ESSENCIAL (PRIMARIA);<procedimento>, CONSULTA MEDICA EM ATENCAO ESPECIALIZADA</procedimento>;<procedimento>  0301010072 - CONSULTA MEDICA EM ATENCAO ESPECIALIZADA - Quantidade: 1
</procedimento>;S;ECOCARDIOGRAFIA TRANSTORACICA
TESTE DE ESFORCO / TESTE ERGOMETRICO
;;N;Programada;15/09/2026 09:19:33;15/09/2026 00:00:00;15/09/2026 00:00:00;13min 35s;RUA OITENTA E DOIS, S/N, QD 429 LT 46, JARDIM ATLANTICO LESTE (ITAIPUACU), MARICA-RJ, CEP: 24933480  - Tel: 21972399471;
SILVIO FRANCISCO DE MELO;False;;M;27/06/1964 00:00:00;62;700603953640762;Consulta de Enfermagem;ELAINE APARECIDA DE SOUZA; K92  - DOENCAS DO APARELHO DIGESTIVO;<procedimento>, CONSULTA DE PROFISSIONAIS DE NIVEL SUPERIOR NA ATENCAO ESPECIALIZADA (EXCETO MEDICO)</procedimento>;<procedimento>  0301010048 - CONSULTA DE PROFISSIONAIS DE NIVEL SUPERIOR NA ATENCAO ESPECIALIZADA (EXCETO MEDICO) - Quantidade: 1
</procedimento>;N;;;N;Programada;15/09/2026 09:21:53;15/09/2026 00:00:00;15/09/2026 00:00:00;10min 0s;RUA MINAS GERAIS, 2, casa, PONTA NEGRA (PONTA NEGRA), MARICA-RJ, CEP: 24923090  - Tel: 21987418959;
CLAUDECI RAMOS DOS SANTOS;False;;M;25/02/1964 00:00:00;62;702801110332061;Consulta de Enfermagem;ELAINE APARECIDA DE SOUZA; K92  - DOENCAS DO APARELHO DIGESTIVO;<procedimento>, BARREIRAS PROTETORAS DE PELE SINTETICA E/OU MISTA EM FORMA DE PO / PASTA E/OU PLACA</procedimento><procedimento>, CONJUNTO DE PLACA E BOLSA PARA OSTOMA INTESTINAL</procedimento><procedimento>, CONSULTA DE PROFISSIONAIS DE NIVEL SUPERIOR NA ATENCAO ESPECIALIZADA (EXCETO MEDICO)</procedimento>;<procedimento>  0301010048 - CONSULTA DE PROFISSIONAIS DE NIVEL SUPERIOR NA ATENCAO ESPECIALIZADA (EXCETO MEDICO) - Quantidade: 1
</procedimento><procedimento>  0701050047 - CONJUNTO DE PLACA E BOLSA PARA OSTOMA INTESTINAL - Quantidade: 1
</procedimento><procedimento>  0701060018 - BARREIRAS PROTETORAS DE PELE SINTETICA E/OU MISTA EM FORMA DE PO / PASTA E/OU PLACA - Quantidade: 1
</procedimento>;N;;;N;Programada;15/09/2026 09:22:18;15/09/2026 00:00:00;15/09/2026 00:00:00;14min 0s;RUA PAULINO JOSE DE SOUZA, S/N, QUADRA 3, BANANAL (PONTA NEGRA), MARICA-RJ, CEP: 24925550  - Tel: 21996427193;
ELZA CRISTINA DE ARAUJO;False;;F;09/01/1968 00:00:00;58;702303528462920;Consulta de Enfermagem;ELAINE APARECIDA DE SOUZA; K92  - DOENCAS DO APARELHO DIGESTIVO;<procedimento>, BARREIRAS PROTETORAS DE PELE SINTETICA E/OU MISTA EM FORMA DE PO / PASTA E/OU PLACA</procedimento><procedimento>, CONJUNTO DE PLACA E BOLSA PARA OSTOMA INTESTINAL</procedimento><procedimento>, CONSULTA DE PROFISSIONAIS DE NIVEL SUPERIOR NA ATENCAO ESPECIALIZADA (EXCETO MEDICO)</procedimento><procedimento>, CUIDADOS COM ESTOMAS</procedimento>;<procedimento>  0301010048 - CONSULTA DE PROFISSIONAIS DE NIVEL SUPERIOR NA ATENCAO ESPECIALIZADA (EXCETO MEDICO) - Quantidade: 1
</procedimento><procedimento>  0301100063 - CUIDADOS COM ESTOMAS - Quantidade: 1
</procedimento><procedimento>  0701050047 - CONJUNTO DE PLACA E BOLSA PARA OSTOMA INTESTINAL - Quantidade: 10
</procedimento><procedimento>  0701060018 - BARREIRAS PROTETORAS DE PELE SINTETICA E/OU MISTA EM FORMA DE PO / PASTA E/OU PLACA - Quantidade: 1
</procedimento>;N;;;N;Programada;15/09/2026 09:36:33;15/09/2026 00:00:00;15/09/2026 00:00:00;25min 0s;RUA FERNANDO MENDES, 22, CASA 02, INOA (INOA), MARICA-RJ, CEP: 24942250  - Tel: 21966228160;
VERA LUCIA DA SILVA ALBUQUERQUE;False;;F;27/08/1963 00:00:00;63;702605298476045;Consulta c/ Cardiologista;ANDRE LUIZ TELLES FARAH; E14  - DIABETES MELLITUS NAO ESPECIFICADO, I694 - SEQUELAS DE ACIDENTE VASCULAR CEREBRAL NAO ESPECIFICADO COMO HEMORRAGICO OU ISQUEMICO, I10  - HIPERTENSAO ESSENCIAL (PRIMARIA);<procedimento>, CONSULTA MEDICA EM ATENCAO ESPECIALIZADA</procedimento>;<procedimento>  0301010072 - CONSULTA MEDICA EM ATENCAO ESPECIALIZADA - Quantidade: 1
</procedimento>;S;MONITORAMENTO PELO SISTEMA HOLTER 24 HS (3 CANAIS)
MONITORIZACAO AMBULATORIAL DE PRESSAO ARTERIAL (M A P A)
ECOCARDIOGRAFIA TRANSTORACICA
;;N;Programada;15/09/2026 09:40:32;15/09/2026 00:00:00;15/09/2026 00:00:00;11min 37s;RUA OITENTA E TRES, S/N, LOTE10-DRA113, BALNEARIO BAMBUI (PONTA NEGRA), MARICA-RJ, CEP: 24920715  - Tel: 21995622607;
MARIA DOS ANJOS RUPERTI;False;;F;12/07/1946 00:00:00;80;701001800389798;Consulta c/ Cardiologista;ANDRE LUIZ TELLES FARAH; I10  - HIPERTENSAO ESSENCIAL (PRIMARIA);<procedimento>, CONSULTA MEDICA EM ATENCAO ESPECIALIZADA</procedimento>;<procedimento>  0301010072 - CONSULTA MEDICA EM ATENCAO ESPECIALIZADA - Quantidade: 1
</procedimento>;S;ECOCARDIOGRAFIA TRANSTORACICA
MONITORIZACAO AMBULATORIAL DE PRESSAO ARTERIAL (M A P A)
;;N;Programada;15/09/2026 09:52:46;15/09/2026 00:00:00;15/09/2026 00:00:00;9min 53s;RUA EURIPEDES RANGEL DE FIGUEIREDO, 14, CASA 6 QUADRA H, SAO JOSE DO IMBASSAI, MARICA-RJ, CEP: 24931835  - Tel: 21994078405;
WALTER DE PAULA CRUZ;False;;M;21/04/1972 00:00:00;54;706402699092088;Procedimento;VERONICA NASCIMENTO DA COSTA;;<procedimento>, ESCUTA INICIAL / ORIENTACAO (ACOLHIMENTO A DEMANDA ESPONTANEA)</procedimento>;<procedimento>  0301040079 - ESCUTA INICIAL / ORIENTACAO (ACOLHIMENTO A DEMANDA ESPONTANEA) - Quantidade: 1
</procedimento>;;;;;Espontanea;15/09/2026 09:54:35;15/09/2026 00:00:00;15/09/2026 00:00:00;50s;RUA OITENTA E DOIS, S/N, QD 429 LT 46, JARDIM ATLANTICO LESTE (ITAIPUACU), MARICA-RJ, CEP: 24933480  - Tel: 21972399471;
MARIA DOS ANJOS RUPERTI;False;;F;12/07/1946 00:00:00;80;701001800389798;Procedimento;VERONICA NASCIMENTO DA COSTA;;<procedimento>, ESCUTA INICIAL / ORIENTACAO (ACOLHIMENTO A DEMANDA ESPONTANEA)</procedimento>;<procedimento>  0301040079 - ESCUTA INICIAL / ORIENTACAO (ACOLHIMENTO A DEMANDA ESPONTANEA) - Quantidade: 1
</procedimento>;;;;;Espontanea;15/09/2026 09:55:27;15/09/2026 00:00:00;15/09/2026 00:00:00;43s;RUA EURIPEDES RANGEL DE FIGUEIREDO, 14, CASA 6 QUADRA H, SAO JOSE DO IMBASSAI, MARICA-RJ, CEP: 24931835  - Tel: 21994078405;
ANDRE CARLOS DA SILVA;False;;M;13/12/1979 00:00:00;46;898004220407113;Procedimento;VERONICA NASCIMENTO DA COSTA;;<procedimento>, ESCUTA INICIAL / ORIENTACAO (ACOLHIMENTO A DEMANDA ESPONTANEA)</procedimento>;<procedimento>  0301040079 - ESCUTA INICIAL / ORIENTACAO (ACOLHIMENTO A DEMANDA ESPONTANEA) - Quantidade: 1
</procedimento>;;;;;Espontanea;15/09/2026 09:56:52;15/09/2026 00:00:00;15/09/2026 00:00:00;1min 13s;RUA DAS ACACIAS, S/N, CENTRO, MARICA-RJ, CEP: 24900001  - Tel: 21971734172;
VERA LUCIA DA SILVA ALBUQUERQUE;False;;F;27/08/1963 00:00:00;63;702605298476045;Procedimento;VERONICA NASCIMENTO DA COSTA;;<procedimento>, ESCUTA INICIAL / ORIENTACAO (ACOLHIMENTO A DEMANDA ESPONTANEA)</procedimento>;<procedimento>  0301040079 - ESCUTA INICIAL / ORIENTACAO (ACOLHIMENTO A DEMANDA ESPONTANEA) - Quantidade: 1
</procedimento>;;;;;Espontanea;15/09/2026 09:57:50;15/09/2026 00:00:00;15/09/2026 00:00:00;1min 13s;RUA OITENTA E TRES, S/N, LOTE10-DRA113, BALNEARIO BAMBUI (PONTA NEGRA), MARICA-RJ, CEP: 24920715  - Tel: 21995622607;
IVANILDO SANTOS DE AZEVEDO;False;;M;08/06/1969 00:00:00;57;709207279393639;Procedimento;VERONICA NASCIMENTO DA COSTA;;<procedimento>, ESCUTA INICIAL / ORIENTACAO (ACOLHIMENTO A DEMANDA ESPONTANEA)</procedimento>;<procedimento>  0301040079 - ESCUTA INICIAL / ORIENTACAO (ACOLHIMENTO A DEMANDA ESPONTANEA) - Quantidade: 1
</procedimento>;;;;;Espontanea;15/09/2026 09:59:19;15/09/2026 00:00:00;15/09/2026 00:00:00;52s;RUA TENENTE-CORONEL-AVIADOR PAULO ROBERTO DE SOUZA MACHADO, S/N, MORADOR SOCIAL, CENTRO, MARICA-RJ, CEP: 24901120  - Tel: 21971148516;
LUIZ FERNANDO DA CUNHA BRAZ;False;;M;01/10/1960 00:00:00;65;702100709557493;Consulta de Enfermagem;ELAINE APARECIDA DE SOUZA; K92  - DOENCAS DO APARELHO DIGESTIVO;<procedimento>, BARREIRAS PROTETORAS DE PELE SINTETICA E/OU MISTA EM FORMA DE PO / PASTA E/OU PLACA</procedimento><procedimento>, BOLSA DE COLOSTOMIA COM ADESIVO MICROPORO DRENAVEL</procedimento><procedimento>, CONSULTA DE PROFISSIONAIS DE NIVEL SUPERIOR NA ATENCAO ESPECIALIZADA (EXCETO MEDICO)</procedimento><procedimento>, CUIDADOS COM ESTOMAS</procedimento>;<procedimento>  0301010048 - CONSULTA DE PROFISSIONAIS DE NIVEL SUPERIOR NA ATENCAO ESPECIALIZADA (EXCETO MEDICO) - Quantidade: 1
</procedimento><procedimento>  0301100063 - CUIDADOS COM ESTOMAS - Quantidade: 1
</procedimento><procedimento>  0701050020 - BOLSA DE COLOSTOMIA COM ADESIVO MICROPORO DRENAVEL - Quantidade: 15
</procedimento><procedimento>  0701060018 - BARREIRAS PROTETORAS DE PELE SINTETICA E/OU MISTA EM FORMA DE PO / PASTA E/OU PLACA - Quantidade: 1
</procedimento>;N;;;N;Programada;15/09/2026 10:01:52;15/09/2026 00:00:00;15/09/2026 00:00:00;15min 0s;AVENIDA PREFEITO IVAN MUNDIN, 120, QD 05, ARACATIBA, MARICA-RJ, CEP: 24901435  - Tel: 21983315945;
LETICIA MARIA ACIOLY DE LIMA;False;;F;26/09/1954 00:00:00;71;702108737969390;Consulta c/ Cardiologista;ANDRE LUIZ TELLES FARAH; I49  - OUTRAS ARRITMIAS CARDIACAS, I10  - HIPERTENSAO ESSENCIAL (PRIMARIA);<procedimento>, CONSULTA MEDICA EM ATENCAO ESPECIALIZADA</procedimento>;<procedimento>  0301010072 - CONSULTA MEDICA EM ATENCAO ESPECIALIZADA - Quantidade: 1
</procedimento>;N;;;N;Programada;15/09/2026 10:02:20;15/09/2026 00:00:00;15/09/2026 00:00:00;11min 14s;RUA DO SOL, S/N, JARDIM ATLANTICO OESTE (ITAIPUACU), MARICA-RJ, CEP: 24935475  - Tel: 21981211198;
PATRICIA DE MORAES BAPTISTA;False;;F;01/04/1975 00:00:00;51;706006866172644;Procedimento;DEUSIMAR ALVES DE ARAUJO NOBRE;;<procedimento>, ESCUTA INICIAL / ORIENTACAO (ACOLHIMENTO A DEMANDA ESPONTANEA)</procedimento>;<procedimento>  0301040079 - ESCUTA INICIAL / ORIENTACAO (ACOLHIMENTO A DEMANDA ESPONTANEA) - Quantidade: 1
</procedimento>;;;;;Espontanea;15/09/2026 10:04:32;15/09/2026 00:00:00;15/09/2026 00:00:00;1min 14s;RUA DELSON BARBOSA DA COSTA, 73, LOTE08QUADRA154, FLAMENGO, MARICA-RJ, CEP: 24903785  - Tel: 21964421395;
MARCOS AURELIO DE MOURA PINHEIRO;False;;M;15/07/1960 00:00:00;66;703409219347100;Procedimento;DEUSIMAR ALVES DE ARAUJO NOBRE;;<procedimento>, ESCUTA INICIAL / ORIENTACAO (ACOLHIMENTO A DEMANDA ESPONTANEA)</procedimento>;<procedimento>  0301040079 - ESCUTA INICIAL / ORIENTACAO (ACOLHIMENTO A DEMANDA ESPONTANEA) - Quantidade: 1
</procedimento>;;;;;Espontanea;15/09/2026 10:05:38;15/09/2026 00:00:00;15/09/2026 00:00:00;47s;RUA OITO, S/N, LOTE307 QUADRA0, PINDOBAL (PONTA NEGRA), MARICA-RJ, CEP: 24919680  - Tel: 21969953660;
JOSE CARLOS MOTTA;False;;M;03/08/1957 00:00:00;69;707604218875495;Procedimento;DEUSIMAR ALVES DE ARAUJO NOBRE;;<procedimento>, ESCUTA INICIAL / ORIENTACAO (ACOLHIMENTO A DEMANDA ESPONTANEA)</procedimento>;<procedimento>  0301040079 - ESCUTA INICIAL / ORIENTACAO (ACOLHIMENTO A DEMANDA ESPONTANEA) - Quantidade: 1
</procedimento>;;;;;Espontanea;15/09/2026 10:06:46;15/09/2026 00:00:00;15/09/2026 00:00:00;54s;RUA TRES, S/N, QD 04 LT 38, CAXITO, MARICA-RJ, CEP: 24910505  - Tel: 21984456971;
SHIRLEI CATIA DE CASTRO COSTA RODRIGUES;False;;F;19/03/1965 00:00:00;61;700107939551012;Procedimento;DEUSIMAR ALVES DE ARAUJO NOBRE;;<procedimento>, ESCUTA INICIAL / ORIENTACAO (ACOLHIMENTO A DEMANDA ESPONTANEA)</procedimento>;<procedimento>  0301040079 - ESCUTA INICIAL / ORIENTACAO (ACOLHIMENTO A DEMANDA ESPONTANEA) - Quantidade: 1
</procedimento>;;;;;Espontanea;15/09/2026 10:06:19;15/09/2026 00:00:00;15/09/2026 00:00:00;27s;RODOVIA ERNANI DO AMARAL PEIXOTO, 30257, LT 03 QD 7, FLAMENGO, MARICA-RJ, CEP: 24904100  - Tel: 21988333913;
ANA LIDIA RANGEL FERREIRA;False;;F;09/02/2010 00:00:00;16;700809471791283;Procedimento;DEUSIMAR ALVES DE ARAUJO NOBRE;;<procedimento>, ESCUTA INICIAL / ORIENTACAO (ACOLHIMENTO A DEMANDA ESPONTANEA)</procedimento>;<procedimento>  0301040079 - ESCUTA INICIAL / ORIENTACAO (ACOLHIMENTO A DEMANDA ESPONTANEA) - Quantidade: 1
</procedimento>;;;;;Espontanea;15/09/2026 10:07:50;15/09/2026 00:00:00;15/09/2026 00:00:00;58s;RUA OLAVO MARINS FRAZAO, S/N, ITAOCAIA VALLEY (ITAIPUACU), MARICA-RJ, CEP: 24939580  - Tel: 21976940272;
CLAUDIO SOARES GOMES;False;;M;10/10/1967 00:00:00;58;706406658175586;Procedimento;DEUSIMAR ALVES DE ARAUJO NOBRE;;<procedimento>, ESCUTA INICIAL / ORIENTACAO (ACOLHIMENTO A DEMANDA ESPONTANEA)</procedimento>;<procedimento>  0301040079 - ESCUTA INICIAL / ORIENTACAO (ACOLHIMENTO A DEMANDA ESPONTANEA) - Quantidade: 1
</procedimento>;;;;;Espontanea;15/09/2026 10:07:14;15/09/2026 00:00:00;15/09/2026 00:00:00;24s;RUA DOIS, S/N, VILA BENEDITO, JACONE (PONTA NEGRA), MARICA-RJ, CEP: 24924025  - Tel: 21971260126;
ALCINO DE ASSIS MARINHO;False;;M;12/07/1966 00:00:00;60;700407914870340;Procedimento;DEUSIMAR ALVES DE ARAUJO NOBRE;;<procedimento>, ESCUTA INICIAL / ORIENTACAO (ACOLHIMENTO A DEMANDA ESPONTANEA)</procedimento>;<procedimento>  0301040079 - ESCUTA INICIAL / ORIENTACAO (ACOLHIMENTO A DEMANDA ESPONTANEA) - Quantidade: 1
</procedimento>;;;;;Espontanea;15/09/2026 10:08:58;15/09/2026 00:00:00;15/09/2026 00:00:00;1min 6s;RUA GOVERNADOR LEONEL BRIZOLA, S/N, QD 537 LT 05, JARDIM ATLANTICO LESTE (ITAIPUACU), MARICA-RJ, CEP: 24933070  - Tel: 21984381850;
JOELMA CRUZ DE BARROS DOS SANTOS;False;;F;06/03/1975 00:00:00;51;702307152259516;Procedimento;DEUSIMAR ALVES DE ARAUJO NOBRE;;<procedimento>, ESCUTA INICIAL / ORIENTACAO (ACOLHIMENTO A DEMANDA ESPONTANEA)</procedimento>;<procedimento>  0301040079 - ESCUTA INICIAL / ORIENTACAO (ACOLHIMENTO A DEMANDA ESPONTANEA) - Quantidade: 1
</procedimento>;;;;;Espontanea;15/09/2026 10:08:19;15/09/2026 00:00:00;15/09/2026 00:00:00;34s;RUA X, S/N, CHACARAS DE INOA (INOA), MARICA-RJ, CEP: 24940653  - Tel: 21997203201;
ANTONIO PAULO JOSE DOS SANTOS;False;;M;29/12/1956 00:00:00;69;705208457175274;Procedimento;DEUSIMAR ALVES DE ARAUJO NOBRE;;<procedimento>, ESCUTA INICIAL / ORIENTACAO (ACOLHIMENTO A DEMANDA ESPONTANEA)</procedimento>;<procedimento>  0301040079 - ESCUTA INICIAL / ORIENTACAO (ACOLHIMENTO A DEMANDA ESPONTANEA) - Quantidade: 1
</procedimento>;;;;;Espontanea;15/09/2026 10:09:26;15/09/2026 00:00:00;15/09/2026 00:00:00;38s;RUA MARQUES PARANA, S/N, LT 09 QD 02, MARQUES DE MARICA, MARICA-RJ, CEP: 24904515  - Tel: 21997519562;
BARBARA CHRISTINA GONCALVES;False;;F;21/10/1963 00:00:00;62;704100116290478;Procedimento;DEUSIMAR ALVES DE ARAUJO NOBRE;;<procedimento>, ESCUTA INICIAL / ORIENTACAO (ACOLHIMENTO A DEMANDA ESPONTANEA)</procedimento>;<procedimento>  0301040079 - ESCUTA INICIAL / ORIENTACAO (ACOLHIMENTO A DEMANDA ESPONTANEA) - Quantidade: 1
</procedimento>;;;;;Espontanea;15/09/2026 10:10:39;15/09/2026 00:00:00;15/09/2026 00:00:00;48s;RUA TRES, 64, CASA 64, PONTA GROSSA, MARICA-RJ, CEP: 24914420  - Tel: 21986493159;
JANAILTON DA SILVA MELO;False;;M;18/12/1976 00:00:00;49;700007857751302;Procedimento;DEUSIMAR ALVES DE ARAUJO NOBRE;;<procedimento>, ESCUTA INICIAL / ORIENTACAO (ACOLHIMENTO A DEMANDA ESPONTANEA)</procedimento>;<procedimento>  0301040079 - ESCUTA INICIAL / ORIENTACAO (ACOLHIMENTO A DEMANDA ESPONTANEA) - Quantidade: 1
</procedimento>;;;;;Espontanea;15/09/2026 10:10:04;15/09/2026 00:00:00;15/09/2026 00:00:00;18s;RUA R TAPAJOS, SN, LT  QD, INOA MARICA, MARICA-RJ, CEP: 24910000  - Tel: 21992025921;
CARLOS ALBERTO NUNES DOS SANTOS;False;;M;21/10/1948 00:00:00;77;706808786129127;Procedimento;DEUSIMAR ALVES DE ARAUJO NOBRE;;<procedimento>, ESCUTA INICIAL / ORIENTACAO (ACOLHIMENTO A DEMANDA ESPONTANEA)</procedimento>;<procedimento>  0301040079 - ESCUTA INICIAL / ORIENTACAO (ACOLHIMENTO A DEMANDA ESPONTANEA) - Quantidade: 1
</procedimento>;;;;;Espontanea;15/09/2026 10:11:54;15/09/2026 00:00:00;15/09/2026 00:00:00;1min 3s;RUA ANTONIO JOSE DA CRUZ, S/N, LT  QD, ITAPEBA, MARICA-RJ, CEP: 24913120  - Tel: 21998325887;
OUZOLANDO AGRIZZI XAVIER;False;;M;28/05/1944 00:00:00;82;706701559747215;Procedimento;DEUSIMAR ALVES DE ARAUJO NOBRE;;<procedimento>, ESCUTA INICIAL / ORIENTACAO (ACOLHIMENTO A DEMANDA ESPONTANEA)</procedimento>;<procedimento>  0301040079 - ESCUTA INICIAL / ORIENTACAO (ACOLHIMENTO A DEMANDA ESPONTANEA) - Quantidade: 1
</procedimento>;;;;;Espontanea;15/09/2026 10:11:09;15/09/2026 00:00:00;15/09/2026 00:00:00;18s;RUA PALMIER RIBEIRO CABRAL, S/N, QD 45 LOTE 13, ARACATIBA, MARICA-RJ, CEP: 24901330  - Tel: 21988212563;
JORGE DAMAZIO;False;;M;07/09/1957 00:00:00;69;704504319238616;Procedimento;DEUSIMAR ALVES DE ARAUJO NOBRE;;<procedimento>, ESCUTA INICIAL / ORIENTACAO (ACOLHIMENTO A DEMANDA ESPONTANEA)</procedimento>;<procedimento>  0301040079 - ESCUTA INICIAL / ORIENTACAO (ACOLHIMENTO A DEMANDA ESPONTANEA) - Quantidade: 1
</procedimento>;;;;;Espontanea;15/09/2026 10:12:23;15/09/2026 00:00:00;15/09/2026 00:00:00;33s;RUA VINTE E QUATRO, S/N, LT 13 QD 39, BALNEARIO BAMBUI (PONTA NEGRA), MARICA-RJ, CEP: 24920520  - Tel: 21994231196;
LUCIA HELENA BATISTA PEREIRA;False;;F;06/10/1957 00:00:00;68;704308501383990;Procedimento;DEUSIMAR ALVES DE ARAUJO NOBRE;;<procedimento>, ESCUTA INICIAL / ORIENTACAO (ACOLHIMENTO A DEMANDA ESPONTANEA)</procedimento>;<procedimento>  0301040079 - ESCUTA INICIAL / ORIENTACAO (ACOLHIMENTO A DEMANDA ESPONTANEA) - Quantidade: 1
</procedimento>;;;;;Espontanea;15/09/2026 10:12:54;15/09/2026 00:00:00;15/09/2026 00:00:00;1min 4s;AVENIDA HENRIQUETA RIOS ROSA, S/N, JARDIM ATLANTICO LESTE (ITAIPUACU), MARICA-RJ, CEP: 24933815  - Tel: 21988332109;
MARCOS ANTONIO BARRETO LEMOS;False;;M;20/03/1964 00:00:00;62;708205609257644;Procedimento;DEUSIMAR ALVES DE ARAUJO NOBRE;;<procedimento>, ESCUTA INICIAL / ORIENTACAO (ACOLHIMENTO A DEMANDA ESPONTANEA)</procedimento>;<procedimento>  0301040079 - ESCUTA INICIAL / ORIENTACAO (ACOLHIMENTO A DEMANDA ESPONTANEA) - Quantidade: 1
</procedimento>;;;;;Espontanea;15/09/2026 10:13:49;15/09/2026 00:00:00;15/09/2026 00:00:00;58s;RUA NICOLAS PAES URUPUKINA, S/N, QD 17 LT 5, CHACARAS DE INOA (INOA), MARICA-RJ, CEP: 24940430  - Tel: 21985164260;
MARIA DA PENHA SILVA FRANCELINO;False;;F;17/09/1950 00:00:00;75;705209458992773;Procedimento;DEUSIMAR ALVES DE ARAUJO NOBRE;;<procedimento>, ESCUTA INICIAL / ORIENTACAO (ACOLHIMENTO A DEMANDA ESPONTANEA)</procedimento>;<procedimento>  0301040079 - ESCUTA INICIAL / ORIENTACAO (ACOLHIMENTO A DEMANDA ESPONTANEA) - Quantidade: 1
</procedimento>;;;;;Espontanea;15/09/2026 10:13:21;15/09/2026 00:00:00;15/09/2026 00:00:00;29s;RUA TRINTA E DOIS, 02, QD 19, MANU MANUELA, MARICA-RJ, CEP: 24932220  - Tel: 21970181420;
EUNICE SOUZA DA SILVA;False;;F;19/03/1963 00:00:00;63;704301542175490;Procedimento;DEUSIMAR ALVES DE ARAUJO NOBRE;;<procedimento>, ESCUTA INICIAL / ORIENTACAO (ACOLHIMENTO A DEMANDA ESPONTANEA)</procedimento>;<procedimento>  0301040079 - ESCUTA INICIAL / ORIENTACAO (ACOLHIMENTO A DEMANDA ESPONTANEA) - Quantidade: 1
</procedimento>;;;;;Espontanea;15/09/2026 10:14:19;15/09/2026 00:00:00;15/09/2026 00:00:00;27s;RUA FRANCISCO MARTINI, 29, CENTRO, MARICA-RJ, CEP: 24900335  - Tel: 21999075605;
ARGEU MARTINS CARLOS;False;;M;11/08/1947 00:00:00;79;706204568696269;Consulta de Enfermagem;MAURO BATISTA DE BARROS; R60  - EDEMA NAO CLASSIFICADO EM OUTRA PARTE, T140 - TRAUMATISMO SUPERFICIAL DE REGIAO NAO ESPECIFICADA DO CORPO;<procedimento>, AFERICAO DE PRESSAO ARTERIAL</procedimento><procedimento>, CONSULTA DE PROFISSIONAIS DE NIVEL SUPERIOR NA ATENCAO ESPECIALIZADA (EXCETO MEDICO)</procedimento><procedimento>, CURATIVO ESPECIAL</procedimento><procedimento>, GLICEMIA CAPILAR</procedimento>;<procedimento>  0214010015 - GLICEMIA CAPILAR - Quantidade: 1
</procedimento><procedimento>  0301010048 - CONSULTA DE PROFISSIONAIS DE NIVEL SUPERIOR NA ATENCAO ESPECIALIZADA (EXCETO MEDICO) - Quantidade: 1
</procedimento><procedimento>  0301100039 - AFERICAO DE PRESSAO ARTERIAL - Quantidade: 1
</procedimento><procedimento>  0301100276 - CURATIVO ESPECIAL - Quantidade: 1
</procedimento>;N;;;N;Programada;15/09/2026 10:15:22;15/09/2026 00:00:00;15/09/2026 00:00:00;47min 41s;RUA ALMERINDA PEREIRA DA ROSA, 36, INOA (INOA), MARICA-RJ, CEP: 24942155  - Tel: 2126361576;
EDUARDO JOSE MARINHO MARTINS;False;;M;06/03/1969 00:00:00;57;708408251876660;Consulta de Enfermagem;ELAINE APARECIDA DE SOUZA; K92  - DOENCAS DO APARELHO DIGESTIVO;<procedimento>, BARREIRAS PROTETORAS DE PELE SINTETICA E/OU MISTA EM FORMA DE PO / PASTA E/OU PLACA</procedimento><procedimento>, BOLSA DE COLOSTOMIA COM ADESIVO MICROPORO DRENAVEL</procedimento><procedimento>, CONSULTA DE PROFISSIONAIS DE NIVEL SUPERIOR NA ATENCAO ESPECIALIZADA (EXCETO MEDICO)</procedimento><procedimento>, CUIDADOS COM ESTOMAS</procedimento>;<procedimento>  0301010048 - CONSULTA DE PROFISSIONAIS DE NIVEL SUPERIOR NA ATENCAO ESPECIALIZADA (EXCETO MEDICO) - Quantidade: 1
</procedimento><procedimento>  0301100063 - CUIDADOS COM ESTOMAS - Quantidade: 1
</procedimento><procedimento>  0701050020 - BOLSA DE COLOSTOMIA COM ADESIVO MICROPORO DRENAVEL - Quantidade: 15
</procedimento><procedimento>  0701060018 - BARREIRAS PROTETORAS DE PELE SINTETICA E/OU MISTA EM FORMA DE PO / PASTA E/OU PLACA - Quantidade: 1
</procedimento>;N;;;N;Programada;15/09/2026 10:17:07;15/09/2026 00:00:00;15/09/2026 00:00:00;18min 0s;RUA ALCEBIADES ALVES DE MATOS, 211, CENTRO, MARICA-RJ, CEP: 24900710  - Tel: 21986629482;
JOSE LUIZ SOARES;False;;M;10/04/1954 00:00:00;72;708409258580768;Procedimento;TATIANA PUREZA DA SILVA;;<procedimento>, ESCUTA INICIAL / ORIENTACAO (ACOLHIMENTO A DEMANDA ESPONTANEA)</procedimento>;<procedimento>  0301040079 - ESCUTA INICIAL / ORIENTACAO (ACOLHIMENTO A DEMANDA ESPONTANEA) - Quantidade: 1
</procedimento>;;;;;Espontanea;15/09/2026 10:28:46;15/09/2026 00:00:00;15/09/2026 00:00:00;59s;ESTRADA DUAS AGUAS, S/N, --, ESPRAIADO (PONTA NEGRA), MARICA-RJ, CEP: 24928150  - Tel: 21996479358;
MARCIO JOAO FERREIRA;False;;M;13/06/1999 00:00:00;27;898006365384523;Procedimento;TATIANA PUREZA DA SILVA;;<procedimento>, ESCUTA INICIAL / ORIENTACAO (ACOLHIMENTO A DEMANDA ESPONTANEA)</procedimento>;<procedimento>  0301040079 - ESCUTA INICIAL / ORIENTACAO (ACOLHIMENTO A DEMANDA ESPONTANEA) - Quantidade: 1
</procedimento>;;;;;Espontanea;15/09/2026 10:29:18;15/09/2026 00:00:00;15/09/2026 00:00:00;31s;RUA LEVI RIBEIRO 1/99998, 211, L30 Q 23, ARACATIBA, MARICA-RJ, CEP: 24900840  - Tel: 21973684262;
WALDINEIA DA SILVA ANTONIO FERREIRA;False;;F;30/09/1966 00:00:00;59;702300575174720;Procedimento;MARCIA DAVID;;<procedimento>, ULTRASSONOGRAFIA DE ABDOMEN TOTAL</procedimento>;<procedimento>  0205020046 - ULTRASSONOGRAFIA DE ABDOMEN TOTAL - Quantidade: 1
</procedimento>;;;;;Programada;15/09/2026 10:47:19;15/09/2026 00:00:00;15/09/2026 00:00:00;2min 11s;RUA OSVALDO AROUCA, S/N, LT 5 QD 10, SAO JOSE DO IMBASSAI, MARICA-RJ, CEP: 24930424  - Tel: 21996967788;
CRISTIANE DIAS DE MARINS SANTOS;False;;F;17/05/1973 00:00:00;53;700709908585973;Consulta c/ Dermatologista;GABRIELA DE OLIVEIRA FOLY; D171 - NEOPLASIA LIPOMATOSA BENIGNA DA PELE E TECIDO SUBCUTANEO DO TRONCO;<procedimento>, CONSULTA MEDICA EM ATENCAO ESPECIALIZADA</procedimento>;<procedimento>  0301010072 - CONSULTA MEDICA EM ATENCAO ESPECIALIZADA - Quantidade: 1
</procedimento>;N;;;N;Espontanea;15/09/2026 10:53:23;15/09/2026 00:00:00;15/09/2026 00:00:00;7min 0s;RUA PIONEIRO, S/N, QD 163 LT 38 C 01, JARDIM ATLANTICO CENTRAL (ITAIPUACU), MARICA-RJ, CEP: 24934305  - Tel: 21987842218;
LETICIA MARIA ACIOLY DE LIMA;False;;F;26/09/1954 00:00:00;71;702108737969390;Escuta Inicial;SILVIA GOMES DA SILVA;;<procedimento>, AFERICAO DE PRESSAO ARTERIAL</procedimento><procedimento>, AVALIACAO ANTROPOMETRICA</procedimento><procedimento>, ESCUTA INICIAL / ORIENTACAO (ACOLHIMENTO A DEMANDA ESPONTANEA)</procedimento>;<procedimento>  0101040024 - AVALIACAO ANTROPOMETRICA - Quantidade: 1
</procedimento><procedimento>  0301040079 - ESCUTA INICIAL / ORIENTACAO (ACOLHIMENTO A DEMANDA ESPONTANEA) - Quantidade: 1
</procedimento><procedimento>  0301100039 - AFERICAO DE PRESSAO ARTERIAL - Quantidade: 1
</procedimento>;N;;;N;Espontanea;15/09/2026 10:54:22;15/09/2026 00:00:00;15/09/2026 00:00:00;1min 24s;RUA DO SOL, S/N, JARDIM ATLANTICO OESTE (ITAIPUACU), MARICA-RJ, CEP: 24935475  - Tel: 21981211198;
VIVIANE CORREIA DA COSTA MELO;False;;F;14/06/1994 00:00:00;32;708903777270816;Consulta c/ Otorrinolaringologista;LUIZ CARLOS DE ARAUJO PIMENTEL; H605 - OTITE EXTERNA AGUDA NAO-INFECCIOSA;<procedimento>, CONSULTA MEDICA EM ATENCAO ESPECIALIZADA</procedimento>;<procedimento>  0301010072 - CONSULTA MEDICA EM ATENCAO ESPECIALIZADA - Quantidade: 1
</procedimento>;N;;;N;Programada;15/09/2026 10:54:26;15/09/2026 00:00:00;15/09/2026 00:00:00;5min 12s;RUA DOS JACARANDAS, 200, GREEN PARK III, CENTRO, MARICA-RJ, CEP: 24900045  - Tel: 21986883833;
MARIA DOS ANJOS RUPERTI;False;;F;12/07/1946 00:00:00;80;701001800389798;Escuta Inicial;SILVIA GOMES DA SILVA;;<procedimento>, AFERICAO DE PRESSAO ARTERIAL</procedimento><procedimento>, AVALIACAO ANTROPOMETRICA</procedimento><procedimento>, ESCUTA INICIAL / ORIENTACAO (ACOLHIMENTO A DEMANDA ESPONTANEA)</procedimento>;<procedimento>  0101040024 - AVALIACAO ANTROPOMETRICA - Quantidade: 1
</procedimento><procedimento>  0301040079 - ESCUTA INICIAL / ORIENTACAO (ACOLHIMENTO A DEMANDA ESPONTANEA) - Quantidade: 1
</procedimento><procedimento>  0301100039 - AFERICAO DE PRESSAO ARTERIAL - Quantidade: 1
</procedimento>;N;;;N;Espontanea;15/09/2026 10:56:04;15/09/2026 00:00:00;15/09/2026 00:00:00;1min 4s;RUA EURIPEDES RANGEL DE FIGUEIREDO, 14, CASA 6 QUADRA H, SAO JOSE DO IMBASSAI, MARICA-RJ, CEP: 24931835  - Tel: 21994078405;
VERA LUCIA DA SILVA ALBUQUERQUE;False;;F;27/08/1963 00:00:00;63;702605298476045;Escuta Inicial;SILVIA GOMES DA SILVA;;<procedimento>, AFERICAO DE PRESSAO ARTERIAL</procedimento><procedimento>, AVALIACAO ANTROPOMETRICA</procedimento><procedimento>, ESCUTA INICIAL / ORIENTACAO (ACOLHIMENTO A DEMANDA ESPONTANEA)</procedimento>;<procedimento>  0101040024 - AVALIACAO ANTROPOMETRICA - Quantidade: 1
</procedimento><procedimento>  0301040079 - ESCUTA INICIAL / ORIENTACAO (ACOLHIMENTO A DEMANDA ESPONTANEA) - Quantidade: 1
</procedimento><procedimento>  0301100039 - AFERICAO DE PRESSAO ARTERIAL - Quantidade: 1
</procedimento>;N;;;N;Espontanea;15/09/2026 10:58:05;15/09/2026 00:00:00;15/09/2026 00:00:00;1min 10s;RUA OITENTA E TRES, S/N, LOTE10-DRA113, BALNEARIO BAMBUI (PONTA NEGRA), MARICA-RJ, CEP: 24920715  - Tel: 21995622607;
WALTER DE PAULA CRUZ;False;;M;21/04/1972 00:00:00;54;706402699092088;Escuta Inicial;SILVIA GOMES DA SILVA;;<procedimento>, AFERICAO DE PRESSAO ARTERIAL</procedimento><procedimento>, AVALIACAO ANTROPOMETRICA</procedimento><procedimento>, ESCUTA INICIAL / ORIENTACAO (ACOLHIMENTO A DEMANDA ESPONTANEA)</procedimento>;<procedimento>  0101040024 - AVALIACAO ANTROPOMETRICA - Quantidade: 1
</procedimento><procedimento>  0301040079 - ESCUTA INICIAL / ORIENTACAO (ACOLHIMENTO A DEMANDA ESPONTANEA) - Quantidade: 1
</procedimento><procedimento>  0301100039 - AFERICAO DE PRESSAO ARTERIAL - Quantidade: 1
</procedimento>;N;;;N;Espontanea;15/09/2026 11:00:00;15/09/2026 00:00:00;15/09/2026 00:00:00;50s;RUA OITENTA E DOIS, S/N, QD 429 LT 46, JARDIM ATLANTICO LESTE (ITAIPUACU), MARICA-RJ, CEP: 24933480  - Tel: 21972399471;
PAULO ROBERTO CERQUEIRA;False;;M;05/01/1956 00:00:00;70;700506520393355;Escuta Inicial;SILVIA GOMES DA SILVA;;<procedimento>, AFERICAO DE PRESSAO ARTERIAL</procedimento><procedimento>, AVALIACAO ANTROPOMETRICA</procedimento><procedimento>, ESCUTA INICIAL / ORIENTACAO (ACOLHIMENTO A DEMANDA ESPONTANEA)</procedimento>;<procedimento>  0101040024 - AVALIACAO ANTROPOMETRICA - Quantidade: 1
</procedimento><procedimento>  0301040079 - ESCUTA INICIAL / ORIENTACAO (ACOLHIMENTO A DEMANDA ESPONTANEA) - Quantidade: 1
</procedimento><procedimento>  0301100039 - AFERICAO DE PRESSAO ARTERIAL - Quantidade: 1
</procedimento>;N;;;N;Espontanea;15/09/2026 11:01:38;15/09/2026 00:00:00;15/09/2026 00:00:00;9min 40s;RUA CINQUENTA E SETE, S/N, LT 01 QD 66, BALNEARIO BAMBUI (PONTA NEGRA), MARICA-RJ, CEP: 24920435  - Tel: 21992098851;
THIAGO DE SOUSA SILVA;False;;M;19/12/2010 00:00:00;15;704101456640050;Consulta c/ Otorrinolaringologista;LUIZ CARLOS DE ARAUJO PIMENTEL; R070 - DOR DE GARGANTA;<procedimento>, CONSULTA MEDICA EM ATENCAO ESPECIALIZADA</procedimento>;<procedimento>  0301010072 - CONSULTA MEDICA EM ATENCAO ESPECIALIZADA - Quantidade: 1
</procedimento>;N;;;N;Programada;15/09/2026 11:02:01;15/09/2026 00:00:00;15/09/2026 00:00:00;5min 57s;RUA CECILIA GONCALVES MATARUNA, S/N, PINDOBAS, MARICA-RJ, CEP: 24910600  - Tel: 21985137901;
ANA MARIA DO COUTO;False;;F;28/10/1973 00:00:00;52;700706987168472;Consulta de Enfermagem;MAURO BATISTA DE BARROS; T140 - TRAUMATISMO SUPERFICIAL DE REGIAO NAO ESPECIFICADA DO CORPO;<procedimento>, AFERICAO DE PRESSAO ARTERIAL</procedimento><procedimento>, AVALIACAO ANTROPOMETRICA</procedimento><procedimento>, CONSULTA DE PROFISSIONAIS DE NIVEL SUPERIOR NA ATENCAO ESPECIALIZADA (EXCETO MEDICO)</procedimento><procedimento>, CURATIVO ESPECIAL</procedimento><procedimento>, GLICEMIA CAPILAR</procedimento>;<procedimento>  0101040024 - AVALIACAO ANTROPOMETRICA - Quantidade: 1
</procedimento><procedimento>  0214010015 - GLICEMIA CAPILAR - Quantidade: 1
</procedimento><procedimento>  0301010048 - CONSULTA DE PROFISSIONAIS DE NIVEL SUPERIOR NA ATENCAO ESPECIALIZADA (EXCETO MEDICO) - Quantidade: 1
</procedimento><procedimento>  0301100039 - AFERICAO DE PRESSAO ARTERIAL - Quantidade: 1
</procedimento><procedimento>  0301100276 - CURATIVO ESPECIAL - Quantidade: 1
</procedimento>;N;;;N;Programada;15/09/2026 11:02:59;15/09/2026 00:00:00;15/09/2026 00:00:00;31min 26s;RUA FERNANDO MENDES, 87, INOA (INOA), MARICA-RJ, CEP: 24942250  - Tel: 21977030547;
MARIA DUARTE MESCOLIN;False;;F;01/10/1955 00:00:00;70;703003830421078;Procedimento;VERONICA NASCIMENTO DA COSTA;;<procedimento>, ESCUTA INICIAL / ORIENTACAO (ACOLHIMENTO A DEMANDA ESPONTANEA)</procedimento>;<procedimento>  0301040079 - ESCUTA INICIAL / ORIENTACAO (ACOLHIMENTO A DEMANDA ESPONTANEA) - Quantidade: 1
</procedimento>;;;;;Espontanea;16/09/2026 11:03:52;15/09/2026 00:00:00;16/09/2026 00:00:00;1d 0h 4min 0s;RUA CASA DARCY RIBEIRO, S/N, LT 05 QD 166, CORDEIRINHO (PONTA NEGRA), MARICA-RJ, CEP: 24921740  - Tel: 21988411458;
CLAUDIA MARIA TEIXEIRA VIDAL;False;;F;26/05/1968 00:00:00;58;704002863055663;Consulta c/ Otorrinolaringologista;LUIZ CARLOS DE ARAUJO PIMENTEL; R42  - TONTURA E INSTABILIDADE;<procedimento>, CONSULTA MEDICA EM ATENCAO ESPECIALIZADA</procedimento>;<procedimento>  0301010072 - CONSULTA MEDICA EM ATENCAO ESPECIALIZADA - Quantidade: 1
</procedimento>;N;;;N;Programada;15/09/2026 11:09:08;15/09/2026 00:00:00;15/09/2026 00:00:00;9min 49s;RUA SAO BENEDITO, S/N, QD64 LT29, ITAIPUACU, MARICA-RJ, CEP: 24936300  - Tel: 2199133790;
WANDA SANTOS DE SOUZA;False;;F;31/07/1960 00:00:00;66;708104591531634;Escuta Inicial;SILVIA GOMES DA SILVA;;<procedimento>, AFERICAO DE PRESSAO ARTERIAL</procedimento><procedimento>, AVALIACAO ANTROPOMETRICA</procedimento><procedimento>, ESCUTA INICIAL / ORIENTACAO (ACOLHIMENTO A DEMANDA ESPONTANEA)</procedimento>;<procedimento>  0101040024 - AVALIACAO ANTROPOMETRICA - Quantidade: 1
</procedimento><procedimento>  0301040079 - ESCUTA INICIAL / ORIENTACAO (ACOLHIMENTO A DEMANDA ESPONTANEA) - Quantidade: 1
</procedimento><procedimento>  0301100039 - AFERICAO DE PRESSAO ARTERIAL - Quantidade: 1
</procedimento>;N;;;N;Espontanea;15/09/2026 11:11:52;15/09/2026 00:00:00;15/09/2026 00:00:00;3min 2s;RUA RUA SETE DE SETEMBRO, 7, SAO JOSE DE IMBASSAI, MARICA-RJ, CEP: 24900000  - Tel: 6133152425;
IVANILDO SANTOS DE AZEVEDO;False;;M;08/06/1969 00:00:00;57;709207279393639;Escuta Inicial;SILVIA GOMES DA SILVA;;<procedimento>, AFERICAO DE PRESSAO ARTERIAL</procedimento><procedimento>, AVALIACAO ANTROPOMETRICA</procedimento><procedimento>, ESCUTA INICIAL / ORIENTACAO (ACOLHIMENTO A DEMANDA ESPONTANEA)</procedimento>;<procedimento>  0101040024 - AVALIACAO ANTROPOMETRICA - Quantidade: 1
</procedimento><procedimento>  0301040079 - ESCUTA INICIAL / ORIENTACAO (ACOLHIMENTO A DEMANDA ESPONTANEA) - Quantidade: 1
</procedimento><procedimento>  0301100039 - AFERICAO DE PRESSAO ARTERIAL - Quantidade: 1
</procedimento>;N;;;N;Espontanea;15/09/2026 11:14:43;15/09/2026 00:00:00;15/09/2026 00:00:00;1min 33s;RUA TENENTE-CORONEL-AVIADOR PAULO ROBERTO DE SOUZA MACHADO, S/N, MORADOR SOCIAL, CENTRO, MARICA-RJ, CEP: 24901120  - Tel: 21971148516;
ANDRE CARLOS DA SILVA;False;;M;13/12/1979 00:00:00;46;898004220407113;Escuta Inicial;SILVIA GOMES DA SILVA;;<procedimento>, AFERICAO DE PRESSAO ARTERIAL</procedimento><procedimento>, AVALIACAO ANTROPOMETRICA</procedimento><procedimento>, ESCUTA INICIAL / ORIENTACAO (ACOLHIMENTO A DEMANDA ESPONTANEA)</procedimento>;<procedimento>  0101040024 - AVALIACAO ANTROPOMETRICA - Quantidade: 1
</procedimento><procedimento>  0301040079 - ESCUTA INICIAL / ORIENTACAO (ACOLHIMENTO A DEMANDA ESPONTANEA) - Quantidade: 1
</procedimento><procedimento>  0301100039 - AFERICAO DE PRESSAO ARTERIAL - Quantidade: 1
</procedimento>;N;;;N;Espontanea;15/09/2026 11:16:22;15/09/2026 00:00:00;15/09/2026 00:00:00;1min 19s;RUA DAS ACACIAS, S/N, CENTRO, MARICA-RJ, CEP: 24900001  - Tel: 21971734172;
FATIMA PEREIRA DE ANDRADE;False;;F;19/02/1955 00:00:00;71;706300720703876;Escuta Inicial;SILVIA GOMES DA SILVA;;<procedimento>, AFERICAO DE PRESSAO ARTERIAL</procedimento><procedimento>, AVALIACAO ANTROPOMETRICA</procedimento><procedimento>, ESCUTA INICIAL / ORIENTACAO (ACOLHIMENTO A DEMANDA ESPONTANEA)</procedimento>;<procedimento>  0101040024 - AVALIACAO ANTROPOMETRICA - Quantidade: 1
</procedimento><procedimento>  0301040079 - ESCUTA INICIAL / ORIENTACAO (ACOLHIMENTO A DEMANDA ESPONTANEA) - Quantidade: 1
</procedimento><procedimento>  0301100039 - AFERICAO DE PRESSAO ARTERIAL - Quantidade: 1
</procedimento>;N;;;N;Espontanea;15/09/2026 11:18:03;15/09/2026 00:00:00;15/09/2026 00:00:00;1min 4s;ESTRADA MARIA OLYMPIA ALCANTARA, 28, CAJU (PONTA NEGRA), MARICA-RJ, CEP: 24918000  - Tel: 21998823956;
FERNANDO GOMES BRANDAO;False;;M;26/11/1959 00:00:00;66;704709794277739;Consulta c/ Otorrinolaringologista;LUIZ CARLOS DE ARAUJO PIMENTEL; H908 - PERDA DE AUDICAO MISTA, DE CONDUCAO E NEURO-SENSORIAL, NAO ESPECIFICADA;<procedimento>, CONSULTA MEDICA EM ATENCAO ESPECIALIZADA</procedimento>;<procedimento>  0301010072 - CONSULTA MEDICA EM ATENCAO ESPECIALIZADA - Quantidade: 1
</procedimento>;N;;;N;Programada;15/09/2026 11:21:07;15/09/2026 00:00:00;15/09/2026 00:00:00;3min 7s;AVENIDA MAYSA, S/N, QUADRA50LOTE03, GUARATIBA (PONTA NEGRA), MARICA-RJ, CEP: 24916000  - Tel: 21986140648;
DELFINA IZIDORO DA SILVA;False;;F;12/10/1962 00:00:00;63;700500398574251;Consulta c/ Otorrinolaringologista;LUIZ CARLOS DE ARAUJO PIMENTEL; K219 - DOENCA DE REFLUXO GASTROESOFAGICO SEM ESOFAGITE;<procedimento>, CONSULTA MEDICA EM ATENCAO ESPECIALIZADA</procedimento>;<procedimento>  0301010072 - CONSULTA MEDICA EM ATENCAO ESPECIALIZADA - Quantidade: 1
</procedimento>;N;;;N;Programada;15/09/2026 11:25:27;15/09/2026 00:00:00;15/09/2026 00:00:00;6min 52s;AVENIDA TRES, 54, QUADRA 94, ARACATIBA, MARICA-RJ, CEP: 24902150  - Tel: 21972318619;
ALICE OLIVEIRA DE ANDRADE;False;;F;04/11/2020 00:00:00;5;704801046978845;Consulta c/ Otorrinolaringologista;LUIZ CARLOS DE ARAUJO PIMENTEL; J35  - DOENCAS CRONICAS DAS AMIGDALAS E DAS ADENOIDES;<procedimento>, CONSULTA MEDICA EM ATENCAO ESPECIALIZADA</procedimento>;<procedimento>  0301010072 - CONSULTA MEDICA EM ATENCAO ESPECIALIZADA - Quantidade: 1
</procedimento>;N;;;N;Programada;15/09/2026 11:32:49;15/09/2026 00:00:00;15/09/2026 00:00:00;8min 13s;RUA MARIO PEDRO DA SILVA, S/N, FLAMENGO, MARICA-RJ, CEP: 24903780  - Tel: 21997325072;
FRANKLIN SOARES COSTA;False;;M;15/02/1977 00:00:00;49;704807072972846;Consulta c/ Otorrinolaringologista;LUIZ CARLOS DE ARAUJO PIMENTEL; H612 - CERUME IMPACTADO;<procedimento>, CONSULTA MEDICA EM ATENCAO ESPECIALIZADA</procedimento>;<procedimento>  0301010072 - CONSULTA MEDICA EM ATENCAO ESPECIALIZADA - Quantidade: 1
</procedimento>;N;;;N;Programada;15/09/2026 11:40:35;15/09/2026 00:00:00;15/09/2026 00:00:00;3min 15s;RUA CENTO E TRINTA E UM, 02, Qd 175 lote 49, BALNEARIO BAMBUI (PONTA NEGRA), MARICA-RJ, CEP: 24920750  - Tel: 21984120966;
IVALTER FERREIRA DE SOUZA;False;;M;25/05/1942 00:00:00;84;700105902171613;Consulta c/ Cardiologista;ANDRE LUIZ TELLES FARAH; R001 - BRADICARDIA NAO ESPECIFICADA, A150 - TUBERCULOSE PULMONAR, COM CONFIRMACAO POR EXAME MICROSCOPICO DA EXPECTORACAO, COM OU SEM CULTURA;<procedimento>, CONSULTA MEDICA EM ATENCAO ESPECIALIZADA</procedimento>;<procedimento>  0301010072 - CONSULTA MEDICA EM ATENCAO ESPECIALIZADA - Quantidade: 1
</procedimento>;S;MONITORAMENTO PELO SISTEMA HOLTER 24 HS (3 CANAIS)
ECOCARDIOGRAFIA TRANSTORACICA
;;N;Programada;15/09/2026 11:43:43;15/09/2026 00:00:00;15/09/2026 00:00:00;6min 40s;RUA SETENTA E OITO, S/N, LT 35 QD 107, BALNEARIO BAMBUI (PONTA NEGRA), MARICA-RJ, CEP: 24920695  - Tel: 21987807120;
FRANKLIN SOARES COSTA;False;;M;15/02/1977 00:00:00;49;704807072972846;Consulta c/ Otorrinolaringologista;LUIZ CARLOS DE ARAUJO PIMENTEL; H612 - CERUME IMPACTADO;<procedimento>, CONSULTA MEDICA EM ATENCAO ESPECIALIZADA</procedimento>;<procedimento>  0301010072 - CONSULTA MEDICA EM ATENCAO ESPECIALIZADA - Quantidade: 1
</procedimento>;N;;;N;Espontanea;15/09/2026 11:44:37;15/09/2026 00:00:00;15/09/2026 00:00:00;1min 50s;RUA CENTO E TRINTA E UM, 02, Qd 175 lote 49, BALNEARIO BAMBUI (PONTA NEGRA), MARICA-RJ, CEP: 24920750  - Tel: 21984120966;
ILCILEIA DOS SANTOS BRUM;False;;F;26/06/1955 00:00:00;71;708109584807233;Consulta c/ Otorrinolaringologista;LUIZ CARLOS DE ARAUJO PIMENTEL; H908 - PERDA DE AUDICAO MISTA, DE CONDUCAO E NEURO-SENSORIAL, NAO ESPECIFICADA;<procedimento>, CONSULTA MEDICA EM ATENCAO ESPECIALIZADA</procedimento>;<procedimento>  0301010072 - CONSULTA MEDICA EM ATENCAO ESPECIALIZADA - Quantidade: 1
</procedimento>;S;AUDIOMETRIA TONAL LIMIAR (VIA AEREA / OSSEA)
;;N;Programada;15/09/2026 11:46:26;15/09/2026 00:00:00;15/09/2026 00:00:00;2min 53s;RUA R E DO LOT STA CECILIA, S/N, NA, FLAMENGO, MARICA-RJ, CEP: 24900000  - Tel: 21997992960;
MARIA CRISTINA RIOS MARCELINO DOS REIS;False;;F;06/02/1961 00:00:00;65;700206418040522;Consulta c/ Otorrinolaringologista;LUIZ CARLOS DE ARAUJO PIMENTEL; H931 - TINNITUS;<procedimento>, CONSULTA MEDICA EM ATENCAO ESPECIALIZADA</procedimento>;<procedimento>  0301010072 - CONSULTA MEDICA EM ATENCAO ESPECIALIZADA - Quantidade: 1
</procedimento>;N;;;N;Programada;15/09/2026 11:49:44;15/09/2026 00:00:00;15/09/2026 00:00:00;4min 6s;RUA SEIS, 25, CASA, INOA (INOA), MARICA-RJ, CEP: 24943225  - Tel: 21974225172;
PAULO CESAR VIEIRA CORREA;False;;M;09/06/1959 00:00:00;67;703404832420300;Consulta c/ Cardiologista;ANDRE LUIZ TELLES FARAH; I50  - INSUFICIENCIA CARDIACA, I25  - DOENCA ISQUEMICA CRONICA DO CORACAO;<procedimento>, CONSULTA MEDICA EM ATENCAO ESPECIALIZADA</procedimento>;<procedimento>  0301010072 - CONSULTA MEDICA EM ATENCAO ESPECIALIZADA - Quantidade: 1
</procedimento>;N;;;N;Programada;15/09/2026 11:51:04;15/09/2026 00:00:00;15/09/2026 00:00:00;15min 26s;RUA RODRIGO ALVES ABREU RANGEL, S/N, CENTRO, MARICA-RJ, CEP: 24900360  - Tel: 21968807582;
MARYLANE COUTINHO AMADO;False;;F;03/11/1978 00:00:00;47;701409620845233;Consulta c/ Otorrinolaringologista;LUIZ CARLOS DE ARAUJO PIMENTEL; J304 - RINITE ALERGICA NAO ESPECIFICADA;<procedimento>, CONSULTA MEDICA EM ATENCAO ESPECIALIZADA</procedimento>;<procedimento>  0301010072 - CONSULTA MEDICA EM ATENCAO ESPECIALIZADA - Quantidade: 1
</procedimento>;N;;;N;Programada;15/09/2026 11:54:05;15/09/2026 00:00:00;15/09/2026 00:00:00;4min 29s;RUA SANTOS GUEDES, S/N, QD 136 LT 20, JARDIM ATLANTICO CENTRAL (ITAIPUACU), MARICA-RJ, CEP: 24934610  - Tel: 21966304684;
ARILSON LIMA DA SILVA;False;;M;07/02/1965 00:00:00;61;706503395146390;Consulta de Enfermagem;ELAINE APARECIDA DE SOUZA; K92  - DOENCAS DO APARELHO DIGESTIVO;<procedimento>, BARREIRAS PROTETORAS DE PELE SINTETICA E/OU MISTA EM FORMA DE PO / PASTA E/OU PLACA</procedimento><procedimento>, BOLSA DE COLOSTOMIA COM ADESIVO MICROPORO DRENAVEL</procedimento><procedimento>, CONSULTA DE PROFISSIONAIS DE NIVEL SUPERIOR NA ATENCAO ESPECIALIZADA (EXCETO MEDICO)</procedimento>;<procedimento>  0301010048 - CONSULTA DE PROFISSIONAIS DE NIVEL SUPERIOR NA ATENCAO ESPECIALIZADA (EXCETO MEDICO) - Quantidade: 1
</procedimento><procedimento>  0701050020 - BOLSA DE COLOSTOMIA COM ADESIVO MICROPORO DRENAVEL - Quantidade: 15
</procedimento><procedimento>  0701060018 - BARREIRAS PROTETORAS DE PELE SINTETICA E/OU MISTA EM FORMA DE PO / PASTA E/OU PLACA - Quantidade: 1
</procedimento>;N;;;N;Programada;15/09/2026 11:56:43;15/09/2026 00:00:00;15/09/2026 00:00:00;7min 0s;RUA POUSO ALEGRE, S/N, LT 34 QD B, PONTA NEGRA (PONTA NEGRA), MARICA-RJ, CEP: 24923110  - Tel: 21964708544;
MARIA ALICE FRANCA;False;;F;19/07/1967 00:00:00;59;706307751832577;Consulta c/ Otorrinolaringologista;LUIZ CARLOS DE ARAUJO PIMENTEL; H931 - TINNITUS;<procedimento>, CONSULTA MEDICA EM ATENCAO ESPECIALIZADA</procedimento>;<procedimento>  0301010072 - CONSULTA MEDICA EM ATENCAO ESPECIALIZADA - Quantidade: 1
</procedimento>;N;;;N;Programada;15/09/2026 12:00:10;15/09/2026 00:00:00;15/09/2026 00:00:00;2min 31s;RUA VEREADOR TUNINHO DO BIRINIGTH, S/N, QD 152 LT 22, JARDIM ATLANTICO CENTRAL (ITAIPUACU), MARICA-RJ, CEP: 24934320  - Tel: 21986699979;
RENATO CEZAR PEREIRA COLINA;False;;M;12/01/1969 00:00:00;57;705200499225272;Consulta c/ Otorrinolaringologista;LUIZ CARLOS DE ARAUJO PIMENTEL; H70  - MASTOIDITE E AFECCOES CORRELATAS;<procedimento>, CONSULTA MEDICA EM ATENCAO ESPECIALIZADA</procedimento>;<procedimento>  0301010072 - CONSULTA MEDICA EM ATENCAO ESPECIALIZADA - Quantidade: 1
</procedimento>;N;;;N;Programada;15/09/2026 12:03:19;15/09/2026 00:00:00;15/09/2026 00:00:00;5min 50s;RUA DA PAZ, S/N, QD128 LT23, JARDIM ATLANTICO CENTRAL (ITAIPUACU), MARICA-RJ, CEP: 24934350  - Tel: 21965945704;
MARIA ANGELICA DA SILVA DE FARIA;False;;F;31/05/1954 00:00:00;72;705002254046050;Consulta c/ Otorrinolaringologista;LUIZ CARLOS DE ARAUJO PIMENTEL; K219 - DOENCA DE REFLUXO GASTROESOFAGICO SEM ESOFAGITE;<procedimento>, CONSULTA MEDICA EM ATENCAO ESPECIALIZADA</procedimento>;<procedimento>  0301010072 - CONSULTA MEDICA EM ATENCAO ESPECIALIZADA - Quantidade: 1
</procedimento>;S;AUDIOMETRIA TONAL LIMIAR (VIA AEREA / OSSEA)
IMITANCIOMETRIA
;;N;Programada;15/09/2026 12:09:11;15/09/2026 00:00:00;15/09/2026 00:00:00;4min 36s;ESTRADA PONTA NEGRA-SAMPAIO CORREIA, S/N, CASA, VALE DA FIGUEIRA (PONTA NEGRA), MARICA-RJ, CEP: 24926500  - Tel: 21967560820;
DIRCEA ALEXANDRE FERNANDES;False;;F;11/01/1942 00:00:00;84;707803642777710;Consulta c/ Otorrinolaringologista;LUIZ CARLOS DE ARAUJO PIMENTEL; H908 - PERDA DE AUDICAO MISTA, DE CONDUCAO E NEURO-SENSORIAL, NAO ESPECIFICADA;<procedimento>, CONSULTA MEDICA EM ATENCAO ESPECIALIZADA</procedimento>;<procedimento>  0301010072 - CONSULTA MEDICA EM ATENCAO ESPECIALIZADA - Quantidade: 1
</procedimento>;S;AUDIOMETRIA TONAL LIMIAR (VIA AEREA / OSSEA)
IMITANCIOMETRIA
;;N;Programada;15/09/2026 12:14:38;15/09/2026 00:00:00;15/09/2026 00:00:00;5min 21s;RUA SETENTA E DOIS, S/N, LOTE17QUADRA58, JARDIM INTERLAGOS (PONTA NEGRA), MARICA-RJ, CEP: 24917660  - Tel: 21994963337;
ANGELICA BRANDAO PORTELA PORTO;False;;F;10/01/1979 00:00:00;47;701800251972572;Procedimento;MARCIA DAVID;;<procedimento>, ULTRASSONOGRAFIA TRANSVAGINAL</procedimento>;<procedimento>  0205020186 - ULTRASSONOGRAFIA TRANSVAGINAL - Quantidade: 1
</procedimento>;;;;;Programada;15/09/2026 12:18:44;15/09/2026 00:00:00;15/09/2026 00:00:00;11min 36s;RUA ALBERTINO PEREIRA DO VALE QUADRA 403 LOTE 19, S/N, JARDIM ATLANTICO LESTE (ITAIPUACU), MARICA-RJ, CEP: 24933545  - Tel: 21997275450;
ANTONIA DOROTEA GOMES DOS SANTOS;False;;F;28/01/1970 00:00:00;56;701807275515771;Procedimento;MARCIA DAVID;;<procedimento>, ULTRASSONOGRAFIA TRANSVAGINAL</procedimento>;<procedimento>  0205020186 - ULTRASSONOGRAFIA TRANSVAGINAL - Quantidade: 1
</procedimento>;;;;;Programada;15/09/2026 12:29:58;15/09/2026 00:00:00;15/09/2026 00:00:00;2min 5s;RUA QUATRO, S/N, QD15 LT240, PINDOBAL (PONTA NEGRA), MARICA-RJ, CEP: 24919640  - Tel: 21971284328;
JOZELI GONCALVES SANTOS;False;;F;14/06/1972 00:00:00;54;707809695992514;Procedimento;MARCIA DAVID;;<procedimento>, ULTRASSONOGRAFIA DE ABDOMEN TOTAL</procedimento>;<procedimento>  0205020046 - ULTRASSONOGRAFIA DE ABDOMEN TOTAL - Quantidade: 1
</procedimento>;;;;;Programada;15/09/2026 12:31:45;15/09/2026 00:00:00;15/09/2026 00:00:00;1min 10s;RUA ALBERTO RIBEIRO DE ALMEIDA, S/N, LOTE 09 QD 13, SPAR (INOA), MARICA-RJ, CEP: 24944390  - Tel: 21966906173;
LUIZ GONZAGA VIEIRA FILHO;False;;M;09/09/1963 00:00:00;63;706208525592864;Procedimento;MARCIA DAVID;;<procedimento>, ULTRASSONOGRAFIA DE ABDOMEN TOTAL</procedimento>;<procedimento>  0205020046 - ULTRASSONOGRAFIA DE ABDOMEN TOTAL - Quantidade: 1
</procedimento>;;;;;Programada;15/09/2026 12:32:32;15/09/2026 00:00:00;15/09/2026 00:00:00;55s;ESTRADA DO RETIRO, 18, RETIRO, MARICA-RJ, CEP: 24911850  - Tel: 21993656677;
CLAUDIA DOS SANTOS FAGUNDES;False;;F;15/02/1977 00:00:00;49;708402749454863;Procedimento;MARCIA DAVID;;<procedimento>, ULTRASSONOGRAFIA DE ABDOMEN TOTAL</procedimento>;<procedimento>  0205020046 - ULTRASSONOGRAFIA DE ABDOMEN TOTAL - Quantidade: 1
</procedimento>;;;;;Programada;15/09/2026 12:33:20;15/09/2026 00:00:00;15/09/2026 00:00:00;41s;RUA ISMAEL BARROS DE FIGUEIREDO, S/N, UBATIBA, MARICA-RJ, CEP: 24908095  - Tel: 21995647652;
MARIA RITA DE MELO MENDES DA SILVA;False;;F;25/05/1973 00:00:00;53;700008771565307;Procedimento;MARCIA DAVID;;<procedimento>, ULTRASSONOGRAFIA DE ABDOMEN TOTAL</procedimento>;<procedimento>  0205020046 - ULTRASSONOGRAFIA DE ABDOMEN TOTAL - Quantidade: 1
</procedimento>;;;;;Programada;15/09/2026 12:34:40;15/09/2026 00:00:00;15/09/2026 00:00:00;57s;AVENIDA JOSE FRANCISCO RANGEL E SOUZA, S/N, LT 35 QD 62, ARACATIBA, MARICA-RJ, CEP: 24901365  - Tel: 21970489971;
THALLITA GOMES BRAZ;False;;F;15/08/2008 00:00:00;18;700505108402856;Procedimento;MARCIA DAVID;;<procedimento>, ULTRASSONOGRAFIA PELVICA (GINECOLOGICA)</procedimento>;<procedimento>  0205020160 - ULTRASSONOGRAFIA PELVICA (GINECOLOGICA) - Quantidade: 1
</procedimento>;;;;;Programada;15/09/2026 12:35:11;15/09/2026 00:00:00;15/09/2026 00:00:00;1min 19s;RUA ANTONIO DE SOUZA, 2, QD25 LT40, MORADA DAS AGUIAS (ITAIPUACU), MARICA-RJ, CEP: 24937410  - Tel: 21990004293;
KAREN MERCEDES FREITAS VIEIRA;False;;F;09/05/2002 00:00:00;24;703409297973618;Procedimento;MARCIA DAVID;;<procedimento>, ULTRASSONOGRAFIA DE ABDOMEN TOTAL</procedimento>;<procedimento>  0205020046 - ULTRASSONOGRAFIA DE ABDOMEN TOTAL - Quantidade: 1
</procedimento>;;;;;Programada;15/09/2026 12:37:01;15/09/2026 00:00:00;15/09/2026 00:00:00;29s;RUA UM, S/N, LOTE 121, PINDOBAL (PONTA NEGRA), MARICA-RJ, CEP: 24919585  - Tel: 21992760461;
ANA PAULA DA SILVA ALVES;False;;F;20/06/1978 00:00:00;48;700202486002726;Procedimento;MARCIA DAVID;;<procedimento>, ULTRASSONOGRAFIA TRANSVAGINAL</procedimento>;<procedimento>  0205020186 - ULTRASSONOGRAFIA TRANSVAGINAL - Quantidade: 1
</procedimento>;;;;;Programada;15/09/2026 12:38:40;15/09/2026 00:00:00;15/09/2026 00:00:00;1min 21s;RUA NOSSA SENHORA APARECIDA, S/N, PRAIA DE ITAIPUACU (ITAIPUACU), MARICA-RJ, CEP: 24936740  - Tel: 21970459505;
RAISSA BARROS FERREIRA;False;;F;16/02/2001 00:00:00;25;701404605276636;Procedimento;MARCIA DAVID;;<procedimento>, ULTRASSONOGRAFIA TRANSVAGINAL</procedimento>;<procedimento>  0205020186 - ULTRASSONOGRAFIA TRANSVAGINAL - Quantidade: 1
</procedimento>;;;;;Programada;15/09/2026 12:46:51;15/09/2026 00:00:00;15/09/2026 00:00:00;1min 28s;RUA JOAO JOSE ALVES, 132, MUMBUCA, MARICA-RJ, CEP: 24913875  - Tel: 21997071525;
VANIZE OLIVEIRA DA CONCEICAO;False;;F;18/04/1978 00:00:00;48;700402469692548;Procedimento;MARCIA DAVID;;<procedimento>, ULTRASSONOGRAFIA TRANSVAGINAL</procedimento>;<procedimento>  0205020186 - ULTRASSONOGRAFIA TRANSVAGINAL - Quantidade: 1
</procedimento>;;;;;Programada;15/09/2026 12:47:52;15/09/2026 00:00:00;15/09/2026 00:00:00;1min 7s;RUA CONDOR, 959, PARQUE NANCI, MARICA-RJ, CEP: 24914145  - Tel: 21967723421;
JUCIARA ROSA DE JESUS SILVA;False;;F;20/05/1981 00:00:00;45;701401682251739;Procedimento;MARCIA DAVID;;<procedimento>, ULTRASSONOGRAFIA TRANSVAGINAL</procedimento>;<procedimento>  0205020186 - ULTRASSONOGRAFIA TRANSVAGINAL - Quantidade: 1
</procedimento>;;;;;Programada;15/09/2026 12:48:24;15/09/2026 00:00:00;15/09/2026 00:00:00;41s;RUA WALTER CAETANO DOS SANTOS, 194, CASA 01, MUMBUCA, MARICA-RJ, CEP: 24913865  - Tel: 21995419089;
ANDREA FERREIRA DA COSTA DE ALMEIDA;False;;F;09/02/1970 00:00:00;56;700203400078622;Procedimento;MARCIA DAVID;;<procedimento>, ULTRASSONOGRAFIA TRANSVAGINAL</procedimento>;<procedimento>  0205020186 - ULTRASSONOGRAFIA TRANSVAGINAL - Quantidade: 1
</procedimento>;;;;;Programada;15/09/2026 12:49:47;15/09/2026 00:00:00;15/09/2026 00:00:00;1min 5s;RUA LEONARDO JOSE ANTUNES, S/N, INOA (INOA), MARICA-RJ, CEP: 24943255  - Tel: 2198813033;
GEORGINA NAZARE DE ARAUJO RAMOS;False;;F;13/07/1959 00:00:00;67;709805036284896;Procedimento;MARCIA DAVID;;<procedimento>, ULTRASSONOGRAFIA DE ABDOMEN TOTAL</procedimento>;<procedimento>  0205020046 - ULTRASSONOGRAFIA DE ABDOMEN TOTAL - Quantidade: 1
</procedimento>;;;;;Programada;15/09/2026 12:49:08;15/09/2026 00:00:00;15/09/2026 00:00:00;28s;RUA ANTONIO EDUARDO, S/N, MUMBUCA, MARICA-RJ, CEP: 24913705  - Tel: 21997843367;
CHARLIMAR FERREIRA MONTES MORAIS;False;;F;09/07/1992 00:00:00;34;707401081587278;Procedimento;MARCIA DAVID;;<procedimento>, ULTRASSONOGRAFIA TRANSVAGINAL</procedimento>;<procedimento>  0205020186 - ULTRASSONOGRAFIA TRANSVAGINAL - Quantidade: 1
</procedimento>;;;;;Programada;15/09/2026 12:50:22;15/09/2026 00:00:00;15/09/2026 00:00:00;43s;RUA ANTONIO MODESTO DE SA, S/N, QD25LT2, MORADA DAS AGUIAS (ITAIPUACU), MARICA-RJ, CEP: 24937400  - Tel: 21972663661;
ANA CLAUDIA MOREIRA DOS SANTOS;False;;F;07/10/1971 00:00:00;54;705609428058718;Procedimento;RENATO ROQUE DE ANDRADE;;<procedimento>, MAMOGRAFIA BILATERAL PARA RASTREAMENTO</procedimento>;<procedimento>  0204030188 - MAMOGRAFIA BILATERAL PARA RASTREAMENTO - Quantidade: 1
</procedimento>;;;;;Espontanea;15/09/2026 15:42:24;15/09/2026 00:00:00;15/09/2026 00:00:00;0s;RUA X, S/N, STE BL20 AP04, CHACARAS DE INOA (INOA), MARICA-RJ, CEP: 24940653  - Tel: 2134264540;
ANA CLAUDIA MOREIRA DOS SANTOS;False;;F;07/10/1971 00:00:00;54;705609428058718;Procedimento;RENATO ROQUE DE ANDRADE;;<procedimento>, MAMOGRAFIA BILATERAL PARA RASTREAMENTO</procedimento>;<procedimento>  0204030188 - MAMOGRAFIA BILATERAL PARA RASTREAMENTO - Quantidade: 1
</procedimento>;;;;;Espontanea;15/09/2026 15:45:56;15/09/2026 00:00:00;15/09/2026 00:00:00;0s;RUA X, S/N, STE BL20 AP04, CHACARAS DE INOA (INOA), MARICA-RJ, CEP: 24940653  - Tel: 2134264540;
CARLA ROSANA DA SILVA;False;;F;06/11/1963 00:00:00;62;708006354693528;Procedimento;CLAUDIA FREIXO SEIXAS IOCKEN;;<procedimento>, DENSITOMETRIA OSSEA DUO-ENERGETICA DE COLUNA (VERTEBRAS LOMBARES E/OU FEMUR)</procedimento>;<procedimento>  0204060028 - DENSITOMETRIA OSSEA DUO-ENERGETICA DE COLUNA (VERTEBRAS LOMBARES E/OU FEMUR) - Quantidade: 1
</procedimento>;;;;;Espontanea;15/09/2026 16:56:07;15/09/2026 00:00:00;15/09/2026 00:00:00;0s;RUA SAO JOSE, S/N, QD 5 LT 27, PRAIA DE ITAIPUACU (ITAIPUACU), MARICA-RJ, CEP: 24936735  - Tel: 21999578061;
CATIA MENEZES FERNANDES;False;;F;14/02/1975 00:00:00;51;708500591810080;Procedimento;RENATO ROQUE DE ANDRADE;;<procedimento>, MAMOGRAFIA BILATERAL PARA RASTREAMENTO</procedimento>;<procedimento>  0204030188 - MAMOGRAFIA BILATERAL PARA RASTREAMENTO - Quantidade: 1
</procedimento>;;;;;Espontanea;15/09/2026 15:37:49;15/09/2026 00:00:00;15/09/2026 00:00:00;0s;RUA DAS ACACIAS, S/N, CENTRO, MARICA-RJ, CEP: 24900001  - Tel: 2137155884;
CRISTIANE GONCALVES CAMPOS DE BRITO;False;;F;10/08/1968 00:00:00;58;700003063318307;Procedimento;RENATO ROQUE DE ANDRADE;;<procedimento>, MAMOGRAFIA BILATERAL PARA RASTREAMENTO</procedimento>;<procedimento>  0204030188 - MAMOGRAFIA BILATERAL PARA RASTREAMENTO - Quantidade: 1
</procedimento>;;;;;Espontanea;15/09/2026 15:35:00;15/09/2026 00:00:00;15/09/2026 00:00:00;0s;RUA GEORGILEI RODRIGUES, S/N, QD 430 LT 25, JARDIM ATLANTICO LESTE (ITAIPUACU), MARICA-RJ, CEP: 24933410  - Tel: 21988857774;
EDIMO PINTASILGO CANCIO;False;;M;20/08/1951 00:00:00;75;706403136699084;Procedimento;SERGIO RICARDO DUARTE MOUTINHO;;<procedimento>, MONITORAMENTO PELO SISTEMA HOLTER 24 HS (3 CANAIS)</procedimento>;<procedimento>  0211020044 - MONITORAMENTO PELO SISTEMA HOLTER 24 HS (3 CANAIS) - Quantidade: 1
</procedimento>;;;;;Espontanea;16/09/2026 08:53:45;15/09/2026 00:00:00;15/09/2026 00:00:00;0s;AVENIDA CENTRAL, S/N, LT 08 QD 16, CAJUEIROS (ITAIPUACU), MARICA-RJ, CEP: 24932670  - Tel: 21986204189;
FRANCISCA FERREIRA CRAVEIRO;False;;F;30/11/1953 00:00:00;72;707608208836393;Procedimento;RENATO ROQUE DE ANDRADE;;<procedimento>, MAMOGRAFIA BILATERAL PARA RASTREAMENTO</procedimento>;<procedimento>  0204030188 - MAMOGRAFIA BILATERAL PARA RASTREAMENTO - Quantidade: 1
</procedimento>;;;;;Espontanea;15/09/2026 15:29:10;15/09/2026 00:00:00;15/09/2026 00:00:00;0s;RUA BOAZ VELASCO, 02, ARACATIBA, MARICA-RJ, CEP: 24901370  - Tel: 21996727290;
JOSE RICARDO ARAUJO DOS SANTOS FILHO;False;;M;25/04/1995 00:00:00;31;704009378036969;Procedimento;SERGIO RICARDO DUARTE MOUTINHO;;<procedimento>, MONITORAMENTO PELO SISTEMA HOLTER 24 HS (3 CANAIS)</procedimento>;<procedimento>  0211020044 - MONITORAMENTO PELO SISTEMA HOLTER 24 HS (3 CANAIS) - Quantidade: 1
</procedimento>;;;;;Espontanea;16/09/2026 08:56:34;15/09/2026 00:00:00;15/09/2026 00:00:00;0s;RUA SEIS, 4, SOL2, SAO JOSE DO IMBASSAI, MARICA-RJ, CEP: 24930348  - Tel: 21994306101;
LEILA REGINA GOMES;False;;F;12/01/1970 00:00:00;56;700008833067305;Procedimento;RENATO ROQUE DE ANDRADE;;<procedimento>, MAMOGRAFIA BILATERAL PARA RASTREAMENTO</procedimento>;<procedimento>  0204030188 - MAMOGRAFIA BILATERAL PARA RASTREAMENTO - Quantidade: 1
</procedimento>;;;;;Espontanea;15/09/2026 15:30:18;15/09/2026 00:00:00;15/09/2026 00:00:00;0s;RUA CAPITAO MELLO, S/N, QD09 LT18 CS02, RECANTO DE ITAIPUACU (ITAIPUACU), MARICA-RJ, CEP: 24937010  - Tel: 21976048010;
LUANA BALBINO DA SILVA;False;;F;03/08/1981 00:00:00;45;708103546065939;Procedimento;SERGIO RICARDO DUARTE MOUTINHO;;<procedimento>, MONITORIZACAO AMBULATORIAL DE PRESSAO ARTERIAL (M A P A)</procedimento>;<procedimento>  0211020052 - MONITORIZACAO AMBULATORIAL DE PRESSAO ARTERIAL (M A P A) - Quantidade: 1
</procedimento>;;;;;Espontanea;16/09/2026 08:58:49;15/09/2026 00:00:00;15/09/2026 00:00:00;0s;ESTRADA ZILTO MONTEIRO DE ABREU 1/99998, 070, CASA 03, mumbuca, MARICA-RJ, CEP: 24918100  - Tel: 21972772178;
LUDWIG BALANIUK;False;;M;26/08/1952 00:00:00;74;898004678330803;Procedimento;SERGIO RICARDO DUARTE MOUTINHO;;<procedimento>, ELETROCARDIOGRAMA</procedimento><procedimento>, MONITORAMENTO PELO SISTEMA HOLTER 24 HS (3 CANAIS)</procedimento>;<procedimento>  0211020036 - ELETROCARDIOGRAMA - Quantidade: 1
</procedimento><procedimento>  0211020044 - MONITORAMENTO PELO SISTEMA HOLTER 24 HS (3 CANAIS) - Quantidade: 1
</procedimento>;;;;;Espontanea;16/09/2026 11:09:20;15/09/2026 00:00:00;15/09/2026 00:00:00;0s;RUA CAPITAO MELLO, S/N, MORADA DAS AGUIAS (ITAIPUACU), MARICA-RJ, CEP: 24937440  - Tel: 21995901907;
MARIA DUARTE MESCOLIN;False;;F;01/10/1955 00:00:00;70;703003830421078;Procedimento;SERGIO RICARDO DUARTE MOUTINHO;;<procedimento>, MONITORAMENTO PELO SISTEMA HOLTER 24 HS (3 CANAIS)</procedimento>;<procedimento>  0211020044 - MONITORAMENTO PELO SISTEMA HOLTER 24 HS (3 CANAIS) - Quantidade: 1
</procedimento>;;;;;Espontanea;16/09/2026 11:12:18;15/09/2026 00:00:00;15/09/2026 00:00:00;0s;RUA CASA DARCY RIBEIRO, S/N, LT 05 QD 166, CORDEIRINHO (PONTA NEGRA), MARICA-RJ, CEP: 24921740  - Tel: 21988411458;
MARINA MURTA GUIMARAES DOS SANTOS;False;;F;20/04/1975 00:00:00;51;;Procedimento;RENATO ROQUE DE ANDRADE;;<procedimento>, MAMOGRAFIA BILATERAL PARA RASTREAMENTO</procedimento>;<procedimento>  0204030188 - MAMOGRAFIA BILATERAL PARA RASTREAMENTO - Quantidade: 1
</procedimento>;;;;;Espontanea;15/09/2026 15:26:31;15/09/2026 00:00:00;15/09/2026 00:00:00;0s;AVENIDA MAYSA, S/N, PONTA NEGRA (PONTA NEGRA), MARICA-RJ, CEP: 24922030  - Tel: 2199642353;
PALOMA ZIMPECK PUJALES FERNANDES;False;;F;17/02/1980 00:00:00;46;700006712539905;Procedimento;RENATO ROQUE DE ANDRADE;;<procedimento>, MAMOGRAFIA BILATERAL PARA RASTREAMENTO</procedimento>;<procedimento>  0204030188 - MAMOGRAFIA BILATERAL PARA RASTREAMENTO - Quantidade: 1
</procedimento>;;;;;Espontanea;15/09/2026 15:31:39;15/09/2026 00:00:00;15/09/2026 00:00:00;0s;RUA ISMAEL LUCINDO SILVA, 11, QD 77, BARROCO (ITAIPUACU), MARICA-RJ, CEP: 24936570  - Tel: 6133152425;
RENATA MUNIZ FERREIRA;False;;F;08/07/1977 00:00:00;49;704106297145780;Procedimento;SERGIO RICARDO DUARTE MOUTINHO;;<procedimento>, MONITORAMENTO PELO SISTEMA HOLTER 24 HS (3 CANAIS)</procedimento>;<procedimento>  0211020044 - MONITORAMENTO PELO SISTEMA HOLTER 24 HS (3 CANAIS) - Quantidade: 1
</procedimento>;;;;;Espontanea;16/09/2026 08:55:05;15/09/2026 00:00:00;15/09/2026 00:00:00;0s;RUA IVAN DIAS PEREIRA, S/N, QD 504 LT 01, JARDIM ATLANTICICO/LESTE ITAIPUACU, MARICA-RJ, CEP: 24933170  - Tel: 21998125725;
SHIRLEY SILVA DANTAS;False;;F;18/04/1958 00:00:00;68;707008816869633;Procedimento;RENATO ROQUE DE ANDRADE;;<procedimento>, MAMOGRAFIA BILATERAL PARA RASTREAMENTO</procedimento>;<procedimento>  0204030188 - MAMOGRAFIA BILATERAL PARA RASTREAMENTO - Quantidade: 1
</procedimento>;;;;;Espontanea;15/09/2026 15:33:31;15/09/2026 00:00:00;15/09/2026 00:00:00;0s;RUA ISMAEL LUCINDO SILVA, SN, QD 76 LT 14 C2, BARROCO (ITAIPUACU), MARICA-RJ, CEP: 24936570  - Tel: 92994646089;
SONIA REGINA DE OLIVEIRA;False;;F;14/01/1959 00:00:00;67;704608674297627;Procedimento;SERGIO RICARDO DUARTE MOUTINHO;;<procedimento>, MONITORAMENTO PELO SISTEMA HOLTER 24 HS (3 CANAIS)</procedimento>;<procedimento>  0211020044 - MONITORAMENTO PELO SISTEMA HOLTER 24 HS (3 CANAIS) - Quantidade: 1
</procedimento>;;;;;Espontanea;16/09/2026 08:54:27;15/09/2026 00:00:00;15/09/2026 00:00:00;0s;RUA DAS VIOLETAS, S/N, QD 26 LT 10 C 1, ITAIPUACU, MARICA-RJ, CEP: 24936350  - Tel: 21987896962;
SUELY PEREIRA DA COSTA SILVA;False;;F;29/11/1947 00:00:00;78;704201298024280;Procedimento;SERGIO RICARDO DUARTE MOUTINHO;;<procedimento>, MONITORAMENTO PELO SISTEMA HOLTER 24 HS (3 CANAIS)</procedimento>;<procedimento>  0211020044 - MONITORAMENTO PELO SISTEMA HOLTER 24 HS (3 CANAIS) - Quantidade: 1
</procedimento>;;;;;Espontanea;16/09/2026 08:55:47;15/09/2026 00:00:00;15/09/2026 00:00:00;0s;RUA TRINTA E OITO, S/N, LT 20 QD 50, BAMBUI, MARICA-RJ, CEP: 24920625  - Tel: 21972178651;
VANESSA RUFINO LUIZ;False;;F;05/03/1980 00:00:00;46;707305008085270;Procedimento;RENATO ROQUE DE ANDRADE;;<procedimento>, MAMOGRAFIA BILATERAL PARA RASTREAMENTO</procedimento>;<procedimento>  0204030188 - MAMOGRAFIA BILATERAL PARA RASTREAMENTO - Quantidade: 1
</procedimento>;;;;;Espontanea;15/09/2026 15:27:54;15/09/2026 00:00:00;15/09/2026 00:00:00;0s;RUA UM, S/N, QD14 LT29 CS20, RECANTO DE ITAIPUACU (ITAIPUACU), MARICA-RJ, CEP: 24937065  - Tel: 21987049480;
ZILMAR FLOJS DOS SANTOS;False;;M;10/12/1954 00:00:00;71;704606685938929;Procedimento;SERGIO RICARDO DUARTE MOUTINHO;;<procedimento>, MONITORIZACAO AMBULATORIAL DE PRESSAO ARTERIAL (M A P A)</procedimento>;<procedimento>  0211020052 - MONITORIZACAO AMBULATORIAL DE PRESSAO ARTERIAL (M A P A) - Quantidade: 1
</procedimento>;;;;;Espontanea;16/09/2026 08:57:55;15/09/2026 00:00:00;15/09/2026 00:00:00;0s;RUA ANGRA DOS REIS, S/N, QD 42 LT 07, CAXITO, MARICA-RJ, CEP: 24910020  - Tel: 21998412970;
GILBERTO FERNANDES DOS SANTOS;False;;M;29/10/1958 00:00:00;67;700002911608210;Consulta c/ Cardiologista;ANDRE LUIZ TELLES FARAH; I10  - HIPERTENSAO ESSENCIAL (PRIMARIA), R000 - TAQUICARDIA NAO ESPECIFICADA;<procedimento>, CONSULTA MEDICA EM ATENCAO ESPECIALIZADA</procedimento>;<procedimento>  0301010072 - CONSULTA MEDICA EM ATENCAO ESPECIALIZADA - Quantidade: 1
</procedimento>;S;DOSAGEM DE ANTIGENO PROSTATICO ESPECIFICO (PSA)
DOSAGEM DE 25 HIDROXIVITAMINA D
DOSAGEM DE ACIDO URICO
DOSAGEM DE POTASSIO
MONITORAMENTO PELO SISTEMA HOLTER 24 HS (3 CANAIS)
DOSAGEM DE CREATININA
DOSAGEM DE HORMONIO TIREOESTIMULANTE (TSH)
DOSAGEM DE COLESTEROL TOTAL
DOSAGEM DE COLESTEROL HDL
MONITORIZACAO AMBULATORIAL DE PRESSAO ARTERIAL (M A P A)
DOSAGEM DE COLESTEROL LDL
DOSAGEM DE TIROXINA (T4)
DOSAGEM DE SODIO
;;N;Programada;15/09/2026 13:12:17;15/09/2026 00:00:00;15/09/2026 00:00:00;7min 5s;RUA CAPITAO BENJAMIN CONSTANT KELLER, S/N, QD95 LT07 C2, BARROCO (ITAIPUACU), MARICA-RJ, CEP: 24936620  - Tel: 21991114000;
PAULO SERGIO DOS SANTOS BARROS;False;;M;13/03/1972 00:00:00;54;704709784945534;Consulta de Enfermagem;MAURO BATISTA DE BARROS; T140 - TRAUMATISMO SUPERFICIAL DE REGIAO NAO ESPECIFICADA DO CORPO;<procedimento>, AFERICAO DE PRESSAO ARTERIAL</procedimento><procedimento>, AVALIACAO ANTROPOMETRICA</procedimento><procedimento>, CONSULTA DE PROFISSIONAIS DE NIVEL SUPERIOR NA ATENCAO ESPECIALIZADA (EXCETO MEDICO)</procedimento><procedimento>, CURATIVO GRAU II C/ OU S/ DEBRIDAMENTO</procedimento><procedimento>, GLICEMIA CAPILAR</procedimento>;<procedimento>  0101040024 - AVALIACAO ANTROPOMETRICA - Quantidade: 1
</procedimento><procedimento>  0214010015 - GLICEMIA CAPILAR - Quantidade: 1
</procedimento><procedimento>  0301010048 - CONSULTA DE PROFISSIONAIS DE NIVEL SUPERIOR NA ATENCAO ESPECIALIZADA (EXCETO MEDICO) - Quantidade: 1
</procedimento><procedimento>  0301100039 - AFERICAO DE PRESSAO ARTERIAL - Quantidade: 1
</procedimento><procedimento>  0401010015 - CURATIVO GRAU II C/ OU S/ DEBRIDAMENTO - Quantidade: 3
</procedimento>;N;;;N;Programada;15/09/2026 13:16:54;15/09/2026 00:00:00;15/09/2026 00:00:00;5min 47s;RUA DOS FLAMBOYANS, S/N, QD 24 LT 24, BARROCO (ITAIPUACU), MARICA-RJ, CEP: 24936330  - Tel: 41991815799;
LUIZ FERNANDO PIRES RIBEIRO;False;;M;12/05/1965 00:00:00;61;704702748819137;Consulta de Enfermagem;ELAINE APARECIDA DE SOUZA; Z736 - LIMITES IMPOSTOS AS ATIVIDADES POR INVALIDEZ;<procedimento>, CONSULTA DE PROFISSIONAIS DE NIVEL SUPERIOR NA ATENCAO ESPECIALIZADA (EXCETO MEDICO)</procedimento>;<procedimento>  0301010048 - CONSULTA DE PROFISSIONAIS DE NIVEL SUPERIOR NA ATENCAO ESPECIALIZADA (EXCETO MEDICO) - Quantidade: 1
</procedimento>;N;;;N;Programada;15/09/2026 13:19:09;15/09/2026 00:00:00;15/09/2026 00:00:00;54min 0s;RUA DOZE, S/N, LT 11 QD 9, CHACARAS DE INOA (INOA), MARICA-RJ, CEP: 24940155  - Tel: 21971181536;
LETICIA DOS SANTOS PEREIRA;False;;F;30/05/1977 00:00:00;49;702609264725941;Consulta c/ Cardiologista;ANDRE LUIZ TELLES FARAH; I10  - HIPERTENSAO ESSENCIAL (PRIMARIA);<procedimento>, CONSULTA MEDICA EM ATENCAO ESPECIALIZADA</procedimento>;<procedimento>  0301010072 - CONSULTA MEDICA EM ATENCAO ESPECIALIZADA - Quantidade: 1
</procedimento>;S;DOSAGEM DE COLESTEROL LDL
DOSAGEM DE 25 HIDROXIVITAMINA D
MONITORIZACAO AMBULATORIAL DE PRESSAO ARTERIAL (M A P A)
DOSAGEM DE TRIGLICERIDEOS
HEMOGRAMA COMPLETO
DOSAGEM DE VITAMINA B12
DOSAGEM DE COLESTEROL HDL
DOSAGEM DE TIROXINA (T4)
DOSAGEM DE HORMONIO TIREOESTIMULANTE (TSH)
DOSAGEM DE ACIDO URICO
DOSAGEM DE SODIO
DOSAGEM DE UREIA
DOSAGEM DE COLESTEROL TOTAL
DOSAGEM DE POTASSIO
DOSAGEM DE CREATININA
;;N;Programada;15/09/2026 13:20:04;15/09/2026 00:00:00;15/09/2026 00:00:00;4min 11s;RUA CARMINDA FAUSTINA DE SOUZA, S/N, QD 06 LT 6B, PONTA NEGRA (PONTA NEGRA), MARICA-RJ, CEP: 24922305  - Tel: 21991008249;
MARCELO VIANA MENDES;False;;M;05/07/1972 00:00:00;54;704202702317184;Consulta de Enfermagem;MAURO BATISTA DE BARROS; R60  - EDEMA NAO CLASSIFICADO EM OUTRA PARTE, T140 - TRAUMATISMO SUPERFICIAL DE REGIAO NAO ESPECIFICADA DO CORPO;<procedimento>, AFERICAO DE PRESSAO ARTERIAL</procedimento><procedimento>, AVALIACAO ANTROPOMETRICA</procedimento><procedimento>, CONSULTA DE PROFISSIONAIS DE NIVEL SUPERIOR NA ATENCAO ESPECIALIZADA (EXCETO MEDICO)</procedimento><procedimento>, GLICEMIA CAPILAR</procedimento>;<procedimento>  0101040024 - AVALIACAO ANTROPOMETRICA - Quantidade: 1
</procedimento><procedimento>  0214010015 - GLICEMIA CAPILAR - Quantidade: 1
</procedimento><procedimento>  0301010048 - CONSULTA DE PROFISSIONAIS DE NIVEL SUPERIOR NA ATENCAO ESPECIALIZADA (EXCETO MEDICO) - Quantidade: 1
</procedimento><procedimento>  0301100039 - AFERICAO DE PRESSAO ARTERIAL - Quantidade: 1
</procedimento>;N;;;N;Programada;15/09/2026 13:22:03;15/09/2026 00:00:00;15/09/2026 00:00:00;41min 15s;RUA SAO JORGE, S/N, SAO JOSE DO IMBASSAI, MARICA-RJ, CEP: 24931550  - Tel: 21992101911;
SOLANGE RODRIGUES DA ASSUNCAO;False;;F;27/07/1957 00:00:00;69;706704567851010;Consulta c/ Cardiologista;ANDRE LUIZ TELLES FARAH; Z951 - PRESENCA DE ENXERTO DE PONTE [BYPASS] AORTOCORONARIA, I10  - HIPERTENSAO ESSENCIAL (PRIMARIA), I252 - INFARTO ANTIGO DO MIOCARDIO;<procedimento>, CONSULTA MEDICA EM ATENCAO ESPECIALIZADA</procedimento>;<procedimento>  0301010072 - CONSULTA MEDICA EM ATENCAO ESPECIALIZADA - Quantidade: 1
</procedimento>;S;ECOCARDIOGRAFIA TRANSTORACICA
RADIOGRAFIA DE TORAX (PA E PERFIL)
TESTE DE ESFORCO / TESTE ERGOMETRICO
;;N;Programada;15/09/2026 13:24:44;15/09/2026 00:00:00;15/09/2026 00:00:00;10min 14s;AVENIDA CARLOS MARIGHELLA, S/N, LT 07 CS 2, INOA (INOA), MARICA-RJ, CEP: 24942275  - Tel: 22998671270;
ROSANGELA ROSA DE BARROS;False;;F;27/06/1981 00:00:00;45;704308550722795;Consulta c/ Cardiologista;ANDRE LUIZ TELLES FARAH; I25  - DOENCA ISQUEMICA CRONICA DO CORACAO, I10  - HIPERTENSAO ESSENCIAL (PRIMARIA);<procedimento>, CONSULTA MEDICA EM ATENCAO ESPECIALIZADA</procedimento>;<procedimento>  0301010072 - CONSULTA MEDICA EM ATENCAO ESPECIALIZADA - Quantidade: 1
</procedimento>;N;;;N;Programada;15/09/2026 13:35:22;15/09/2026 00:00:00;15/09/2026 00:00:00;5min 30s;AVENIDA CARLOS MARIGHELLA, S/N, PRAIA DE ITAIPUACU (ITAIPUACU), MARICA-RJ, CEP: 24936730  - Tel: 21995980985;
ALDO JOSE MIRABELLI SAMPAIO;False;;M;12/10/1967 00:00:00;58;700806432042485;Consulta c/ Cardiologista;ANDRE LUIZ TELLES FARAH; I10  - HIPERTENSAO ESSENCIAL (PRIMARIA), I25  - DOENCA ISQUEMICA CRONICA DO CORACAO;<procedimento>, CONSULTA MEDICA EM ATENCAO ESPECIALIZADA</procedimento>;<procedimento>  0301010072 - CONSULTA MEDICA EM ATENCAO ESPECIALIZADA - Quantidade: 1
</procedimento>;N;;;N;Programada;15/09/2026 13:40:41;15/09/2026 00:00:00;15/09/2026 00:00:00;7min 7s;ALAMEDA GRAVATA, S/N, SAO JOSE DO IMBASSAI, MARICA-RJ, CEP: 24931745  - Tel: 21998292767;
MARINO RAMOS ROCHA;False;;M;21/03/1948 00:00:00;78;705003294266753;Consulta c/ Cardiologista;ANDRE LUIZ TELLES FARAH; Z951 - PRESENCA DE ENXERTO DE PONTE [BYPASS] AORTOCORONARIA, I10  - HIPERTENSAO ESSENCIAL (PRIMARIA), I25  - DOENCA ISQUEMICA CRONICA DO CORACAO;<procedimento>, CONSULTA MEDICA EM ATENCAO ESPECIALIZADA</procedimento>;<procedimento>  0301010072 - CONSULTA MEDICA EM ATENCAO ESPECIALIZADA - Quantidade: 1
</procedimento>;S;MONITORAMENTO PELO SISTEMA HOLTER 24 HS (3 CANAIS)
;;N;Programada;15/09/2026 13:47:39;15/09/2026 00:00:00;15/09/2026 00:00:00;8min 30s;RUA JARI, S/N, LT 04 QD 08A, INOA (INOA), MARICA-RJ, CEP: 24943740  - Tel: 21997693051;
ANA MARIA GOMES DA SILVA;False;;F;25/07/1954 00:00:00;72;;Consulta c/ Cardiologista;ANDRE LUIZ TELLES FARAH; E039 - HIPOTIREOIDISMO NAO ESPECIFICADO, I252 - INFARTO ANTIGO DO MIOCARDIO, I10  - HIPERTENSAO ESSENCIAL (PRIMARIA);<procedimento>, CONSULTA MEDICA EM ATENCAO ESPECIALIZADA</procedimento>;<procedimento>  0301010072 - CONSULTA MEDICA EM ATENCAO ESPECIALIZADA - Quantidade: 1
</procedimento>;S;MONITORAMENTO PELO SISTEMA HOLTER 24 HS (3 CANAIS)
ECOCARDIOGRAFIA TRANSTORACICA
;;N;Programada;15/09/2026 13:56:44;15/09/2026 00:00:00;15/09/2026 00:00:00;8min 29s;RUA LEONEL BRIZOLA, S/N, BARROCO (ITAIPUACU), MARICA-RJ, CEP: 24936540  - Tel: 21985082165;
EDNEIA MARQUES DE FARIAS;False;;F;21/05/1949 00:00:00;77;704005314743466;Consulta c/ Dermatologista;GABRIELA DE OLIVEIRA FOLY; L720 - CISTO EPIDERMICO;<procedimento>, CONSULTA MEDICA EM ATENCAO ESPECIALIZADA</procedimento>;<procedimento>  0301010072 - CONSULTA MEDICA EM ATENCAO ESPECIALIZADA - Quantidade: 1
</procedimento>;N;;;N;Espontanea;15/09/2026 14:02:44;15/09/2026 00:00:00;15/09/2026 00:00:00;9min 24s;RUA QUARENTA E OITO, S/N, QD 111 LT 02, BAMBUI, MARICA-RJ, CEP: 24920705  - Tel: 21996397874;
ROSANIA VIEIRA DOS SANTOS;False;;F;11/09/1967 00:00:00;59;702906503494974;Consulta de Enfermagem;MAURO BATISTA DE BARROS; R60  - EDEMA NAO CLASSIFICADO EM OUTRA PARTE, T140 - TRAUMATISMO SUPERFICIAL DE REGIAO NAO ESPECIFICADA DO CORPO;<procedimento>, AFERICAO DE PRESSAO ARTERIAL</procedimento><procedimento>, AVALIACAO ANTROPOMETRICA</procedimento><procedimento>, CONSULTA DE PROFISSIONAIS DE NIVEL SUPERIOR NA ATENCAO ESPECIALIZADA (EXCETO MEDICO)</procedimento><procedimento>, CURATIVO ESPECIAL</procedimento><procedimento>, GLICEMIA CAPILAR</procedimento>;<procedimento>  0101040024 - AVALIACAO ANTROPOMETRICA - Quantidade: 1
</procedimento><procedimento>  0214010015 - GLICEMIA CAPILAR - Quantidade: 1
</procedimento><procedimento>  0301010048 - CONSULTA DE PROFISSIONAIS DE NIVEL SUPERIOR NA ATENCAO ESPECIALIZADA (EXCETO MEDICO) - Quantidade: 1
</procedimento><procedimento>  0301100039 - AFERICAO DE PRESSAO ARTERIAL - Quantidade: 1
</procedimento><procedimento>  0301100276 - CURATIVO ESPECIAL - Quantidade: 1
</procedimento>;N;;;N;Programada;15/09/2026 14:03:30;15/09/2026 00:00:00;15/09/2026 00:00:00;52min 5s;RUA DAS ACACIAS, LOTE 09, QUADRA 34, CENTRO, MARICA-RJ, CEP: 24900001  - Tel: 21971986295;
FLAVIO DE SOUSA;False;;M;17/05/1974 00:00:00;52;704203253297182;Consulta c/ Cardiologista;ANDRE LUIZ TELLES FARAH; R93  - ACHADOS ANORMAIS DE EXAME PARA DIAGNOSTICO POR IMAGEM DE OUTRAS ESTRUTURAS DO CORPO, I25  - DOENCA ISQUEMICA CRONICA DO CORACAO, I10  - HIPERTENSAO ESSENCIAL (PRIMARIA), Z955 - PRESENCA DE IMPLANTE E ENXERTO DE ANGIOPLASTIA CORONARIA;<procedimento>, CONSULTA MEDICA EM ATENCAO ESPECIALIZADA</procedimento>;<procedimento>  0301010072 - CONSULTA MEDICA EM ATENCAO ESPECIALIZADA - Quantidade: 1
</procedimento>;S;HEMOGRAMA COMPLETO
DOSAGEM DE SODIO
DETERMINACAO DIRETA E REVERSA DE GRUPO ABO
DOSAGEM DE CREATININA
DOSAGEM DE POTASSIO
DETERMINACAO DE TEMPO E ATIVIDADE DA PROTROMBINA (TAP)
PESQUISA DE FATOR RH (INCLUI D FRACO)
DETERMINACAO DE TEMPO DE TROMBOPLASTINA PARCIAL ATIVADA (TTP ATIVADA)
RADIOGRAFIA DE TORAX (PA E PERFIL)
DOSAGEM DE UREIA
;;N;Programada;15/09/2026 14:04:44;15/09/2026 00:00:00;15/09/2026 00:00:00;13min 5s;RUA VINTE E UM, LOTE 13, QUADRA 33, SANTA PAULA (INOA), MARICA-RJ, CEP: 24944672  - Tel: 21970690326;
JOAO ALICE DE BARROS;False;;M;24/06/1936 00:00:00;90;701207089776019;Consulta c/ Cardiologista;ANDRE LUIZ TELLES FARAH; J459 - ASMA NAO ESPECIFICADA, I10  - HIPERTENSAO ESSENCIAL (PRIMARIA);<procedimento>, CONSULTA MEDICA EM ATENCAO ESPECIALIZADA</procedimento>;<procedimento>  0301010072 - CONSULTA MEDICA EM ATENCAO ESPECIALIZADA - Quantidade: 1
</procedimento>;N;;;N;Programada;15/09/2026 14:17:26;15/09/2026 00:00:00;15/09/2026 00:00:00;5min 10s; NOSSA SENHORA DA PAZ, LT 04 QD43, SAO BENTO DA LAGOA, MARICA-RJ, CEP: 24936755  - Tel: 32999390876;
ANGELICA PEREIRA DE VELASCO;False;;F;09/04/1980 00:00:00;46;704709008518040;Consulta c/ Cardiologista;ANDRE LUIZ TELLES FARAH; I50  - INSUFICIENCIA CARDIACA;<procedimento>, CONSULTA MEDICA EM ATENCAO ESPECIALIZADA</procedimento>;<procedimento>  0301010072 - CONSULTA MEDICA EM ATENCAO ESPECIALIZADA - Quantidade: 1
</procedimento>;N;;;N;Programada;15/09/2026 14:23:17;15/09/2026 00:00:00;15/09/2026 00:00:00;12min 8s; DE MARICA, S/N, ITAPEBA, MARICA-RJ, CEP: 24913267  - Tel: 21972631407;
MARIA JORGINA MENDONCA FONCECA;False;;F;21/07/1963 00:00:00;63;706602574350810;Consulta c/ Dermatologista;GABRIELA DE OLIVEIRA FOLY; I832 - VARIZES DOS MEMBROS INFERIORES COM ULCERA E INFLAMACAO;<procedimento>, CONSULTA MEDICA EM ATENCAO ESPECIALIZADA</procedimento>;<procedimento>  0301010072 - CONSULTA MEDICA EM ATENCAO ESPECIALIZADA - Quantidade: 1
</procedimento>;N;;;N;Espontanea;15/09/2026 14:24:54;15/09/2026 00:00:00;15/09/2026 00:00:00;8min 31s;RUA WALTER DE CARVALHO, S/N, LOTE 17, BARRA DE MARICA, MARICA-RJ, CEP: 24915500  - Tel: 21971241209;
LETICIA DOS SANTOS PEREIRA;False;;F;30/05/1977 00:00:00;49;702609264725941;Escuta Inicial;SILVIA GOMES DA SILVA;;<procedimento>, AFERICAO DE PRESSAO ARTERIAL</procedimento><procedimento>, AVALIACAO ANTROPOMETRICA</procedimento><procedimento>, ESCUTA INICIAL / ORIENTACAO (ACOLHIMENTO A DEMANDA ESPONTANEA)</procedimento>;<procedimento>  0101040024 - AVALIACAO ANTROPOMETRICA - Quantidade: 1
</procedimento><procedimento>  0301040079 - ESCUTA INICIAL / ORIENTACAO (ACOLHIMENTO A DEMANDA ESPONTANEA) - Quantidade: 1
</procedimento><procedimento>  0301100039 - AFERICAO DE PRESSAO ARTERIAL - Quantidade: 1
</procedimento>;N;;;N;Espontanea;15/09/2026 14:26:07;15/09/2026 00:00:00;15/09/2026 00:00:00;1min 59s;RUA CARMINDA FAUSTINA DE SOUZA, S/N, QD 06 LT 6B, PONTA NEGRA (PONTA NEGRA), MARICA-RJ, CEP: 24922305  - Tel: 21991008249;
SOLANGE RODRIGUES DA ASSUNCAO;False;;F;27/07/1957 00:00:00;69;706704567851010;Escuta Inicial;SILVIA GOMES DA SILVA;;<procedimento>, AFERICAO DE PRESSAO ARTERIAL</procedimento><procedimento>, AVALIACAO ANTROPOMETRICA</procedimento><procedimento>, ESCUTA INICIAL / ORIENTACAO (ACOLHIMENTO A DEMANDA ESPONTANEA)</procedimento>;<procedimento>  0101040024 - AVALIACAO ANTROPOMETRICA - Quantidade: 1
</procedimento><procedimento>  0301040079 - ESCUTA INICIAL / ORIENTACAO (ACOLHIMENTO A DEMANDA ESPONTANEA) - Quantidade: 1
</procedimento><procedimento>  0301100039 - AFERICAO DE PRESSAO ARTERIAL - Quantidade: 1
</procedimento>;N;;;N;Espontanea;15/09/2026 14:30:15;15/09/2026 00:00:00;15/09/2026 00:00:00;7min 15s;AVENIDA CARLOS MARIGHELLA, S/N, LT 07 CS 2, INOA (INOA), MARICA-RJ, CEP: 24942275  - Tel: 22998671270;
ROSANGELA ROSA DE BARROS;False;;F;27/06/1981 00:00:00;45;704308550722795;Escuta Inicial;SILVIA GOMES DA SILVA;;<procedimento>, AFERICAO DE PRESSAO ARTERIAL</procedimento><procedimento>, AVALIACAO ANTROPOMETRICA</procedimento><procedimento>, ESCUTA INICIAL / ORIENTACAO (ACOLHIMENTO A DEMANDA ESPONTANEA)</procedimento>;<procedimento>  0101040024 - AVALIACAO ANTROPOMETRICA - Quantidade: 1
</procedimento><procedimento>  0301040079 - ESCUTA INICIAL / ORIENTACAO (ACOLHIMENTO A DEMANDA ESPONTANEA) - Quantidade: 1
</procedimento><procedimento>  0301100039 - AFERICAO DE PRESSAO ARTERIAL - Quantidade: 1
</procedimento>;N;;;N;Espontanea;15/09/2026 14:39:15;15/09/2026 00:00:00;15/09/2026 00:00:00;1min 7s;AVENIDA CARLOS MARIGHELLA, S/N, PRAIA DE ITAIPUACU (ITAIPUACU), MARICA-RJ, CEP: 24936730  - Tel: 21995980985;
CLEMILA DE SOUZA CLEMENTE;False;;F;01/09/1961 00:00:00;65;701000839609097;Consulta c/ Otorrinolaringologista;LUIZ CARLOS DE ARAUJO PIMENTEL; K219 - DOENCA DE REFLUXO GASTROESOFAGICO SEM ESOFAGITE;<procedimento>, CONSULTA MEDICA EM ATENCAO ESPECIALIZADA</procedimento>;<procedimento>  0301010072 - CONSULTA MEDICA EM ATENCAO ESPECIALIZADA - Quantidade: 1
</procedimento>;N;;;N;Programada;15/09/2026 14:40:55;15/09/2026 00:00:00;15/09/2026 00:00:00;8min 56s;AVENIDA ORESTES VEREZA, S/N, SPAR (INOA), MARICA-RJ, CEP: 24944256  - Tel: 21973260419;
JACIRENE DA SILVA LIMA;False;;F;11/11/1965 00:00:00;60;709805060109292;Consulta c/ Dermatologista;GABRIELA DE OLIVEIRA FOLY; L570 - CERATOSE ACTINICA;<procedimento>, CONSULTA MEDICA EM ATENCAO ESPECIALIZADA</procedimento>;<procedimento>  0301010072 - CONSULTA MEDICA EM ATENCAO ESPECIALIZADA - Quantidade: 1
</procedimento>;N;;;N;Espontanea;15/09/2026 14:42:16;15/09/2026 00:00:00;15/09/2026 00:00:00;7min 2s;RUA DONA LUCINDA ROSA GONCALVES, 03, ARACATIBA, MARICA-RJ, CEP: 24901890  - Tel: 21964185176;
ALDO JOSE MIRABELLI SAMPAIO;False;;M;12/10/1967 00:00:00;58;700806432042485;Escuta Inicial;SILVIA GOMES DA SILVA;;<procedimento>, AFERICAO DE PRESSAO ARTERIAL</procedimento><procedimento>, AVALIACAO ANTROPOMETRICA</procedimento><procedimento>, ESCUTA INICIAL / ORIENTACAO (ACOLHIMENTO A DEMANDA ESPONTANEA)</procedimento>;<procedimento>  0101040024 - AVALIACAO ANTROPOMETRICA - Quantidade: 1
</procedimento><procedimento>  0301040079 - ESCUTA INICIAL / ORIENTACAO (ACOLHIMENTO A DEMANDA ESPONTANEA) - Quantidade: 1
</procedimento><procedimento>  0301100039 - AFERICAO DE PRESSAO ARTERIAL - Quantidade: 1
</procedimento>;N;;;N;Espontanea;15/09/2026 14:43:23;15/09/2026 00:00:00;15/09/2026 00:00:00;1min 23s;ALAMEDA GRAVATA, S/N, SAO JOSE DO IMBASSAI, MARICA-RJ, CEP: 24931745  - Tel: 21998292767;
CELIA REGINA BARBOSA DOS SANTOS;False;;F;05/05/1967 00:00:00;59;704606696185722;Consulta c/ Otorrinolaringologista;LUIZ CARLOS DE ARAUJO PIMENTEL; H920 - OTALGIA;<procedimento>, CONSULTA MEDICA EM ATENCAO ESPECIALIZADA</procedimento>;<procedimento>  0301010072 - CONSULTA MEDICA EM ATENCAO ESPECIALIZADA - Quantidade: 1
</procedimento>;N;;;N;Programada;15/09/2026 14:49:51;15/09/2026 00:00:00;15/09/2026 00:00:00;2min 45s;RUA DAS MANGUEIRAS, S/N, INOA (INOA), MARICA-RJ, CEP: 24943820  - Tel: 21996728544;
MARINO RAMOS ROCHA;False;;M;21/03/1948 00:00:00;78;705003294266753;Escuta Inicial;SILVIA GOMES DA SILVA;;<procedimento>, AFERICAO DE PRESSAO ARTERIAL</procedimento><procedimento>, AVALIACAO ANTROPOMETRICA</procedimento><procedimento>, ESCUTA INICIAL / ORIENTACAO (ACOLHIMENTO A DEMANDA ESPONTANEA)</procedimento>;<procedimento>  0101040024 - AVALIACAO ANTROPOMETRICA - Quantidade: 1
</procedimento><procedimento>  0301040079 - ESCUTA INICIAL / ORIENTACAO (ACOLHIMENTO A DEMANDA ESPONTANEA) - Quantidade: 1
</procedimento><procedimento>  0301100039 - AFERICAO DE PRESSAO ARTERIAL - Quantidade: 1
</procedimento>;N;;;N;Espontanea;15/09/2026 14:50:54;15/09/2026 00:00:00;15/09/2026 00:00:00;3min 45s;RUA JARI, S/N, LT 04 QD 08A, INOA (INOA), MARICA-RJ, CEP: 24943740  - Tel: 21997693051;
GLORIA REGINA BAPTISTA BARCELOS;False;;F;05/08/1963 00:00:00;63;702602212954749;Consulta c/ Otorrinolaringologista;LUIZ CARLOS DE ARAUJO PIMENTEL; H908 - PERDA DE AUDICAO MISTA, DE CONDUCAO E NEURO-SENSORIAL, NAO ESPECIFICADA;<procedimento>, CONSULTA MEDICA EM ATENCAO ESPECIALIZADA</procedimento>;<procedimento>  0301010072 - CONSULTA MEDICA EM ATENCAO ESPECIALIZADA - Quantidade: 1
</procedimento>;N;;;N;Programada;15/09/2026 14:52:18;15/09/2026 00:00:00;15/09/2026 00:00:00;9min 28s;RUA JOHN LENNON, S/N, JARDIM ATLANTICO OESTE (ITAIPUACU), MARICA-RJ, CEP: 24935075  - Tel: 21995181963;
ANA MARIA GOMES DA SILVA;False;;F;25/07/1954 00:00:00;72;;Escuta Inicial;SILVIA GOMES DA SILVA;;<procedimento>, AFERICAO DE PRESSAO ARTERIAL</procedimento><procedimento>, AVALIACAO ANTROPOMETRICA</procedimento><procedimento>, ESCUTA INICIAL / ORIENTACAO (ACOLHIMENTO A DEMANDA ESPONTANEA)</procedimento>;<procedimento>  0101040024 - AVALIACAO ANTROPOMETRICA - Quantidade: 1
</procedimento><procedimento>  0301040079 - ESCUTA INICIAL / ORIENTACAO (ACOLHIMENTO A DEMANDA ESPONTANEA) - Quantidade: 1
</procedimento><procedimento>  0301100039 - AFERICAO DE PRESSAO ARTERIAL - Quantidade: 1
</procedimento>;N;;;N;Espontanea;15/09/2026 14:54:17;15/09/2026 00:00:00;15/09/2026 00:00:00;1min 4s;RUA LEONEL BRIZOLA, S/N, BARROCO (ITAIPUACU), MARICA-RJ, CEP: 24936540  - Tel: 21985082165;
FLAVIO DE SOUSA;False;;M;17/05/1974 00:00:00;52;704203253297182;Escuta Inicial;SILVIA GOMES DA SILVA;;<procedimento>, AFERICAO DE PRESSAO ARTERIAL</procedimento><procedimento>, AVALIACAO ANTROPOMETRICA</procedimento><procedimento>, ESCUTA INICIAL / ORIENTACAO (ACOLHIMENTO A DEMANDA ESPONTANEA)</procedimento>;<procedimento>  0101040024 - AVALIACAO ANTROPOMETRICA - Quantidade: 1
</procedimento><procedimento>  0301040079 - ESCUTA INICIAL / ORIENTACAO (ACOLHIMENTO A DEMANDA ESPONTANEA) - Quantidade: 1
</procedimento><procedimento>  0301100039 - AFERICAO DE PRESSAO ARTERIAL - Quantidade: 1
</procedimento>;N;;;N;Espontanea;15/09/2026 14:55:36;15/09/2026 00:00:00;15/09/2026 00:00:00;1min 40s;RUA VINTE E UM, LOTE 13, QUADRA 33, SANTA PAULA (INOA), MARICA-RJ, CEP: 24944672  - Tel: 21970690326;
MARCIA PEREIRA CARDOSO;False;;F;27/01/1960 00:00:00;66;708008361568123;Consulta de Enfermagem;MAURO BATISTA DE BARROS; I87  - TRANSTORNOS DAS VEIAS, R60  - EDEMA NAO CLASSIFICADO EM OUTRA PARTE, T140 - TRAUMATISMO SUPERFICIAL DE REGIAO NAO ESPECIFICADA DO CORPO;<procedimento>, AFERICAO DE PRESSAO ARTERIAL</procedimento><procedimento>, AVALIACAO ANTROPOMETRICA</procedimento><procedimento>, CONSULTA DE PROFISSIONAIS DE NIVEL SUPERIOR NA ATENCAO ESPECIALIZADA (EXCETO MEDICO)</procedimento><procedimento>, CURATIVO ESPECIAL</procedimento><procedimento>, GLICEMIA CAPILAR</procedimento>;<procedimento>  0101040024 - AVALIACAO ANTROPOMETRICA - Quantidade: 1
</procedimento><procedimento>  0214010015 - GLICEMIA CAPILAR - Quantidade: 1
</procedimento><procedimento>  0301010048 - CONSULTA DE PROFISSIONAIS DE NIVEL SUPERIOR NA ATENCAO ESPECIALIZADA (EXCETO MEDICO) - Quantidade: 1
</procedimento><procedimento>  0301100039 - AFERICAO DE PRESSAO ARTERIAL - Quantidade: 1
</procedimento><procedimento>  0301100276 - CURATIVO ESPECIAL - Quantidade: 1
</procedimento>;N;;;N;Programada;15/09/2026 14:55:59;15/09/2026 00:00:00;15/09/2026 00:00:00;53min 2s;RUA ALMIRANTE IVO CORSEUIL, S/N, LT 35 QD129A, ARACATIBA, MARICA-RJ, CEP: 24901655  - Tel: 21975351715;
ANTONIO CARLOS PADILHA DE ARAUJO;False;;M;12/06/1958 00:00:00;68;706406150249689;Consulta c/ Dermatologista;GABRIELA DE OLIVEIRA FOLY; L82  - CERATOSE SEBORREICA;<procedimento>, CONSULTA MEDICA EM ATENCAO ESPECIALIZADA</procedimento>;<procedimento>  0301010072 - CONSULTA MEDICA EM ATENCAO ESPECIALIZADA - Quantidade: 1
</procedimento>;N;;;N;Espontanea;15/09/2026 14:55:16;15/09/2026 00:00:00;15/09/2026 00:00:00;6min 19s;ESTRADA ZILTO MONTEIRO DE ABREU, S/N, LT03QD07, JACAROA, MARICA-RJ, CEP: 24903125  - Tel: 21999275907;
ANGELICA PEREIRA DE VELASCO;False;;F;09/04/1980 00:00:00;46;704709008518040;Escuta Inicial;SILVIA GOMES DA SILVA;;<procedimento>, AFERICAO DE PRESSAO ARTERIAL</procedimento><procedimento>, AVALIACAO ANTROPOMETRICA</procedimento><procedimento>, ESCUTA INICIAL / ORIENTACAO (ACOLHIMENTO A DEMANDA ESPONTANEA)</procedimento>;<procedimento>  0101040024 - AVALIACAO ANTROPOMETRICA - Quantidade: 1
</procedimento><procedimento>  0301040079 - ESCUTA INICIAL / ORIENTACAO (ACOLHIMENTO A DEMANDA ESPONTANEA) - Quantidade: 1
</procedimento><procedimento>  0301100039 - AFERICAO DE PRESSAO ARTERIAL - Quantidade: 1
</procedimento>;N;;;N;Espontanea;15/09/2026 14:57:37;15/09/2026 00:00:00;15/09/2026 00:00:00;1min 32s; DE MARICA, S/N, ITAPEBA, MARICA-RJ, CEP: 24913267  - Tel: 21972631407;
JOAO ALICE DE BARROS;False;;M;24/06/1936 00:00:00;90;701207089776019;Escuta Inicial;SILVIA GOMES DA SILVA;;<procedimento>, AFERICAO DE PRESSAO ARTERIAL</procedimento><procedimento>, AVALIACAO ANTROPOMETRICA</procedimento><procedimento>, ESCUTA INICIAL / ORIENTACAO (ACOLHIMENTO A DEMANDA ESPONTANEA)</procedimento>;<procedimento>  0101040024 - AVALIACAO ANTROPOMETRICA - Quantidade: 1
</procedimento><procedimento>  0301040079 - ESCUTA INICIAL / ORIENTACAO (ACOLHIMENTO A DEMANDA ESPONTANEA) - Quantidade: 1
</procedimento><procedimento>  0301100039 - AFERICAO DE PRESSAO ARTERIAL - Quantidade: 1
</procedimento>;N;;;N;Espontanea;15/09/2026 14:58:59;15/09/2026 00:00:00;15/09/2026 00:00:00;1min 57s; NOSSA SENHORA DA PAZ, LT 04 QD43, SAO BENTO DA LAGOA, MARICA-RJ, CEP: 24936755  - Tel: 32999390876;
GILBERTO FERNANDES DOS SANTOS;False;;M;29/10/1958 00:00:00;67;700002911608210;Escuta Inicial;SILVIA GOMES DA SILVA;;<procedimento>, ESCUTA INICIAL / ORIENTACAO (ACOLHIMENTO A DEMANDA ESPONTANEA)</procedimento>;<procedimento>  0301040079 - ESCUTA INICIAL / ORIENTACAO (ACOLHIMENTO A DEMANDA ESPONTANEA) - Quantidade: 1
</procedimento>;N;;;N;Espontanea;15/09/2026 15:02:46;15/09/2026 00:00:00;15/09/2026 00:00:00;1min 0s;RUA CAPITAO BENJAMIN CONSTANT KELLER, S/N, QD95 LT07 C2, BARROCO (ITAIPUACU), MARICA-RJ, CEP: 24936620  - Tel: 21991114000;
ROSANGELA FRANCELINO DA SILVA;False;;F;19/03/1972 00:00:00;54;700007384580700;Consulta c/ Otorrinolaringologista;LUIZ CARLOS DE ARAUJO PIMENTEL; H612 - CERUME IMPACTADO;<procedimento>, CONSULTA MEDICA EM ATENCAO ESPECIALIZADA</procedimento>;<procedimento>  0301010072 - CONSULTA MEDICA EM ATENCAO ESPECIALIZADA - Quantidade: 1
</procedimento>;N;;;N;Programada;15/09/2026 15:02:02;15/09/2026 00:00:00;15/09/2026 00:00:00;2min 56s;RUA LEONARDO JOSE ANTUNES, S/N, STC BL5 AP401, INOA (INOA), MARICA-RJ, CEP: 24943255  - Tel: 21997012367;
DEILA REGINA MADUREIRA;False;;F;06/01/1957 00:00:00;69;701209066398214;Consulta c/ Otorrinolaringologista;LUIZ CARLOS DE ARAUJO PIMENTEL; H908 - PERDA DE AUDICAO MISTA, DE CONDUCAO E NEURO-SENSORIAL, NAO ESPECIFICADA;<procedimento>, CONSULTA MEDICA EM ATENCAO ESPECIALIZADA</procedimento>;<procedimento>  0301010072 - CONSULTA MEDICA EM ATENCAO ESPECIALIZADA - Quantidade: 1
</procedimento>;N;;;N;Programada;15/09/2026 15:07:16;15/09/2026 00:00:00;15/09/2026 00:00:00;5min 11s;RUA DAS ACACIAS, 31, CASA 6, CENTRO, MARICA-RJ, CEP: 24900001  - Tel: 21999789889;
RITA DE CASSIA ALMEIDA AZEVEDO;False;;F;14/04/1945 00:00:00;81;707409086682373;Consulta de Enfermagem;ELAINE APARECIDA DE SOUZA; K92  - DOENCAS DO APARELHO DIGESTIVO;<procedimento>, BARREIRAS PROTETORAS DE PELE SINTETICA E/OU MISTA EM FORMA DE PO / PASTA E/OU PLACA</procedimento><procedimento>, CONJUNTO DE PLACA E BOLSA PARA OSTOMA INTESTINAL</procedimento><procedimento>, CONSULTA DE PROFISSIONAIS DE NIVEL SUPERIOR NA ATENCAO ESPECIALIZADA (EXCETO MEDICO)</procedimento>;<procedimento>  0301010048 - CONSULTA DE PROFISSIONAIS DE NIVEL SUPERIOR NA ATENCAO ESPECIALIZADA (EXCETO MEDICO) - Quantidade: 1
</procedimento><procedimento>  0701050047 - CONJUNTO DE PLACA E BOLSA PARA OSTOMA INTESTINAL - Quantidade: 10
</procedimento><procedimento>  0701060018 - BARREIRAS PROTETORAS DE PELE SINTETICA E/OU MISTA EM FORMA DE PO / PASTA E/OU PLACA - Quantidade: 1
</procedimento>;N;;;N;Programada;15/09/2026 15:08:23;15/09/2026 00:00:00;15/09/2026 00:00:00;22min 0s;RUA BARAO DE MAUA, S/N, MARQUES DE MARICA, MARICA-RJ, CEP: 24904405  - Tel: 21991842538;
GILBERTO FERNANDES DOS SANTOS;False;;M;29/10/1958 00:00:00;67;700002911608210;Escuta Inicial;SILVIA GOMES DA SILVA;;<procedimento>, AFERICAO DE PRESSAO ARTERIAL</procedimento><procedimento>, AVALIACAO ANTROPOMETRICA</procedimento><procedimento>, ESCUTA INICIAL / ORIENTACAO (ACOLHIMENTO A DEMANDA ESPONTANEA)</procedimento>;<procedimento>  0101040024 - AVALIACAO ANTROPOMETRICA - Quantidade: 1
</procedimento><procedimento>  0301040079 - ESCUTA INICIAL / ORIENTACAO (ACOLHIMENTO A DEMANDA ESPONTANEA) - Quantidade: 1
</procedimento><procedimento>  0301100039 - AFERICAO DE PRESSAO ARTERIAL - Quantidade: 1
</procedimento>;N;;;N;Espontanea;15/09/2026 15:09:47;15/09/2026 00:00:00;15/09/2026 00:00:00;1min 42s;RUA CAPITAO BENJAMIN CONSTANT KELLER, S/N, QD95 LT07 C2, BARROCO (ITAIPUACU), MARICA-RJ, CEP: 24936620  - Tel: 21991114000;
JOAO JOSE ALVES NETTO;False;;M;12/01/1957 00:00:00;69;706209566421968;Consulta c/ Otorrinolaringologista;LUIZ CARLOS DE ARAUJO PIMENTEL; J342 - DESVIO DO SEPTO NASAL;<procedimento>, CONSULTA MEDICA EM ATENCAO ESPECIALIZADA</procedimento>;<procedimento>  0301010072 - CONSULTA MEDICA EM ATENCAO ESPECIALIZADA - Quantidade: 1
</procedimento>;N;;;N;Programada;15/09/2026 15:12:52;15/09/2026 00:00:00;15/09/2026 00:00:00;12min 16s;RUA DOUGLAS MARQUES RIENTI, 1524, QD 457 LT 15, JARDIM ATLANTICO LESTE (ITAIPUACU), MARICA-RJ, CEP: 24933470  - Tel: 21987269078;
IVALTER FERREIRA DE SOUZA;False;;M;25/05/1942 00:00:00;84;700105902171613;Escuta Inicial;SILVIA GOMES DA SILVA;;<procedimento>, AFERICAO DE PRESSAO ARTERIAL</procedimento><procedimento>, AVALIACAO ANTROPOMETRICA</procedimento><procedimento>, ESCUTA INICIAL / ORIENTACAO (ACOLHIMENTO A DEMANDA ESPONTANEA)</procedimento>;<procedimento>  0101040024 - AVALIACAO ANTROPOMETRICA - Quantidade: 1
</procedimento><procedimento>  0301040079 - ESCUTA INICIAL / ORIENTACAO (ACOLHIMENTO A DEMANDA ESPONTANEA) - Quantidade: 1
</procedimento><procedimento>  0301100039 - AFERICAO DE PRESSAO ARTERIAL - Quantidade: 1
</procedimento>;N;;;N;Espontanea;15/09/2026 15:13:15;15/09/2026 00:00:00;15/09/2026 00:00:00;4min 43s;RUA SETENTA E OITO, S/N, LT 35 QD 107, BALNEARIO BAMBUI (PONTA NEGRA), MARICA-RJ, CEP: 24920695  - Tel: 21987807120;
MARINETH DOS SANTOS ANTENOR;False;;F;02/11/1968 00:00:00;57;708107570014838;Consulta c/ Neurologista;SAMUEL SANTOS DO NASCIMENTO JUNIOR; G45  - ACIDENTES VASCULARES CEREBRAIS ISQUEMICOS TRANSITORIOS E SINDROMES CORRELATAS, I693 - SEQUELAS DE INFARTO CEREBRAL;<procedimento>, CONSULTA MEDICA EM ATENCAO ESPECIALIZADA</procedimento>;<procedimento>  0301010072 - CONSULTA MEDICA EM ATENCAO ESPECIALIZADA - Quantidade: 1
</procedimento>;N;;;N;Espontanea;15/09/2026 15:20:13;15/09/2026 00:00:00;15/09/2026 00:00:00;21min 37s;RUA K, 35, PREDIO BRANCS1, SAO JOSE DO IMBASSAI, MARICA-RJ, CEP: 24930416  - Tel: 21986159254;
DIRCEA ALEXANDRE FERNANDES;False;;F;11/01/1942 00:00:00;84;707803642777710;Escuta Inicial;SILVIA GOMES DA SILVA;;<procedimento>, ESCUTA INICIAL / ORIENTACAO (ACOLHIMENTO A DEMANDA ESPONTANEA)</procedimento>;<procedimento>  0301040079 - ESCUTA INICIAL / ORIENTACAO (ACOLHIMENTO A DEMANDA ESPONTANEA) - Quantidade: 1
</procedimento>;N;;;N;Espontanea;15/09/2026 15:24:36;15/09/2026 00:00:00;15/09/2026 00:00:00;1min 33s;RUA SETENTA E DOIS, S/N, LOTE17QUADRA58, JARDIM INTERLAGOS (PONTA NEGRA), MARICA-RJ, CEP: 24917660  - Tel: 21994963337;
LUZIA DALVA PIRES RIBEIRO;False;;M;04/05/1957 00:00:00;69;708409266575069;Consulta c/ Otorrinolaringologista;LUIZ CARLOS DE ARAUJO PIMENTEL; J330 - POLIPO DA CAVIDADE NASAL;<procedimento>, CONSULTA MEDICA EM ATENCAO ESPECIALIZADA</procedimento>;<procedimento>  0301010072 - CONSULTA MEDICA EM ATENCAO ESPECIALIZADA - Quantidade: 1
</procedimento>;N;;;N;Programada;15/09/2026 15:24:40;15/09/2026 00:00:00;15/09/2026 00:00:00;8min 36s;RUA PROJETADA  COND BOSQUE DO LORDES, S/N, BOM JARDIM, MARICA-RJ, CEP: 24900001  - Tel: 6133152425;
MARIA ANGELICA DA SILVA DE FARIA;False;;F;31/05/1954 00:00:00;72;705002254046050;Escuta Inicial;SILVIA GOMES DA SILVA;;<procedimento>, ESCUTA INICIAL / ORIENTACAO (ACOLHIMENTO A DEMANDA ESPONTANEA)</procedimento>;<procedimento>  0301040079 - ESCUTA INICIAL / ORIENTACAO (ACOLHIMENTO A DEMANDA ESPONTANEA) - Quantidade: 1
</procedimento>;N;;;N;Espontanea;15/09/2026 15:26:05;15/09/2026 00:00:00;15/09/2026 00:00:00;27s;ESTRADA PONTA NEGRA-SAMPAIO CORREIA, S/N, CASA, VALE DA FIGUEIRA (PONTA NEGRA), MARICA-RJ, CEP: 24926500  - Tel: 21967560820;
MARIA ALICE FRANCA;False;;F;19/07/1967 00:00:00;59;706307751832577;Escuta Inicial;SILVIA GOMES DA SILVA;;<procedimento>, ESCUTA INICIAL / ORIENTACAO (ACOLHIMENTO A DEMANDA ESPONTANEA)</procedimento>;<procedimento>  0301040079 - ESCUTA INICIAL / ORIENTACAO (ACOLHIMENTO A DEMANDA ESPONTANEA) - Quantidade: 1
</procedimento>;N;;;N;Espontanea;15/09/2026 15:27:48;15/09/2026 00:00:00;15/09/2026 00:00:00;59s;RUA VEREADOR TUNINHO DO BIRINIGTH, S/N, QD 152 LT 22, JARDIM ATLANTICO CENTRAL (ITAIPUACU), MARICA-RJ, CEP: 24934320  - Tel: 21986699979;
RENATO CEZAR PEREIRA COLINA;False;;M;12/01/1969 00:00:00;57;705200499225272;Escuta Inicial;SILVIA GOMES DA SILVA;;<procedimento>, ESCUTA INICIAL / ORIENTACAO (ACOLHIMENTO A DEMANDA ESPONTANEA)</procedimento>;<procedimento>  0301040079 - ESCUTA INICIAL / ORIENTACAO (ACOLHIMENTO A DEMANDA ESPONTANEA) - Quantidade: 1
</procedimento>;N;;;N;Espontanea;15/09/2026 15:27:00;15/09/2026 00:00:00;15/09/2026 00:00:00;11s;RUA DA PAZ, S/N, QD128 LT23, JARDIM ATLANTICO CENTRAL (ITAIPUACU), MARICA-RJ, CEP: 24934350  - Tel: 21965945704;
MARIA CRISTINA RIOS MARCELINO DOS REIS;False;;F;06/02/1961 00:00:00;65;700206418040522;Escuta Inicial;SILVIA GOMES DA SILVA;;<procedimento>, ESCUTA INICIAL / ORIENTACAO (ACOLHIMENTO A DEMANDA ESPONTANEA)</procedimento>;<procedimento>  0301040079 - ESCUTA INICIAL / ORIENTACAO (ACOLHIMENTO A DEMANDA ESPONTANEA) - Quantidade: 1
</procedimento>;N;;;N;Espontanea;15/09/2026 15:28:45;15/09/2026 00:00:00;15/09/2026 00:00:00;58s;RUA SEIS, 25, CASA, INOA (INOA), MARICA-RJ, CEP: 24943225  - Tel: 21974225172;
MICHELE DO NASCIMENTO COELHO SOUZA;False;;F;03/12/1984 00:00:00;41;700406965029448;Consulta c/ Otorrinolaringologista;LUIZ CARLOS DE ARAUJO PIMENTEL; J030 - AMIGDALITE ESTREPTOCOCICA;<procedimento>, CONSULTA MEDICA EM ATENCAO ESPECIALIZADA</procedimento>;<procedimento>  0301010072 - CONSULTA MEDICA EM ATENCAO ESPECIALIZADA - Quantidade: 1
</procedimento>;N;;;N;Programada;15/09/2026 15:35:51;15/09/2026 00:00:00;15/09/2026 00:00:00;5min 15s;RUA CLIMACO PEREIRA, 372, ARACATIBA, MARICA-RJ, CEP: 24902035  - Tel: 21995796141;
CATIA REGINA ALCANTARA CARVALHO;False;;F;24/04/1963 00:00:00;63;700008056781409;Consulta c/ Otorrinolaringologista;LUIZ CARLOS DE ARAUJO PIMENTEL; H908 - PERDA DE AUDICAO MISTA, DE CONDUCAO E NEURO-SENSORIAL, NAO ESPECIFICADA;<procedimento>, CONSULTA MEDICA EM ATENCAO ESPECIALIZADA</procedimento>;<procedimento>  0301010072 - CONSULTA MEDICA EM ATENCAO ESPECIALIZADA - Quantidade: 1
</procedimento>;S;IMITANCIOMETRIA
AUDIOMETRIA TONAL LIMIAR (VIA AEREA / OSSEA)
;;N;Programada;15/09/2026 15:40:57;15/09/2026 00:00:00;15/09/2026 00:00:00;5min 12s;RUA CEM, S/N, QD128 LT21 C2, ARACATIBA, MARICA-RJ, CEP: 24901650  - Tel: 2121050000;
ILCILEIA DOS SANTOS BRUM;False;;F;26/06/1955 00:00:00;71;708109584807233;Escuta Inicial;SILVIA GOMES DA SILVA;;<procedimento>, ESCUTA INICIAL / ORIENTACAO (ACOLHIMENTO A DEMANDA ESPONTANEA)</procedimento>;<procedimento>  0301040079 - ESCUTA INICIAL / ORIENTACAO (ACOLHIMENTO A DEMANDA ESPONTANEA) - Quantidade: 1
</procedimento>;N;;;N;Espontanea;15/09/2026 15:43:35;15/09/2026 00:00:00;15/09/2026 00:00:00;48s;RUA R E DO LOT STA CECILIA, S/N, NA, FLAMENGO, MARICA-RJ, CEP: 24900000  - Tel: 21997992960;
FRANKLIN SOARES COSTA;False;;M;15/02/1977 00:00:00;49;704807072972846;Escuta Inicial;SILVIA GOMES DA SILVA;;<procedimento>, ESCUTA INICIAL / ORIENTACAO (ACOLHIMENTO A DEMANDA ESPONTANEA)</procedimento>;<procedimento>  0301040079 - ESCUTA INICIAL / ORIENTACAO (ACOLHIMENTO A DEMANDA ESPONTANEA) - Quantidade: 1
</procedimento>;N;;;N;Espontanea;15/09/2026 15:44:23;15/09/2026 00:00:00;15/09/2026 00:00:00;48s;RUA CENTO E TRINTA E UM, 02, Qd 175 lote 49, BALNEARIO BAMBUI (PONTA NEGRA), MARICA-RJ, CEP: 24920750  - Tel: 21984120966;
FERNANDO GOMES BRANDAO;False;;M;26/11/1959 00:00:00;66;704709794277739;Escuta Inicial;SILVIA GOMES DA SILVA;;<procedimento>, ESCUTA INICIAL / ORIENTACAO (ACOLHIMENTO A DEMANDA ESPONTANEA)</procedimento>;<procedimento>  0301040079 - ESCUTA INICIAL / ORIENTACAO (ACOLHIMENTO A DEMANDA ESPONTANEA) - Quantidade: 1
</procedimento>;N;;;N;Espontanea;15/09/2026 15:45:26;15/09/2026 00:00:00;15/09/2026 00:00:00;57s;AVENIDA MAYSA, S/N, QUADRA50LOTE03, GUARATIBA (PONTA NEGRA), MARICA-RJ, CEP: 24916000  - Tel: 21986140648;
RENATO DUARTE DO NASCIMENTO;False;;M;25/10/1958 00:00:00;67;709000892987713;Consulta c/ Otorrinolaringologista;LUIZ CARLOS DE ARAUJO PIMENTEL; H931 - TINNITUS;<procedimento>, CONSULTA MEDICA EM ATENCAO ESPECIALIZADA</procedimento>;<procedimento>  0301010072 - CONSULTA MEDICA EM ATENCAO ESPECIALIZADA - Quantidade: 1
</procedimento>;N;;;N;Programada;15/09/2026 15:45:29;15/09/2026 00:00:00;15/09/2026 00:00:00;5min 38s;RUA DOIS, 03, LT 29, SAO JOSE DO IMBASSAI, MARICA-RJ, CEP: 24930384  - Tel: 21996010017;
CLAUDIA MARIA TEIXEIRA VIDAL;False;;F;26/05/1968 00:00:00;58;704002863055663;Escuta Inicial;SILVIA GOMES DA SILVA;;<procedimento>, ESCUTA INICIAL / ORIENTACAO (ACOLHIMENTO A DEMANDA ESPONTANEA)</procedimento>;<procedimento>  0301040079 - ESCUTA INICIAL / ORIENTACAO (ACOLHIMENTO A DEMANDA ESPONTANEA) - Quantidade: 1
</procedimento>;N;;;N;Espontanea;15/09/2026 15:46:40;15/09/2026 00:00:00;15/09/2026 00:00:00;1min 1s;RUA SAO BENEDITO, S/N, QD64 LT29, ITAIPUACU, MARICA-RJ, CEP: 24936300  - Tel: 2199133790;
IVALTER FERREIRA DE SOUZA;False;;M;25/05/1942 00:00:00;84;700105902171613;Procedimento;VERONICA NASCIMENTO DA COSTA;;<procedimento>, ESCUTA INICIAL / ORIENTACAO (ACOLHIMENTO A DEMANDA ESPONTANEA)</procedimento>;<procedimento>  0301040079 - ESCUTA INICIAL / ORIENTACAO (ACOLHIMENTO A DEMANDA ESPONTANEA) - Quantidade: 1
</procedimento>;;;;;Espontanea;15/09/2026 15:47:40;15/09/2026 00:00:00;15/09/2026 00:00:00;1min 10s;RUA SETENTA E OITO, S/N, LT 35 QD 107, BALNEARIO BAMBUI (PONTA NEGRA), MARICA-RJ, CEP: 24920695  - Tel: 21987807120;
DELFINA IZIDORO DA SILVA;False;;F;12/10/1962 00:00:00;63;700500398574251;Escuta Inicial;SILVIA GOMES DA SILVA;;<procedimento>, ESCUTA INICIAL / ORIENTACAO (ACOLHIMENTO A DEMANDA ESPONTANEA)</procedimento>;<procedimento>  0301040079 - ESCUTA INICIAL / ORIENTACAO (ACOLHIMENTO A DEMANDA ESPONTANEA) - Quantidade: 1
</procedimento>;N;;;N;Espontanea;15/09/2026 15:50:10;15/09/2026 00:00:00;15/09/2026 00:00:00;26s;AVENIDA TRES, 54, QUADRA 94, ARACATIBA, MARICA-RJ, CEP: 24902150  - Tel: 21972318619;
THIAGO DE SOUSA SILVA;False;;M;19/12/2010 00:00:00;15;704101456640050;Escuta Inicial;SILVIA GOMES DA SILVA;;<procedimento>, ESCUTA INICIAL / ORIENTACAO (ACOLHIMENTO A DEMANDA ESPONTANEA)</procedimento>;<procedimento>  0301040079 - ESCUTA INICIAL / ORIENTACAO (ACOLHIMENTO A DEMANDA ESPONTANEA) - Quantidade: 1
</procedimento>;N;;;N;Espontanea;15/09/2026 15:52:23;15/09/2026 00:00:00;15/09/2026 00:00:00;58s;RUA CECILIA GONCALVES MATARUNA, S/N, PINDOBAS, MARICA-RJ, CEP: 24910600  - Tel: 21985137901;
RODOLFO GREGORIO DE MORAES;False;;M;07/04/1981 00:00:00;45;702309122854817;Consulta c/ Otorrinolaringologista;LUIZ CARLOS DE ARAUJO PIMENTEL; R490 - DISFONIA;<procedimento>, CONSULTA MEDICA EM ATENCAO ESPECIALIZADA</procedimento>;<procedimento>  0301010072 - CONSULTA MEDICA EM ATENCAO ESPECIALIZADA - Quantidade: 1
</procedimento>;N;;;N;Programada;15/09/2026 15:52:28;15/09/2026 00:00:00;15/09/2026 00:00:00;7min 10s;RUA JOAO RIZZO, S/N, LT 17 QD K, CAJUEIROS (ITAIPUACU), MARICA-RJ, CEP: 24932140  - Tel: 21991769755;
THIAGO DE SOUSA SILVA;False;;M;19/12/2010 00:00:00;15;704101456640050;Escuta Inicial;SILVIA GOMES DA SILVA;;<procedimento>, ESCUTA INICIAL / ORIENTACAO (ACOLHIMENTO A DEMANDA ESPONTANEA)</procedimento>;<procedimento>  0301040079 - ESCUTA INICIAL / ORIENTACAO (ACOLHIMENTO A DEMANDA ESPONTANEA) - Quantidade: 1
</procedimento>;N;;;N;Espontanea;15/09/2026 15:59:40;15/09/2026 00:00:00;15/09/2026 00:00:00;1min 10s;RUA CECILIA GONCALVES MATARUNA, S/N, PINDOBAS, MARICA-RJ, CEP: 24910600  - Tel: 21985137901;
VIVIANE CORREIA DA COSTA MELO;False;;F;14/06/1994 00:00:00;32;708903777270816;Escuta Inicial;SILVIA GOMES DA SILVA;;<procedimento>, ESCUTA INICIAL / ORIENTACAO (ACOLHIMENTO A DEMANDA ESPONTANEA)</procedimento>;<procedimento>  0301040079 - ESCUTA INICIAL / ORIENTACAO (ACOLHIMENTO A DEMANDA ESPONTANEA) - Quantidade: 1
</procedimento>;N;;;N;Espontanea;15/09/2026 16:00:51;15/09/2026 00:00:00;15/09/2026 00:00:00;1min 8s;RUA DOS JACARANDAS, 200, GREEN PARK III, CENTRO, MARICA-RJ, CEP: 24900045  - Tel: 21986883833;
ANTONIO CARLOS MADUREIRA BARBOSA;False;;M;27/09/1979 00:00:00;46;704508345271211;Consulta c/ Otorrinolaringologista;LUIZ CARLOS DE ARAUJO PIMENTEL; H622 - OTITE EXTERNA EM MICOSES;<procedimento>, CONSULTA MEDICA EM ATENCAO ESPECIALIZADA</procedimento>;<procedimento>  0301010072 - CONSULTA MEDICA EM ATENCAO ESPECIALIZADA - Quantidade: 1
</procedimento>;N;;;N;Programada;15/09/2026 16:00:01;15/09/2026 00:00:00;15/09/2026 00:00:00;4min 1s;RUA KAWEH MACHADO DINIZ QUADRA 206/210, 713, - DE QUADRA 206 A QUADRA 210, JARDIM ATLANTICO, MARICA-RJ, CEP: 24934220  - Tel: 21997450069;
MARYLANE COUTINHO AMADO;False;;F;03/11/1978 00:00:00;47;701409620845233;Escuta Inicial;SILVIA GOMES DA SILVA;;<procedimento>, ESCUTA INICIAL / ORIENTACAO (ACOLHIMENTO A DEMANDA ESPONTANEA)</procedimento>;<procedimento>  0301040079 - ESCUTA INICIAL / ORIENTACAO (ACOLHIMENTO A DEMANDA ESPONTANEA) - Quantidade: 1
</procedimento>;N;;;N;Espontanea;15/09/2026 16:01:48;15/09/2026 00:00:00;15/09/2026 00:00:00;1min 12s;RUA SANTOS GUEDES, S/N, QD 136 LT 20, JARDIM ATLANTICO CENTRAL (ITAIPUACU), MARICA-RJ, CEP: 24934610  - Tel: 21966304684;
ANTONIO CARLOS PADILHA DE ARAUJO;False;;M;12/06/1958 00:00:00;68;706406150249689;Escuta Inicial;SILVIA GOMES DA SILVA;;<procedimento>, ESCUTA INICIAL / ORIENTACAO (ACOLHIMENTO A DEMANDA ESPONTANEA)</procedimento>;<procedimento>  0301040079 - ESCUTA INICIAL / ORIENTACAO (ACOLHIMENTO A DEMANDA ESPONTANEA) - Quantidade: 1
</procedimento>;N;;;N;Espontanea;15/09/2026 16:08:54;15/09/2026 00:00:00;15/09/2026 00:00:00;1min 11s;ESTRADA ZILTO MONTEIRO DE ABREU, S/N, LT03QD07, JACAROA, MARICA-RJ, CEP: 24903125  - Tel: 21999275907;
JACIRENE DA SILVA LIMA;False;;F;11/11/1965 00:00:00;60;709805060109292;Escuta Inicial;SILVIA GOMES DA SILVA;;<procedimento>, ESCUTA INICIAL / ORIENTACAO (ACOLHIMENTO A DEMANDA ESPONTANEA)</procedimento>;<procedimento>  0301040079 - ESCUTA INICIAL / ORIENTACAO (ACOLHIMENTO A DEMANDA ESPONTANEA) - Quantidade: 1
</procedimento>;N;;;N;Espontanea;15/09/2026 16:09:42;15/09/2026 00:00:00;15/09/2026 00:00:00;54s;RUA DONA LUCINDA ROSA GONCALVES, 03, ARACATIBA, MARICA-RJ, CEP: 24901890  - Tel: 21964185176;
MARIA JORGINA MENDONCA FONCECA;False;;F;21/07/1963 00:00:00;63;706602574350810;Escuta Inicial;SILVIA GOMES DA SILVA;;<procedimento>, ESCUTA INICIAL / ORIENTACAO (ACOLHIMENTO A DEMANDA ESPONTANEA)</procedimento>;<procedimento>  0301040079 - ESCUTA INICIAL / ORIENTACAO (ACOLHIMENTO A DEMANDA ESPONTANEA) - Quantidade: 1
</procedimento>;N;;;N;Espontanea;15/09/2026 16:10:41;15/09/2026 00:00:00;15/09/2026 00:00:00;56s;RUA WALTER DE CARVALHO, S/N, LOTE 17, BARRA DE MARICA, MARICA-RJ, CEP: 24915500  - Tel: 21971241209;
EDNEIA MARQUES DE FARIAS;False;;F;21/05/1949 00:00:00;77;704005314743466;Escuta Inicial;SILVIA GOMES DA SILVA;;<procedimento>, ESCUTA INICIAL / ORIENTACAO (ACOLHIMENTO A DEMANDA ESPONTANEA)</procedimento>;<procedimento>  0301040079 - ESCUTA INICIAL / ORIENTACAO (ACOLHIMENTO A DEMANDA ESPONTANEA) - Quantidade: 1
</procedimento>;N;;;N;Espontanea;15/09/2026 16:11:33;15/09/2026 00:00:00;15/09/2026 00:00:00;49s;RUA QUARENTA E OITO, S/N, QD 111 LT 02, BAMBUI, MARICA-RJ, CEP: 24920705  - Tel: 21996397874;
CRISTIANE DIAS DE MARINS SANTOS;False;;F;17/05/1973 00:00:00;53;700709908585973;Escuta Inicial;SILVIA GOMES DA SILVA;;<procedimento>, ESCUTA INICIAL / ORIENTACAO (ACOLHIMENTO A DEMANDA ESPONTANEA)</procedimento>;<procedimento>  0301040079 - ESCUTA INICIAL / ORIENTACAO (ACOLHIMENTO A DEMANDA ESPONTANEA) - Quantidade: 1
</procedimento>;N;;;N;Espontanea;15/09/2026 16:12:38;15/09/2026 00:00:00;15/09/2026 00:00:00;57s;RUA PIONEIRO, S/N, QD 163 LT 38 C 01, JARDIM ATLANTICO CENTRAL (ITAIPUACU), MARICA-RJ, CEP: 24934305  - Tel: 21987842218;
RAFAELA MUZZY DOS SANTOS;False;;F;02/02/2006 00:00:00;20;704000840423060;Escuta Inicial;SILVIA GOMES DA SILVA;;<procedimento>, ESCUTA INICIAL / ORIENTACAO (ACOLHIMENTO A DEMANDA ESPONTANEA)</procedimento>;<procedimento>  0301040079 - ESCUTA INICIAL / ORIENTACAO (ACOLHIMENTO A DEMANDA ESPONTANEA) - Quantidade: 1
</procedimento>;N;;;N;Espontanea;15/09/2026 16:13:36;15/09/2026 00:00:00;15/09/2026 00:00:00;53s;RUA FRANCISCA ROSA DA SILVA, 95, RUA 4 QD D LT 4, INOA (INOA), MARICA-RJ, CEP: 24943095  - Tel: 21991735282;
RUBENS DE BARROS GOMES NERI;False;;M;03/06/1989 00:00:00;37;704509650851820;Consulta c/ Otorrinolaringologista;LUIZ CARLOS DE ARAUJO PIMENTEL; H920 - OTALGIA;<procedimento>, CONSULTA MEDICA EM ATENCAO ESPECIALIZADA</procedimento>;<procedimento>  0301010072 - CONSULTA MEDICA EM ATENCAO ESPECIALIZADA - Quantidade: 1
</procedimento>;N;;;N;Programada;15/09/2026 16:16:54;15/09/2026 00:00:00;15/09/2026 00:00:00;5min 49s;RUA F, S/N, SANTA PAULA (INOA), MARICA-RJ, CEP: 24944608  - Tel: 21985696405;
AIZA MARIA DA CONCEICAO DE ABREU;False;;F;14/08/1959 00:00:00;67;709201294304530;Escuta Inicial;SILVIA GOMES DA SILVA;;<procedimento>, ESCUTA INICIAL / ORIENTACAO (ACOLHIMENTO A DEMANDA ESPONTANEA)</procedimento>;<procedimento>  0301040079 - ESCUTA INICIAL / ORIENTACAO (ACOLHIMENTO A DEMANDA ESPONTANEA) - Quantidade: 1
</procedimento>;N;;;N;Espontanea;15/09/2026 16:18:59;15/09/2026 00:00:00;15/09/2026 00:00:00;1min 15s;RUA QUATRO, S/N, ITAPEBA, MARICA-RJ, CEP: 24913520  - Tel: 2193577331;
ALCYR BAZBUZ DA SILVA;False;;M;21/09/1968 00:00:00;57;703604066219237;Escuta Inicial;SILVIA GOMES DA SILVA;;<procedimento>, ESCUTA INICIAL / ORIENTACAO (ACOLHIMENTO A DEMANDA ESPONTANEA)</procedimento>;<procedimento>  0301040079 - ESCUTA INICIAL / ORIENTACAO (ACOLHIMENTO A DEMANDA ESPONTANEA) - Quantidade: 1
</procedimento>;N;;;N;Espontanea;15/09/2026 16:19:53;15/09/2026 00:00:00;15/09/2026 00:00:00;1min 9s;RUA GOVERNADOR LEONEL BRIZOLA QUADRA 375/467, S/N, JARDIM ATLANTICO, MARICA-RJ, CEP: 24933400  - Tel: 21966226925;
ELIANE RODRIGUES ANTUNES DE SOUZA ARAGOSO;False;;F;07/06/1983 00:00:00;43;700001164853400;Escuta Inicial;SILVIA GOMES DA SILVA;;<procedimento>, ESCUTA INICIAL / ORIENTACAO (ACOLHIMENTO A DEMANDA ESPONTANEA)</procedimento>;<procedimento>  0301040079 - ESCUTA INICIAL / ORIENTACAO (ACOLHIMENTO A DEMANDA ESPONTANEA) - Quantidade: 1
</procedimento>;N;;;N;Espontanea;15/09/2026 16:20:57;15/09/2026 00:00:00;15/09/2026 00:00:00;1min 12s;RUA TRINTA E CINCO, S/N, BALNEARIO BAMBUI (PONTA NEGRA), MARICA-RJ, CEP: 24920680  - Tel: 21997593346;
ANTONIO CARLOS MADUREIRA BARBOSA;False;;M;27/09/1979 00:00:00;46;704508345271211;Escuta Inicial;SILVIA GOMES DA SILVA;;<procedimento>, ESCUTA INICIAL / ORIENTACAO (ACOLHIMENTO A DEMANDA ESPONTANEA)</procedimento>;<procedimento>  0301040079 - ESCUTA INICIAL / ORIENTACAO (ACOLHIMENTO A DEMANDA ESPONTANEA) - Quantidade: 1
</procedimento>;N;;;N;Espontanea;15/09/2026 16:22:04;15/09/2026 00:00:00;15/09/2026 00:00:00;19s;RUA KAWEH MACHADO DINIZ QUADRA 206/210, 713, - DE QUADRA 206 A QUADRA 210, JARDIM ATLANTICO, MARICA-RJ, CEP: 24934220  - Tel: 21997450069;
MARIA DA GUIA BARBOSA COSTA;False;;F;09/03/1970 00:00:00;56;898004890294971;Consulta c/ Otorrinolaringologista;LUIZ CARLOS DE ARAUJO PIMENTEL; J30  - RINITE ALERGICA E VASOMOTORA;<procedimento>, CONSULTA MEDICA EM ATENCAO ESPECIALIZADA</procedimento>;<procedimento>  0301010072 - CONSULTA MEDICA EM ATENCAO ESPECIALIZADA - Quantidade: 1
</procedimento>;N;;;N;Programada;15/09/2026 16:22:52;15/09/2026 00:00:00;15/09/2026 00:00:00;5min 43s;RUA JOSE CARLOS MARTINS, S/N, QD 92 LT 10, BARROCO (ITAIPUACU), MARICA-RJ, CEP: 24936610  - Tel: 21976274788;
RODOLFO GREGORIO DE MORAES;False;;M;07/04/1981 00:00:00;45;702309122854817;Escuta Inicial;SILVIA GOMES DA SILVA;;<procedimento>, ESCUTA INICIAL / ORIENTACAO (ACOLHIMENTO A DEMANDA ESPONTANEA)</procedimento>;<procedimento>  0301040079 - ESCUTA INICIAL / ORIENTACAO (ACOLHIMENTO A DEMANDA ESPONTANEA) - Quantidade: 1
</procedimento>;N;;;N;Espontanea;15/09/2026 16:23:23;15/09/2026 00:00:00;15/09/2026 00:00:00;37s;RUA JOAO RIZZO, S/N, LT 17 QD K, CAJUEIROS (ITAIPUACU), MARICA-RJ, CEP: 24932140  - Tel: 21991769755;
RODOLFO GREGORIO DE MORAES;False;;M;07/04/1981 00:00:00;45;702309122854817;Escuta Inicial;SILVIA GOMES DA SILVA;;<procedimento>, ESCUTA INICIAL / ORIENTACAO (ACOLHIMENTO A DEMANDA ESPONTANEA)</procedimento>;<procedimento>  0301040079 - ESCUTA INICIAL / ORIENTACAO (ACOLHIMENTO A DEMANDA ESPONTANEA) - Quantidade: 1
</procedimento>;N;;;N;Espontanea;15/09/2026 16:25:19;15/09/2026 00:00:00;15/09/2026 00:00:00;40s;RUA JOAO RIZZO, S/N, LT 17 QD K, CAJUEIROS (ITAIPUACU), MARICA-RJ, CEP: 24932140  - Tel: 21991769755;
RENATO DUARTE DO NASCIMENTO;False;;M;25/10/1958 00:00:00;67;709000892987713;Escuta Inicial;SILVIA GOMES DA SILVA;;<procedimento>, ESCUTA INICIAL / ORIENTACAO (ACOLHIMENTO A DEMANDA ESPONTANEA)</procedimento>;<procedimento>  0301040079 - ESCUTA INICIAL / ORIENTACAO (ACOLHIMENTO A DEMANDA ESPONTANEA) - Quantidade: 1
</procedimento>;N;;;N;Espontanea;15/09/2026 16:26:15;15/09/2026 00:00:00;15/09/2026 00:00:00;29s;RUA DOIS, 03, LT 29, SAO JOSE DO IMBASSAI, MARICA-RJ, CEP: 24930384  - Tel: 21996010017;
CATIA REGINA ALCANTARA CARVALHO;False;;F;24/04/1963 00:00:00;63;700008056781409;Escuta Inicial;SILVIA GOMES DA SILVA;;<procedimento>, ESCUTA INICIAL / ORIENTACAO (ACOLHIMENTO A DEMANDA ESPONTANEA)</procedimento>;<procedimento>  0301040079 - ESCUTA INICIAL / ORIENTACAO (ACOLHIMENTO A DEMANDA ESPONTANEA) - Quantidade: 1
</procedimento>;N;;;N;Espontanea;15/09/2026 16:27:09;15/09/2026 00:00:00;15/09/2026 00:00:00;24s;RUA CEM, S/N, QD128 LT21 C2, ARACATIBA, MARICA-RJ, CEP: 24901650  - Tel: 2121050000;
LUZIA DALVA PIRES RIBEIRO;False;;M;04/05/1957 00:00:00;69;708409266575069;Escuta Inicial;SILVIA GOMES DA SILVA;;<procedimento>, ESCUTA INICIAL / ORIENTACAO (ACOLHIMENTO A DEMANDA ESPONTANEA)</procedimento>;<procedimento>  0301040079 - ESCUTA INICIAL / ORIENTACAO (ACOLHIMENTO A DEMANDA ESPONTANEA) - Quantidade: 1
</procedimento>;N;;;N;Espontanea;15/09/2026 16:28:58;15/09/2026 00:00:00;15/09/2026 00:00:00;1min 15s;RUA PROJETADA  COND BOSQUE DO LORDES, S/N, BOM JARDIM, MARICA-RJ, CEP: 24900001  - Tel: 6133152425;
MICHELE DO NASCIMENTO COELHO SOUZA;False;;F;03/12/1984 00:00:00;41;700406965029448;Escuta Inicial;SILVIA GOMES DA SILVA;;<procedimento>, ESCUTA INICIAL / ORIENTACAO (ACOLHIMENTO A DEMANDA ESPONTANEA)</procedimento>;<procedimento>  0301040079 - ESCUTA INICIAL / ORIENTACAO (ACOLHIMENTO A DEMANDA ESPONTANEA) - Quantidade: 1
</procedimento>;N;;;N;Espontanea;15/09/2026 16:28:06;15/09/2026 00:00:00;15/09/2026 00:00:00;22s;RUA CLIMACO PEREIRA, 372, ARACATIBA, MARICA-RJ, CEP: 24902035  - Tel: 21995796141;
RONALDO CARLOS DA SILVA RAMOS;False;;M;01/03/1955 00:00:00;71;700303915281133;Consulta c/ Otorrinolaringologista;LUIZ CARLOS DE ARAUJO PIMENTEL; R42  - TONTURA E INSTABILIDADE;<procedimento>, CONSULTA MEDICA EM ATENCAO ESPECIALIZADA</procedimento>;<procedimento>  0301010072 - CONSULTA MEDICA EM ATENCAO ESPECIALIZADA - Quantidade: 1
</procedimento>;N;;;N;Programada;15/09/2026 16:28:20;15/09/2026 00:00:00;15/09/2026 00:00:00;4min 8s;RUA PREFEITO ARTUZINDO RANGEL, 153, ED PRAIA BELA, PONTA NEGRA (PONTA NEGRA), MARICA-RJ, CEP: 24922265  - Tel: 21993130085;
JOAO JOSE ALVES NETTO;False;;M;12/01/1957 00:00:00;69;706209566421968;Escuta Inicial;SILVIA GOMES DA SILVA;;<procedimento>, ESCUTA INICIAL / ORIENTACAO (ACOLHIMENTO A DEMANDA ESPONTANEA)</procedimento>;<procedimento>  0301040079 - ESCUTA INICIAL / ORIENTACAO (ACOLHIMENTO A DEMANDA ESPONTANEA) - Quantidade: 1
</procedimento>;N;;;N;Espontanea;15/09/2026 16:29:47;15/09/2026 00:00:00;15/09/2026 00:00:00;58s;RUA DOUGLAS MARQUES RIENTI, 1524, QD 457 LT 15, JARDIM ATLANTICO LESTE (ITAIPUACU), MARICA-RJ, CEP: 24933470  - Tel: 21987269078;
DEILA REGINA MADUREIRA;False;;F;06/01/1957 00:00:00;69;701209066398214;Escuta Inicial;SILVIA GOMES DA SILVA;;<procedimento>, ESCUTA INICIAL / ORIENTACAO (ACOLHIMENTO A DEMANDA ESPONTANEA)</procedimento>;<procedimento>  0301040079 - ESCUTA INICIAL / ORIENTACAO (ACOLHIMENTO A DEMANDA ESPONTANEA) - Quantidade: 1
</procedimento>;N;;;N;Espontanea;15/09/2026 16:30:31;15/09/2026 00:00:00;15/09/2026 00:00:00;44s;RUA DAS ACACIAS, 31, CASA 6, CENTRO, MARICA-RJ, CEP: 24900001  - Tel: 21999789889;
ROSANGELA FRANCELINO DA SILVA;False;;F;19/03/1972 00:00:00;54;700007384580700;Escuta Inicial;SILVIA GOMES DA SILVA;;<procedimento>, ESCUTA INICIAL / ORIENTACAO (ACOLHIMENTO A DEMANDA ESPONTANEA)</procedimento>;<procedimento>  0301040079 - ESCUTA INICIAL / ORIENTACAO (ACOLHIMENTO A DEMANDA ESPONTANEA) - Quantidade: 1
</procedimento>;N;;;N;Espontanea;15/09/2026 16:31:27;15/09/2026 00:00:00;15/09/2026 00:00:00;40s;RUA LEONARDO JOSE ANTUNES, S/N, STC BL5 AP401, INOA (INOA), MARICA-RJ, CEP: 24943255  - Tel: 21997012367;
GLORIA REGINA BAPTISTA BARCELOS;False;;F;05/08/1963 00:00:00;63;702602212954749;Escuta Inicial;SILVIA GOMES DA SILVA;;<procedimento>, ESCUTA INICIAL / ORIENTACAO (ACOLHIMENTO A DEMANDA ESPONTANEA)</procedimento>;<procedimento>  0301040079 - ESCUTA INICIAL / ORIENTACAO (ACOLHIMENTO A DEMANDA ESPONTANEA) - Quantidade: 1
</procedimento>;N;;;N;Espontanea;15/09/2026 16:32:15;15/09/2026 00:00:00;15/09/2026 00:00:00;31s;RUA JOHN LENNON, S/N, JARDIM ATLANTICO OESTE (ITAIPUACU), MARICA-RJ, CEP: 24935075  - Tel: 21995181963;
TERESA MARIA DOS SANTOS CRUZ;False;;F;15/10/1957 00:00:00;68;700007482572109;Procedimento;SHEYLA DO ROSARIO SARAIVA;;<procedimento>, CATETERISMO VESICAL DE ALIVIO</procedimento>;<procedimento>  0301100047 - CATETERISMO VESICAL DE ALIVIO - Quantidade: 1
</procedimento>;;;;;Espontanea;15/09/2026 16:32:35;15/09/2026 00:00:00;15/09/2026 00:00:00;20min 13s;RUA ITAUNAS, S/N, LT 12 QD 7, SAO JOSE DO IMBASSAI, MARICA-RJ, CEP: 24931160  - Tel: 2136940096;
CELIA REGINA BARBOSA DOS SANTOS;False;;F;05/05/1967 00:00:00;59;704606696185722;Escuta Inicial;SILVIA GOMES DA SILVA;;<procedimento>, ESCUTA INICIAL / ORIENTACAO (ACOLHIMENTO A DEMANDA ESPONTANEA)</procedimento>;<procedimento>  0301040079 - ESCUTA INICIAL / ORIENTACAO (ACOLHIMENTO A DEMANDA ESPONTANEA) - Quantidade: 1
</procedimento>;N;;;N;Espontanea;15/09/2026 16:33:10;15/09/2026 00:00:00;15/09/2026 00:00:00;24s;RUA DAS MANGUEIRAS, S/N, INOA (INOA), MARICA-RJ, CEP: 24943820  - Tel: 21996728544;
TERESA MARIA DOS SANTOS CRUZ;False;;F;15/10/1957 00:00:00;68;700007482572109;Procedimento;SHEYLA DO ROSARIO SARAIVA;;<procedimento>, CATETERISMO VESICAL DE ALIVIO</procedimento>;<procedimento>  0301100047 - CATETERISMO VESICAL DE ALIVIO - Quantidade: 1
</procedimento>;;;;;Espontanea;15/09/2026 16:33:18;15/09/2026 00:00:00;15/09/2026 00:00:00;18min 8s;RUA ITAUNAS, S/N, LT 12 QD 7, SAO JOSE DO IMBASSAI, MARICA-RJ, CEP: 24931160  - Tel: 2136940096;
CLEMILA DE SOUZA CLEMENTE;False;;F;01/09/1961 00:00:00;65;701000839609097;Escuta Inicial;SILVIA GOMES DA SILVA;;<procedimento>, ESCUTA INICIAL / ORIENTACAO (ACOLHIMENTO A DEMANDA ESPONTANEA)</procedimento>;<procedimento>  0301040079 - ESCUTA INICIAL / ORIENTACAO (ACOLHIMENTO A DEMANDA ESPONTANEA) - Quantidade: 1
</procedimento>;N;;;N;Espontanea;15/09/2026 16:34:00;15/09/2026 00:00:00;15/09/2026 00:00:00;16s;AVENIDA ORESTES VEREZA, S/N, SPAR (INOA), MARICA-RJ, CEP: 24944256  - Tel: 21973260419;
MARIA JULIA MARINS DA COSTA CABRAL;False;;F;10/12/2021 00:00:00;4;706807742638521;Consulta c/ Otorrinolaringologista;LUIZ CARLOS DE ARAUJO PIMENTEL; J353 - HIPERTROFIA DAS AMIGDALAS COM HIPERTROFIA DAS ADENOIDES;<procedimento>, CONSULTA MEDICA EM ATENCAO ESPECIALIZADA</procedimento>;<procedimento>  0301010072 - CONSULTA MEDICA EM ATENCAO ESPECIALIZADA - Quantidade: 1
</procedimento>;S;RADIOGRAFIA DE CAVUM (LATERAL + HIRTZ)
;;N;Programada;15/09/2026 16:34:48;15/09/2026 00:00:00;15/09/2026 00:00:00;5min 31s;RUA ITAMARACA, S/N, LT 07 QD 09, SAO JOSE DO IMBASSAI, MARICA-RJ, CEP: 24931170  - Tel: 21996156781;
TERESA MARIA DOS SANTOS CRUZ;False;;F;15/10/1957 00:00:00;68;700007482572109;Procedimento;SHEYLA DO ROSARIO SARAIVA;;<procedimento>, CATETERISMO VESICAL DE ALIVIO</procedimento>;<procedimento>  0301100047 - CATETERISMO VESICAL DE ALIVIO - Quantidade: 1
</procedimento>;;;;;Espontanea;15/09/2026 16:34:30;15/09/2026 00:00:00;15/09/2026 00:00:00;2min 56s;RUA ITAUNAS, S/N, LT 12 QD 7, SAO JOSE DO IMBASSAI, MARICA-RJ, CEP: 24931160  - Tel: 2136940096;
CRISTIANE FELIX HASSAN;False;;F;01/01/1973 00:00:00;53;700508523164952;Procedimento;SHEYLA DO ROSARIO SARAIVA;;<procedimento>, CATETERISMO VESICAL DE ALIVIO</procedimento>;<procedimento>  0301100047 - CATETERISMO VESICAL DE ALIVIO - Quantidade: 1
</procedimento>;;;;;Espontanea;15/09/2026 16:38:51;15/09/2026 00:00:00;15/09/2026 00:00:00;2min 24s;RUA MARIO BARRETO FRANCA, S/N, AP 103, JARDIM ATLANTICO LESTE (ITAIPUACU), MARICA-RJ, CEP: 24933870  - Tel: 21981734122;
DENISE PEREIRA DA ROCHA;False;;F;29/04/1958 00:00:00;68;700001131477507;Consulta c/ Otorrinolaringologista;LUIZ CARLOS DE ARAUJO PIMENTEL; R490 - DISFONIA;<procedimento>, CONSULTA MEDICA EM ATENCAO ESPECIALIZADA</procedimento>;<procedimento>  0301010072 - CONSULTA MEDICA EM ATENCAO ESPECIALIZADA - Quantidade: 1
</procedimento>;S;VIDEOLARINGOSCOPIA
;;N;Programada;15/09/2026 16:40:39;15/09/2026 00:00:00;15/09/2026 00:00:00;5min 29s;RUA C, 6, LT 6 QD 13, SAO JOSE DO IMBASSAI, MARICA-RJ, CEP: 24931330  - Tel: 2121050000;
LILIANE DE SOUZA MAIA;False;;F;29/03/1979 00:00:00;47;706400180994387;Procedimento;SHEYLA DO ROSARIO SARAIVA;;<procedimento>, CATETERISMO VESICAL DE ALIVIO</procedimento>;<procedimento>  0301100047 - CATETERISMO VESICAL DE ALIVIO - Quantidade: 1
</procedimento>;;;;;Espontanea;15/09/2026 16:41:05;15/09/2026 00:00:00;15/09/2026 00:00:00;1min 41s;RUA DURAO SOBRAL, S/N, JARDIM ATLANTICO LESTE (ITAIPUACU), MARICA-RJ, CEP: 24933195  - Tel: 21994036627;
JACIARA GOMES DA FONSECA AZEVEDO;False;;F;22/12/1975 00:00:00;50;705001800680258;Procedimento;SHEYLA DO ROSARIO SARAIVA;;<procedimento>, CATETERISMO VESICAL DE ALIVIO</procedimento>;<procedimento>  0301100047 - CATETERISMO VESICAL DE ALIVIO - Quantidade: 1
</procedimento>;;;;;Espontanea;15/09/2026 16:43:33;15/09/2026 00:00:00;15/09/2026 00:00:00;2min 8s;RUA VINTE E SETE, S/N, QD 48 LT29, CHACARAS DE INOA (INOA), MARICA-RJ, CEP: 24940320  - Tel: 21987047987;
JOSE LUIZ SOARES;False;;M;10/04/1954 00:00:00;72;708409258580768;Procedimento;TATIANA PUREZA DA SILVA;;<procedimento>, ESCUTA INICIAL / ORIENTACAO (ACOLHIMENTO A DEMANDA ESPONTANEA)</procedimento>;<procedimento>  0301040079 - ESCUTA INICIAL / ORIENTACAO (ACOLHIMENTO A DEMANDA ESPONTANEA) - Quantidade: 1
</procedimento>;;;;;Espontanea;15/09/2026 16:45:12;15/09/2026 00:00:00;15/09/2026 00:00:00;29s;ESTRADA DUAS AGUAS, S/N, --, ESPRAIADO (PONTA NEGRA), MARICA-RJ, CEP: 24928150  - Tel: 21996479358;
MARCIO JOAO FERREIRA;False;;M;13/06/1999 00:00:00;27;898006365384523;Procedimento;TATIANA PUREZA DA SILVA;;<procedimento>, ESCUTA INICIAL / ORIENTACAO (ACOLHIMENTO A DEMANDA ESPONTANEA)</procedimento>;<procedimento>  0301040079 - ESCUTA INICIAL / ORIENTACAO (ACOLHIMENTO A DEMANDA ESPONTANEA) - Quantidade: 1
</procedimento>;;;;;Espontanea;15/09/2026 16:45:51;15/09/2026 00:00:00;15/09/2026 00:00:00;57s;RUA LEVI RIBEIRO 1/99998, 211, L30 Q 23, ARACATIBA, MARICA-RJ, CEP: 24900840  - Tel: 21973684262;
ARTHUR LUKAS PAIVA RAMALHO;False;;M;19/03/2020 00:00:00;6;700208497800926;Consulta c/ Otorrinolaringologista;LUIZ CARLOS DE ARAUJO PIMENTEL; J353 - HIPERTROFIA DAS AMIGDALAS COM HIPERTROFIA DAS ADENOIDES;<procedimento>, CONSULTA MEDICA EM ATENCAO ESPECIALIZADA</procedimento>;<procedimento>  0301010072 - CONSULTA MEDICA EM ATENCAO ESPECIALIZADA - Quantidade: 1
</procedimento>;S;RADIOGRAFIA DE CAVUM (LATERAL + HIRTZ)
;;N;Programada;15/09/2026 16:46:38;15/09/2026 00:00:00;15/09/2026 00:00:00;3min 55s;AVENIDA ORESTES VEREZA, 48, CASA 04, SPAR (INOA), MARICA-RJ, CEP: 24944256  - Tel: 21994470570;
EDIMO PINTASILGO CANCIO;False;;M;20/08/1951 00:00:00;75;706403136699084;Procedimento;TATIANA PUREZA DA SILVA;;<procedimento>, ESCUTA INICIAL / ORIENTACAO (ACOLHIMENTO A DEMANDA ESPONTANEA)</procedimento>;<procedimento>  0301040079 - ESCUTA INICIAL / ORIENTACAO (ACOLHIMENTO A DEMANDA ESPONTANEA) - Quantidade: 1
</procedimento>;;;;;Espontanea;15/09/2026 16:46:52;15/09/2026 00:00:00;15/09/2026 00:00:00;1min 0s;AVENIDA CENTRAL, S/N, LT 08 QD 16, CAJUEIROS (ITAIPUACU), MARICA-RJ, CEP: 24932670  - Tel: 21986204189;
SUELI CONCEICAO ALVES GUIMARAES;False;;F;23/03/1951 00:00:00;75;707806630856710;Procedimento;TATIANA PUREZA DA SILVA;;<procedimento>, ESCUTA INICIAL / ORIENTACAO (ACOLHIMENTO A DEMANDA ESPONTANEA)</procedimento>;<procedimento>  0301040079 - ESCUTA INICIAL / ORIENTACAO (ACOLHIMENTO A DEMANDA ESPONTANEA) - Quantidade: 1
</procedimento>;;;;;Espontanea;15/09/2026 16:46:15;15/09/2026 00:00:00;15/09/2026 00:00:00;23s;RUA NOVENTA E DOIS, S/N, LOTE28 QUADRA129, CORDEIRINHO, MARICA-RJ, CEP: 24921456  - Tel: 21988262838;
RENATA MUNIZ FERREIRA;False;;F;08/07/1977 00:00:00;49;704106297145780;Procedimento;TATIANA PUREZA DA SILVA;;<procedimento>, ESCUTA INICIAL / ORIENTACAO (ACOLHIMENTO A DEMANDA ESPONTANEA)</procedimento>;<procedimento>  0301040079 - ESCUTA INICIAL / ORIENTACAO (ACOLHIMENTO A DEMANDA ESPONTANEA) - Quantidade: 1
</procedimento>;;;;;Espontanea;15/09/2026 16:47:49;15/09/2026 00:00:00;15/09/2026 00:00:00;57s;RUA IVAN DIAS PEREIRA, S/N, QD 504 LT 01, JARDIM ATLANTICICO/LESTE ITAIPUACU, MARICA-RJ, CEP: 24933170  - Tel: 21998125725;
ROZILMA BUENA CORREA MUNIZ;False;;F;22/08/1971 00:00:00;55;706202529409163;Procedimento;SHEYLA DO ROSARIO SARAIVA;;<procedimento>, CATETERISMO VESICAL DE ALIVIO</procedimento>;<procedimento>  0301100047 - CATETERISMO VESICAL DE ALIVIO - Quantidade: 1
</procedimento>;;;;;Espontanea;15/09/2026 16:47:18;15/09/2026 00:00:00;15/09/2026 00:00:00;1min 31s;RUA LEONARDO JOSE ANTUNES, S/N, STA BL1 AP104, INOA (INOA), MARICA-RJ, CEP: 24943255  - Tel: 21991594979;
SONIA REGINA OLIVEIRA AMARAL FRANCISCO;False;;F;08/02/1957 00:00:00;69;706802215854320;Procedimento;TATIANA PUREZA DA SILVA;;<procedimento>, ESCUTA INICIAL / ORIENTACAO (ACOLHIMENTO A DEMANDA ESPONTANEA)</procedimento>;<procedimento>  0301040079 - ESCUTA INICIAL / ORIENTACAO (ACOLHIMENTO A DEMANDA ESPONTANEA) - Quantidade: 1
</procedimento>;;;;;Espontanea;15/09/2026 16:47:21;15/09/2026 00:00:00;15/09/2026 00:00:00;28s;RUA ESPERANCA, S/N, LT 3 QD 22, CHACARAS DE INOA (INOA), MARICA-RJ, CEP: 24941615  - Tel: 21999694206;
JOSE RICARDO ARAUJO DOS SANTOS FILHO;False;;M;25/04/1995 00:00:00;31;704009378036969;Procedimento;TATIANA PUREZA DA SILVA;;<procedimento>, ESCUTA INICIAL / ORIENTACAO (ACOLHIMENTO A DEMANDA ESPONTANEA)</procedimento>;<procedimento>  0301040079 - ESCUTA INICIAL / ORIENTACAO (ACOLHIMENTO A DEMANDA ESPONTANEA) - Quantidade: 1
</procedimento>;;;;;Espontanea;15/09/2026 16:48:51;15/09/2026 00:00:00;15/09/2026 00:00:00;59s;RUA SEIS, 4, SOL2, SAO JOSE DO IMBASSAI, MARICA-RJ, CEP: 24930348  - Tel: 21994306101;
SUELY PEREIRA DA COSTA SILVA;False;;F;29/11/1947 00:00:00;78;704201298024280;Procedimento;TATIANA PUREZA DA SILVA;;<procedimento>, ESCUTA INICIAL / ORIENTACAO (ACOLHIMENTO A DEMANDA ESPONTANEA)</procedimento>;<procedimento>  0301040079 - ESCUTA INICIAL / ORIENTACAO (ACOLHIMENTO A DEMANDA ESPONTANEA) - Quantidade: 1
</procedimento>;;;;;Espontanea;15/09/2026 16:48:18;15/09/2026 00:00:00;15/09/2026 00:00:00;28s;RUA TRINTA E OITO, S/N, LT 20 QD 50, BAMBUI, MARICA-RJ, CEP: 24920625  - Tel: 21972178651;
ZILMAR FLOJS DOS SANTOS;False;;M;10/12/1954 00:00:00;71;704606685938929;Procedimento;TATIANA PUREZA DA SILVA;;<procedimento>, ESCUTA INICIAL / ORIENTACAO (ACOLHIMENTO A DEMANDA ESPONTANEA)</procedimento>;<procedimento>  0301040079 - ESCUTA INICIAL / ORIENTACAO (ACOLHIMENTO A DEMANDA ESPONTANEA) - Quantidade: 1
</procedimento>;;;;;Espontanea;15/09/2026 16:49:42;15/09/2026 00:00:00;15/09/2026 00:00:00;50s;RUA ANGRA DOS REIS, S/N, QD 42 LT 07, CAXITO, MARICA-RJ, CEP: 24910020  - Tel: 21998412970;
LUANA BALBINO DA SILVA;False;;F;03/08/1981 00:00:00;45;708103546065939;Procedimento;TATIANA PUREZA DA SILVA;;<procedimento>, ESCUTA INICIAL / ORIENTACAO (ACOLHIMENTO A DEMANDA ESPONTANEA)</procedimento>;<procedimento>  0301040079 - ESCUTA INICIAL / ORIENTACAO (ACOLHIMENTO A DEMANDA ESPONTANEA) - Quantidade: 1
</procedimento>;;;;;Espontanea;15/09/2026 16:50:10;15/09/2026 00:00:00;15/09/2026 00:00:00;18s;ESTRADA ZILTO MONTEIRO DE ABREU 1/99998, 070, CASA 03, mumbuca, MARICA-RJ, CEP: 24918100  - Tel: 21972772178;
LIDIA ESTELLA DA COSTA FILIPPO;False;;F;28/02/1968 00:00:00;58;709006848544114;Consulta c/ Otorrinolaringologista;LUIZ CARLOS DE ARAUJO PIMENTEL; H609 - OTITE EXTERNA NAO ESPECIFICADA;<procedimento>, CONSULTA MEDICA EM ATENCAO ESPECIALIZADA</procedimento>;<procedimento>  0301010072 - CONSULTA MEDICA EM ATENCAO ESPECIALIZADA - Quantidade: 1
</procedimento>;N;;;N;Programada;15/09/2026 16:52:07;15/09/2026 00:00:00;15/09/2026 00:00:00;9min 16s;RUA JARI, S/N, LT 14 QD 06, INOA (INOA), MARICA-RJ, CEP: 24943740  - Tel: 21998657455;
PAULO SERGIO GALDINO DA SILVA;False;;M;26/03/1993 00:00:00;33;700109968363417;Consulta c/ Otorrinolaringologista;LUIZ CARLOS DE ARAUJO PIMENTEL; J331 - DEGENERACAO POLIPOIDE DO SEIO PARANASAL;<procedimento>, CONSULTA MEDICA EM ATENCAO ESPECIALIZADA</procedimento>;<procedimento>  0301010072 - CONSULTA MEDICA EM ATENCAO ESPECIALIZADA - Quantidade: 1
</procedimento>;S;TOMOGRAFIA COMPUTADORIZADA DE FACE / SEIOS DA FACE / ARTICULACOES TEMPORO-MANDIBULARES
;;N;Programada;15/09/2026 17:01:44;15/09/2026 00:00:00;15/09/2026 00:00:00;9min 50s;RUA JOSE FORTES DA SILVA, S/N, UBATIBA, MARICA-RJ, CEP: 24908115  - Tel: 21997774639;
ARIVALDO ANTONIO DE BRITO;False;;M;05/01/1969 00:00:00;57;704805589772443;Consulta c/ Otorrinolaringologista;LUIZ CARLOS DE ARAUJO PIMENTEL; H612 - CERUME IMPACTADO, R43  - DISTURBIOS DO OLFATO E DO PALADAR;<procedimento>, CONSULTA MEDICA EM ATENCAO ESPECIALIZADA</procedimento>;<procedimento>  0301010072 - CONSULTA MEDICA EM ATENCAO ESPECIALIZADA - Quantidade: 1
</procedimento>;N;;;N;Programada;15/09/2026 17:15:20;15/09/2026 00:00:00;15/09/2026 00:00:00;6min 9s;RUA LEONARDO JOSE ANTUNES, S/N, STE BL 15 AP401, INOA (INOA), MARICA-RJ, CEP: 24943255  - Tel: 21968832996;
CRISTINY GOMES DA SILVA;False;;F;01/12/2004 00:00:00;21;706800205297028;Consulta c/ Otorrinolaringologista;LUIZ CARLOS DE ARAUJO PIMENTEL; H908 - PERDA DE AUDICAO MISTA, DE CONDUCAO E NEURO-SENSORIAL, NAO ESPECIFICADA;<procedimento>, CONSULTA MEDICA EM ATENCAO ESPECIALIZADA</procedimento>;<procedimento>  0301010072 - CONSULTA MEDICA EM ATENCAO ESPECIALIZADA - Quantidade: 1
</procedimento>;S;IMITANCIOMETRIA
AUDIOMETRIA TONAL LIMIAR (VIA AEREA / OSSEA)
;;N;Programada;15/09/2026 17:22:14;15/09/2026 00:00:00;15/09/2026 00:00:00;6min 27s;RUA OSVALDINO DE ALMEIDA, S/N, INOA (INOA), MARICA-RJ, CEP: 24943660  - Tel: 21971067606;
THAMIRES DA SILVA LEMOS;False;;F;08/06/1997 00:00:00;29;702002876749182;Consulta c/ Otorrinolaringologista;LUIZ CARLOS DE ARAUJO PIMENTEL; J302 - OUTRAS RINITES ALERGICAS SAZONAIS;<procedimento>, CONSULTA MEDICA EM ATENCAO ESPECIALIZADA</procedimento>;<procedimento>  0301010072 - CONSULTA MEDICA EM ATENCAO ESPECIALIZADA - Quantidade: 1
</procedimento>;N;;;N;Programada;15/09/2026 17:28:38;15/09/2026 00:00:00;15/09/2026 00:00:00;6min 7s;RUA QUARENTA E NOVE, 44, JACAROA, MARICA-RJ, CEP: 24902715  - Tel: 21980561958;
GABRIELA FERNANDA CORREIA PERILLE MARTINS;False;;F;21/10/1993 00:00:00;32;707007803070932;Consulta c/ Otorrinolaringologista;LUIZ CARLOS DE ARAUJO PIMENTEL; J301 - RINITE ALERGICA DEVIDA A POLEN;<procedimento>, CONSULTA MEDICA EM ATENCAO ESPECIALIZADA</procedimento>;<procedimento>  0301010072 - CONSULTA MEDICA EM ATENCAO ESPECIALIZADA - Quantidade: 1
</procedimento>;N;;;N;Programada;15/09/2026 17:34:37;15/09/2026 00:00:00;15/09/2026 00:00:00;6min 14s;RUA LEONARDO JOSE ANTUNES, S/N, STE BL2 AP004, INOA (INOA), MARICA-RJ, CEP: 24943255  - Tel: 21994007899;
CELSO DA CUNHA GOMES;False;;M;10/07/1954 00:00:00;72;704004820917169;Consulta c/ Otorrinolaringologista;LUIZ CARLOS DE ARAUJO PIMENTEL; H612 - CERUME IMPACTADO;<procedimento>, CONSULTA MEDICA EM ATENCAO ESPECIALIZADA</procedimento>;<procedimento>  0301010072 - CONSULTA MEDICA EM ATENCAO ESPECIALIZADA - Quantidade: 1
</procedimento>;S;AUDIOMETRIA TONAL LIMIAR (VIA AEREA / OSSEA)
IMITANCIOMETRIA
;;N;Programada;15/09/2026 17:45:52;15/09/2026 00:00:00;15/09/2026 00:00:00;4min 34s;RUA CAPITAO MELLO 1/99998, S/N, QD13LT44, RECANTO DE ITAIPUACU, MARICA-RJ, CEP: 24937010  - Tel: 21992991435;
GABRIELLE COUTINHO DE SOUZA;False;;F;06/09/2000 00:00:00;26;704108433237450;Consulta c/ Otorrinolaringologista;LUIZ CARLOS DE ARAUJO PIMENTEL; J300 - RINITE VASOMOTORA;<procedimento>, CONSULTA MEDICA EM ATENCAO ESPECIALIZADA</procedimento>;<procedimento>  0301010072 - CONSULTA MEDICA EM ATENCAO ESPECIALIZADA - Quantidade: 1
</procedimento>;N;;;N;Programada;15/09/2026 17:49:43;15/09/2026 00:00:00;15/09/2026 00:00:00;6min 19s;RUA ALCEBIADES ALVES DE MATOS, S/N, CENTRO, MARICA-RJ, CEP: 24900710  - Tel: 21983407849;
GABRIELLE COUTINHO DE SOUZA;False;;F;06/09/2000 00:00:00;26;704108433237450;Escuta Inicial;SILVIA GOMES DA SILVA;;<procedimento>, ESCUTA INICIAL / ORIENTACAO (ACOLHIMENTO A DEMANDA ESPONTANEA)</procedimento>;<procedimento>  0301040079 - ESCUTA INICIAL / ORIENTACAO (ACOLHIMENTO A DEMANDA ESPONTANEA) - Quantidade: 1
</procedimento>;N;;;N;Espontanea;16/09/2026 08:12:39;16/09/2026 00:00:00;16/09/2026 00:00:00;1min 30s;RUA ALCEBIADES ALVES DE MATOS, S/N, CENTRO, MARICA-RJ, CEP: 24900710  - Tel: 21983407849;
CELSO DA CUNHA GOMES;False;;M;10/07/1954 00:00:00;72;704004820917169;Escuta Inicial;SILVIA GOMES DA SILVA;;<procedimento>, ESCUTA INICIAL / ORIENTACAO (ACOLHIMENTO A DEMANDA ESPONTANEA)</procedimento>;<procedimento>  0301040079 - ESCUTA INICIAL / ORIENTACAO (ACOLHIMENTO A DEMANDA ESPONTANEA) - Quantidade: 1
</procedimento>;N;;;N;Espontanea;16/09/2026 08:14:05;16/09/2026 00:00:00;16/09/2026 00:00:00;27s;RUA CAPITAO MELLO 1/99998, S/N, QD13LT44, RECANTO DE ITAIPUACU, MARICA-RJ, CEP: 24937010  - Tel: 21992991435;
JOSE HELENO FILGUEIRA DE OLIVEIRA;False;;M;07/03/1954 00:00:00;72;702002360362586;Escuta Inicial;SILVIA GOMES DA SILVA;;<procedimento>, ESCUTA INICIAL / ORIENTACAO (ACOLHIMENTO A DEMANDA ESPONTANEA)</procedimento>;<procedimento>  0301040079 - ESCUTA INICIAL / ORIENTACAO (ACOLHIMENTO A DEMANDA ESPONTANEA) - Quantidade: 1
</procedimento>;N;;;N;Espontanea;16/09/2026 08:15:24;16/09/2026 00:00:00;16/09/2026 00:00:00;1min 15s;RUA ARY SPINDOLA, 65, BLOCO 01 AP 10, CENTRO, MARICA-RJ, CEP: 24900485  - Tel: 24988042068;
ANGELA DA CONCEICAO;False;;F;10/12/1958 00:00:00;67;704108691893350;Procedimento;LUCIANA DOS SANTOS AZEVEDO SOARES;;<procedimento>, COLETA DE MATERIAL PARA EXAME LABORATORIAL</procedimento>;<procedimento>  0201020041 - COLETA DE MATERIAL PARA EXAME LABORATORIAL - Quantidade: 1
</procedimento>;;;;;Espontanea;16/09/2026 08:15:55;16/09/2026 00:00:00;16/09/2026 00:00:00;2min 9s;RUA GUARAPARI, S/N, LT 23 QD 36, SAO JOSE DO IMBASSAI, MARICA-RJ, CEP: 24931105  - Tel: 21998956488;
GABRIELA FERNANDA CORREIA PERILLE MARTINS;False;;F;21/10/1993 00:00:00;32;707007803070932;Escuta Inicial;SILVIA GOMES DA SILVA;;<procedimento>, ESCUTA INICIAL / ORIENTACAO (ACOLHIMENTO A DEMANDA ESPONTANEA)</procedimento>;<procedimento>  0301040079 - ESCUTA INICIAL / ORIENTACAO (ACOLHIMENTO A DEMANDA ESPONTANEA) - Quantidade: 1
</procedimento>;N;;;N;Espontanea;16/09/2026 08:17:25;16/09/2026 00:00:00;16/09/2026 00:00:00;46s;RUA LEONARDO JOSE ANTUNES, S/N, STE BL2 AP004, INOA (INOA), MARICA-RJ, CEP: 24943255  - Tel: 21994007899;
THAMIRES DA SILVA LEMOS;False;;F;08/06/1997 00:00:00;29;702002876749182;Escuta Inicial;SILVIA GOMES DA SILVA;;<procedimento>, ESCUTA INICIAL / ORIENTACAO (ACOLHIMENTO A DEMANDA ESPONTANEA)</procedimento>;<procedimento>  0301040079 - ESCUTA INICIAL / ORIENTACAO (ACOLHIMENTO A DEMANDA ESPONTANEA) - Quantidade: 1
</procedimento>;N;;;N;Espontanea;16/09/2026 08:18:39;16/09/2026 00:00:00;16/09/2026 00:00:00;58s;RUA QUARENTA E NOVE, 44, JACAROA, MARICA-RJ, CEP: 24902715  - Tel: 21980561958;
FLAVIO DE SOUSA;False;;M;17/05/1974 00:00:00;52;704203253297182;Procedimento;LUCIANA DOS SANTOS AZEVEDO SOARES;;<procedimento>, COLETA DE MATERIAL PARA EXAME LABORATORIAL</procedimento>;<procedimento>  0201020041 - COLETA DE MATERIAL PARA EXAME LABORATORIAL - Quantidade: 1
</procedimento>;;;;;Espontanea;16/09/2026 08:18:52;16/09/2026 00:00:00;16/09/2026 00:00:00;1min 37s;RUA VINTE E UM, LOTE 13, QUADRA 33, SANTA PAULA (INOA), MARICA-RJ, CEP: 24944672  - Tel: 21970690326;
CRISTINY GOMES DA SILVA;False;;F;01/12/2004 00:00:00;21;706800205297028;Escuta Inicial;SILVIA GOMES DA SILVA;;<procedimento>, ESCUTA INICIAL / ORIENTACAO (ACOLHIMENTO A DEMANDA ESPONTANEA)</procedimento>;<procedimento>  0301040079 - ESCUTA INICIAL / ORIENTACAO (ACOLHIMENTO A DEMANDA ESPONTANEA) - Quantidade: 1
</procedimento>;N;;;N;Espontanea;16/09/2026 08:20:09;16/09/2026 00:00:00;16/09/2026 00:00:00;28s;RUA OSVALDINO DE ALMEIDA, S/N, INOA (INOA), MARICA-RJ, CEP: 24943660  - Tel: 21971067606;
JOSE CARLOS SOUZA FRANCA;False;;M;02/01/1968 00:00:00;58;708408271268267;Consulta de Enfermagem;MAURO BATISTA DE BARROS; T140 - TRAUMATISMO SUPERFICIAL DE REGIAO NAO ESPECIFICADA DO CORPO;<procedimento>, CONSULTA DE PROFISSIONAIS DE NIVEL SUPERIOR NA ATENCAO ESPECIALIZADA (EXCETO MEDICO)</procedimento><procedimento>, CURATIVO ESPECIAL</procedimento>;<procedimento>  0301010048 - CONSULTA DE PROFISSIONAIS DE NIVEL SUPERIOR NA ATENCAO ESPECIALIZADA (EXCETO MEDICO) - Quantidade: 1
</procedimento><procedimento>  0301100276 - CURATIVO ESPECIAL - Quantidade: 1
</procedimento>;N;;;N;Programada;16/09/2026 08:31:31;16/09/2026 00:00:00;16/09/2026 00:00:00;21min 40s;RUA L, 241, COND A, SANTA PAULA (INOA), MARICA-RJ, CEP: 24944604  - Tel: 21968615966;
ARIVALDO ANTONIO DE BRITO;False;;M;05/01/1969 00:00:00;57;704805589772443;Escuta Inicial;SILVIA GOMES DA SILVA;;<procedimento>, ESCUTA INICIAL / ORIENTACAO (ACOLHIMENTO A DEMANDA ESPONTANEA)</procedimento>;<procedimento>  0301040079 - ESCUTA INICIAL / ORIENTACAO (ACOLHIMENTO A DEMANDA ESPONTANEA) - Quantidade: 1
</procedimento>;N;;;N;Espontanea;16/09/2026 08:41:21;16/09/2026 00:00:00;16/09/2026 00:00:00;1min 3s;RUA LEONARDO JOSE ANTUNES, S/N, STE BL 15 AP401, INOA (INOA), MARICA-RJ, CEP: 24943255  - Tel: 21968832996;
PAULO SERGIO GALDINO DA SILVA;False;;M;26/03/1993 00:00:00;33;700109968363417;Escuta Inicial;SILVIA GOMES DA SILVA;;<procedimento>, ESCUTA INICIAL / ORIENTACAO (ACOLHIMENTO A DEMANDA ESPONTANEA)</procedimento>;<procedimento>  0301040079 - ESCUTA INICIAL / ORIENTACAO (ACOLHIMENTO A DEMANDA ESPONTANEA) - Quantidade: 1
</procedimento>;N;;;N;Espontanea;16/09/2026 08:44:16;16/09/2026 00:00:00;16/09/2026 00:00:00;13min 44s;RUA JOSE FORTES DA SILVA, S/N, UBATIBA, MARICA-RJ, CEP: 24908115  - Tel: 21997774639;
ELIZETE LACERDA DA SILVA;False;;F;28/05/1951 00:00:00;75;708308236087260;Consulta de Enfermagem;MAURO BATISTA DE BARROS; T140 - TRAUMATISMO SUPERFICIAL DE REGIAO NAO ESPECIFICADA DO CORPO;<procedimento>, CONSULTA DE PROFISSIONAIS DE NIVEL SUPERIOR NA ATENCAO ESPECIALIZADA (EXCETO MEDICO)</procedimento><procedimento>, CURATIVO ESPECIAL</procedimento>;<procedimento>  0301010048 - CONSULTA DE PROFISSIONAIS DE NIVEL SUPERIOR NA ATENCAO ESPECIALIZADA (EXCETO MEDICO) - Quantidade: 1
</procedimento><procedimento>  0301100276 - CURATIVO ESPECIAL - Quantidade: 1
</procedimento>;N;;;N;Programada;16/09/2026 08:53:09;16/09/2026 00:00:00;16/09/2026 00:00:00;13min 40s;RUA UM, S/N, QUADRA09LOTE01, CORDEIRINHO (PONTA NEGRA), MARICA-RJ, CEP: 24921644  - Tel: 27995028029;
LIDIA ESTELLA DA COSTA FILIPPO;False;;F;28/02/1968 00:00:00;58;709006848544114;Escuta Inicial;SILVIA GOMES DA SILVA;;<procedimento>, ESCUTA INICIAL / ORIENTACAO (ACOLHIMENTO A DEMANDA ESPONTANEA)</procedimento>;<procedimento>  0301040079 - ESCUTA INICIAL / ORIENTACAO (ACOLHIMENTO A DEMANDA ESPONTANEA) - Quantidade: 1
</procedimento>;N;;;N;Espontanea;16/09/2026 08:59:05;16/09/2026 00:00:00;16/09/2026 00:00:00;22s;RUA JARI, S/N, LT 14 QD 06, INOA (INOA), MARICA-RJ, CEP: 24943740  - Tel: 21998657455;
ARTHUR LUKAS PAIVA RAMALHO;False;;M;19/03/2020 00:00:00;6;700208497800926;Escuta Inicial;SILVIA GOMES DA SILVA;;<procedimento>, ESCUTA INICIAL / ORIENTACAO (ACOLHIMENTO A DEMANDA ESPONTANEA)</procedimento>;<procedimento>  0301040079 - ESCUTA INICIAL / ORIENTACAO (ACOLHIMENTO A DEMANDA ESPONTANEA) - Quantidade: 1
</procedimento>;N;;;N;Espontanea;16/09/2026 09:00:31;16/09/2026 00:00:00;16/09/2026 00:00:00;1min 1s;AVENIDA ORESTES VEREZA, 48, CASA 04, SPAR (INOA), MARICA-RJ, CEP: 24944256  - Tel: 21994470570;
ABILIANA DA SILVA GOMES;False;;F;19/12/1980 00:00:00;45;704301599370691;Procedimento;RENATO ROQUE DE ANDRADE;;<procedimento>, MAMOGRAFIA BILATERAL PARA RASTREAMENTO</procedimento>;<procedimento>  0204030188 - MAMOGRAFIA BILATERAL PARA RASTREAMENTO - Quantidade: 1
</procedimento>;;;;;Espontanea;16/09/2026 11:04:56;16/09/2026 00:00:00;16/09/2026 00:00:00;0s;RUA DOUGLAS MARQUES RIENTI, S/N, QD445LT04CS101, JARDIM ATLANTICO LESTE (ITAIPUACU), MARICA-RJ, CEP: 24933710  - Tel: 22999991615;
ALZIRA ARAUJO MACEDO;False;;F;02/10/1959 00:00:00;66;706807263670328;Procedimento;CLAUDIA FREIXO SEIXAS IOCKEN;;<procedimento>, DENSITOMETRIA OSSEA DUO-ENERGETICA DE COLUNA (VERTEBRAS LOMBARES E/OU FEMUR)</procedimento>;<procedimento>  0204060028 - DENSITOMETRIA OSSEA DUO-ENERGETICA DE COLUNA (VERTEBRAS LOMBARES E/OU FEMUR) - Quantidade: 1
</procedimento>;;;;;Espontanea;16/09/2026 10:58:52;16/09/2026 00:00:00;16/09/2026 00:00:00;0s;RUA TENENTE JOAQUIM DA SILVEIRA, S/N, LT 47 QD 121, ARACATIBA, MARICA-RJ, CEP: 24901640  - Tel: 21991712431;
ANA LUCIA MACHADO;False;;F;17/08/1964 00:00:00;62;706802201674120;Procedimento;CLAUDIA FREIXO SEIXAS IOCKEN;;<procedimento>, DENSITOMETRIA OSSEA DUO-ENERGETICA DE COLUNA (VERTEBRAS LOMBARES E/OU FEMUR)</procedimento>;<procedimento>  0204060028 - DENSITOMETRIA OSSEA DUO-ENERGETICA DE COLUNA (VERTEBRAS LOMBARES E/OU FEMUR) - Quantidade: 1
</procedimento>;;;;;Espontanea;16/09/2026 10:41:26;16/09/2026 00:00:00;16/09/2026 00:00:00;0s;RUA IRENE RIBEIRO, 446, Quadra 446 Lote 22 casa 01, JARDIM ATLANTICO LESTE (ITAIPUACU), MARICA-RJ, CEP: 24933455  - Tel: 21968784428;
ANA LUCIA XAVIER DE SOUZA;False;;F;28/11/1965 00:00:00;60;703107853070460;Procedimento;RENATO ROQUE DE ANDRADE;;<procedimento>, MAMOGRAFIA BILATERAL PARA RASTREAMENTO</procedimento>;<procedimento>  0204030188 - MAMOGRAFIA BILATERAL PARA RASTREAMENTO - Quantidade: 1
</procedimento>;;;;;Espontanea;16/09/2026 11:14:46;16/09/2026 00:00:00;16/09/2026 00:00:00;0s;RUA ALFREDO DA ROCHA VIANA FILHO, 285, LOTE 453 QD/15, SAO JOSE DO IMBASSAI, MARICA-RJ, CEP: 24930044  - Tel: 21979578095;
CARMENCITA DE PINHO SPOHR;False;;F;07/03/1958 00:00:00;68;702000884333087;Procedimento;CLAUDIA FREIXO SEIXAS IOCKEN;;<procedimento>, DENSITOMETRIA OSSEA DUO-ENERGETICA DE COLUNA (VERTEBRAS LOMBARES E/OU FEMUR)</procedimento>;<procedimento>  0204060028 - DENSITOMETRIA OSSEA DUO-ENERGETICA DE COLUNA (VERTEBRAS LOMBARES E/OU FEMUR) - Quantidade: 1
</procedimento>;;;;;Espontanea;16/09/2026 10:44:01;16/09/2026 00:00:00;16/09/2026 00:00:00;0s;RUA GEORGILEI RODRIGUES, S/N, Q 60 L 20, JARDIM ATLANTICO OESTE (ITAIPUACU), MARICA-RJ, CEP: 24935435  - Tel: 21982966904;
CATIA ROSA;False;;F;05/05/1969 00:00:00;57;709202271088336;Procedimento;RENATO ROQUE DE ANDRADE;;<procedimento>, MAMOGRAFIA BILATERAL PARA RASTREAMENTO</procedimento>;<procedimento>  0204030188 - MAMOGRAFIA BILATERAL PARA RASTREAMENTO - Quantidade: 1
</procedimento>;;;;;Espontanea;16/09/2026 11:03:48;16/09/2026 00:00:00;16/09/2026 00:00:00;0s;RUA VEREADOR TUNINHO DO BIRINIGTH, S/N, QD 145 LT 38, JARDIM ATLANTICO CENTRAL (ITAIPUACU), MARICA-RJ, CEP: 24934325  - Tel: 21973902070;
CLAUDIA CRISTINA CASALE;False;;F;30/05/1978 00:00:00;48;703200637851797;Procedimento;RENATO ROQUE DE ANDRADE;;<procedimento>, MAMOGRAFIA BILATERAL PARA RASTREAMENTO</procedimento>;<procedimento>  0204030188 - MAMOGRAFIA BILATERAL PARA RASTREAMENTO - Quantidade: 1
</procedimento>;;;;;Espontanea;16/09/2026 11:13:38;16/09/2026 00:00:00;16/09/2026 00:00:00;0s;RUA X, S/N, STC BL07 AP101, CHACARAS DE INOA (INOA), MARICA-RJ, CEP: 24940653  - Tel: 21972715316;
CLAUDIA ROSANE PIMENTA DE OLIVEIRA;False;;F;30/11/1964 00:00:00;61;700505501392356;Procedimento;CLAUDIA FREIXO SEIXAS IOCKEN;;<procedimento>, DENSITOMETRIA OSSEA DUO-ENERGETICA DE COLUNA (VERTEBRAS LOMBARES E/OU FEMUR)</procedimento>;<procedimento>  0204060028 - DENSITOMETRIA OSSEA DUO-ENERGETICA DE COLUNA (VERTEBRAS LOMBARES E/OU FEMUR) - Quantidade: 1
</procedimento>;;;;;Espontanea;16/09/2026 10:47:36;16/09/2026 00:00:00;16/09/2026 00:00:00;0s;AVENIDA P, S/N, RUA A, JACONE, MARICA-RJ, CEP: 24924485  - Tel: 21996593209;
JACQUELINE SILVA DE ARAUJO DOS SANTOS;False;;F;11/10/1973 00:00:00;52;702501777339940;Procedimento;RENATO ROQUE DE ANDRADE;;<procedimento>, MAMOGRAFIA BILATERAL PARA RASTREAMENTO</procedimento>;<procedimento>  0204030188 - MAMOGRAFIA BILATERAL PARA RASTREAMENTO - Quantidade: 1
</procedimento>;;;;;Espontanea;16/09/2026 11:12:27;16/09/2026 00:00:00;16/09/2026 00:00:00;0s;RUA BEIRA RIO, S/N, LT51, CHACARAS DE INOA (INOA), MARICA-RJ, CEP: 24940325  - Tel: 21976681554;
MARCOS XAVIER DE SANTANA;False;;M;09/10/1967 00:00:00;58;704206599505290;Procedimento;SERGIO RICARDO DUARTE MOUTINHO;;<procedimento>, MONITORIZACAO AMBULATORIAL DE PRESSAO ARTERIAL (M A P A)</procedimento>;<procedimento>  0211020052 - MONITORIZACAO AMBULATORIAL DE PRESSAO ARTERIAL (M A P A) - Quantidade: 1
</procedimento>;;;;;Espontanea;16/09/2026 16:22:07;16/09/2026 00:00:00;16/09/2026 00:00:00;0s;RUA R FERNANDO MENDES, 32, INOA, MARICA-RJ, CEP: 24910000  - Tel: 2127160491;
MARIA DA GLORIA CANTANHEDE;False;;F;23/05/1966 00:00:00;60;705801412169133;Procedimento;RENATO ROQUE DE ANDRADE;;<procedimento>, MAMOGRAFIA BILATERAL PARA RASTREAMENTO</procedimento>;<procedimento>  0204030188 - MAMOGRAFIA BILATERAL PARA RASTREAMENTO - Quantidade: 1
</procedimento>;;;;;Espontanea;16/09/2026 11:17:52;16/09/2026 00:00:00;16/09/2026 00:00:00;0s;RUA SANTA JOANA DARC, S/N, PRAIA DE ITAIPUACU (ITAIPUACU), MARICA-RJ, CEP: 24936830  - Tel: 21991691619;
MARIA DAS GRACAS NOGUEIRA DE MENDONCA;False;;F;18/05/1965 00:00:00;61;701808241129675;Procedimento;RENATO ROQUE DE ANDRADE;;<procedimento>, MAMOGRAFIA BILATERAL PARA RASTREAMENTO</procedimento>;<procedimento>  0204030188 - MAMOGRAFIA BILATERAL PARA RASTREAMENTO - Quantidade: 1
</procedimento>;;;;;Espontanea;16/09/2026 11:09:54;16/09/2026 00:00:00;16/09/2026 00:00:00;0s;ESTRADA COMANDANTE CELSO, 260, CASA, SILVADO, MARICA-RJ, CEP: 24906020  - Tel: 21997048068;
MARIA DAS GRACAS TRINDADE DE OLIVEIRA;False;;F;10/06/1958 00:00:00;68;701402696566436;Procedimento;RENATO ROQUE DE ANDRADE;;<procedimento>, MAMOGRAFIA BILATERAL PARA RASTREAMENTO</procedimento>;<procedimento>  0204030188 - MAMOGRAFIA BILATERAL PARA RASTREAMENTO - Quantidade: 1
</procedimento>;;;;;Espontanea;16/09/2026 11:08:36;16/09/2026 00:00:00;16/09/2026 00:00:00;0s;RUA NOSSA SENHORA DAS MERCES, S/N, QD51 LT20 CS01, PRAIA DE ITAIPUACU (ITAIPUACU), MARICA-RJ, CEP: 24936775  - Tel: 21964171277;
MARIA ELISABETH DA SILVA VIDAL;False;;F;27/06/1958 00:00:00;68;707506252442590;Procedimento;CLAUDIA FREIXO SEIXAS IOCKEN;;<procedimento>, DENSITOMETRIA OSSEA DUO-ENERGETICA DE COLUNA (VERTEBRAS LOMBARES E/OU FEMUR)</procedimento>;<procedimento>  0204060028 - DENSITOMETRIA OSSEA DUO-ENERGETICA DE COLUNA (VERTEBRAS LOMBARES E/OU FEMUR) - Quantidade: 1
</procedimento>;;;;;Espontanea;16/09/2026 10:50:49;16/09/2026 00:00:00;16/09/2026 00:00:00;0s;RUA LEONARDO JOSE ANTUNES, S/N, STE BL7 AP302, INOA (INOA), MARICA-RJ, CEP: 24943255  - Tel: 21999519352;
PATRICIA DA SILVA COSTA RIOS;False;;F;24/04/1972 00:00:00;54;708708107235596;Procedimento;RENATO ROQUE DE ANDRADE;;<procedimento>, MAMOGRAFIA BILATERAL PARA RASTREAMENTO</procedimento>;<procedimento>  0204030188 - MAMOGRAFIA BILATERAL PARA RASTREAMENTO - Quantidade: 1
</procedimento>;;;;;Espontanea;16/09/2026 11:06:53;16/09/2026 00:00:00;16/09/2026 00:00:00;0s;RUA AUSTRIA, S/N, STD BL02 AP103, CHACARAS DE INOA (INOA), MARICA-RJ, CEP: 24940650  - Tel: 21995972260;
PATRICIA IMACULADA REIS;False;;F;06/09/1988 00:00:00;38;700908992115799;Procedimento;SERGIO RICARDO DUARTE MOUTINHO;;<procedimento>, MONITORAMENTO PELO SISTEMA HOLTER 24 HS (3 CANAIS)</procedimento>;<procedimento>  0211020044 - MONITORAMENTO PELO SISTEMA HOLTER 24 HS (3 CANAIS) - Quantidade: 1
</procedimento>;;;;;Espontanea;16/09/2026 16:07:09;16/09/2026 00:00:00;16/09/2026 00:00:00;0s;RUA MARQUES DE SAO VICENTE, S/N, QD 15 CASA 05, MARQUES DE MARICA, MARICA-RJ, CEP: 24904430  - Tel: 21995542623;
RODRIGO DUARTE DE JESUS;False;;F;13/07/1998 00:00:00;28;;Procedimento;SERGIO RICARDO DUARTE MOUTINHO;;<procedimento>, MONITORAMENTO PELO SISTEMA HOLTER 24 HS (3 CANAIS)</procedimento>;<procedimento>  0211020044 - MONITORAMENTO PELO SISTEMA HOLTER 24 HS (3 CANAIS) - Quantidade: 1
</procedimento>;;;;;Espontanea;16/09/2026 16:08:09;16/09/2026 00:00:00;16/09/2026 00:00:00;0s;ESTRADA DO RETIRO, S/N, RETIRO, MARICA-RJ, CEP: 24911850  - Tel: 21990462943;
ROSEMAR CLEMENTE DE SOUZA MOREIRA;False;;F;15/05/1959 00:00:00;67;704803594106748;Procedimento;CLAUDIA FREIXO SEIXAS IOCKEN;;<procedimento>, DENSITOMETRIA OSSEA DUO-ENERGETICA DE COLUNA (VERTEBRAS LOMBARES E/OU FEMUR)</procedimento>;<procedimento>  0204060028 - DENSITOMETRIA OSSEA DUO-ENERGETICA DE COLUNA (VERTEBRAS LOMBARES E/OU FEMUR) - Quantidade: 1
</procedimento>;;;;;Espontanea;16/09/2026 10:56:06;16/09/2026 00:00:00;16/09/2026 00:00:00;0s;RUA ANTONIO CALADO, 138, CASA 20, CENTRO, MARICA-RJ, CEP: 24900090  - Tel: 21989108732;
SEVERINO GOMES BARBOSA;False;;M;11/04/1947 00:00:00;79;706201598092164;Procedimento;SERGIO RICARDO DUARTE MOUTINHO;;<procedimento>, MONITORAMENTO PELO SISTEMA HOLTER 24 HS (3 CANAIS)</procedimento>;<procedimento>  0211020044 - MONITORAMENTO PELO SISTEMA HOLTER 24 HS (3 CANAIS) - Quantidade: 1
</procedimento>;;;;;Espontanea;16/09/2026 16:09:14;16/09/2026 00:00:00;16/09/2026 00:00:00;0s;RUA NOVE, S/N, QD 33 LT 34, JARDIM ATLANTICO OESTE (ITAIPUACU), MARICA-RJ, CEP: 24935529  - Tel: 21967223355;
SOLANGE PINHEIRO FIRMINO;False;;F;03/09/1953 00:00:00;73;706803731996126;Procedimento;RENATO ROQUE DE ANDRADE;;<procedimento>, MAMOGRAFIA BILATERAL PARA RASTREAMENTO</procedimento>;<procedimento>  0204030188 - MAMOGRAFIA BILATERAL PARA RASTREAMENTO - Quantidade: 1
</procedimento>;;;;;Espontanea;16/09/2026 11:11:06;16/09/2026 00:00:00;16/09/2026 00:00:00;0s;AVENIDA DOUTOR ANTONIO MARQUES MATHIAS, S/N, JARDIM ATLANTICO LESTE (ITAIPUACU), MARICA-RJ, CEP: 24933085  - Tel: 21965207046;
VERONICA DOS SANTOS DE SOUZA SILVA DE LIMA;False;;F;13/01/1977 00:00:00;49;700504948637556;Procedimento;RENATO ROQUE DE ANDRADE;;<procedimento>, MAMOGRAFIA BILATERAL PARA RASTREAMENTO</procedimento>;<procedimento>  0204030188 - MAMOGRAFIA BILATERAL PARA RASTREAMENTO - Quantidade: 1
</procedimento>;;;;;Espontanea;16/09/2026 11:16:31;16/09/2026 00:00:00;16/09/2026 00:00:00;0s;RUA ARLEY BARROS GUIMARAES SILVA, 112, LT D  SOBRADO, SAO JOSE DO IMBASSAI, MARICA-RJ, CEP: 24930116  - Tel: 21993706582;
RONILDA DOS SANTOS JOSE FRAZAO;False;;F;09/06/1961 00:00:00;65;707706698582110;Consulta Medica;VIVIANE VIEIRA FERREIRA DE ANDRADE; R10  - DOR ABDOMINAL E PELVICA;<procedimento>, CONSULTA MEDICA EM ATENCAO ESPECIALIZADA</procedimento>;<procedimento>  0301010072 - CONSULTA MEDICA EM ATENCAO ESPECIALIZADA - Quantidade: 1
</procedimento>;N;;;N;Programada;16/09/2026 09:02:31;16/09/2026 00:00:00;16/09/2026 00:00:00;2min 35s;RUA ALBERTO RIBEIRO DE ALMEIDA, S/N, LOTE 20 QD 14, SPAR (INOA), MARICA-RJ, CEP: 24944390  - Tel: 21994517413;
ROGERIO NOGUEIRA SILVA;False;;M;06/04/1980 00:00:00;46;708607087725585;Consulta c/ Otorrinolaringologista;LUIZ CARLOS DE ARAUJO PIMENTEL; R490 - DISFONIA;<procedimento>, CONSULTA MEDICA EM ATENCAO ESPECIALIZADA</procedimento>;<procedimento>  0301010072 - CONSULTA MEDICA EM ATENCAO ESPECIALIZADA - Quantidade: 1
</procedimento>;N;;;N;Programada;16/09/2026 09:02:23;16/09/2026 00:00:00;16/09/2026 00:00:00;10min 42s;RUA TENENTE-CORONEL-AVIADOR PAULO ROBERTO DE SOUZA MACHADO, S/N, CENTRO, MARICA-RJ, CEP: 24901120  - Tel: 21998160102;
MARIA LUCIA ROSA COSTA;False;;F;03/07/1956 00:00:00;70;707003814050233;Consulta de Enfermagem;MAURO BATISTA DE BARROS; T140 - TRAUMATISMO SUPERFICIAL DE REGIAO NAO ESPECIFICADA DO CORPO;<procedimento>, CONSULTA DE PROFISSIONAIS DE NIVEL SUPERIOR NA ATENCAO ESPECIALIZADA (EXCETO MEDICO)</procedimento><procedimento>, CURATIVO ESPECIAL</procedimento>;<procedimento>  0301010048 - CONSULTA DE PROFISSIONAIS DE NIVEL SUPERIOR NA ATENCAO ESPECIALIZADA (EXCETO MEDICO) - Quantidade: 1
</procedimento><procedimento>  0301100276 - CURATIVO ESPECIAL - Quantidade: 1
</procedimento>;N;;;N;Programada;16/09/2026 09:07:51;16/09/2026 00:00:00;16/09/2026 00:00:00;19min 27s;RUA QUARENTA E TRES, S/N, QUADRA 49, JACAROA, MARICA-RJ, CEP: 24902660  - Tel: 21986394381;
ANA CRISTINA DA SILVA;False;;F;01/05/1972 00:00:00;54;704004345707061;Consulta c/ Ginecologista e Obstetra;LORENA RODRIGUES NASCIMENTO; C51  - NEOPLASIA MALIGNA DA VULVA;<procedimento>, CONSULTA MEDICA EM ATENCAO ESPECIALIZADA</procedimento>;<procedimento>  0301010072 - CONSULTA MEDICA EM ATENCAO ESPECIALIZADA - Quantidade: 1
</procedimento>;S;BIOPSIA/PUNCAO DE VULVA
;;N;Programada;16/09/2026 09:10:45;16/09/2026 00:00:00;16/09/2026 00:00:00;42min 13s;RUA X, S/N, STB BL06 AP104, CHACARAS DE INOA (INOA), MARICA-RJ, CEP: 24940653  - Tel: 21987874289;
ANDRESSA FONSECA DOS SANTOS;False;;F;07/07/1981 00:00:00;45;701800223309171;Consulta de Enfermagem;ELAINE APARECIDA DE SOUZA; K92  - DOENCAS DO APARELHO DIGESTIVO;<procedimento>, BARREIRAS PROTETORAS DE PELE SINTETICA E/OU MISTA EM FORMA DE PO / PASTA E/OU PLACA</procedimento><procedimento>, BOLSA DE COLOSTOMIA COM ADESIVO MICROPORO DRENAVEL</procedimento><procedimento>, CONSULTA DE PROFISSIONAIS DE NIVEL SUPERIOR NA ATENCAO ESPECIALIZADA (EXCETO MEDICO)</procedimento><procedimento>, CONSULTA DE PROFISSIONAIS DE NIVEL SUPERIOR NA ATENCAO PRIMARIA (EXCETO MEDICO)</procedimento>;<procedimento>  0301010030 - CONSULTA DE PROFISSIONAIS DE NIVEL SUPERIOR NA ATENCAO PRIMARIA (EXCETO MEDICO) - Quantidade: 1
</procedimento><procedimento>  0301010048 - CONSULTA DE PROFISSIONAIS DE NIVEL SUPERIOR NA ATENCAO ESPECIALIZADA (EXCETO MEDICO) - Quantidade: 1
</procedimento><procedimento>  0701050020 - BOLSA DE COLOSTOMIA COM ADESIVO MICROPORO DRENAVEL - Quantidade: 20
</procedimento><procedimento>  0701060018 - BARREIRAS PROTETORAS DE PELE SINTETICA E/OU MISTA EM FORMA DE PO / PASTA E/OU PLACA - Quantidade: 1
</procedimento>;N;;;N;Programada;16/09/2026 09:11:49;16/09/2026 00:00:00;16/09/2026 00:00:00;13min 0s;RUA NOVE, S/N, AO LADO DA DONA, CORDEIRINHO (PONTA NEGRA), MARICA-RJ, CEP: 24921628  - Tel: 21999542729;
SILVIA REGINA ROMAO;False;;F;31/08/1970 00:00:00;56;703608012944239;Consulta c/ Otorrinolaringologista;LUIZ CARLOS DE ARAUJO PIMENTEL; H612 - CERUME IMPACTADO;<procedimento>, CONSULTA MEDICA EM ATENCAO ESPECIALIZADA</procedimento>;<procedimento>  0301010072 - CONSULTA MEDICA EM ATENCAO ESPECIALIZADA - Quantidade: 1
</procedimento>;N;;;N;Programada;16/09/2026 09:13:31;16/09/2026 00:00:00;16/09/2026 00:00:00;4min 12s;RUA ALCEBIADES ALVES DE MATOS, 218, CASA 1, CENTRO, MARICA-RJ, CEP: 24900710  - Tel: 2126372578;
CRISTIANE GUIMARAES RIBEIRO;False;;F;27/10/1965 00:00:00;60;704804501674547;Consulta Medica;VIVIANE VIEIRA FERREIRA DE ANDRADE; K80  - COLELITIASE;<procedimento>, CONSULTA MEDICA EM ATENCAO ESPECIALIZADA</procedimento><procedimento>, ULTRASSONOGRAFIA DE ABDOMEN TOTAL</procedimento>;<procedimento>  0205020046 - ULTRASSONOGRAFIA DE ABDOMEN TOTAL - Quantidade: 1
</procedimento><procedimento>  0301010072 - CONSULTA MEDICA EM ATENCAO ESPECIALIZADA - Quantidade: 1
</procedimento>;N;;;N;Programada;16/09/2026 09:15:56;16/09/2026 00:00:00;16/09/2026 00:00:00;2min 13s;RUA HERDEIROS DE MARICA, S/N, LOTE13QUADRA114, CORDEIRINHO (PONTA NEGRA), MARICA-RJ, CEP: 24921436  - Tel: 21985579611;
DENISE PEREIRA DA ROCHA;False;;F;29/04/1958 00:00:00;68;700001131477507;Escuta Inicial;SILVIA GOMES DA SILVA;;<procedimento>, ESCUTA INICIAL / ORIENTACAO (ACOLHIMENTO A DEMANDA ESPONTANEA)</procedimento>;<procedimento>  0301040079 - ESCUTA INICIAL / ORIENTACAO (ACOLHIMENTO A DEMANDA ESPONTANEA) - Quantidade: 1
</procedimento>;N;;;N;Espontanea;16/09/2026 09:15:01;16/09/2026 00:00:00;16/09/2026 00:00:00;18s;RUA C, 6, LT 6 QD 13, SAO JOSE DO IMBASSAI, MARICA-RJ, CEP: 24931330  - Tel: 2121050000;
MARIA JULIA MARINS DA COSTA CABRAL;False;;F;10/12/2021 00:00:00;4;706807742638521;Escuta Inicial;SILVIA GOMES DA SILVA;;<procedimento>, ESCUTA INICIAL / ORIENTACAO (ACOLHIMENTO A DEMANDA ESPONTANEA)</procedimento>;<procedimento>  0301040079 - ESCUTA INICIAL / ORIENTACAO (ACOLHIMENTO A DEMANDA ESPONTANEA) - Quantidade: 1
</procedimento>;N;;;N;Espontanea;16/09/2026 09:15:49;16/09/2026 00:00:00;16/09/2026 00:00:00;1min 2s;RUA ITAMARACA, S/N, LT 07 QD 09, SAO JOSE DO IMBASSAI, MARICA-RJ, CEP: 24931170  - Tel: 21996156781;
MARIA DA GUIA BARBOSA COSTA;False;;F;09/03/1970 00:00:00;56;898004890294971;Escuta Inicial;SILVIA GOMES DA SILVA;;<procedimento>, ESCUTA INICIAL / ORIENTACAO (ACOLHIMENTO A DEMANDA ESPONTANEA)</procedimento>;<procedimento>  0301040079 - ESCUTA INICIAL / ORIENTACAO (ACOLHIMENTO A DEMANDA ESPONTANEA) - Quantidade: 1
</procedimento>;N;;;N;Espontanea;16/09/2026 09:19:55;16/09/2026 00:00:00;16/09/2026 00:00:00;1min 9s;RUA JOSE CARLOS MARTINS, S/N, QD 92 LT 10, BARROCO (ITAIPUACU), MARICA-RJ, CEP: 24936610  - Tel: 21976274788;
RONALDO CARLOS DA SILVA RAMOS;False;;M;01/03/1955 00:00:00;71;700303915281133;Escuta Inicial;SILVIA GOMES DA SILVA;;<procedimento>, ESCUTA INICIAL / ORIENTACAO (ACOLHIMENTO A DEMANDA ESPONTANEA)</procedimento>;<procedimento>  0301040079 - ESCUTA INICIAL / ORIENTACAO (ACOLHIMENTO A DEMANDA ESPONTANEA) - Quantidade: 1
</procedimento>;N;;;N;Espontanea;16/09/2026 09:19:04;16/09/2026 00:00:00;16/09/2026 00:00:00;17s;RUA PREFEITO ARTUZINDO RANGEL, 153, ED PRAIA BELA, PONTA NEGRA (PONTA NEGRA), MARICA-RJ, CEP: 24922265  - Tel: 21993130085;
RUBENS DE BARROS GOMES NERI;False;;M;03/06/1989 00:00:00;37;704509650851820;Escuta Inicial;SILVIA GOMES DA SILVA;;<procedimento>, ESCUTA INICIAL / ORIENTACAO (ACOLHIMENTO A DEMANDA ESPONTANEA)</procedimento>;<procedimento>  0301040079 - ESCUTA INICIAL / ORIENTACAO (ACOLHIMENTO A DEMANDA ESPONTANEA) - Quantidade: 1
</procedimento>;N;;;N;Espontanea;16/09/2026 09:20:47;16/09/2026 00:00:00;16/09/2026 00:00:00;1min 6s;RUA F, S/N, SANTA PAULA (INOA), MARICA-RJ, CEP: 24944608  - Tel: 21985696405;
MIRTES RODRIGUES SERENO;False;;F;06/10/1955 00:00:00;70;700109902083815;Consulta c/ Otorrinolaringologista;LUIZ CARLOS DE ARAUJO PIMENTEL; H612 - CERUME IMPACTADO;<procedimento>, CONSULTA MEDICA EM ATENCAO ESPECIALIZADA</procedimento>;<procedimento>  0301010072 - CONSULTA MEDICA EM ATENCAO ESPECIALIZADA - Quantidade: 1
</procedimento>;N;;;N;Programada;16/09/2026 09:20:56;16/09/2026 00:00:00;16/09/2026 00:00:00;8min 36s;RUA B, 122, COND RES B ITAP, SAO JOSE DO IMBASSAI, MARICA-RJ, CEP: 24930024  - Tel: 3234624298;
LUCIA CRISTINA CASTRO GOMES DOS SANTOS;False;;F;03/04/1974 00:00:00;52;702800663768261;Consulta Medica;VIVIANE VIEIRA FERREIRA DE ANDRADE; R10  - DOR ABDOMINAL E PELVICA;<procedimento>, CONSULTA MEDICA EM ATENCAO ESPECIALIZADA</procedimento><procedimento>, ULTRASSONOGRAFIA DE ABDOMEN TOTAL</procedimento>;<procedimento>  0205020046 - ULTRASSONOGRAFIA DE ABDOMEN TOTAL - Quantidade: 1
</procedimento><procedimento>  0301010072 - CONSULTA MEDICA EM ATENCAO ESPECIALIZADA - Quantidade: 1
</procedimento>;N;;;N;Programada;16/09/2026 09:25:54;16/09/2026 00:00:00;16/09/2026 00:00:00;8min 25s;RUA VAN LERBERGUE, S/N, QD 461 LT 12, JARDIM ATLANTICO LESTE (ITAIPUACU), MARICA-RJ, CEP: 24933405  - Tel: 21970221250;
ODILON CARDOSO DE MELO;False;;M;14/05/1950 00:00:00;76;705006011671050;Consulta de Enfermagem;ELAINE APARECIDA DE SOUZA; K92  - DOENCAS DO APARELHO DIGESTIVO;<procedimento>, AVALIACAO ANTROPOMETRICA</procedimento><procedimento>, BARREIRAS PROTETORAS DE PELE SINTETICA E/OU MISTA EM FORMA DE PO / PASTA E/OU PLACA</procedimento><procedimento>, CONJUNTO DE PLACA E BOLSA PARA OSTOMA INTESTINAL</procedimento><procedimento>, CONSULTA DE PROFISSIONAIS DE NIVEL SUPERIOR NA ATENCAO ESPECIALIZADA (EXCETO MEDICO)</procedimento><procedimento>, CUIDADOS COM ESTOMAS</procedimento>;<procedimento>  0101040024 - AVALIACAO ANTROPOMETRICA - Quantidade: 1
</procedimento><procedimento>  0301010048 - CONSULTA DE PROFISSIONAIS DE NIVEL SUPERIOR NA ATENCAO ESPECIALIZADA (EXCETO MEDICO) - Quantidade: 1
</procedimento><procedimento>  0301100063 - CUIDADOS COM ESTOMAS - Quantidade: 1
</procedimento><procedimento>  0701050047 - CONJUNTO DE PLACA E BOLSA PARA OSTOMA INTESTINAL - Quantidade: 9
</procedimento><procedimento>  0701060018 - BARREIRAS PROTETORAS DE PELE SINTETICA E/OU MISTA EM FORMA DE PO / PASTA E/OU PLACA - Quantidade: 1
</procedimento>;N;;;N;Programada;16/09/2026 09:26:46;16/09/2026 00:00:00;16/09/2026 00:00:00;26min 0s;RUA SEIS, 382, COND ELISA, PONTA GROSSA, MARICA-RJ, CEP: 24914405  - Tel: 21999986277;
PEDRO MARQUES MONTEIRO;False;;M;28/06/1944 00:00:00;82;701405692986735;Consulta de Enfermagem;MAURO BATISTA DE BARROS; T140 - TRAUMATISMO SUPERFICIAL DE REGIAO NAO ESPECIFICADA DO CORPO;<procedimento>, CONSULTA DE PROFISSIONAIS DE NIVEL SUPERIOR NA ATENCAO ESPECIALIZADA (EXCETO MEDICO)</procedimento><procedimento>, CURATIVO ESPECIAL</procedimento>;<procedimento>  0301010048 - CONSULTA DE PROFISSIONAIS DE NIVEL SUPERIOR NA ATENCAO ESPECIALIZADA (EXCETO MEDICO) - Quantidade: 1
</procedimento><procedimento>  0301100276 - CURATIVO ESPECIAL - Quantidade: 1
</procedimento>;N;;;N;Programada;16/09/2026 09:27:16;16/09/2026 00:00:00;16/09/2026 00:00:00;1h 0min 31s; S/N, LT 01 QD 47, CEP: 24902715  - Tel: 21998243501;
HELIO ESCORCIO;False;;M;10/09/1933 00:00:00;93;702907515730377;Consulta c/ Otorrinolaringologista;LUIZ CARLOS DE ARAUJO PIMENTEL; H612 - CERUME IMPACTADO;<procedimento>, CONSULTA MEDICA EM ATENCAO ESPECIALIZADA</procedimento>;<procedimento>  0301010072 - CONSULTA MEDICA EM ATENCAO ESPECIALIZADA - Quantidade: 1
</procedimento>;N;;;N;Programada;16/09/2026 09:29:10;16/09/2026 00:00:00;16/09/2026 00:00:00;4min 13s;RUA TRES, S/N, QD C LT 02, INOA (INOA), MARICA-RJ, CEP: 24943250  - Tel: 21985950559;
VALNEIA DA SILVA ARAUJO;False;;F;12/10/1952 00:00:00;73;700500139752358;Consulta c/ Otorrinolaringologista;LUIZ CARLOS DE ARAUJO PIMENTEL; H908 - PERDA DE AUDICAO MISTA, DE CONDUCAO E NEURO-SENSORIAL, NAO ESPECIFICADA;<procedimento>, CONSULTA MEDICA EM ATENCAO ESPECIALIZADA</procedimento>;<procedimento>  0301010072 - CONSULTA MEDICA EM ATENCAO ESPECIALIZADA - Quantidade: 1
</procedimento>;N;;;N;Programada;16/09/2026 09:34:22;16/09/2026 00:00:00;16/09/2026 00:00:00;4min 35s;ESTRADA MARIA OLYMPIA ALCANTARA, 6, CAJU (PONTA NEGRA), MARICA-RJ, CEP: 24918000  - Tel: 21997256558;
MARIA CRISTINA GUERRA BRAGA;False;;F;02/01/1957 00:00:00;69;700009478957303;Consulta Medica;VIVIANE VIEIRA FERREIRA DE ANDRADE; R10  - DOR ABDOMINAL E PELVICA;<procedimento>, CONSULTA MEDICA EM ATENCAO ESPECIALIZADA</procedimento><procedimento>, ULTRASSONOGRAFIA DE ABDOMEN TOTAL</procedimento>;<procedimento>  0205020046 - ULTRASSONOGRAFIA DE ABDOMEN TOTAL - Quantidade: 1
</procedimento><procedimento>  0301010072 - CONSULTA MEDICA EM ATENCAO ESPECIALIZADA - Quantidade: 1
</procedimento>;N;;;N;Programada;16/09/2026 09:35:18;16/09/2026 00:00:00;16/09/2026 00:00:00;1min 24s;AVENIDA DOUTOR ANTONIO MARQUES MATHIAS, S/N, BARROCO (ITAIPUACU), MARICA-RJ, CEP: 24936490  - Tel: 21994664411;
LUCINDA DA CONCEICAO PAIVA;False;;F;25/04/1936 00:00:00;90;706201571672860;Consulta Medica;VIVIANE VIEIRA FERREIRA DE ANDRADE; R10  - DOR ABDOMINAL E PELVICA;<procedimento>, CONSULTA MEDICA EM ATENCAO ESPECIALIZADA</procedimento><procedimento>, ULTRASSONOGRAFIA DE ABDOMEN TOTAL</procedimento>;<procedimento>  0205020046 - ULTRASSONOGRAFIA DE ABDOMEN TOTAL - Quantidade: 1
</procedimento><procedimento>  0301010072 - CONSULTA MEDICA EM ATENCAO ESPECIALIZADA - Quantidade: 1
</procedimento>;N;;;N;Programada;16/09/2026 09:39:29;16/09/2026 00:00:00;16/09/2026 00:00:00;1min 41s;RUA CELSO FARIAS, S/N, LOTE35QUADRA110, CORDEIRINHO (PONTA NEGRA), MARICA-RJ, CEP: 24921320  - Tel: 21964230009;
ELZA ROSA DE MACEDO;False;;F;05/04/1960 00:00:00;66;700207975358528;Consulta de Enfermagem;ELAINE APARECIDA DE SOUZA; K92  - DOENCAS DO APARELHO DIGESTIVO;<procedimento>, AVALIACAO ANTROPOMETRICA</procedimento><procedimento>, BARREIRAS PROTETORAS DE PELE SINTETICA E/OU MISTA EM FORMA DE PO / PASTA E/OU PLACA</procedimento><procedimento>, BOLSA DE COLOSTOMIA COM ADESIVO MICROPORO DRENAVEL</procedimento><procedimento>, CONSULTA DE PROFISSIONAIS DE NIVEL SUPERIOR NA ATENCAO ESPECIALIZADA (EXCETO MEDICO)</procedimento><procedimento>, CUIDADOS COM ESTOMAS</procedimento>;<procedimento>  0101040024 - AVALIACAO ANTROPOMETRICA - Quantidade: 1
</procedimento><procedimento>  0301010048 - CONSULTA DE PROFISSIONAIS DE NIVEL SUPERIOR NA ATENCAO ESPECIALIZADA (EXCETO MEDICO) - Quantidade: 1
</procedimento><procedimento>  0301100063 - CUIDADOS COM ESTOMAS - Quantidade: 1
</procedimento><procedimento>  0701050020 - BOLSA DE COLOSTOMIA COM ADESIVO MICROPORO DRENAVEL - Quantidade: 11
</procedimento><procedimento>  0701060018 - BARREIRAS PROTETORAS DE PELE SINTETICA E/OU MISTA EM FORMA DE PO / PASTA E/OU PLACA - Quantidade: 1
</procedimento>;N;;;N;Programada;16/09/2026 09:53:42;16/09/2026 00:00:00;16/09/2026 00:00:00;39min 0s;RUA IRENE RIBEIRO, S/N, QD 133 LT 22, JARDIM ATLANTICO LESTE (ITAIPUACU), MARICA-RJ, CEP: 24933455  - Tel: 21970090551;
RISELE AUXILIADORA DOS SANTOS MONTEIRO;False;;F;24/05/1987 00:00:00;39;702507338461534;Consulta Medica;VIVIANE VIEIRA FERREIRA DE ANDRADE; R10  - DOR ABDOMINAL E PELVICA;<procedimento>, CONSULTA MEDICA EM ATENCAO ESPECIALIZADA</procedimento><procedimento>, ULTRASSONOGRAFIA DE ABDOMEN SUPERIOR</procedimento>;<procedimento>  0205020038 - ULTRASSONOGRAFIA DE ABDOMEN SUPERIOR - Quantidade: 1
</procedimento><procedimento>  0301010072 - CONSULTA MEDICA EM ATENCAO ESPECIALIZADA - Quantidade: 1
</procedimento>;N;;;N;Programada;16/09/2026 09:55:40;16/09/2026 00:00:00;16/09/2026 00:00:00;1min 39s;RUA KAWEH MACHADO DINIZ, S/N, LOTYE 17 QD221, JARDIM ATLANTICO CENTRAL (ITAIPUACU), MARICA-RJ, CEP: 24934500  - Tel: 21995240587;
MARIA EDUARDA DE FREITAS SILVA;False;;F;06/09/2000 00:00:00;26;700204962123923;Consulta c/ Ginecologista e Obstetra;LORENA RODRIGUES NASCIMENTO; N87  - DISPLASIA DO COLO DO UTERO;<procedimento>, CONSULTA MEDICA EM ATENCAO ESPECIALIZADA</procedimento>;<procedimento>  0301010072 - CONSULTA MEDICA EM ATENCAO ESPECIALIZADA - Quantidade: 1
</procedimento>;N;;;N;Programada;16/09/2026 09:56:45;16/09/2026 00:00:00;16/09/2026 00:00:00;24min 23s;RUA CENTO E DEZENOVE, S/N, QD 518 LT 6 AP, JARDIM ATLANTICO LESTE (ITAIPUACU), MARICA-RJ, CEP: 24933150  - Tel: 21995888146;
JORGE ALVES DE SOUZA;False;;M;23/04/1959 00:00:00;67;703606025977333;Consulta c/ Otorrinolaringologista;LUIZ CARLOS DE ARAUJO PIMENTEL; H66  - OTITE MEDIA SUPURATIVA E AS NAO ESPECIFICADAS, H612 - CERUME IMPACTADO;<procedimento>, CONSULTA MEDICA EM ATENCAO ESPECIALIZADA</procedimento>;<procedimento>  0301010072 - CONSULTA MEDICA EM ATENCAO ESPECIALIZADA - Quantidade: 1
</procedimento>;S;AUDIOMETRIA TONAL LIMIAR (VIA AEREA / OSSEA)
IMITANCIOMETRIA
;;N;Programada;16/09/2026 09:59:45;16/09/2026 00:00:00;16/09/2026 00:00:00;1h 49min 52s;RUA LUCIO JOSE DE MARINS, 950, ZACARIAS, MARICA-RJ, CEP: 24915130  - Tel: 21967225999;
ALESANDRO DOS ANJOS SILVA;False;;M;30/07/1982 00:00:00;44;701205077138916;Consulta Medica;VIVIANE VIEIRA FERREIRA DE ANDRADE; R10  - DOR ABDOMINAL E PELVICA;<procedimento>, CONSULTA MEDICA EM ATENCAO ESPECIALIZADA</procedimento><procedimento>, ULTRASSONOGRAFIA DE APARELHO URINARIO</procedimento>;<procedimento>  0205020054 - ULTRASSONOGRAFIA DE APARELHO URINARIO - Quantidade: 1
</procedimento><procedimento>  0301010072 - CONSULTA MEDICA EM ATENCAO ESPECIALIZADA - Quantidade: 1
</procedimento>;N;;;N;Programada;16/09/2026 10:07:27;16/09/2026 00:00:00;16/09/2026 00:00:00;1min 54s;RUA VINTE E DOIS, LOTE 19, QUADRA 33 CS 02, SANTA PAULA (INOA), MARICA-RJ, CEP: 24944680  - Tel: 2126361314;
VALNEIA DA SILVA ARAUJO;False;;F;12/10/1952 00:00:00;73;700500139752358;Consulta c/ Otorrinolaringologista;LUIZ CARLOS DE ARAUJO PIMENTEL; H908 - PERDA DE AUDICAO MISTA, DE CONDUCAO E NEURO-SENSORIAL, NAO ESPECIFICADA;<procedimento>, CONSULTA MEDICA EM ATENCAO ESPECIALIZADA</procedimento>;<procedimento>  0301010072 - CONSULTA MEDICA EM ATENCAO ESPECIALIZADA - Quantidade: 1
</procedimento>;S;AUDIOMETRIA TONAL LIMIAR (VIA AEREA / OSSEA)
;;N;Espontanea;16/09/2026 10:07:03;16/09/2026 00:00:00;16/09/2026 00:00:00;9min 14s;ESTRADA MARIA OLYMPIA ALCANTARA, 6, CAJU (PONTA NEGRA), MARICA-RJ, CEP: 24918000  - Tel: 21997256558;
NAYRA FERREIRA DE TOLEDO;False;;F;25/01/1962 00:00:00;64;704100179259675;Consulta Medica;VIVIANE VIEIRA FERREIRA DE ANDRADE; R10  - DOR ABDOMINAL E PELVICA;<procedimento>, CONSULTA MEDICA EM ATENCAO ESPECIALIZADA</procedimento><procedimento>, ULTRASSONOGRAFIA DE ABDOMEN TOTAL</procedimento>;<procedimento>  0205020046 - ULTRASSONOGRAFIA DE ABDOMEN TOTAL - Quantidade: 1
</procedimento><procedimento>  0301010072 - CONSULTA MEDICA EM ATENCAO ESPECIALIZADA - Quantidade: 1
</procedimento>;N;;;N;Programada;16/09/2026 10:13:16;16/09/2026 00:00:00;16/09/2026 00:00:00;1min 6s;RUA ARAGUARI, S/N, QD 41 LT 04, SAO JOSE DO IMBASSAI, MARICA-RJ, CEP: 24931080  - Tel: 21996707637;
JORGE DAVID RIBEIRO;False;;M;21/07/1957 00:00:00;69;703406692962000;Consulta c/ Otorrinolaringologista;LUIZ CARLOS DE ARAUJO PIMENTEL; H612 - CERUME IMPACTADO;<procedimento>, CONSULTA MEDICA EM ATENCAO ESPECIALIZADA</procedimento>;<procedimento>  0301010072 - CONSULTA MEDICA EM ATENCAO ESPECIALIZADA - Quantidade: 1
</procedimento>;N;;;N;Programada;16/09/2026 10:16:30;16/09/2026 00:00:00;16/09/2026 00:00:00;3min 21s;RUA ITAUNAS, S/N, LT 02 QD 07, SAO JOSE DO IMBASSAI, MARICA-RJ, CEP: 24931160  - Tel: 21999395531;
CLAUDIO DOS SANTOS MOREIRA;False;;M;05/02/1977 00:00:00;49;704303506730899;Consulta Medica;VIVIANE VIEIRA FERREIRA DE ANDRADE; R10  - DOR ABDOMINAL E PELVICA;<procedimento>, CONSULTA MEDICA EM ATENCAO ESPECIALIZADA</procedimento><procedimento>, ULTRASSONOGRAFIA DE ABDOMEN TOTAL</procedimento>;<procedimento>  0205020046 - ULTRASSONOGRAFIA DE ABDOMEN TOTAL - Quantidade: 1
</procedimento><procedimento>  0301010072 - CONSULTA MEDICA EM ATENCAO ESPECIALIZADA - Quantidade: 1
</procedimento>;N;;;N;Programada;16/09/2026 10:19:52;16/09/2026 00:00:00;16/09/2026 00:00:00;2min 4s;RUA DOUGLAS MARQUES RIENTI, S/N, JARDIM ATLANTICO LESTE (ITAIPUACU), MARICA-RJ, CEP: 24933465  - Tel: 21994036627;
FABIO ARAUJO DOS SANTOS;False;;M;22/12/1977 00:00:00;48;706004301543647;Consulta c/ Otorrinolaringologista;LUIZ CARLOS DE ARAUJO PIMENTEL; H908 - PERDA DE AUDICAO MISTA, DE CONDUCAO E NEURO-SENSORIAL, NAO ESPECIFICADA;<procedimento>, CONSULTA MEDICA EM ATENCAO ESPECIALIZADA</procedimento>;<procedimento>  0301010072 - CONSULTA MEDICA EM ATENCAO ESPECIALIZADA - Quantidade: 1
</procedimento>;S;AUDIOMETRIA TONAL LIMIAR (VIA AEREA / OSSEA)
;;N;Programada;16/09/2026 10:20:06;16/09/2026 00:00:00;16/09/2026 00:00:00;6min 23s;RUA OITO, S/N, CAJUEIROS (ITAIPUACU), MARICA-RJ, CEP: 24932385  - Tel: 21970627191;
ROSANA LUCIA BRAGA DE SOUZA;False;;F;22/06/1970 00:00:00;56;702801141605663;Consulta c/ Ginecologista e Obstetra;LORENA RODRIGUES NASCIMENTO; Z014 - EXAME GINECOLOGICO (GERAL) (DE ROTINA);<procedimento>, CONSULTA MEDICA EM ATENCAO ESPECIALIZADA</procedimento>;<procedimento>  0301010072 - CONSULTA MEDICA EM ATENCAO ESPECIALIZADA - Quantidade: 1
</procedimento>;S;ULTRASSONOGRAFIA TRANSVAGINAL
;;N;Programada;16/09/2026 10:24:34;16/09/2026 00:00:00;16/09/2026 00:00:00;58min 58s;ESTRADA MARQUES DE VALENCA, S/N, UBATIBA, MARICA-RJ, CEP: 24908750  - Tel: 21995110306;
SIMONE CALIXTO REINER;False;;F;26/04/1968 00:00:00;58;700107990976017;Consulta c/ Ginecologista e Obstetra;LORENA RODRIGUES NASCIMENTO; L720 - CISTO EPIDERMICO;<procedimento>, CONSULTA MEDICA EM ATENCAO ESPECIALIZADA</procedimento>;<procedimento>  0301010072 - CONSULTA MEDICA EM ATENCAO ESPECIALIZADA - Quantidade: 1
</procedimento>;S;EXAME DE CITOLOGIA (EXCETO CERVICO-VAGINAL E DE MAMA)
BIOPSIA/PUNCAO DE VULVA
;;N;Programada;16/09/2026 10:24:45;16/09/2026 00:00:00;16/09/2026 00:00:00;38min 3s;RUA DAS OLIVEIRAS, S/N, QD 570 LT 34 C3, JARDIM ATLANTICO OESTE (ITAIPUACU), MARICA-RJ, CEP: 24935065  - Tel: 21989047082;
CELSO RODRIGUES DA SILVA;False;;M;16/11/1949 00:00:00;76;705006611743850;Consulta c/ Otorrinolaringologista;LUIZ CARLOS DE ARAUJO PIMENTEL; H612 - CERUME IMPACTADO;<procedimento>, CONSULTA MEDICA EM ATENCAO ESPECIALIZADA</procedimento>;<procedimento>  0301010072 - CONSULTA MEDICA EM ATENCAO ESPECIALIZADA - Quantidade: 1
</procedimento>;N;;;N;Programada;16/09/2026 10:27:45;16/09/2026 00:00:00;16/09/2026 00:00:00;3min 24s;RUA CINQUENTA E CINCO, S/N, QD216 LT40, JARDIM ATLANTICO CENTRAL (ITAIPUACU), MARICA-RJ, CEP: 24934210  - Tel: 21994813695;
GABRIELA RODRIGUES FARIA;False;;F;18/01/1983 00:00:00;43;708001833987527;Consulta Medica;VIVIANE VIEIRA FERREIRA DE ANDRADE; R10  - DOR ABDOMINAL E PELVICA;<procedimento>, CONSULTA MEDICA EM ATENCAO ESPECIALIZADA</procedimento><procedimento>, ULTRASSONOGRAFIA DE ABDOMEN TOTAL</procedimento>;<procedimento>  0205020046 - ULTRASSONOGRAFIA DE ABDOMEN TOTAL - Quantidade: 1
</procedimento><procedimento>  0301010072 - CONSULTA MEDICA EM ATENCAO ESPECIALIZADA - Quantidade: 1
</procedimento>;N;;;N;Programada;16/09/2026 10:28:44;16/09/2026 00:00:00;16/09/2026 00:00:00;3min 14s;RUA SETENTA E QUATRO, S/N, R74 QD89 LT08, GUARATIBA (PONTA NEGRA), MARICA-RJ, CEP: 24916463  - Tel: 21982382661;
JOAIL JOSE DA SILVA;False;;M;12/04/1959 00:00:00;67;702402322036630;Consulta de Enfermagem;MAURO BATISTA DE BARROS; T140 - TRAUMATISMO SUPERFICIAL DE REGIAO NAO ESPECIFICADA DO CORPO;<procedimento>, CONSULTA DE PROFISSIONAIS DE NIVEL SUPERIOR NA ATENCAO ESPECIALIZADA (EXCETO MEDICO)</procedimento><procedimento>, CURATIVO ESPECIAL</procedimento>;<procedimento>  0301010048 - CONSULTA DE PROFISSIONAIS DE NIVEL SUPERIOR NA ATENCAO ESPECIALIZADA (EXCETO MEDICO) - Quantidade: 1
</procedimento><procedimento>  0301100276 - CURATIVO ESPECIAL - Quantidade: 1
</procedimento>;N;;;N;Espontanea;16/09/2026 10:29:47;16/09/2026 00:00:00;16/09/2026 00:00:00;10min 58s;RUA DELCO DA COSTA PEREIRA, S/N, ARACATIBA, MARICA-RJ, CEP: 24901405  - Tel: 21971696817;
MARCIA ANDREA JESUS RANGEL;False;;F;28/08/1973 00:00:00;53;701409655673633;Consulta c/ Otorrinolaringologista;LUIZ CARLOS DE ARAUJO PIMENTEL; J304 - RINITE ALERGICA NAO ESPECIFICADA;<procedimento>, CONSULTA MEDICA EM ATENCAO ESPECIALIZADA</procedimento>;<procedimento>  0301010072 - CONSULTA MEDICA EM ATENCAO ESPECIALIZADA - Quantidade: 1
</procedimento>;N;;;N;Programada;16/09/2026 10:33:24;16/09/2026 00:00:00;16/09/2026 00:00:00;8min 16s;RUA ALFREDO RITTER, S/N, LT28 QD100, CORDEIRINHO (PONTA NEGRA), MARICA-RJ, CEP: 24921300  - Tel: 21973494251;
CARLOS MARCOS DE FIGUEIREDO;False;;M;22/12/1949 00:00:00;76;700201986158228;Consulta de Enfermagem;ELAINE APARECIDA DE SOUZA; K92  - DOENCAS DO APARELHO DIGESTIVO;<procedimento>, CONJUNTO DE PLACA E BOLSA PARA OSTOMA INTESTINAL</procedimento><procedimento>, CONSULTA DE PROFISSIONAIS DE NIVEL SUPERIOR NA ATENCAO ESPECIALIZADA (EXCETO MEDICO)</procedimento><procedimento>, CUIDADOS COM ESTOMAS</procedimento>;<procedimento>  0301010048 - CONSULTA DE PROFISSIONAIS DE NIVEL SUPERIOR NA ATENCAO ESPECIALIZADA (EXCETO MEDICO) - Quantidade: 1
</procedimento><procedimento>  0301100063 - CUIDADOS COM ESTOMAS - Quantidade: 1
</procedimento><procedimento>  0701050047 - CONJUNTO DE PLACA E BOLSA PARA OSTOMA INTESTINAL - Quantidade: 1
</procedimento>;N;;;N;Programada;16/09/2026 10:33:09;16/09/2026 00:00:00;16/09/2026 00:00:00;29min 0s;RUA ABRAHAO TAVARES DE MORAES, S/N, lote 11 quadra 413, JARDIM ATLANTICO LESTE (ITAIPUACU), MARICA-RJ, CEP: 24933520  - Tel: 21999943211;
IASMYN FREITAS DE PADUA;False;;F;24/02/1994 00:00:00;32;708006872173726;Consulta Medica;VIVIANE VIEIRA FERREIRA DE ANDRADE; R10  - DOR ABDOMINAL E PELVICA;<procedimento>, CONSULTA MEDICA EM ATENCAO ESPECIALIZADA</procedimento><procedimento>, ULTRASSONOGRAFIA DE ABDOMEN TOTAL</procedimento>;<procedimento>  0205020046 - ULTRASSONOGRAFIA DE ABDOMEN TOTAL - Quantidade: 1
</procedimento><procedimento>  0301010072 - CONSULTA MEDICA EM ATENCAO ESPECIALIZADA - Quantidade: 1
</procedimento>;N;;;N;Programada;16/09/2026 10:37:21;16/09/2026 00:00:00;16/09/2026 00:00:00;1min 26s;RUA PAVAO, 1032, PARQUE NANCI, MARICA-RJ, CEP: 24914135  - Tel: 21968769306;
LENITE BELARMINO DA SILVA;False;;F;12/07/1938 00:00:00;88;709205221695738;Consulta de Enfermagem;MAURO BATISTA DE BARROS; T140 - TRAUMATISMO SUPERFICIAL DE REGIAO NAO ESPECIFICADA DO CORPO;<procedimento>, CONSULTA DE PROFISSIONAIS DE NIVEL SUPERIOR NA ATENCAO ESPECIALIZADA (EXCETO MEDICO)</procedimento><procedimento>, CURATIVO ESPECIAL</procedimento>;<procedimento>  0301010048 - CONSULTA DE PROFISSIONAIS DE NIVEL SUPERIOR NA ATENCAO ESPECIALIZADA (EXCETO MEDICO) - Quantidade: 1
</procedimento><procedimento>  0301100276 - CURATIVO ESPECIAL - Quantidade: 1
</procedimento>;N;;;N;Programada;16/09/2026 10:40:23;16/09/2026 00:00:00;16/09/2026 00:00:00;37min 7s;RUA GARCAS, 877, PARQUE NANCI, MARICA-RJ, CEP: 24914150  - Tel: 21972724616;
MARIA DO CARMO DE SOUSA ARAUJO;False;;F;12/12/1953 00:00:00;72;700005943862506;Consulta Medica;VIVIANE VIEIRA FERREIRA DE ANDRADE; R10  - DOR ABDOMINAL E PELVICA;<procedimento>, CONSULTA MEDICA EM ATENCAO ESPECIALIZADA</procedimento><procedimento>, ULTRASSONOGRAFIA DE APARELHO URINARIO</procedimento>;<procedimento>  0205020054 - ULTRASSONOGRAFIA DE APARELHO URINARIO - Quantidade: 1
</procedimento><procedimento>  0301010072 - CONSULTA MEDICA EM ATENCAO ESPECIALIZADA - Quantidade: 1
</procedimento>;N;;;N;Programada;16/09/2026 10:46:04;16/09/2026 00:00:00;16/09/2026 00:00:00;51s;RUA GLAUBER ROCHA, 360, ITAPEBA, MARICA-RJ, CEP: 24912250  - Tel: 21995486976;
LUDWIG BALANIUK;False;;M;26/08/1952 00:00:00;74;898004678330803;Procedimento;VERONICA NASCIMENTO DA COSTA;;<procedimento>, ESCUTA INICIAL / ORIENTACAO (ACOLHIMENTO A DEMANDA ESPONTANEA)</procedimento>;<procedimento>  0301040079 - ESCUTA INICIAL / ORIENTACAO (ACOLHIMENTO A DEMANDA ESPONTANEA) - Quantidade: 1
</procedimento>;;;;;Espontanea;16/09/2026 10:48:32;16/09/2026 00:00:00;16/09/2026 00:00:00;53s;RUA CAPITAO MELLO, S/N, MORADA DAS AGUIAS (ITAIPUACU), MARICA-RJ, CEP: 24937440  - Tel: 21995901907;
MARIA DE FATIMA TEIXEIRA ARAUJO;False;;F;22/07/1962 00:00:00;64;705004092009653;Consulta c/ Otorrinolaringologista;LUIZ CARLOS DE ARAUJO PIMENTEL; H931 - TINNITUS;<procedimento>, CONSULTA MEDICA EM ATENCAO ESPECIALIZADA</procedimento>;<procedimento>  0301010072 - CONSULTA MEDICA EM ATENCAO ESPECIALIZADA - Quantidade: 1
</procedimento>;N;;;N;Programada;16/09/2026 10:50:03;16/09/2026 00:00:00;16/09/2026 00:00:00;6min 13s;RUA SETENTA E SEIS, S/N, LOTE10QUADRA90, GUARATIBA (PONTA NEGRA), MARICA-RJ, CEP: 24916470  - Tel: 21996136417;
LUIS ENRIQUE VIVAS TOVAR;False;;M;19/08/1957 00:00:00;69;706408653579885;Consulta Medica;VIVIANE VIEIRA FERREIRA DE ANDRADE; R10  - DOR ABDOMINAL E PELVICA;<procedimento>, CONSULTA MEDICA EM ATENCAO ESPECIALIZADA</procedimento><procedimento>, ULTRASSONOGRAFIA DE ABDOMEN TOTAL</procedimento>;<procedimento>  0205020046 - ULTRASSONOGRAFIA DE ABDOMEN TOTAL - Quantidade: 1
</procedimento><procedimento>  0301010072 - CONSULTA MEDICA EM ATENCAO ESPECIALIZADA - Quantidade: 1
</procedimento>;N;;;N;Programada;16/09/2026 10:55:04;16/09/2026 00:00:00;16/09/2026 00:00:00;50s; GEORGE , 1, LT20 QD15, JARDIM ATLANTICO, MARICA-RJ, CEP: 24935435  - Tel: 6133152425;
LEILA GUIMARAES RAMOS;False;;F;15/07/1970 00:00:00;56;700205479451025;Consulta c/ Otorrinolaringologista;LUIZ CARLOS DE ARAUJO PIMENTEL; H720 - PERFURACAO CENTRAL DA MEMBRANA DO TIMPANO;<procedimento>, CONSULTA MEDICA EM ATENCAO ESPECIALIZADA</procedimento>;<procedimento>  0301010072 - CONSULTA MEDICA EM ATENCAO ESPECIALIZADA - Quantidade: 1
</procedimento>;N;;;N;Programada;16/09/2026 10:57:53;16/09/2026 00:00:00;16/09/2026 00:00:00;11min 43s;RUA DAS MAGNOLIAS, S/N, QD 03 LT 18, SAO JOSE DO IMBASSAI, MARICA-RJ, CEP: 24930488  - Tel: 21965432664;
ELIANE SIQUEIRA DE BARROS GOMES;False;;F;16/05/1962 00:00:00;64;700307401866740;Consulta Medica;VIVIANE VIEIRA FERREIRA DE ANDRADE; R10  - DOR ABDOMINAL E PELVICA;<procedimento>, CONSULTA MEDICA EM ATENCAO ESPECIALIZADA</procedimento><procedimento>, ULTRASSONOGRAFIA DE ABDOMEN TOTAL</procedimento>;<procedimento>  0205020046 - ULTRASSONOGRAFIA DE ABDOMEN TOTAL - Quantidade: 1
</procedimento><procedimento>  0301010072 - CONSULTA MEDICA EM ATENCAO ESPECIALIZADA - Quantidade: 1
</procedimento>;N;;;N;Programada;16/09/2026 11:02:12;16/09/2026 00:00:00;16/09/2026 00:00:00;1min 54s;RUA CINQUENTA, 656, quadra 182 lote 21, JARDIM ATLANTICO CENTRAL (ITAIPUACU), MARICA-RJ, CEP: 24934290  - Tel: 21976534539;
LUIZ FERNANDO PIRES RIBEIRO;False;;M;12/05/1965 00:00:00;61;704702748819137;Consulta de Enfermagem;ELAINE APARECIDA DE SOUZA; N39  - TRANSTORNOS DO TRATO URINARIO;<procedimento>, BARREIRAS PROTETORAS DE PELE SINTETICA E/OU MISTA EM FORMA DE PO / PASTA E/OU PLACA</procedimento><procedimento>, BOLSA COLETORA P/ UROSTOMIZADOS</procedimento><procedimento>, CONSULTA DE PROFISSIONAIS DE NIVEL SUPERIOR NA ATENCAO ESPECIALIZADA (EXCETO MEDICO)</procedimento><procedimento>, CUIDADOS COM ESTOMAS</procedimento>;<procedimento>  0301010048 - CONSULTA DE PROFISSIONAIS DE NIVEL SUPERIOR NA ATENCAO ESPECIALIZADA (EXCETO MEDICO) - Quantidade: 1
</procedimento><procedimento>  0301100063 - CUIDADOS COM ESTOMAS - Quantidade: 1
</procedimento><procedimento>  0701060018 - BARREIRAS PROTETORAS DE PELE SINTETICA E/OU MISTA EM FORMA DE PO / PASTA E/OU PLACA - Quantidade: 1
</procedimento><procedimento>  0701060026 - BOLSA COLETORA P/ UROSTOMIZADOS - Quantidade: 16
</procedimento>;N;;;N;Programada;16/09/2026 11:03:53;16/09/2026 00:00:00;16/09/2026 00:00:00;41min 0s;RUA DOZE, S/N, LT 11 QD 9, CHACARAS DE INOA (INOA), MARICA-RJ, CEP: 24940155  - Tel: 21971181536;
ELISANGELA PAULA DIAS DE AMORIM DA SILVA;False;;F;16/09/1985 00:00:00;41;705008677647754;Consulta c/ Otorrinolaringologista;LUIZ CARLOS DE ARAUJO PIMENTEL; H931 - TINNITUS;<procedimento>, CONSULTA MEDICA EM ATENCAO ESPECIALIZADA</procedimento>;<procedimento>  0301010072 - CONSULTA MEDICA EM ATENCAO ESPECIALIZADA - Quantidade: 1
</procedimento>;N;;;N;Programada;16/09/2026 11:11:18;16/09/2026 00:00:00;16/09/2026 00:00:00;3min 46s;RODOVIA ERNANI DO AMARAL PEIXOTO, 584, CASA 01, SAO JOSE DO IMBASSAI, MARICA-RJ, CEP: 24931000  - Tel: 21974474677;
MARCOS MATEUS MATOS DE JESUS;False;;M;28/05/1956 00:00:00;70;701809257525576;Consulta Medica;VIVIANE VIEIRA FERREIRA DE ANDRADE; R10  - DOR ABDOMINAL E PELVICA;<procedimento>, CONSULTA MEDICA EM ATENCAO ESPECIALIZADA</procedimento><procedimento>, ULTRASSONOGRAFIA DE APARELHO URINARIO</procedimento>;<procedimento>  0205020054 - ULTRASSONOGRAFIA DE APARELHO URINARIO - Quantidade: 1
</procedimento><procedimento>  0301010072 - CONSULTA MEDICA EM ATENCAO ESPECIALIZADA - Quantidade: 1
</procedimento>;N;;;N;Programada;16/09/2026 11:13:05;16/09/2026 00:00:00;16/09/2026 00:00:00;52s;RUA JOSE LUIS DA COSTA, S/N, LT 45, QD M  CA, FLAMENGO, MARICA-RJ, CEP: 24903645  - Tel: 21964620123;
ALICE DE OLIVEIRA SILVA;False;;F;10/01/1951 00:00:00;75;700200419685521;Consulta de Enfermagem;MAURO BATISTA DE BARROS; T140 - TRAUMATISMO SUPERFICIAL DE REGIAO NAO ESPECIFICADA DO CORPO;<procedimento>, CONSULTA DE PROFISSIONAIS DE NIVEL SUPERIOR NA ATENCAO ESPECIALIZADA (EXCETO MEDICO)</procedimento><procedimento>, CURATIVO ESPECIAL</procedimento>;<procedimento>  0301010048 - CONSULTA DE PROFISSIONAIS DE NIVEL SUPERIOR NA ATENCAO ESPECIALIZADA (EXCETO MEDICO) - Quantidade: 1
</procedimento><procedimento>  0301100276 - CURATIVO ESPECIAL - Quantidade: 1
</procedimento>;N;;;N;Programada;16/09/2026 11:17:24;16/09/2026 00:00:00;16/09/2026 00:00:00;11min 20s;RUA DA PAZ, S/N, QD 568 LT 33, JARDIM ATLANTICO CENTRAL (ITAIPUACU), MARICA-RJ, CEP: 24934350  - Tel: 21982648731;
SUELI FRANCISCA DE CAMPOS SANTOS;False;;F;29/07/1962 00:00:00;64;708103508697036;Consulta c/ Otorrinolaringologista;LUIZ CARLOS DE ARAUJO PIMENTEL; H931 - TINNITUS;<procedimento>, CONSULTA MEDICA EM ATENCAO ESPECIALIZADA</procedimento>;<procedimento>  0301010072 - CONSULTA MEDICA EM ATENCAO ESPECIALIZADA - Quantidade: 1
</procedimento>;N;;;N;Programada;16/09/2026 11:18:54;16/09/2026 00:00:00;16/09/2026 00:00:00;5min 58s;RUA JUPIRA SILVA QUADRA, S/N, QD235 LT18, JARDIM ATLANTICO CENTRAL (ITAIPUACU), MARICA-RJ, CEP: 24934195  - Tel: 21993022088;
MARCIA REGINA NUNES DE MENEZES;False;;F;04/10/1960 00:00:00;65;701006895454392;Consulta Medica;VIVIANE VIEIRA FERREIRA DE ANDRADE; R10  - DOR ABDOMINAL E PELVICA;<procedimento>, CONSULTA MEDICA EM ATENCAO ESPECIALIZADA</procedimento><procedimento>, ULTRASSONOGRAFIA DE APARELHO URINARIO</procedimento>;<procedimento>  0205020054 - ULTRASSONOGRAFIA DE APARELHO URINARIO - Quantidade: 1
</procedimento><procedimento>  0301010072 - CONSULTA MEDICA EM ATENCAO ESPECIALIZADA - Quantidade: 1
</procedimento>;N;;;N;Programada;16/09/2026 11:21:34;16/09/2026 00:00:00;16/09/2026 00:00:00;3min 54s;RUA VINTE E SEIS, 06, LOTE02QUADRA36, GUARATIBA (PONTA NEGRA), MARICA-RJ, CEP: 24916100  - Tel: 21975276622;
BIANCA DOS SANTOS DUARTE;False;;F;10/05/1981 00:00:00;45;703600044125139;Consulta Medica;VIVIANE VIEIRA FERREIRA DE ANDRADE; R10  - DOR ABDOMINAL E PELVICA;<procedimento>, CONSULTA MEDICA EM ATENCAO ESPECIALIZADA</procedimento><procedimento>, ULTRASSONOGRAFIA DE APARELHO URINARIO</procedimento>;<procedimento>  0205020054 - ULTRASSONOGRAFIA DE APARELHO URINARIO - Quantidade: 1
</procedimento><procedimento>  0301010072 - CONSULTA MEDICA EM ATENCAO ESPECIALIZADA - Quantidade: 1
</procedimento>;N;;;N;Programada;16/09/2026 11:27:46;16/09/2026 00:00:00;16/09/2026 00:00:00;1min 36s;RUA NOVE, S/N, QD35 LT07, MORADA DAS AGUIAS (ITAIPUACU), MARICA-RJ, CEP: 24937450  - Tel: 21998812551;
MARIA DO SOCORRO SOUZA FERREIRA;False;;F;05/04/1965 00:00:00;61;702803166490462;Consulta c/ Otorrinolaringologista;LUIZ CARLOS DE ARAUJO PIMENTEL; G473 - APNEIA DE SONO;<procedimento>, CONSULTA MEDICA EM ATENCAO ESPECIALIZADA</procedimento>;<procedimento>  0301010072 - CONSULTA MEDICA EM ATENCAO ESPECIALIZADA - Quantidade: 1
</procedimento>;N;;;N;Programada;16/09/2026 11:27:19;16/09/2026 00:00:00;16/09/2026 00:00:00;10min 18s;RUA VINTE E OITO, 470, QD 27 LT 968, CAJUEIROS (ITAIPUACU), MARICA-RJ, CEP: 24932270  - Tel: 21971516861;
JOSE CARLOS SOUZA FRANCA;False;;M;02/01/1968 00:00:00;58;708408271268267;Procedimento;MARCIA SEIXAS PEREIRA;;<procedimento>, CURATIVO ESPECIAL</procedimento>;<procedimento>  0301100276 - CURATIVO ESPECIAL - Quantidade: 1
</procedimento>;;;;;Espontanea;16/09/2026 11:35:28;16/09/2026 00:00:00;16/09/2026 00:00:00;48s;RUA L, 241, COND A, SANTA PAULA (INOA), MARICA-RJ, CEP: 24944604  - Tel: 21968615966;
ELIZETE LACERDA DA SILVA;False;;F;28/05/1951 00:00:00;75;708308236087260;Procedimento;MARCIA SEIXAS PEREIRA;;<procedimento>, CURATIVO ESPECIAL</procedimento>;<procedimento>  0301100276 - CURATIVO ESPECIAL - Quantidade: 1
</procedimento>;;;;;Espontanea;16/09/2026 11:36:22;16/09/2026 00:00:00;16/09/2026 00:00:00;44s;RUA UM, S/N, QUADRA09LOTE01, CORDEIRINHO (PONTA NEGRA), MARICA-RJ, CEP: 24921644  - Tel: 27995028029;
MARIA LUCIA ROSA COSTA;False;;F;03/07/1956 00:00:00;70;707003814050233;Procedimento;MARCIA SEIXAS PEREIRA;;<procedimento>, CURATIVO ESPECIAL</procedimento>;<procedimento>  0301100276 - CURATIVO ESPECIAL - Quantidade: 1
</procedimento>;;;;;Espontanea;16/09/2026 11:37:10;16/09/2026 00:00:00;16/09/2026 00:00:00;32s;RUA QUARENTA E TRES, S/N, QUADRA 49, JACAROA, MARICA-RJ, CEP: 24902660  - Tel: 21986394381;
JOAIL JOSE DA SILVA;False;;M;12/04/1959 00:00:00;67;702402322036630;Procedimento;MARCIA SEIXAS PEREIRA;;<procedimento>, CURATIVO ESPECIAL</procedimento>;<procedimento>  0301100276 - CURATIVO ESPECIAL - Quantidade: 1
</procedimento>;;;;;Espontanea;16/09/2026 11:38:46;16/09/2026 00:00:00;16/09/2026 00:00:00;1min 5s;RUA DELCO DA COSTA PEREIRA, S/N, ARACATIBA, MARICA-RJ, CEP: 24901405  - Tel: 21971696817;
PEDRO MARQUES MONTEIRO;False;;M;28/06/1944 00:00:00;82;701405692986735;Procedimento;MARCIA SEIXAS PEREIRA;;<procedimento>, CURATIVO ESPECIAL</procedimento>;<procedimento>  0301100276 - CURATIVO ESPECIAL - Quantidade: 1
</procedimento>;;;;;Espontanea;16/09/2026 11:38:02;16/09/2026 00:00:00;16/09/2026 00:00:00;23s; S/N, LT 01 QD 47, CEP: 24902715  - Tel: 21998243501;
JOSE IVAN DE MOURA;False;;M;08/02/1953 00:00:00;73;704109039830750;Consulta Medica;VIVIANE VIEIRA FERREIRA DE ANDRADE; R10  - DOR ABDOMINAL E PELVICA;<procedimento>, CONSULTA MEDICA EM ATENCAO ESPECIALIZADA</procedimento><procedimento>, ULTRASSONOGRAFIA DE APARELHO URINARIO</procedimento>;<procedimento>  0205020054 - ULTRASSONOGRAFIA DE APARELHO URINARIO - Quantidade: 1
</procedimento><procedimento>  0301010072 - CONSULTA MEDICA EM ATENCAO ESPECIALIZADA - Quantidade: 1
</procedimento>;N;;;N;Programada;16/09/2026 11:39:40;16/09/2026 00:00:00;16/09/2026 00:00:00;1min 35s;RUA MANOEL CORDEIRO, S/N, INOA (INOA), MARICA-RJ, CEP: 24942495  - Tel: 21995317370;
LENITE BELARMINO DA SILVA;False;;F;12/07/1938 00:00:00;88;709205221695738;Procedimento;MARCIA SEIXAS PEREIRA;;<procedimento>, CURATIVO ESPECIAL</procedimento>;<procedimento>  0301100276 - CURATIVO ESPECIAL - Quantidade: 1
</procedimento>;;;;;Espontanea;16/09/2026 11:39:28;16/09/2026 00:00:00;16/09/2026 00:00:00;48s;RUA GARCAS, 877, PARQUE NANCI, MARICA-RJ, CEP: 24914150  - Tel: 21972724616;
ALICE DE OLIVEIRA SILVA;False;;F;10/01/1951 00:00:00;75;700200419685521;Procedimento;MARCIA SEIXAS PEREIRA;;<procedimento>, CURATIVO ESPECIAL</procedimento>;<procedimento>  0301100276 - CURATIVO ESPECIAL - Quantidade: 1
</procedimento>;;;;;Espontanea;16/09/2026 11:40:32;16/09/2026 00:00:00;16/09/2026 00:00:00;56s;RUA DA PAZ, S/N, QD 568 LT 33, JARDIM ATLANTICO CENTRAL (ITAIPUACU), MARICA-RJ, CEP: 24934350  - Tel: 21982648731;
GEORGETE RODRIGUES FERREIRA FIGUEIRO;False;;F;21/06/1955 00:00:00;71;707604237409992;Consulta Medica;VIVIANE VIEIRA FERREIRA DE ANDRADE; R10  - DOR ABDOMINAL E PELVICA;<procedimento>, CONSULTA MEDICA EM ATENCAO ESPECIALIZADA</procedimento><procedimento>, ULTRASSONOGRAFIA DE APARELHO URINARIO</procedimento>;<procedimento>  0205020054 - ULTRASSONOGRAFIA DE APARELHO URINARIO - Quantidade: 1
</procedimento><procedimento>  0301010072 - CONSULTA MEDICA EM ATENCAO ESPECIALIZADA - Quantidade: 1
</procedimento>;N;;;N;Programada;16/09/2026 11:45:56;16/09/2026 00:00:00;16/09/2026 00:00:00;1min 44s;RUA QUATRO, S/N, LOTE 35 QD 02, CAJUEIROS (ITAIPUACU), MARICA-RJ, CEP: 24932405  - Tel: 21964959887;
ALLANA SILVA DOS SANTOS;False;;F;03/09/2021 00:00:00;5;700406485713248;Consulta c/ Fonoaudiologo;ANDREI PEREIRA DOS SANTOS; H93  - TRANSTORNOS DO OUVIDO NAO CLASSIFICADOS EM OUTRA PARTE;<procedimento>, CONSULTA DE PROFISSIONAIS DE NIVEL SUPERIOR NA ATENCAO ESPECIALIZADA (EXCETO MEDICO)</procedimento><procedimento>, POTENCIAL EVOCADO AUDITIVO DE CURTA MEDIA E LONGA LATENCIA</procedimento>;<procedimento>  0211070262 - POTENCIAL EVOCADO AUDITIVO DE CURTA MEDIA E LONGA LATENCIA - Quantidade: 1
</procedimento><procedimento>  0301010048 - CONSULTA DE PROFISSIONAIS DE NIVEL SUPERIOR NA ATENCAO ESPECIALIZADA (EXCETO MEDICO) - Quantidade: 1
</procedimento>;N;;;N;Programada;16/09/2026 11:48:46;16/09/2026 00:00:00;16/09/2026 00:00:00;2min 16s;RUA AUSTRIA, S/N, SETOR E BLOCO 8 AP, CHACARAS DE INOA (INOA), MARICA-RJ, CEP: 24940650  - Tel: 21967761288;
BENICIO SOUZA BARJA;False;;M;17/07/2019 00:00:00;7;700707914377374;Consulta c/ Fonoaudiologo;ANDREI PEREIRA DOS SANTOS; H93  - TRANSTORNOS DO OUVIDO NAO CLASSIFICADOS EM OUTRA PARTE;<procedimento>, CONSULTA DE PROFISSIONAIS DE NIVEL SUPERIOR NA ATENCAO ESPECIALIZADA (EXCETO MEDICO)</procedimento><procedimento>, POTENCIAL EVOCADO AUDITIVO</procedimento>;<procedimento>  0211050113 - POTENCIAL EVOCADO AUDITIVO - Quantidade: 1
</procedimento><procedimento>  0301010048 - CONSULTA DE PROFISSIONAIS DE NIVEL SUPERIOR NA ATENCAO ESPECIALIZADA (EXCETO MEDICO) - Quantidade: 1
</procedimento>;N;;;N;Programada;16/09/2026 11:50:26;16/09/2026 00:00:00;16/09/2026 00:00:00;1min 32s;RUA CARLOS RIBAS PERDIGAO, S/N, R48 QD153LT29, JARDIM ATLANTICO CENTRAL (ITAIPUACU), MARICA-RJ, CEP: 24934315  - Tel: 21964873922;
MARCELO LUCCA VASCONCELLOS HESPANHOL;False;;M;23/05/2022 00:00:00;4;700709934158475;Consulta c/ Fonoaudiologo;ANDREI PEREIRA DOS SANTOS; H93  - TRANSTORNOS DO OUVIDO NAO CLASSIFICADOS EM OUTRA PARTE;<procedimento>, CONSULTA DE PROFISSIONAIS DE NIVEL SUPERIOR NA ATENCAO ESPECIALIZADA (EXCETO MEDICO)</procedimento><procedimento>, POTENCIAL EVOCADO AUDITIVO</procedimento>;<procedimento>  0211050113 - POTENCIAL EVOCADO AUDITIVO - Quantidade: 1
</procedimento><procedimento>  0301010048 - CONSULTA DE PROFISSIONAIS DE NIVEL SUPERIOR NA ATENCAO ESPECIALIZADA (EXCETO MEDICO) - Quantidade: 1
</procedimento>;N;;;N;Programada;16/09/2026 11:51:55;16/09/2026 00:00:00;16/09/2026 00:00:00;2min 28s;RUA DAS ORQUIDEAS, 85, CON GREEN PARK1, CAXITO, MARICA-RJ, CEP: 24913275  - Tel: 21967173580;
OSVALDO ALVES FILHO;False;;M;30/10/1951 00:00:00;74;700003390630702;Consulta de Enfermagem;ELAINE APARECIDA DE SOUZA; K92  - DOENCAS DO APARELHO DIGESTIVO;<procedimento>, BARREIRAS PROTETORAS DE PELE SINTETICA E/OU MISTA EM FORMA DE PO / PASTA E/OU PLACA</procedimento><procedimento>, BOLSA DE COLOSTOMIA COM ADESIVO MICROPORO DRENAVEL</procedimento><procedimento>, CONSULTA DE PROFISSIONAIS DE NIVEL SUPERIOR NA ATENCAO ESPECIALIZADA (EXCETO MEDICO)</procedimento><procedimento>, CUIDADOS COM ESTOMAS</procedimento>;<procedimento>  0301010048 - CONSULTA DE PROFISSIONAIS DE NIVEL SUPERIOR NA ATENCAO ESPECIALIZADA (EXCETO MEDICO) - Quantidade: 1
</procedimento><procedimento>  0301100063 - CUIDADOS COM ESTOMAS - Quantidade: 1
</procedimento><procedimento>  0701050020 - BOLSA DE COLOSTOMIA COM ADESIVO MICROPORO DRENAVEL - Quantidade: 16
</procedimento><procedimento>  0701060018 - BARREIRAS PROTETORAS DE PELE SINTETICA E/OU MISTA EM FORMA DE PO / PASTA E/OU PLACA - Quantidade: 1
</procedimento>;N;;;N;Programada;16/09/2026 11:51:04;16/09/2026 00:00:00;16/09/2026 00:00:00;45min 0s;RUA MARIETA FERNANDES DE SOUZA, 27, QD 0, BARRA DE MARICA, MARICA-RJ, CEP: 24915425  - Tel: 21981600771;
ROBERTO JOSE DE SOUZA;False;;M;06/04/1959 00:00:00;67;707406032977674;Consulta Medica;VIVIANE VIEIRA FERREIRA DE ANDRADE; R10  - DOR ABDOMINAL E PELVICA;<procedimento>, CONSULTA MEDICA EM ATENCAO ESPECIALIZADA</procedimento><procedimento>, ULTRASSONOGRAFIA DE APARELHO URINARIO</procedimento>;<procedimento>  0205020054 - ULTRASSONOGRAFIA DE APARELHO URINARIO - Quantidade: 1
</procedimento><procedimento>  0301010072 - CONSULTA MEDICA EM ATENCAO ESPECIALIZADA - Quantidade: 1
</procedimento>;N;;;N;Programada;16/09/2026 11:52:04;16/09/2026 00:00:00;16/09/2026 00:00:00;1min 34s;ESTRADA MARIA OLYMPIA ALCANTARA, 08, CAJU (PONTA NEGRA), MARICA-RJ, CEP: 24918000  - Tel: 2137310082;
MARIA CONCEICAO DA SILVA;False;;F;26/09/1961 00:00:00;64;704609173768423;Consulta c/ Otorrinolaringologista;LUIZ CARLOS DE ARAUJO PIMENTEL; H931 - TINNITUS;<procedimento>, CONSULTA MEDICA EM ATENCAO ESPECIALIZADA</procedimento>;<procedimento>  0301010072 - CONSULTA MEDICA EM ATENCAO ESPECIALIZADA - Quantidade: 1
</procedimento>;N;;;N;Programada;16/09/2026 11:53:06;16/09/2026 00:00:00;16/09/2026 00:00:00;6min 41s;RUA JOSE SANTOS DE SIQUEIRA CASTRO, 21, BOSQUE D LORDES, MARQUES DE MARICA, MARICA-RJ, CEP: 24904525  - Tel: 21973427143;
RAVI FERNANDES GONCALVES;False;;M;16/10/2021 00:00:00;4;701009808006496;Consulta c/ Fonoaudiologo;ANDREI PEREIRA DOS SANTOS; H93  - TRANSTORNOS DO OUVIDO NAO CLASSIFICADOS EM OUTRA PARTE;<procedimento>, CONSULTA DE PROFISSIONAIS DE NIVEL SUPERIOR NA ATENCAO ESPECIALIZADA (EXCETO MEDICO)</procedimento><procedimento>, POTENCIAL EVOCADO AUDITIVO</procedimento>;<procedimento>  0211050113 - POTENCIAL EVOCADO AUDITIVO - Quantidade: 1
</procedimento><procedimento>  0301010048 - CONSULTA DE PROFISSIONAIS DE NIVEL SUPERIOR NA ATENCAO ESPECIALIZADA (EXCETO MEDICO) - Quantidade: 1
</procedimento>;N;;;N;Programada;16/09/2026 11:53:36;16/09/2026 00:00:00;16/09/2026 00:00:00;2min 7s;RUA CENTO E QUARENTA E TRES, S/N, PONTA NEGRA (PONTA NEGRA), MARICA-RJ, CEP: 24922035  - Tel: 21998545387;
MARIA JULIA REIS DOS SANTOS;False;;F;08/08/2022 00:00:00;4;700001245805201;Consulta c/ Fonoaudiologo;ANDREI PEREIRA DOS SANTOS; H93  - TRANSTORNOS DO OUVIDO NAO CLASSIFICADOS EM OUTRA PARTE;<procedimento>, CONSULTA DE PROFISSIONAIS DE NIVEL SUPERIOR NA ATENCAO ESPECIALIZADA (EXCETO MEDICO)</procedimento><procedimento>, POTENCIAL EVOCADO AUDITIVO</procedimento>;<procedimento>  0211050113 - POTENCIAL EVOCADO AUDITIVO - Quantidade: 1
</procedimento><procedimento>  0301010048 - CONSULTA DE PROFISSIONAIS DE NIVEL SUPERIOR NA ATENCAO ESPECIALIZADA (EXCETO MEDICO) - Quantidade: 1
</procedimento>;N;;;N;Programada;16/09/2026 11:55:18;16/09/2026 00:00:00;16/09/2026 00:00:00;2min 0s;RUA CINCO, S/N, ITAPEBA, MARICA-RJ, CEP: 24913610  - Tel: 21995926046;
CLAYTON MADSON RIBEIRO SANTOS;False;;M;15/01/1976 00:00:00;50;702802666071867;Consulta c/ Fonoaudiologo;ANDREI PEREIRA DOS SANTOS; H93  - TRANSTORNOS DO OUVIDO NAO CLASSIFICADOS EM OUTRA PARTE;<procedimento>, AUDIOMETRIA TONAL LIMIAR (VIA AEREA / OSSEA)</procedimento><procedimento>, CONSULTA DE PROFISSIONAIS DE NIVEL SUPERIOR NA ATENCAO ESPECIALIZADA (EXCETO MEDICO)</procedimento><procedimento>, IMITANCIOMETRIA</procedimento><procedimento>, LOGOAUDIOMETRIA (LDV-IRF-LRF)</procedimento><procedimento>, POTENCIAL EVOCADO AUDITIVO</procedimento>;<procedimento>  0211050113 - POTENCIAL EVOCADO AUDITIVO - Quantidade: 1
</procedimento><procedimento>  0211070041 - AUDIOMETRIA TONAL LIMIAR (VIA AEREA / OSSEA) - Quantidade: 1
</procedimento><procedimento>  0211070203 - IMITANCIOMETRIA - Quantidade: 1
</procedimento><procedimento>  0211070211 - LOGOAUDIOMETRIA (LDV-IRF-LRF) - Quantidade: 1
</procedimento><procedimento>  0301010048 - CONSULTA DE PROFISSIONAIS DE NIVEL SUPERIOR NA ATENCAO ESPECIALIZADA (EXCETO MEDICO) - Quantidade: 1
</procedimento>;N;;;N;Programada;16/09/2026 11:57:16;16/09/2026 00:00:00;16/09/2026 00:00:00;3min 42s;RUA RAUL ALFREDO DE ANDRADE, S/N, LT 13 QD G, CAXITO, MARICA-RJ, CEP: 24910530  - Tel: 21984845700;
EVA BRUNA MARTINS DA SILVA;False;;F;19/02/2020 00:00:00;6;708704121777593;Consulta Medica;VIVIANE VIEIRA FERREIRA DE ANDRADE; R10  - DOR ABDOMINAL E PELVICA;<procedimento>, CONSULTA MEDICA EM ATENCAO ESPECIALIZADA</procedimento><procedimento>, ULTRASSONOGRAFIA DE APARELHO URINARIO</procedimento>;<procedimento>  0205020054 - ULTRASSONOGRAFIA DE APARELHO URINARIO - Quantidade: 1
</procedimento><procedimento>  0301010072 - CONSULTA MEDICA EM ATENCAO ESPECIALIZADA - Quantidade: 1
</procedimento>;N;;;N;Programada;16/09/2026 12:00:19;16/09/2026 00:00:00;16/09/2026 00:00:00;1min 21s;RUA QUATRO, S/N, LT 42 CS 01, CAJUEIROS (ITAIPUACU), MARICA-RJ, CEP: 24932405  - Tel: 21972280304;
EVA BRUNA MARTINS DA SILVA;False;;F;19/02/2020 00:00:00;6;708704121777593;Procedimento;DEUSIMAR ALVES DE ARAUJO NOBRE;;<procedimento>, ESCUTA INICIAL / ORIENTACAO (ACOLHIMENTO A DEMANDA ESPONTANEA)</procedimento>;<procedimento>  0301040079 - ESCUTA INICIAL / ORIENTACAO (ACOLHIMENTO A DEMANDA ESPONTANEA) - Quantidade: 1
</procedimento>;;;;;Espontanea;16/09/2026 12:58:12;16/09/2026 00:00:00;16/09/2026 00:00:00;37s;RUA QUATRO, S/N, LT 42 CS 01, CAJUEIROS (ITAIPUACU), MARICA-RJ, CEP: 24932405  - Tel: 21972280304;
ROBERTO JOSE DE SOUZA;False;;M;06/04/1959 00:00:00;67;707406032977674;Procedimento;DEUSIMAR ALVES DE ARAUJO NOBRE;;<procedimento>, ESCUTA INICIAL / ORIENTACAO (ACOLHIMENTO A DEMANDA ESPONTANEA)</procedimento>;<procedimento>  0301040079 - ESCUTA INICIAL / ORIENTACAO (ACOLHIMENTO A DEMANDA ESPONTANEA) - Quantidade: 1
</procedimento>;;;;;Espontanea;16/09/2026 12:59:30;16/09/2026 00:00:00;16/09/2026 00:00:00;50s;ESTRADA MARIA OLYMPIA ALCANTARA, 08, CAJU (PONTA NEGRA), MARICA-RJ, CEP: 24918000  - Tel: 2137310082;
ALESSANDRA LUCENA BRITO;False;;F;29/03/1973 00:00:00;53;702801692509962;Procedimento;RENATO ROQUE DE ANDRADE;;<procedimento>, MAMOGRAFIA BILATERAL PARA RASTREAMENTO</procedimento>;<procedimento>  0204030188 - MAMOGRAFIA BILATERAL PARA RASTREAMENTO - Quantidade: 1
</procedimento>;;;;;Espontanea;16/09/2026 16:11:28;16/09/2026 00:00:00;16/09/2026 00:00:00;0s;RUA LEONEL BRIZOLA, S/N, QD71 LT04, BARROCO (ITAIPUACU), MARICA-RJ, CEP: 24936540  - Tel: 21965094364;
ALINE DA SILVA LEMOS;False;;F;19/02/1971 00:00:00;55;898004824984884;Procedimento;RENATO ROQUE DE ANDRADE;;<procedimento>, MAMOGRAFIA BILATERAL PARA RASTREAMENTO</procedimento>;<procedimento>  0204030188 - MAMOGRAFIA BILATERAL PARA RASTREAMENTO - Quantidade: 1
</procedimento>;;;;;Espontanea;16/09/2026 16:13:37;16/09/2026 00:00:00;16/09/2026 00:00:00;0s;RUA OITENTA E DOIS, S/N, JARDIM ATLANTICO LESTE (ITAIPUACU), MARICA-RJ, CEP: 24933480  - Tel: 21997447346;
ALINE DOS SANTOS;False;;F;15/03/1973 00:00:00;53;701006855823192;Procedimento;RENATO ROQUE DE ANDRADE;;<procedimento>, MAMOGRAFIA BILATERAL PARA RASTREAMENTO</procedimento>;<procedimento>  0204030188 - MAMOGRAFIA BILATERAL PARA RASTREAMENTO - Quantidade: 1
</procedimento>;;;;;Espontanea;16/09/2026 16:20:30;16/09/2026 00:00:00;16/09/2026 00:00:00;0s;RUA BRAULIO ANTONIO DE OLIVEIRA, S/N, LT 18 QD 127, BALNEARIO BAMBUI (PONTA NEGRA), MARICA-RJ, CEP: 24920820  - Tel: 21996011584;
ANTONIO CARLOS RIBEIRO DA SILVA;False;;M;08/07/1953 00:00:00;73;702903510245477;Procedimento;FABIANO MARINS FERREIRA;;<procedimento>, ELETROCARDIOGRAMA</procedimento>;<procedimento>  0211020036 - ELETROCARDIOGRAMA - Quantidade: 1
</procedimento>;;;;;Espontanea;16/09/2026 15:44:06;16/09/2026 00:00:00;16/09/2026 00:00:00;0s;RUA VAN LERBERGUE, S/N, QD 352 LT 01, JARDIM ATLANTICO LESTE (ITAIPUACU), MARICA-RJ, CEP: 24933580  - Tel: 21985249352;
CARLA DA SILVA LOPES;False;;F;10/02/1977 00:00:00;49;704602638578020;Procedimento;RENATO ROQUE DE ANDRADE;;<procedimento>, MAMOGRAFIA BILATERAL PARA RASTREAMENTO</procedimento>;<procedimento>  0204030188 - MAMOGRAFIA BILATERAL PARA RASTREAMENTO - Quantidade: 1
</procedimento>;;;;;Espontanea;16/09/2026 16:19:25;16/09/2026 00:00:00;16/09/2026 00:00:00;0s;RUA CARLOS RODRIGUES DE FARIAS, S/N, LT 6 QD 11, SPAR (INOA), MARICA-RJ, CEP: 24944328  - Tel: 21973563664;
CICERA ROQUE DA SILVA BARRETO;False;;F;20/09/1942 00:00:00;83;704604156100725;Procedimento;FABIANO MARINS FERREIRA;;<procedimento>, ELETROCARDIOGRAMA</procedimento>;<procedimento>  0211020036 - ELETROCARDIOGRAMA - Quantidade: 1
</procedimento>;;;;;Espontanea;16/09/2026 15:47:32;16/09/2026 00:00:00;16/09/2026 00:00:00;0s;ESTRADA DE JACAROA 1/99998, S/N, JACAROA, MARICA-RJ, CEP: 24902490  - Tel: 21995980211;
CLAUDIA SOARES VAILLE FERREIRA;False;;F;14/08/1980 00:00:00;46;700804908435380;Procedimento;RENATO ROQUE DE ANDRADE;;<procedimento>, MAMOGRAFIA</procedimento>;<procedimento>  0204030030 - MAMOGRAFIA - Quantidade: 1
</procedimento>;;;;;Espontanea;16/09/2026 16:15:46;16/09/2026 00:00:00;16/09/2026 00:00:00;0s;RUA JOAO PRESSEL QUADRA 13/16, S/N, QD 13 LT 31, JARDIM ATLANTICO, MARICA-RJ, CEP: 24935485  - Tel: 21997391580;
CREMILDA FRANCISCA ROCHA;False;;F;06/01/1956 00:00:00;70;706708520829217;Procedimento;SERGIO RICARDO DUARTE MOUTINHO;;<procedimento>, MONITORAMENTO PELO SISTEMA HOLTER 24 HS (3 CANAIS)</procedimento>;<procedimento>  0211020044 - MONITORAMENTO PELO SISTEMA HOLTER 24 HS (3 CANAIS) - Quantidade: 1
</procedimento>;;;;;Espontanea;16/09/2026 16:03:14;16/09/2026 00:00:00;16/09/2026 00:00:00;0s;RUA DAS MIMOSAS, S/N, QD04  LT02 C01, BARROCO, MARICA-RJ, CEP: 24936090  - Tel: 21996149218;
ELAINE ROCHA DA SILVA;False;;F;07/12/1958 00:00:00;67;700708990105674;Procedimento;SERGIO RICARDO DUARTE MOUTINHO;;<procedimento>, MONITORAMENTO PELO SISTEMA HOLTER 24 HS (3 CANAIS)</procedimento>;<procedimento>  0211020044 - MONITORAMENTO PELO SISTEMA HOLTER 24 HS (3 CANAIS) - Quantidade: 1
</procedimento>;;;;;Espontanea;16/09/2026 16:03:58;16/09/2026 00:00:00;16/09/2026 00:00:00;0s;RUA CORONEL BITTENCOURT, S/N, CENTRO, MARICA-RJ, CEP: 24900745  - Tel: 2120340749;
GEORGETE RODRIGUES FERREIRA FIGUEIRO;False;;F;21/06/1955 00:00:00;71;707604237409992;Procedimento;DEUSIMAR ALVES DE ARAUJO NOBRE;;<procedimento>, ESCUTA INICIAL / ORIENTACAO (ACOLHIMENTO A DEMANDA ESPONTANEA)</procedimento>;<procedimento>  0301040079 - ESCUTA INICIAL / ORIENTACAO (ACOLHIMENTO A DEMANDA ESPONTANEA) - Quantidade: 1
</procedimento>;;;;;Espontanea;16/09/2026 13:00:52;16/09/2026 00:00:00;16/09/2026 00:00:00;1min 12s;RUA QUATRO, S/N, LOTE 35 QD 02, CAJUEIROS (ITAIPUACU), MARICA-RJ, CEP: 24932405  - Tel: 21964959887;
GERALDO SILVA;False;;M;04/12/1938 00:00:00;87;705009022987553;Procedimento;SERGIO RICARDO DUARTE MOUTINHO;;<procedimento>, MONITORIZACAO AMBULATORIAL DE PRESSAO ARTERIAL (M A P A)</procedimento>;<procedimento>  0211020052 - MONITORIZACAO AMBULATORIAL DE PRESSAO ARTERIAL (M A P A) - Quantidade: 1
</procedimento>;;;;;Espontanea;16/09/2026 16:11:09;16/09/2026 00:00:00;16/09/2026 00:00:00;0s;ALAMEDA GRAVATA, 18, QD A, SAO JOSE DO IMBASSAI, MARICA-RJ, CEP: 24931745  - Tel: 21979561430;
JUCIARA GONCALVES DOS SANTOS;False;;F;04/04/1974 00:00:00;52;706301795386275;Procedimento;RENATO ROQUE DE ANDRADE;;<procedimento>, MAMOGRAFIA BILATERAL PARA RASTREAMENTO</procedimento>;<procedimento>  0204030188 - MAMOGRAFIA BILATERAL PARA RASTREAMENTO - Quantidade: 1
</procedimento>;;;;;Espontanea;16/09/2026 16:21:38;16/09/2026 00:00:00;16/09/2026 00:00:00;0s;RUA OITENTA E OITO, S/N, LT 08 QD 129, BALNEARIO BAMBUI (PONTA NEGRA), MARICA-RJ, CEP: 24920840  - Tel: 21999026048;
LADJANE ROSA DE SANTANA;False;;F;09/12/1976 00:00:00;49;708605013582886;Procedimento;RENATO ROQUE DE ANDRADE;;<procedimento>, MAMOGRAFIA BILATERAL PARA RASTREAMENTO</procedimento>;<procedimento>  0204030188 - MAMOGRAFIA BILATERAL PARA RASTREAMENTO - Quantidade: 1
</procedimento>;;;;;Espontanea;16/09/2026 16:10:24;16/09/2026 00:00:00;16/09/2026 00:00:00;0s;RUA MARIA DE LOURDES DE SOUZA, S/N, QD23LT38CS1, MORADA DAS AGUIAS (ITAIPUACU), MARICA-RJ, CEP: 24937415  - Tel: 21973392828;
LUCIA HELENA GOULART WERNECK;False;;F;27/02/1971 00:00:00;55;708002359518828;Procedimento;SERGIO RICARDO DUARTE MOUTINHO;;<procedimento>, MONITORAMENTO PELO SISTEMA HOLTER 24 HS (3 CANAIS)</procedimento>;<procedimento>  0211020044 - MONITORAMENTO PELO SISTEMA HOLTER 24 HS (3 CANAIS) - Quantidade: 1
</procedimento>;;;;;Espontanea;16/09/2026 16:05:47;16/09/2026 00:00:00;16/09/2026 00:00:00;0s;RUA MANOEL FONSECA, S/N, LT 19 QD 116, JARDIM INTERLAGOS (PONTA NEGRA), MARICA-RJ, CEP: 24917075  - Tel: 21972183325;
MARIA ANTONIA SANTOS DE OLIVEIRA;False;;F;27/01/1964 00:00:00;62;700001343007202;Procedimento;RENATO ROQUE DE ANDRADE;;<procedimento>, MAMOGRAFIA BILATERAL PARA RASTREAMENTO</procedimento>;<procedimento>  0204030188 - MAMOGRAFIA BILATERAL PARA RASTREAMENTO - Quantidade: 1
</procedimento>;;;;;Espontanea;16/09/2026 16:17:57;16/09/2026 00:00:00;16/09/2026 00:00:00;0s;RUA QUATORZE, S/N, QD17 LT 11, SANTA PAULA (INOA), MARICA-RJ, CEP: 24944454  - Tel: 2126360843;
MAURINA LUIZA COSTA MENDES;False;;F;17/02/1967 00:00:00;59;708208191753748;Procedimento;RENATO ROQUE DE ANDRADE;;<procedimento>, MAMOGRAFIA BILATERAL PARA RASTREAMENTO</procedimento>;<procedimento>  0204030188 - MAMOGRAFIA BILATERAL PARA RASTREAMENTO - Quantidade: 1
</procedimento>;;;;;Espontanea;16/09/2026 16:14:46;16/09/2026 00:00:00;16/09/2026 00:00:00;0s;ESTRADA PONTA NEGRA-SAMPAIO CORREIA, S/N, JACONE (PONTA NEGRA), MARICA-RJ, CEP: 24923500  - Tel: 21972540403;
NILDA SANTOS DO NASCIMENTO;False;;F;27/02/1960 00:00:00;66;700006706760700;Procedimento;RENATO ROQUE DE ANDRADE;;<procedimento>, MAMOGRAFIA BILATERAL PARA RASTREAMENTO</procedimento>;<procedimento>  0204030188 - MAMOGRAFIA BILATERAL PARA RASTREAMENTO - Quantidade: 1
</procedimento>;;;;;Espontanea;16/09/2026 16:12:27;16/09/2026 00:00:00;16/09/2026 00:00:00;0s;RUA IZAAC LANNES DA SILVA, S/N, SAO JOSE DO IMBASSAI, MARICA-RJ, CEP: 24931450  - Tel: 21998665308;
ROSIMAR RIBEIRO DOS SANTOS;False;;F;19/11/1970 00:00:00;55;703409942166500;Procedimento;RENATO ROQUE DE ANDRADE;;<procedimento>, MAMOGRAFIA BILATERAL PARA RASTREAMENTO</procedimento>;<procedimento>  0204030188 - MAMOGRAFIA BILATERAL PARA RASTREAMENTO - Quantidade: 1
</procedimento>;;;;;Espontanea;16/09/2026 16:23:18;16/09/2026 00:00:00;16/09/2026 00:00:00;0s;ESTRADA MONTE LIBANO, 71, SANTA PAULA (INOA), MARICA-RJ, CEP: 24944660  - Tel: 2126362536;
SEVERINO FRANCISCO DA SILVA;False;;M;30/08/1952 00:00:00;74;704808006120846;Procedimento;FABIANO MARINS FERREIRA;;<procedimento>, ELETROCARDIOGRAMA</procedimento>;<procedimento>  0211020036 - ELETROCARDIOGRAMA - Quantidade: 1
</procedimento>;;;;;Espontanea;16/09/2026 15:42:16;16/09/2026 00:00:00;16/09/2026 00:00:00;0s;RUA RUA DIAPOQUE LT  QUADRA, S/N, LOTEAMENTO CAMP, SAO JOSE DE IMBACAI, MARICA-RJ, CEP: 24900000  - Tel: 2121050000;
SUELLEN SOUZA DE MELLO DA CONCEICAO;False;;F;21/01/1984 00:00:00;42;700508528760456;Procedimento;FABIANO MARINS FERREIRA;;<procedimento>, ELETROCARDIOGRAMA</procedimento>;<procedimento>  0211020036 - ELETROCARDIOGRAMA - Quantidade: 1
</procedimento>;;;;;Espontanea;16/09/2026 15:45:30;16/09/2026 00:00:00;16/09/2026 00:00:00;0s;RUA WALDOMIRO CLAUDIO NOGUEIRA FILHO, S/N, LT 16 QD 2, SAO JOSE DO IMBASSAI, MARICA-RJ, CEP: 24931655  - Tel: 21964694119;
VALERIA MIGUEL FERREIRA GONZALES;False;;F;03/03/1985 00:00:00;41;706006832843341;Procedimento;RENATO ROQUE DE ANDRADE;;<procedimento>, MAMOGRAFIA BILATERAL PARA RASTREAMENTO</procedimento>;<procedimento>  0204030188 - MAMOGRAFIA BILATERAL PARA RASTREAMENTO - Quantidade: 1
</procedimento>;;;;;Espontanea;16/09/2026 16:24:35;16/09/2026 00:00:00;16/09/2026 00:00:00;0s;AVENIDA RUTH RIBEIRO, S/N, QUADRA60LOTE20, JARDIM INTERLAGOS (PONTA NEGRA), MARICA-RJ, CEP: 24917000  - Tel: 2136944771;
VERA CHRISTINA MOREIRA GALVAO;False;;F;17/05/1958 00:00:00;68;703601087708234;Procedimento;RENATO ROQUE DE ANDRADE;;<procedimento>, MAMOGRAFIA BILATERAL PARA RASTREAMENTO</procedimento>;<procedimento>  0204030188 - MAMOGRAFIA BILATERAL PARA RASTREAMENTO - Quantidade: 1
</procedimento>;;;;;Espontanea;16/09/2026 16:16:48;16/09/2026 00:00:00;16/09/2026 00:00:00;0s;RUA DEZESSETE, 22, ITAPEBA, MARICA-RJ, CEP: 24913660  - Tel: 21997458938;
JOSE IVAN DE MOURA;False;;M;08/02/1953 00:00:00;73;704109039830750;Procedimento;DEUSIMAR ALVES DE ARAUJO NOBRE;;<procedimento>, ESCUTA INICIAL / ORIENTACAO (ACOLHIMENTO A DEMANDA ESPONTANEA)</procedimento>;<procedimento>  0301040079 - ESCUTA INICIAL / ORIENTACAO (ACOLHIMENTO A DEMANDA ESPONTANEA) - Quantidade: 1
</procedimento>;;;;;Espontanea;16/09/2026 13:02:17;16/09/2026 00:00:00;16/09/2026 00:00:00;36s;RUA MANOEL CORDEIRO, S/N, INOA (INOA), MARICA-RJ, CEP: 24942495  - Tel: 21995317370;
BIANCA DOS SANTOS DUARTE;False;;F;10/05/1981 00:00:00;45;703600044125139;Procedimento;DEUSIMAR ALVES DE ARAUJO NOBRE;;<procedimento>, ESCUTA INICIAL / ORIENTACAO (ACOLHIMENTO A DEMANDA ESPONTANEA)</procedimento>;<procedimento>  0301040079 - ESCUTA INICIAL / ORIENTACAO (ACOLHIMENTO A DEMANDA ESPONTANEA) - Quantidade: 1
</procedimento>;;;;;Espontanea;16/09/2026 13:03:42;16/09/2026 00:00:00;16/09/2026 00:00:00;1min 6s;RUA NOVE, S/N, QD35 LT07, MORADA DAS AGUIAS (ITAIPUACU), MARICA-RJ, CEP: 24937450  - Tel: 21998812551;
MARCOS MATEUS MATOS DE JESUS;False;;M;28/05/1956 00:00:00;70;701809257525576;Procedimento;DEUSIMAR ALVES DE ARAUJO NOBRE;;<procedimento>, ESCUTA INICIAL / ORIENTACAO (ACOLHIMENTO A DEMANDA ESPONTANEA)</procedimento>;<procedimento>  0301040079 - ESCUTA INICIAL / ORIENTACAO (ACOLHIMENTO A DEMANDA ESPONTANEA) - Quantidade: 1
</procedimento>;;;;;Espontanea;16/09/2026 13:06:33;16/09/2026 00:00:00;16/09/2026 00:00:00;57s;RUA JOSE LUIS DA COSTA, S/N, LT 45, QD M  CA, FLAMENGO, MARICA-RJ, CEP: 24903645  - Tel: 21964620123;
LUIS ENRIQUE VIVAS TOVAR;False;;M;19/08/1957 00:00:00;69;706408653579885;Procedimento;DEUSIMAR ALVES DE ARAUJO NOBRE;;<procedimento>, ESCUTA INICIAL / ORIENTACAO (ACOLHIMENTO A DEMANDA ESPONTANEA)</procedimento>;<procedimento>  0301040079 - ESCUTA INICIAL / ORIENTACAO (ACOLHIMENTO A DEMANDA ESPONTANEA) - Quantidade: 1
</procedimento>;;;;;Espontanea;16/09/2026 13:08:18;16/09/2026 00:00:00;16/09/2026 00:00:00;37s; GEORGE , 1, LT20 QD15, JARDIM ATLANTICO, MARICA-RJ, CEP: 24935435  - Tel: 6133152425;
MARIA DO CARMO DE SOUSA ARAUJO;False;;F;12/12/1953 00:00:00;72;700005943862506;Procedimento;DEUSIMAR ALVES DE ARAUJO NOBRE;;<procedimento>, ESCUTA INICIAL / ORIENTACAO (ACOLHIMENTO A DEMANDA ESPONTANEA)</procedimento>;<procedimento>  0301040079 - ESCUTA INICIAL / ORIENTACAO (ACOLHIMENTO A DEMANDA ESPONTANEA) - Quantidade: 1
</procedimento>;;;;;Espontanea;16/09/2026 13:09:31;16/09/2026 00:00:00;16/09/2026 00:00:00;50s;RUA GLAUBER ROCHA, 360, ITAPEBA, MARICA-RJ, CEP: 24912250  - Tel: 21995486976;
IASMYN FREITAS DE PADUA;False;;F;24/02/1994 00:00:00;32;708006872173726;Procedimento;DEUSIMAR ALVES DE ARAUJO NOBRE;;<procedimento>, ESCUTA INICIAL / ORIENTACAO (ACOLHIMENTO A DEMANDA ESPONTANEA)</procedimento>;<procedimento>  0301040079 - ESCUTA INICIAL / ORIENTACAO (ACOLHIMENTO A DEMANDA ESPONTANEA) - Quantidade: 1
</procedimento>;;;;;Espontanea;16/09/2026 13:10:36;16/09/2026 00:00:00;16/09/2026 00:00:00;1min 4s;RUA PAVAO, 1032, PARQUE NANCI, MARICA-RJ, CEP: 24914135  - Tel: 21968769306;
GABRIELA RODRIGUES FARIA;False;;F;18/01/1983 00:00:00;43;708001833987527;Procedimento;DEUSIMAR ALVES DE ARAUJO NOBRE;;<procedimento>, ESCUTA INICIAL / ORIENTACAO (ACOLHIMENTO A DEMANDA ESPONTANEA)</procedimento>;<procedimento>  0301040079 - ESCUTA INICIAL / ORIENTACAO (ACOLHIMENTO A DEMANDA ESPONTANEA) - Quantidade: 1
</procedimento>;;;;;Espontanea;16/09/2026 13:13:23;16/09/2026 00:00:00;16/09/2026 00:00:00;45s;RUA SETENTA E QUATRO, S/N, R74 QD89 LT08, GUARATIBA (PONTA NEGRA), MARICA-RJ, CEP: 24916463  - Tel: 21982382661;
CLAUDIO DOS SANTOS MOREIRA;False;;M;05/02/1977 00:00:00;49;704303506730899;Procedimento;DEUSIMAR ALVES DE ARAUJO NOBRE;;<procedimento>, ESCUTA INICIAL / ORIENTACAO (ACOLHIMENTO A DEMANDA ESPONTANEA)</procedimento>;<procedimento>  0301040079 - ESCUTA INICIAL / ORIENTACAO (ACOLHIMENTO A DEMANDA ESPONTANEA) - Quantidade: 1
</procedimento>;;;;;Espontanea;16/09/2026 13:15:11;16/09/2026 00:00:00;16/09/2026 00:00:00;39s;RUA DOUGLAS MARQUES RIENTI, S/N, JARDIM ATLANTICO LESTE (ITAIPUACU), MARICA-RJ, CEP: 24933465  - Tel: 21994036627;
NAYRA FERREIRA DE TOLEDO;False;;F;25/01/1962 00:00:00;64;704100179259675;Procedimento;DEUSIMAR ALVES DE ARAUJO NOBRE;;<procedimento>, ESCUTA INICIAL / ORIENTACAO (ACOLHIMENTO A DEMANDA ESPONTANEA)</procedimento>;<procedimento>  0301040079 - ESCUTA INICIAL / ORIENTACAO (ACOLHIMENTO A DEMANDA ESPONTANEA) - Quantidade: 1
</procedimento>;;;;;Espontanea;16/09/2026 13:17:00;16/09/2026 00:00:00;16/09/2026 00:00:00;21s;RUA ARAGUARI, S/N, QD 41 LT 04, SAO JOSE DO IMBASSAI, MARICA-RJ, CEP: 24931080  - Tel: 21996707637;
JOAO BATISTA LUIS ALEXANDRE;False;;M;22/05/1962 00:00:00;64;700004339654102;Consulta de Enfermagem;MAURO BATISTA DE BARROS; T140 - TRAUMATISMO SUPERFICIAL DE REGIAO NAO ESPECIFICADA DO CORPO;<procedimento>, CONSULTA DE PROFISSIONAIS DE NIVEL SUPERIOR NA ATENCAO ESPECIALIZADA (EXCETO MEDICO)</procedimento><procedimento>, CURATIVO ESPECIAL</procedimento>;<procedimento>  0301010048 - CONSULTA DE PROFISSIONAIS DE NIVEL SUPERIOR NA ATENCAO ESPECIALIZADA (EXCETO MEDICO) - Quantidade: 1
</procedimento><procedimento>  0301100276 - CURATIVO ESPECIAL - Quantidade: 1
</procedimento>;N;;;N;Programada;16/09/2026 13:28:27;16/09/2026 00:00:00;16/09/2026 00:00:00;17min 15s;ESTRADA MARQUES DE VALENCA, 02, FUNDOS, UBATIBA, MARICA-RJ, CEP: 24908750  - Tel: 21967251871;
CARLOS JOSE AMARAL DA SILVA;False;;M;26/09/1959 00:00:00;66;706405192072182;Consulta Medica;VIVIANE VIEIRA FERREIRA DE ANDRADE; R10  - DOR ABDOMINAL E PELVICA;<procedimento>, CONSULTA MEDICA EM ATENCAO ESPECIALIZADA</procedimento><procedimento>, ULTRASSONOGRAFIA DE PROSTATA POR VIA ABDOMINAL</procedimento>;<procedimento>  0205020100 - ULTRASSONOGRAFIA DE PROSTATA POR VIA ABDOMINAL - Quantidade: 1
</procedimento><procedimento>  0301010072 - CONSULTA MEDICA EM ATENCAO ESPECIALIZADA - Quantidade: 1
</procedimento>;N;;;N;Programada;16/09/2026 13:32:36;16/09/2026 00:00:00;16/09/2026 00:00:00;1min 29s;RUA UBIRATAN, S/N, LT 9 QD 20, ITAOCAIA VALLEY (ITAIPUACU), MARICA-RJ, CEP: 24939050  - Tel: 6133152425;
DARIO VERTEIN FILHO;False;;M;12/03/1960 00:00:00;66;708405742218466;Consulta Medica;VIVIANE VIEIRA FERREIRA DE ANDRADE; R10  - DOR ABDOMINAL E PELVICA;<procedimento>, CONSULTA MEDICA EM ATENCAO ESPECIALIZADA</procedimento><procedimento>, ULTRASSONOGRAFIA DE PROSTATA POR VIA ABDOMINAL</procedimento>;<procedimento>  0205020100 - ULTRASSONOGRAFIA DE PROSTATA POR VIA ABDOMINAL - Quantidade: 1
</procedimento><procedimento>  0301010072 - CONSULTA MEDICA EM ATENCAO ESPECIALIZADA - Quantidade: 1
</procedimento>;N;;;N;Programada;16/09/2026 13:33:40;16/09/2026 00:00:00;16/09/2026 00:00:00;1min 25s;RUA QUARENTA, S/N, LTO4 QD118, JARDIM ATLANTICO CENTRAL (ITAIPUACU), MARICA-RJ, CEP: 24934405  - Tel: 21995756602;
BRUNA PIRES FERNANDES PEREIRA;False;;F;03/06/1990 00:00:00;36;706805283753723;Consulta Medica;VIVIANE VIEIRA FERREIRA DE ANDRADE; R10  - DOR ABDOMINAL E PELVICA;<procedimento>, CONSULTA MEDICA EM ATENCAO ESPECIALIZADA</procedimento><procedimento>, ULTRASSONOGRAFIA DE APARELHO URINARIO</procedimento>;<procedimento>  0205020054 - ULTRASSONOGRAFIA DE APARELHO URINARIO - Quantidade: 1
</procedimento><procedimento>  0301010072 - CONSULTA MEDICA EM ATENCAO ESPECIALIZADA - Quantidade: 1
</procedimento>;N;;;N;Programada;16/09/2026 13:36:16;16/09/2026 00:00:00;16/09/2026 00:00:00;1min 30s;RUA ANDRELINA CARLOTA DA CONCEICAO, S/N, LT07  CS2 QDC, MUMBUCA, MARICA-RJ, CEP: 24913855  - Tel: 21995209810;
CLOVIS PEREIRA DOS SANTOS;False;;M;28/08/1966 00:00:00;60;704203753043686;Consulta Medica;VIVIANE VIEIRA FERREIRA DE ANDRADE; R10  - DOR ABDOMINAL E PELVICA;<procedimento>, CONSULTA MEDICA EM ATENCAO ESPECIALIZADA</procedimento><procedimento>, ULTRASSONOGRAFIA DE PROSTATA POR VIA ABDOMINAL</procedimento>;<procedimento>  0205020100 - ULTRASSONOGRAFIA DE PROSTATA POR VIA ABDOMINAL - Quantidade: 1
</procedimento><procedimento>  0301010072 - CONSULTA MEDICA EM ATENCAO ESPECIALIZADA - Quantidade: 1
</procedimento>;N;;;N;Programada;16/09/2026 13:42:26;16/09/2026 00:00:00;16/09/2026 00:00:00;1min 17s;RUA SETENTA E DOIS, S/N, QUADRA 352 LOTE, JARDIM ATLANTICO LESTE (ITAIPUACU), MARICA-RJ, CEP: 24933610  - Tel: 21993770398;
JORGE SERGIO DAMASCENO;False;;M;23/04/1964 00:00:00;62;706401152371681;Consulta Medica;VIVIANE VIEIRA FERREIRA DE ANDRADE; R10  - DOR ABDOMINAL E PELVICA;<procedimento>, CONSULTA MEDICA EM ATENCAO ESPECIALIZADA</procedimento><procedimento>, ULTRASSONOGRAFIA DE PROSTATA POR VIA ABDOMINAL</procedimento>;<procedimento>  0205020100 - ULTRASSONOGRAFIA DE PROSTATA POR VIA ABDOMINAL - Quantidade: 1
</procedimento><procedimento>  0301010072 - CONSULTA MEDICA EM ATENCAO ESPECIALIZADA - Quantidade: 1
</procedimento>;N;;;N;Programada;16/09/2026 13:46:40;16/09/2026 00:00:00;16/09/2026 00:00:00;1min 41s;RUA CREVAL FERNANDES DA SILVA, S/N, QD21LT14, JACAROA, MARICA-RJ, CEP: 24902535  - Tel: 21998746242;
JOAO DA CONCEICAO CARDOSO;False;;M;25/11/1967 00:00:00;58;704005398726762;Consulta Medica;VIVIANE VIEIRA FERREIRA DE ANDRADE; R10  - DOR ABDOMINAL E PELVICA;<procedimento>, CONSULTA MEDICA EM ATENCAO ESPECIALIZADA</procedimento><procedimento>, ULTRASSONOGRAFIA DE PROSTATA POR VIA ABDOMINAL</procedimento>;<procedimento>  0205020100 - ULTRASSONOGRAFIA DE PROSTATA POR VIA ABDOMINAL - Quantidade: 1
</procedimento><procedimento>  0301010072 - CONSULTA MEDICA EM ATENCAO ESPECIALIZADA - Quantidade: 1
</procedimento>;N;;;N;Programada;16/09/2026 13:57:19;16/09/2026 00:00:00;16/09/2026 00:00:00;1min 5s;AVENIDA PREFEITO ODENIR FRANCISCO DA COSTA, S/N, ARACATIBA, MARICA-RJ, CEP: 24901430  - Tel: 6133152425;
JOSE ROBERTO DE AZEREDO PINTO;False;;M;25/03/1960 00:00:00;66;703204670838897;Consulta Medica;VIVIANE VIEIRA FERREIRA DE ANDRADE; R10  - DOR ABDOMINAL E PELVICA;<procedimento>, CONSULTA MEDICA EM ATENCAO ESPECIALIZADA</procedimento><procedimento>, ULTRASSONOGRAFIA DE PROSTATA POR VIA ABDOMINAL</procedimento>;<procedimento>  0205020100 - ULTRASSONOGRAFIA DE PROSTATA POR VIA ABDOMINAL - Quantidade: 1
</procedimento><procedimento>  0301010072 - CONSULTA MEDICA EM ATENCAO ESPECIALIZADA - Quantidade: 1
</procedimento>;N;;;N;Programada;16/09/2026 14:03:00;16/09/2026 00:00:00;16/09/2026 00:00:00;1min 20s;RUA DAS AVENCAS, S/N, QD21 LT12 CS02, BARROCO (ITAIPUACU), MARICA-RJ, CEP: 24936190  - Tel: 21985465177;
JEAN LONGOBUCO DA SILVA PERES;False;;M;22/07/2019 00:00:00;7;705408455096693;Consulta c/ Fonoaudiologo;ANDREI PEREIRA DOS SANTOS; H93  - TRANSTORNOS DO OUVIDO NAO CLASSIFICADOS EM OUTRA PARTE;<procedimento>, CONSULTA DE PROFISSIONAIS DE NIVEL SUPERIOR NA ATENCAO ESPECIALIZADA (EXCETO MEDICO)</procedimento><procedimento>, POTENCIAL EVOCADO AUDITIVO</procedimento>;<procedimento>  0211050113 - POTENCIAL EVOCADO AUDITIVO - Quantidade: 1
</procedimento><procedimento>  0301010048 - CONSULTA DE PROFISSIONAIS DE NIVEL SUPERIOR NA ATENCAO ESPECIALIZADA (EXCETO MEDICO) - Quantidade: 1
</procedimento>;N;;;N;Programada;16/09/2026 14:04:36;16/09/2026 00:00:00;16/09/2026 00:00:00;3min 43s;RUA C, S/N, SAO JOSE DO IMBASSAI, MARICA-RJ, CEP: 24930020  - Tel: 21964681812;
ILAN BASTOS FARIA;False;;M;26/03/2024 00:00:00;2;706300705998879;Procedimento;ANDREI PEREIRA DOS SANTOS;;<procedimento>, POTENCIAL EVOCADO AUDITIVO</procedimento>;<procedimento>  0211050113 - POTENCIAL EVOCADO AUDITIVO - Quantidade: 1
</procedimento>;;;;;Programada;16/09/2026 14:11:04;16/09/2026 00:00:00;16/09/2026 00:00:00;2h 29min 0s;AVENIDA VEREADOR FRANCISCO SABINO DA COSTA, 301, CASA, CENTRO, MARICA-RJ, CEP: 24900100  - Tel: 21969489838;
RAQUEL DE OLIVEIRA MARCKIOLO;False;;F;11/10/1988 00:00:00;37;703404270066100;Consulta c/ Ginecologista e Obstetra;LORENA RODRIGUES NASCIMENTO; N871 - DISPLASIA CERVICAL MODERADA;<procedimento>, CONSULTA MEDICA EM ATENCAO ESPECIALIZADA</procedimento>;<procedimento>  0301010072 - CONSULTA MEDICA EM ATENCAO ESPECIALIZADA - Quantidade: 1
</procedimento>;N;;;N;Programada;16/09/2026 14:13:06;16/09/2026 00:00:00;16/09/2026 00:00:00;6min 27s;RUA NOVE, S/N, QD 32 L 17, JARDIM ATLANTICO OESTE (ITAIPUACU), MARICA-RJ, CEP: 24935529  - Tel: 2126381435;
CARLOS JOSE AMARAL DA SILVA;False;;M;26/09/1959 00:00:00;66;706405192072182;Procedimento;DEUSIMAR ALVES DE ARAUJO NOBRE;;<procedimento>, ESCUTA INICIAL / ORIENTACAO (ACOLHIMENTO A DEMANDA ESPONTANEA)</procedimento>;<procedimento>  0301040079 - ESCUTA INICIAL / ORIENTACAO (ACOLHIMENTO A DEMANDA ESPONTANEA) - Quantidade: 1
</procedimento>;;;;;Espontanea;16/09/2026 14:19:16;16/09/2026 00:00:00;16/09/2026 00:00:00;39s;RUA UBIRATAN, S/N, LT 9 QD 20, ITAOCAIA VALLEY (ITAIPUACU), MARICA-RJ, CEP: 24939050  - Tel: 6133152425;
DARIO VERTEIN FILHO;False;;M;12/03/1960 00:00:00;66;708405742218466;Procedimento;DEUSIMAR ALVES DE ARAUJO NOBRE;;<procedimento>, ESCUTA INICIAL / ORIENTACAO (ACOLHIMENTO A DEMANDA ESPONTANEA)</procedimento>;<procedimento>  0301040079 - ESCUTA INICIAL / ORIENTACAO (ACOLHIMENTO A DEMANDA ESPONTANEA) - Quantidade: 1
</procedimento>;;;;;Espontanea;16/09/2026 14:21:10;16/09/2026 00:00:00;16/09/2026 00:00:00;29s;RUA QUARENTA, S/N, LTO4 QD118, JARDIM ATLANTICO CENTRAL (ITAIPUACU), MARICA-RJ, CEP: 24934405  - Tel: 21995756602;
CLOVIS PEREIRA DOS SANTOS;False;;M;28/08/1966 00:00:00;60;704203753043686;Procedimento;DEUSIMAR ALVES DE ARAUJO NOBRE;;<procedimento>, ESCUTA INICIAL / ORIENTACAO (ACOLHIMENTO A DEMANDA ESPONTANEA)</procedimento>;<procedimento>  0301040079 - ESCUTA INICIAL / ORIENTACAO (ACOLHIMENTO A DEMANDA ESPONTANEA) - Quantidade: 1
</procedimento>;;;;;Espontanea;16/09/2026 14:22:39;16/09/2026 00:00:00;16/09/2026 00:00:00;1min 1s;RUA SETENTA E DOIS, S/N, QUADRA 352 LOTE, JARDIM ATLANTICO LESTE (ITAIPUACU), MARICA-RJ, CEP: 24933610  - Tel: 21993770398;
JORGE SERGIO DAMASCENO;False;;M;23/04/1964 00:00:00;62;706401152371681;Procedimento;DEUSIMAR ALVES DE ARAUJO NOBRE;;<procedimento>, ESCUTA INICIAL / ORIENTACAO (ACOLHIMENTO A DEMANDA ESPONTANEA)</procedimento>;<procedimento>  0301040079 - ESCUTA INICIAL / ORIENTACAO (ACOLHIMENTO A DEMANDA ESPONTANEA) - Quantidade: 1
</procedimento>;;;;;Espontanea;16/09/2026 14:24:13;16/09/2026 00:00:00;16/09/2026 00:00:00;34s;RUA CREVAL FERNANDES DA SILVA, S/N, QD21LT14, JACAROA, MARICA-RJ, CEP: 24902535  - Tel: 21998746242;
JOAO DA CONCEICAO CARDOSO;False;;M;25/11/1967 00:00:00;58;704005398726762;Procedimento;DEUSIMAR ALVES DE ARAUJO NOBRE;;<procedimento>, ESCUTA INICIAL / ORIENTACAO (ACOLHIMENTO A DEMANDA ESPONTANEA)</procedimento>;<procedimento>  0301040079 - ESCUTA INICIAL / ORIENTACAO (ACOLHIMENTO A DEMANDA ESPONTANEA) - Quantidade: 1
</procedimento>;;;;;Espontanea;16/09/2026 14:25:30;16/09/2026 00:00:00;16/09/2026 00:00:00;1min 24s;AVENIDA PREFEITO ODENIR FRANCISCO DA COSTA, S/N, ARACATIBA, MARICA-RJ, CEP: 24901430  - Tel: 6133152425;
JOSE ROBERTO DE AZEREDO PINTO;False;;M;25/03/1960 00:00:00;66;703204670838897;Procedimento;DEUSIMAR ALVES DE ARAUJO NOBRE;;<procedimento>, ESCUTA INICIAL / ORIENTACAO (ACOLHIMENTO A DEMANDA ESPONTANEA)</procedimento>;<procedimento>  0301040079 - ESCUTA INICIAL / ORIENTACAO (ACOLHIMENTO A DEMANDA ESPONTANEA) - Quantidade: 1
</procedimento>;;;;;Espontanea;16/09/2026 14:27:56;16/09/2026 00:00:00;16/09/2026 00:00:00;1min 15s;RUA DAS AVENCAS, S/N, QD21 LT12 CS02, BARROCO (ITAIPUACU), MARICA-RJ, CEP: 24936190  - Tel: 21985465177;
BRUNA PIRES FERNANDES PEREIRA;False;;F;03/06/1990 00:00:00;36;706805283753723;Procedimento;DEUSIMAR ALVES DE ARAUJO NOBRE;;<procedimento>, ESCUTA INICIAL / ORIENTACAO (ACOLHIMENTO A DEMANDA ESPONTANEA)</procedimento>;<procedimento>  0301040079 - ESCUTA INICIAL / ORIENTACAO (ACOLHIMENTO A DEMANDA ESPONTANEA) - Quantidade: 1
</procedimento>;;;;;Espontanea;16/09/2026 14:29:33;16/09/2026 00:00:00;16/09/2026 00:00:00;53s;RUA ANDRELINA CARLOTA DA CONCEICAO, S/N, LT07  CS2 QDC, MUMBUCA, MARICA-RJ, CEP: 24913855  - Tel: 21995209810;
GEORGIANA OLIVEIRA DA SILVA;False;;F;02/05/1985 00:00:00;41;706507301468090;Consulta de Enfermagem;MAURO BATISTA DE BARROS; T140 - TRAUMATISMO SUPERFICIAL DE REGIAO NAO ESPECIFICADA DO CORPO;<procedimento>, CONSULTA DE PROFISSIONAIS DE NIVEL SUPERIOR NA ATENCAO ESPECIALIZADA (EXCETO MEDICO)</procedimento><procedimento>, CURATIVO ESPECIAL</procedimento>;<procedimento>  0301010048 - CONSULTA DE PROFISSIONAIS DE NIVEL SUPERIOR NA ATENCAO ESPECIALIZADA (EXCETO MEDICO) - Quantidade: 1
</procedimento><procedimento>  0301100276 - CURATIVO ESPECIAL - Quantidade: 1
</procedimento>;N;;;N;Programada;16/09/2026 14:40:16;16/09/2026 00:00:00;16/09/2026 00:00:00;4min 23s;AVENIDA PREFEITO ODENIR FRANCISCO DA COSTA, S/N, ARACATIBA, MARICA-RJ, CEP: 24901430  - Tel: 2137198324;
JOSE LADEIRA PORTELA;False;;M;22/03/1946 00:00:00;80;704704735505831;Consulta de Enfermagem;ELAINE APARECIDA DE SOUZA; K92  - DOENCAS DO APARELHO DIGESTIVO;<procedimento>, BARREIRAS PROTETORAS DE PELE SINTETICA E/OU MISTA EM FORMA DE PO / PASTA E/OU PLACA</procedimento><procedimento>, BOLSA DE COLOSTOMIA COM ADESIVO MICROPORO DRENAVEL</procedimento><procedimento>, CONSULTA DE PROFISSIONAIS DE NIVEL SUPERIOR NA ATENCAO ESPECIALIZADA (EXCETO MEDICO)</procedimento><procedimento>, CONSULTA DE PROFISSIONAIS DE NIVEL SUPERIOR NA ATENCAO PRIMARIA (EXCETO MEDICO)</procedimento><procedimento>, CUIDADOS COM ESTOMAS</procedimento>;<procedimento>  0301010030 - CONSULTA DE PROFISSIONAIS DE NIVEL SUPERIOR NA ATENCAO PRIMARIA (EXCETO MEDICO) - Quantidade: 1
</procedimento><procedimento>  0301010048 - CONSULTA DE PROFISSIONAIS DE NIVEL SUPERIOR NA ATENCAO ESPECIALIZADA (EXCETO MEDICO) - Quantidade: 1
</procedimento><procedimento>  0301100063 - CUIDADOS COM ESTOMAS - Quantidade: 1
</procedimento><procedimento>  0701050020 - BOLSA DE COLOSTOMIA COM ADESIVO MICROPORO DRENAVEL - Quantidade: 15
</procedimento><procedimento>  0701060018 - BARREIRAS PROTETORAS DE PELE SINTETICA E/OU MISTA EM FORMA DE PO / PASTA E/OU PLACA - Quantidade: 1
</procedimento>;N;;;N;Programada;16/09/2026 14:40:02;16/09/2026 00:00:00;16/09/2026 00:00:00;5min 0s;RUA DOMICIO DA GAMA, S/N, CENTRO, MARICA-RJ, CEP: 24900820  - Tel: 21973772061;
ALESANDRO DOS ANJOS SILVA;False;;M;30/07/1982 00:00:00;44;701205077138916;Procedimento;DEUSIMAR ALVES DE ARAUJO NOBRE;;<procedimento>, ESCUTA INICIAL / ORIENTACAO (ACOLHIMENTO A DEMANDA ESPONTANEA)</procedimento>;<procedimento>  0301040079 - ESCUTA INICIAL / ORIENTACAO (ACOLHIMENTO A DEMANDA ESPONTANEA) - Quantidade: 1
</procedimento>;;;;;Espontanea;16/09/2026 14:40:04;16/09/2026 00:00:00;16/09/2026 00:00:00;24s;RUA VINTE E DOIS, LOTE 19, QUADRA 33 CS 02, SANTA PAULA (INOA), MARICA-RJ, CEP: 24944680  - Tel: 2126361314;
RISELE AUXILIADORA DOS SANTOS MONTEIRO;False;;F;24/05/1987 00:00:00;39;702507338461534;Procedimento;DEUSIMAR ALVES DE ARAUJO NOBRE;;<procedimento>, ESCUTA INICIAL / ORIENTACAO (ACOLHIMENTO A DEMANDA ESPONTANEA)</procedimento>;<procedimento>  0301040079 - ESCUTA INICIAL / ORIENTACAO (ACOLHIMENTO A DEMANDA ESPONTANEA) - Quantidade: 1
</procedimento>;;;;;Espontanea;16/09/2026 14:42:50;16/09/2026 00:00:00;16/09/2026 00:00:00;2min 38s;RUA KAWEH MACHADO DINIZ, S/N, LOTYE 17 QD221, JARDIM ATLANTICO CENTRAL (ITAIPUACU), MARICA-RJ, CEP: 24934500  - Tel: 21995240587;
JOSE PAULO BATISTA NUNES;False;;M;05/03/1952 00:00:00;74;701204097551311;Consulta de Enfermagem;ELAINE APARECIDA DE SOUZA; K92  - DOENCAS DO APARELHO DIGESTIVO, K92  - DOENCAS DO APARELHO DIGESTIVO;<procedimento>, BARREIRAS PROTETORAS DE PELE SINTETICA E/OU MISTA EM FORMA DE PO / PASTA E/OU PLACA</procedimento><procedimento>, BOLSA DE COLOSTOMIA COM ADESIVO MICROPORO DRENAVEL</procedimento><procedimento>, CONSULTA DE PROFISSIONAIS DE NIVEL SUPERIOR NA ATENCAO ESPECIALIZADA (EXCETO MEDICO)</procedimento><procedimento>, CONSULTA DE PROFISSIONAIS DE NIVEL SUPERIOR NA ATENCAO PRIMARIA (EXCETO MEDICO)</procedimento><procedimento>, CUIDADOS COM ESTOMAS</procedimento>;<procedimento>  0301010030 - CONSULTA DE PROFISSIONAIS DE NIVEL SUPERIOR NA ATENCAO PRIMARIA (EXCETO MEDICO) - Quantidade: 1
</procedimento><procedimento>  0301010048 - CONSULTA DE PROFISSIONAIS DE NIVEL SUPERIOR NA ATENCAO ESPECIALIZADA (EXCETO MEDICO) - Quantidade: 1
</procedimento><procedimento>  0301100063 - CUIDADOS COM ESTOMAS - Quantidade: 1
</procedimento><procedimento>  0701050020 - BOLSA DE COLOSTOMIA COM ADESIVO MICROPORO DRENAVEL - Quantidade: 1
</procedimento><procedimento>  0701060018 - BARREIRAS PROTETORAS DE PELE SINTETICA E/OU MISTA EM FORMA DE PO / PASTA E/OU PLACA - Quantidade: 1
</procedimento>;N;;;N;Programada;16/09/2026 14:45:39;16/09/2026 00:00:00;16/09/2026 00:00:00;7min 0s;RUA MARIO LOPES DE FONTOURA, 1, LT11 QD 1, CENTRO, MARICA-RJ, CEP: 24900415  - Tel: 21967140682;
LUCINDA DA CONCEICAO PAIVA;False;;F;25/04/1936 00:00:00;90;706201571672860;Procedimento;DEUSIMAR ALVES DE ARAUJO NOBRE;;<procedimento>, ESCUTA INICIAL / ORIENTACAO (ACOLHIMENTO A DEMANDA ESPONTANEA)</procedimento>;<procedimento>  0301040079 - ESCUTA INICIAL / ORIENTACAO (ACOLHIMENTO A DEMANDA ESPONTANEA) - Quantidade: 1
</procedimento>;;;;;Espontanea;16/09/2026 14:45:44;16/09/2026 00:00:00;16/09/2026 00:00:00;1min 6s;RUA CELSO FARIAS, S/N, LOTE35QUADRA110, CORDEIRINHO (PONTA NEGRA), MARICA-RJ, CEP: 24921320  - Tel: 21964230009;
GEORGIANA OLIVEIRA DA SILVA;False;;F;02/05/1985 00:00:00;41;706507301468090;Procedimento;MARCIA SEIXAS PEREIRA;;<procedimento>, CURATIVO ESPECIAL</procedimento>;<procedimento>  0301100276 - CURATIVO ESPECIAL - Quantidade: 1
</procedimento>;;;;;Espontanea;16/09/2026 14:47:36;16/09/2026 00:00:00;16/09/2026 00:00:00;1min 34s;AVENIDA PREFEITO ODENIR FRANCISCO DA COSTA, S/N, ARACATIBA, MARICA-RJ, CEP: 24901430  - Tel: 2137198324;
MARIA CRISTINA GUERRA BRAGA;False;;F;02/01/1957 00:00:00;69;700009478957303;Procedimento;DEUSIMAR ALVES DE ARAUJO NOBRE;;<procedimento>, ESCUTA INICIAL / ORIENTACAO (ACOLHIMENTO A DEMANDA ESPONTANEA)</procedimento>;<procedimento>  0301040079 - ESCUTA INICIAL / ORIENTACAO (ACOLHIMENTO A DEMANDA ESPONTANEA) - Quantidade: 1
</procedimento>;;;;;Espontanea;16/09/2026 14:47:53;16/09/2026 00:00:00;16/09/2026 00:00:00;1min 19s;AVENIDA DOUTOR ANTONIO MARQUES MATHIAS, S/N, BARROCO (ITAIPUACU), MARICA-RJ, CEP: 24936490  - Tel: 21994664411;
JOAO BATISTA LUIS ALEXANDRE;False;;M;22/05/1962 00:00:00;64;700004339654102;Procedimento;MARCIA SEIXAS PEREIRA;;<procedimento>, CURATIVO ESPECIAL</procedimento>;<procedimento>  0301100276 - CURATIVO ESPECIAL - Quantidade: 1
</procedimento>;;;;;Espontanea;16/09/2026 14:49:06;16/09/2026 00:00:00;16/09/2026 00:00:00;51s;ESTRADA MARQUES DE VALENCA, 02, FUNDOS, UBATIBA, MARICA-RJ, CEP: 24908750  - Tel: 21967251871;
LUCIA CRISTINA CASTRO GOMES DOS SANTOS;False;;F;03/04/1974 00:00:00;52;702800663768261;Procedimento;DEUSIMAR ALVES DE ARAUJO NOBRE;;<procedimento>, ESCUTA INICIAL / ORIENTACAO (ACOLHIMENTO A DEMANDA ESPONTANEA)</procedimento>;<procedimento>  0301040079 - ESCUTA INICIAL / ORIENTACAO (ACOLHIMENTO A DEMANDA ESPONTANEA) - Quantidade: 1
</procedimento>;;;;;Espontanea;16/09/2026 14:50:00;16/09/2026 00:00:00;16/09/2026 00:00:00;20s;RUA VAN LERBERGUE, S/N, QD 461 LT 12, JARDIM ATLANTICO LESTE (ITAIPUACU), MARICA-RJ, CEP: 24933405  - Tel: 21970221250;
CRISTIANE GUIMARAES RIBEIRO;False;;F;27/10/1965 00:00:00;60;704804501674547;Procedimento;DEUSIMAR ALVES DE ARAUJO NOBRE;;<procedimento>, ESCUTA INICIAL / ORIENTACAO (ACOLHIMENTO A DEMANDA ESPONTANEA)</procedimento>;<procedimento>  0301040079 - ESCUTA INICIAL / ORIENTACAO (ACOLHIMENTO A DEMANDA ESPONTANEA) - Quantidade: 1
</procedimento>;;;;;Espontanea;16/09/2026 14:51:16;16/09/2026 00:00:00;16/09/2026 00:00:00;36s;RUA HERDEIROS DE MARICA, S/N, LOTE13QUADRA114, CORDEIRINHO (PONTA NEGRA), MARICA-RJ, CEP: 24921436  - Tel: 21985579611;
RONILDA DOS SANTOS JOSE FRAZAO;False;;F;09/06/1961 00:00:00;65;707706698582110;Procedimento;DEUSIMAR ALVES DE ARAUJO NOBRE;;<procedimento>, ESCUTA INICIAL / ORIENTACAO (ACOLHIMENTO A DEMANDA ESPONTANEA)</procedimento>;<procedimento>  0301040079 - ESCUTA INICIAL / ORIENTACAO (ACOLHIMENTO A DEMANDA ESPONTANEA) - Quantidade: 1
</procedimento>;;;;;Espontanea;16/09/2026 14:52:56;16/09/2026 00:00:00;16/09/2026 00:00:00;1min 16s;RUA ALBERTO RIBEIRO DE ALMEIDA, S/N, LOTE 20 QD 14, SPAR (INOA), MARICA-RJ, CEP: 24944390  - Tel: 21994517413;
ALEXANDRE GAVINHO DE MOURA;False;;M;22/10/1967 00:00:00;58;706503322344796;Consulta de Enfermagem;ELAINE APARECIDA DE SOUZA; K92  - DOENCAS DO APARELHO DIGESTIVO;<procedimento>, BARREIRAS PROTETORAS DE PELE SINTETICA E/OU MISTA EM FORMA DE PO / PASTA E/OU PLACA</procedimento><procedimento>, CONJUNTO DE PLACA E BOLSA PARA OSTOMA INTESTINAL</procedimento><procedimento>, CONSULTA DE PROFISSIONAIS DE NIVEL SUPERIOR NA ATENCAO ESPECIALIZADA (EXCETO MEDICO)</procedimento><procedimento>, CUIDADOS COM ESTOMAS</procedimento>;<procedimento>  0301010048 - CONSULTA DE PROFISSIONAIS DE NIVEL SUPERIOR NA ATENCAO ESPECIALIZADA (EXCETO MEDICO) - Quantidade: 1
</procedimento><procedimento>  0301100063 - CUIDADOS COM ESTOMAS - Quantidade: 1
</procedimento><procedimento>  0701050047 - CONJUNTO DE PLACA E BOLSA PARA OSTOMA INTESTINAL - Quantidade: 10
</procedimento><procedimento>  0701060018 - BARREIRAS PROTETORAS DE PELE SINTETICA E/OU MISTA EM FORMA DE PO / PASTA E/OU PLACA - Quantidade: 1
</procedimento>;N;;;N;Programada;16/09/2026 14:53:07;16/09/2026 00:00:00;16/09/2026 00:00:00;29min 0s;RUA BOSQUE FUNDO, S/N, LOTE 10A QD 06, INOA (INOA), MARICA-RJ, CEP: 24943125  - Tel: 21974277155;
MARIA SANTANA;False;;F;02/06/1941 00:00:00;85;702006366240184;Consulta de Enfermagem;ELAINE APARECIDA DE SOUZA; K92  - DOENCAS DO APARELHO DIGESTIVO;<procedimento>, BOLSA DE COLOSTOMIA COM ADESIVO MICROPORO DRENAVEL</procedimento><procedimento>, CONSULTA DE PROFISSIONAIS DE NIVEL SUPERIOR NA ATENCAO ESPECIALIZADA (EXCETO MEDICO)</procedimento>;<procedimento>  0301010048 - CONSULTA DE PROFISSIONAIS DE NIVEL SUPERIOR NA ATENCAO ESPECIALIZADA (EXCETO MEDICO) - Quantidade: 1
</procedimento><procedimento>  0701050020 - BOLSA DE COLOSTOMIA COM ADESIVO MICROPORO DRENAVEL - Quantidade: 5
</procedimento>;N;;;N;Programada;16/09/2026 14:55:23;16/09/2026 00:00:00;16/09/2026 00:00:00;13min 0s;RUA AV DR FRANCISCO MOREIRA, 730, NA, PONTO NOVO, ARACAJU-SE, CEP: 49047000  - Tel: 2121050000;
GOLDSUN PERES ASSIS EVANGELISTA;False;;M;05/03/1992 00:00:00;34;898004850671545;Consulta de Enfermagem;ELAINE APARECIDA DE SOUZA; K92  - DOENCAS DO APARELHO DIGESTIVO;<procedimento>, BARREIRAS PROTETORAS DE PELE SINTETICA E/OU MISTA EM FORMA DE PO / PASTA E/OU PLACA</procedimento><procedimento>, CONJUNTO DE PLACA E BOLSA PARA OSTOMA INTESTINAL</procedimento><procedimento>, CONSULTA DE PROFISSIONAIS DE NIVEL SUPERIOR NA ATENCAO ESPECIALIZADA (EXCETO MEDICO)</procedimento><procedimento>, CUIDADOS COM ESTOMAS</procedimento>;<procedimento>  0301010048 - CONSULTA DE PROFISSIONAIS DE NIVEL SUPERIOR NA ATENCAO ESPECIALIZADA (EXCETO MEDICO) - Quantidade: 1
</procedimento><procedimento>  0301100063 - CUIDADOS COM ESTOMAS - Quantidade: 1
</procedimento><procedimento>  0701050047 - CONJUNTO DE PLACA E BOLSA PARA OSTOMA INTESTINAL - Quantidade: 1
</procedimento><procedimento>  0701060018 - BARREIRAS PROTETORAS DE PELE SINTETICA E/OU MISTA EM FORMA DE PO / PASTA E/OU PLACA - Quantidade: 1
</procedimento>;N;;;N;Programada;16/09/2026 15:09:52;16/09/2026 00:00:00;16/09/2026 00:00:00;1h 11min 0s;AVENIDA ROBERTO SILVEIRA, S/N, FLAMENGO, MARICA-RJ, CEP: 24903815  - Tel: 6133152425;
SEVERINO FRANCISCO DA SILVA;False;;M;30/08/1952 00:00:00;74;704808006120846;Procedimento;VERONICA NASCIMENTO DA COSTA;;<procedimento>, ESCUTA INICIAL / ORIENTACAO (ACOLHIMENTO A DEMANDA ESPONTANEA)</procedimento>;<procedimento>  0301040079 - ESCUTA INICIAL / ORIENTACAO (ACOLHIMENTO A DEMANDA ESPONTANEA) - Quantidade: 1
</procedimento>;;;;;Espontanea;16/09/2026 15:28:48;16/09/2026 00:00:00;16/09/2026 00:00:00;1min 43s;RUA RUA DIAPOQUE LT  QUADRA, S/N, LOTEAMENTO CAMP, SAO JOSE DE IMBACAI, MARICA-RJ, CEP: 24900000  - Tel: 2121050000;
ANTONIO CARLOS RIBEIRO DA SILVA;False;;M;08/07/1953 00:00:00;73;702903510245477;Procedimento;VERONICA NASCIMENTO DA COSTA;;<procedimento>, ESCUTA INICIAL / ORIENTACAO (ACOLHIMENTO A DEMANDA ESPONTANEA)</procedimento>;<procedimento>  0301040079 - ESCUTA INICIAL / ORIENTACAO (ACOLHIMENTO A DEMANDA ESPONTANEA) - Quantidade: 1
</procedimento>;;;;;Espontanea;16/09/2026 15:31:12;16/09/2026 00:00:00;16/09/2026 00:00:00;30s;RUA VAN LERBERGUE, S/N, QD 352 LT 01, JARDIM ATLANTICO LESTE (ITAIPUACU), MARICA-RJ, CEP: 24933580  - Tel: 21985249352;
SUELLEN SOUZA DE MELLO DA CONCEICAO;False;;F;21/01/1984 00:00:00;42;700508528760456;Procedimento;VERONICA NASCIMENTO DA COSTA;;<procedimento>, ESCUTA INICIAL / ORIENTACAO (ACOLHIMENTO A DEMANDA ESPONTANEA)</procedimento>;<procedimento>  0301040079 - ESCUTA INICIAL / ORIENTACAO (ACOLHIMENTO A DEMANDA ESPONTANEA) - Quantidade: 1
</procedimento>;;;;;Espontanea;16/09/2026 15:38:48;16/09/2026 00:00:00;16/09/2026 00:00:00;1min 5s;RUA WALDOMIRO CLAUDIO NOGUEIRA FILHO, S/N, LT 16 QD 2, SAO JOSE DO IMBASSAI, MARICA-RJ, CEP: 24931655  - Tel: 21964694119;
CICERA ROQUE DA SILVA BARRETO;False;;F;20/09/1942 00:00:00;83;704604156100725;Procedimento;VERONICA NASCIMENTO DA COSTA;;<procedimento>, ESCUTA INICIAL / ORIENTACAO (ACOLHIMENTO A DEMANDA ESPONTANEA)</procedimento>;<procedimento>  0301040079 - ESCUTA INICIAL / ORIENTACAO (ACOLHIMENTO A DEMANDA ESPONTANEA) - Quantidade: 1
</procedimento>;;;;;Espontanea;16/09/2026 15:39:47;16/09/2026 00:00:00;16/09/2026 00:00:00;1min 5s;ESTRADA DE JACAROA 1/99998, S/N, JACAROA, MARICA-RJ, CEP: 24902490  - Tel: 21995980211;
SUELI FRANCISCA DE CAMPOS SANTOS;False;;F;29/07/1962 00:00:00;64;708103508697036;Escuta Inicial;SILVIA GOMES DA SILVA;;<procedimento>, ESCUTA INICIAL / ORIENTACAO (ACOLHIMENTO A DEMANDA ESPONTANEA)</procedimento>;<procedimento>  0301040079 - ESCUTA INICIAL / ORIENTACAO (ACOLHIMENTO A DEMANDA ESPONTANEA) - Quantidade: 1
</procedimento>;N;;;N;Espontanea;16/09/2026 15:49:38;16/09/2026 00:00:00;16/09/2026 00:00:00;1min 13s;RUA JUPIRA SILVA QUADRA, S/N, QD235 LT18, JARDIM ATLANTICO CENTRAL (ITAIPUACU), MARICA-RJ, CEP: 24934195  - Tel: 21993022088;
MIRTES RODRIGUES SERENO;False;;F;06/10/1955 00:00:00;70;700109902083815;Escuta Inicial;SILVIA GOMES DA SILVA;;<procedimento>, ESCUTA INICIAL / ORIENTACAO (ACOLHIMENTO A DEMANDA ESPONTANEA)</procedimento>;<procedimento>  0301040079 - ESCUTA INICIAL / ORIENTACAO (ACOLHIMENTO A DEMANDA ESPONTANEA) - Quantidade: 1
</procedimento>;N;;;N;Espontanea;16/09/2026 15:50:48;16/09/2026 00:00:00;16/09/2026 00:00:00;1min 11s;RUA B, 122, COND RES B ITAP, SAO JOSE DO IMBASSAI, MARICA-RJ, CEP: 24930024  - Tel: 3234624298;
LIDIA ESTELLA DA COSTA FILIPPO;False;;F;28/02/1968 00:00:00;58;709006848544114;Escuta Inicial;SILVIA GOMES DA SILVA;;<procedimento>, ESCUTA INICIAL / ORIENTACAO (ACOLHIMENTO A DEMANDA ESPONTANEA)</procedimento>;<procedimento>  0301040079 - ESCUTA INICIAL / ORIENTACAO (ACOLHIMENTO A DEMANDA ESPONTANEA) - Quantidade: 1
</procedimento>;N;;;N;Espontanea;16/09/2026 15:52:22;16/09/2026 00:00:00;16/09/2026 00:00:00;43s;RUA JARI, S/N, LT 14 QD 06, INOA (INOA), MARICA-RJ, CEP: 24943740  - Tel: 21998657455;
DENISE PEREIRA DA ROCHA;False;;F;29/04/1958 00:00:00;68;700001131477507;Escuta Inicial;SILVIA GOMES DA SILVA;;<procedimento>, ESCUTA INICIAL / ORIENTACAO (ACOLHIMENTO A DEMANDA ESPONTANEA)</procedimento>;<procedimento>  0301040079 - ESCUTA INICIAL / ORIENTACAO (ACOLHIMENTO A DEMANDA ESPONTANEA) - Quantidade: 1
</procedimento>;N;;;N;Espontanea;16/09/2026 15:53:20;16/09/2026 00:00:00;16/09/2026 00:00:00;43s;RUA C, 6, LT 6 QD 13, SAO JOSE DO IMBASSAI, MARICA-RJ, CEP: 24931330  - Tel: 2121050000;
MICHELE DO NASCIMENTO COELHO SOUZA;False;;F;03/12/1984 00:00:00;41;700406965029448;Escuta Inicial;SILVIA GOMES DA SILVA;;<procedimento>, ESCUTA INICIAL / ORIENTACAO (ACOLHIMENTO A DEMANDA ESPONTANEA)</procedimento>;<procedimento>  0301040079 - ESCUTA INICIAL / ORIENTACAO (ACOLHIMENTO A DEMANDA ESPONTANEA) - Quantidade: 1
</procedimento>;N;;;N;Espontanea;16/09/2026 15:54:35;16/09/2026 00:00:00;16/09/2026 00:00:00;1min 1s;RUA CLIMACO PEREIRA, 372, ARACATIBA, MARICA-RJ, CEP: 24902035  - Tel: 21995796141;
ROSANGELA FRANCELINO DA SILVA;False;;F;19/03/1972 00:00:00;54;700007384580700;Escuta Inicial;SILVIA GOMES DA SILVA;;<procedimento>, ESCUTA INICIAL / ORIENTACAO (ACOLHIMENTO A DEMANDA ESPONTANEA)</procedimento>;<procedimento>  0301040079 - ESCUTA INICIAL / ORIENTACAO (ACOLHIMENTO A DEMANDA ESPONTANEA) - Quantidade: 1
</procedimento>;N;;;N;Espontanea;16/09/2026 15:55:39;16/09/2026 00:00:00;16/09/2026 00:00:00;54s;RUA LEONARDO JOSE ANTUNES, S/N, STC BL5 AP401, INOA (INOA), MARICA-RJ, CEP: 24943255  - Tel: 21997012367;
CREMILDA FRANCISCA ROCHA;False;;F;06/01/1956 00:00:00;70;706708520829217;Procedimento;TATIANA PUREZA DA SILVA;;<procedimento>, ESCUTA INICIAL / ORIENTACAO (ACOLHIMENTO A DEMANDA ESPONTANEA)</procedimento>;<procedimento>  0301040079 - ESCUTA INICIAL / ORIENTACAO (ACOLHIMENTO A DEMANDA ESPONTANEA) - Quantidade: 1
</procedimento>;;;;;Espontanea;16/09/2026 15:57:02;16/09/2026 00:00:00;16/09/2026 00:00:00;18s;RUA DAS MIMOSAS, S/N, QD04  LT02 C01, BARROCO, MARICA-RJ, CEP: 24936090  - Tel: 21996149218;
ELAINE ROCHA DA SILVA;False;;F;07/12/1958 00:00:00;67;700708990105674;Procedimento;TATIANA PUREZA DA SILVA;;<procedimento>, ESCUTA INICIAL / ORIENTACAO (ACOLHIMENTO A DEMANDA ESPONTANEA)</procedimento>;<procedimento>  0301040079 - ESCUTA INICIAL / ORIENTACAO (ACOLHIMENTO A DEMANDA ESPONTANEA) - Quantidade: 1
</procedimento>;;;;;Espontanea;16/09/2026 15:57:55;16/09/2026 00:00:00;16/09/2026 00:00:00;1min 3s;RUA CORONEL BITTENCOURT, S/N, CENTRO, MARICA-RJ, CEP: 24900745  - Tel: 2120340749;
LUCIA HELENA GOULART WERNECK;False;;F;27/02/1971 00:00:00;55;708002359518828;Procedimento;TATIANA PUREZA DA SILVA;;<procedimento>, ESCUTA INICIAL / ORIENTACAO (ACOLHIMENTO A DEMANDA ESPONTANEA)</procedimento>;<procedimento>  0301040079 - ESCUTA INICIAL / ORIENTACAO (ACOLHIMENTO A DEMANDA ESPONTANEA) - Quantidade: 1
</procedimento>;;;;;Espontanea;16/09/2026 15:58:30;16/09/2026 00:00:00;16/09/2026 00:00:00;38s;RUA MANOEL FONSECA, S/N, LT 19 QD 116, JARDIM INTERLAGOS (PONTA NEGRA), MARICA-RJ, CEP: 24917075  - Tel: 21972183325;
MARGARETH SILVA FIRMINO;False;;F;10/11/1966 00:00:00;59;701000813949699;Procedimento;TATIANA PUREZA DA SILVA;;<procedimento>, ESCUTA INICIAL / ORIENTACAO (ACOLHIMENTO A DEMANDA ESPONTANEA)</procedimento>;<procedimento>  0301040079 - ESCUTA INICIAL / ORIENTACAO (ACOLHIMENTO A DEMANDA ESPONTANEA) - Quantidade: 1
</procedimento>;;;;;Espontanea;16/09/2026 15:59:33;16/09/2026 00:00:00;16/09/2026 00:00:00;49s;ESTRADA MONTE LIBANO, S/N, SANTA PAULA (INOA), MARICA-RJ, CEP: 24944660  - Tel: 21966399605;
SEVERINO GOMES BARBOSA;False;;M;11/04/1947 00:00:00;79;706201598092164;Procedimento;TATIANA PUREZA DA SILVA;;<procedimento>, ESCUTA INICIAL / ORIENTACAO (ACOLHIMENTO A DEMANDA ESPONTANEA)</procedimento>;<procedimento>  0301040079 - ESCUTA INICIAL / ORIENTACAO (ACOLHIMENTO A DEMANDA ESPONTANEA) - Quantidade: 1
</procedimento>;;;;;Espontanea;16/09/2026 15:59:01;16/09/2026 00:00:00;16/09/2026 00:00:00;8s;RUA NOVE, S/N, QD 33 LT 34, JARDIM ATLANTICO OESTE (ITAIPUACU), MARICA-RJ, CEP: 24935529  - Tel: 21967223355;
HELIO ESCORCIO;False;;M;10/09/1933 00:00:00;93;702907515730377;Escuta Inicial;SILVIA GOMES DA SILVA;;<procedimento>, ESCUTA INICIAL / ORIENTACAO (ACOLHIMENTO A DEMANDA ESPONTANEA)</procedimento>;<procedimento>  0301040079 - ESCUTA INICIAL / ORIENTACAO (ACOLHIMENTO A DEMANDA ESPONTANEA) - Quantidade: 1
</procedimento>;N;;;N;Espontanea;16/09/2026 16:01:00;16/09/2026 00:00:00;16/09/2026 00:00:00;20s;RUA TRES, S/N, QD C LT 02, INOA (INOA), MARICA-RJ, CEP: 24943250  - Tel: 21985950559;
GERALDO SILVA;False;;M;04/12/1938 00:00:00;87;705009022987553;Procedimento;TATIANA PUREZA DA SILVA;;<procedimento>, ESCUTA INICIAL / ORIENTACAO (ACOLHIMENTO A DEMANDA ESPONTANEA)</procedimento>;<procedimento>  0301040079 - ESCUTA INICIAL / ORIENTACAO (ACOLHIMENTO A DEMANDA ESPONTANEA) - Quantidade: 1
</procedimento>;;;;;Espontanea;16/09/2026 16:02:09;16/09/2026 00:00:00;16/09/2026 00:00:00;21s;ALAMEDA GRAVATA, 18, QD A, SAO JOSE DO IMBASSAI, MARICA-RJ, CEP: 24931745  - Tel: 21979561430;
MARIA CONCEICAO DA SILVA;False;;F;26/09/1961 00:00:00;64;704609173768423;Escuta Inicial;SILVIA GOMES DA SILVA;;<procedimento>, ESCUTA INICIAL / ORIENTACAO (ACOLHIMENTO A DEMANDA ESPONTANEA)</procedimento>;<procedimento>  0301040079 - ESCUTA INICIAL / ORIENTACAO (ACOLHIMENTO A DEMANDA ESPONTANEA) - Quantidade: 1
</procedimento>;N;;;N;Espontanea;16/09/2026 16:06:10;16/09/2026 00:00:00;16/09/2026 00:00:00;31s;RUA JOSE SANTOS DE SIQUEIRA CASTRO, 21, BOSQUE D LORDES, MARQUES DE MARICA, MARICA-RJ, CEP: 24904525  - Tel: 21973427143;
JORGE ALVES DE SOUZA;False;;M;23/04/1959 00:00:00;67;703606025977333;Escuta Inicial;SILVIA GOMES DA SILVA;;<procedimento>, ESCUTA INICIAL / ORIENTACAO (ACOLHIMENTO A DEMANDA ESPONTANEA)</procedimento>;<procedimento>  0301040079 - ESCUTA INICIAL / ORIENTACAO (ACOLHIMENTO A DEMANDA ESPONTANEA) - Quantidade: 1
</procedimento>;N;;;N;Espontanea;16/09/2026 16:07:00;16/09/2026 00:00:00;16/09/2026 00:00:00;18s;RUA LUCIO JOSE DE MARINS, 950, ZACARIAS, MARICA-RJ, CEP: 24915130  - Tel: 21967225999;
LEILA GUIMARAES RAMOS;False;;F;15/07/1970 00:00:00;56;700205479451025;Escuta Inicial;SILVIA GOMES DA SILVA;;<procedimento>, ESCUTA INICIAL / ORIENTACAO (ACOLHIMENTO A DEMANDA ESPONTANEA)</procedimento>;<procedimento>  0301040079 - ESCUTA INICIAL / ORIENTACAO (ACOLHIMENTO A DEMANDA ESPONTANEA) - Quantidade: 1
</procedimento>;N;;;N;Espontanea;16/09/2026 16:08:08;16/09/2026 00:00:00;16/09/2026 00:00:00;33s;RUA DAS MAGNOLIAS, S/N, QD 03 LT 18, SAO JOSE DO IMBASSAI, MARICA-RJ, CEP: 24930488  - Tel: 21965432664;
MARIA DE FATIMA TEIXEIRA ARAUJO;False;;F;22/07/1962 00:00:00;64;705004092009653;Escuta Inicial;SILVIA GOMES DA SILVA;;<procedimento>, ESCUTA INICIAL / ORIENTACAO (ACOLHIMENTO A DEMANDA ESPONTANEA)</procedimento>;<procedimento>  0301040079 - ESCUTA INICIAL / ORIENTACAO (ACOLHIMENTO A DEMANDA ESPONTANEA) - Quantidade: 1
</procedimento>;N;;;N;Espontanea;16/09/2026 16:09:12;16/09/2026 00:00:00;16/09/2026 00:00:00;32s;RUA SETENTA E SEIS, S/N, LOTE10QUADRA90, GUARATIBA (PONTA NEGRA), MARICA-RJ, CEP: 24916470  - Tel: 21996136417;
FABIO ARAUJO DOS SANTOS;False;;M;22/12/1977 00:00:00;48;706004301543647;Escuta Inicial;SILVIA GOMES DA SILVA;;<procedimento>, ESCUTA INICIAL / ORIENTACAO (ACOLHIMENTO A DEMANDA ESPONTANEA)</procedimento>;<procedimento>  0301040079 - ESCUTA INICIAL / ORIENTACAO (ACOLHIMENTO A DEMANDA ESPONTANEA) - Quantidade: 1
</procedimento>;N;;;N;Espontanea;16/09/2026 16:10:16;16/09/2026 00:00:00;16/09/2026 00:00:00;35s;RUA OITO, S/N, CAJUEIROS (ITAIPUACU), MARICA-RJ, CEP: 24932385  - Tel: 21970627191;
ELISANGELA PAULA DIAS DE AMORIM DA SILVA;False;;F;16/09/1985 00:00:00;41;705008677647754;Escuta Inicial;SILVIA GOMES DA SILVA;;<procedimento>, ESCUTA INICIAL / ORIENTACAO (ACOLHIMENTO A DEMANDA ESPONTANEA)</procedimento>;<procedimento>  0301040079 - ESCUTA INICIAL / ORIENTACAO (ACOLHIMENTO A DEMANDA ESPONTANEA) - Quantidade: 1
</procedimento>;N;;;N;Espontanea;16/09/2026 16:11:20;16/09/2026 00:00:00;16/09/2026 00:00:00;36s;RODOVIA ERNANI DO AMARAL PEIXOTO, 584, CASA 01, SAO JOSE DO IMBASSAI, MARICA-RJ, CEP: 24931000  - Tel: 21974474677;
MARISA AMELIA DUTRA;False;;F;20/02/1943 00:00:00;83;703300249778110;Escuta Inicial;SILVIA GOMES DA SILVA;;<procedimento>, ESCUTA INICIAL / ORIENTACAO (ACOLHIMENTO A DEMANDA ESPONTANEA)</procedimento>;<procedimento>  0301040079 - ESCUTA INICIAL / ORIENTACAO (ACOLHIMENTO A DEMANDA ESPONTANEA) - Quantidade: 1
</procedimento>;N;;;N;Espontanea;16/09/2026 16:12:35;16/09/2026 00:00:00;16/09/2026 00:00:00;1min 0s;RUA DOZE, S/N, LOTE02QUADRA20, CORDEIRINHO (PONTA NEGRA), MARICA-RJ, CEP: 24921620  - Tel: 21995141482;
MARCIA ANDREA JESUS RANGEL;False;;F;28/08/1973 00:00:00;53;701409655673633;Escuta Inicial;SILVIA GOMES DA SILVA;;<procedimento>, ESCUTA INICIAL / ORIENTACAO (ACOLHIMENTO A DEMANDA ESPONTANEA)</procedimento>;<procedimento>  0301040079 - ESCUTA INICIAL / ORIENTACAO (ACOLHIMENTO A DEMANDA ESPONTANEA) - Quantidade: 1
</procedimento>;N;;;N;Espontanea;16/09/2026 16:13:51;16/09/2026 00:00:00;16/09/2026 00:00:00;1min 7s;RUA ALFREDO RITTER, S/N, LT28 QD100, CORDEIRINHO (PONTA NEGRA), MARICA-RJ, CEP: 24921300  - Tel: 21973494251;
CELSO RODRIGUES DA SILVA;False;;M;16/11/1949 00:00:00;76;705006611743850;Escuta Inicial;SILVIA GOMES DA SILVA;;<procedimento>, ESCUTA INICIAL / ORIENTACAO (ACOLHIMENTO A DEMANDA ESPONTANEA)</procedimento>;<procedimento>  0301040079 - ESCUTA INICIAL / ORIENTACAO (ACOLHIMENTO A DEMANDA ESPONTANEA) - Quantidade: 1
</procedimento>;N;;;N;Espontanea;16/09/2026 16:14:57;16/09/2026 00:00:00;16/09/2026 00:00:00;1min 12s;RUA CINQUENTA E CINCO, S/N, QD216 LT40, JARDIM ATLANTICO CENTRAL (ITAIPUACU), MARICA-RJ, CEP: 24934210  - Tel: 21994813695;
ARTHUR LUKAS PAIVA RAMALHO;False;;M;19/03/2020 00:00:00;6;700208497800926;Escuta Inicial;SILVIA GOMES DA SILVA;;<procedimento>, ESCUTA INICIAL / ORIENTACAO (ACOLHIMENTO A DEMANDA ESPONTANEA)</procedimento>;<procedimento>  0301040079 - ESCUTA INICIAL / ORIENTACAO (ACOLHIMENTO A DEMANDA ESPONTANEA) - Quantidade: 1
</procedimento>;N;;;N;Espontanea;16/09/2026 16:15:50;16/09/2026 00:00:00;16/09/2026 00:00:00;1min 7s;AVENIDA ORESTES VEREZA, 48, CASA 04, SPAR (INOA), MARICA-RJ, CEP: 24944256  - Tel: 21994470570;
PAULO CESAR TEIXEIRA;False;;M;05/09/1954 00:00:00;72;709609607178877;Escuta Inicial;SILVIA GOMES DA SILVA;;<procedimento>, AFERICAO DE PRESSAO ARTERIAL</procedimento><procedimento>, AVALIACAO ANTROPOMETRICA</procedimento><procedimento>, ESCUTA INICIAL / ORIENTACAO (ACOLHIMENTO A DEMANDA ESPONTANEA)</procedimento>;<procedimento>  0101040024 - AVALIACAO ANTROPOMETRICA - Quantidade: 1
</procedimento><procedimento>  0301040079 - ESCUTA INICIAL / ORIENTACAO (ACOLHIMENTO A DEMANDA ESPONTANEA) - Quantidade: 1
</procedimento><procedimento>  0301100039 - AFERICAO DE PRESSAO ARTERIAL - Quantidade: 1
</procedimento>;N;;;N;Espontanea;16/09/2026 16:18:53;16/09/2026 00:00:00;16/09/2026 00:00:00;1min 54s;RUA DEZ, S/N, CAJUEIROS (ITAIPUACU), MARICA-RJ, CEP: 24932170  - Tel: 21994771910;
SUELLEN SOUZA DE MELLO DA CONCEICAO;False;;F;21/01/1984 00:00:00;42;700508528760456;Escuta Inicial;SILVIA GOMES DA SILVA;;<procedimento>, AFERICAO DE PRESSAO ARTERIAL</procedimento><procedimento>, AVALIACAO ANTROPOMETRICA</procedimento><procedimento>, ESCUTA INICIAL / ORIENTACAO (ACOLHIMENTO A DEMANDA ESPONTANEA)</procedimento>;<procedimento>  0101040024 - AVALIACAO ANTROPOMETRICA - Quantidade: 1
</procedimento><procedimento>  0301040079 - ESCUTA INICIAL / ORIENTACAO (ACOLHIMENTO A DEMANDA ESPONTANEA) - Quantidade: 1
</procedimento><procedimento>  0301100039 - AFERICAO DE PRESSAO ARTERIAL - Quantidade: 1
</procedimento>;N;;;N;Espontanea;16/09/2026 16:20:59;16/09/2026 00:00:00;16/09/2026 00:00:00;2min 28s;RUA WALDOMIRO CLAUDIO NOGUEIRA FILHO, S/N, LT 16 QD 2, SAO JOSE DO IMBASSAI, MARICA-RJ, CEP: 24931655  - Tel: 21964694119;
MARCOS XAVIER DE SANTANA;False;;M;09/10/1967 00:00:00;58;704206599505290;Procedimento;TATIANA PUREZA DA SILVA;;<procedimento>, ESCUTA INICIAL / ORIENTACAO (ACOLHIMENTO A DEMANDA ESPONTANEA)</procedimento>;<procedimento>  0301040079 - ESCUTA INICIAL / ORIENTACAO (ACOLHIMENTO A DEMANDA ESPONTANEA) - Quantidade: 1
</procedimento>;;;;;Espontanea;16/09/2026 16:22:30;16/09/2026 00:00:00;16/09/2026 00:00:00;39s;RUA R FERNANDO MENDES, 32, INOA, MARICA-RJ, CEP: 24910000  - Tel: 2127160491;
ANTONIO CARLOS RIBEIRO DA SILVA;False;;M;08/07/1953 00:00:00;73;702903510245477;Escuta Inicial;SILVIA GOMES DA SILVA;;<procedimento>, AFERICAO DE PRESSAO ARTERIAL</procedimento><procedimento>, AVALIACAO ANTROPOMETRICA</procedimento><procedimento>, ESCUTA INICIAL / ORIENTACAO (ACOLHIMENTO A DEMANDA ESPONTANEA)</procedimento>;<procedimento>  0101040024 - AVALIACAO ANTROPOMETRICA - Quantidade: 1
</procedimento><procedimento>  0301040079 - ESCUTA INICIAL / ORIENTACAO (ACOLHIMENTO A DEMANDA ESPONTANEA) - Quantidade: 1
</procedimento><procedimento>  0301100039 - AFERICAO DE PRESSAO ARTERIAL - Quantidade: 1
</procedimento>;N;;;N;Espontanea;16/09/2026 16:23:06;16/09/2026 00:00:00;16/09/2026 00:00:00;58s;RUA VAN LERBERGUE, S/N, QD 352 LT 01, JARDIM ATLANTICO LESTE (ITAIPUACU), MARICA-RJ, CEP: 24933580  - Tel: 21985249352;
ALTAMIR LUIZ GONCALVES;False;;M;28/01/1949 00:00:00;77;702600284720149;Escuta Inicial;SILVIA GOMES DA SILVA;;<procedimento>, AFERICAO DE PRESSAO ARTERIAL</procedimento><procedimento>, AVALIACAO ANTROPOMETRICA</procedimento><procedimento>, ESCUTA INICIAL / ORIENTACAO (ACOLHIMENTO A DEMANDA ESPONTANEA)</procedimento>;<procedimento>  0101040024 - AVALIACAO ANTROPOMETRICA - Quantidade: 1
</procedimento><procedimento>  0301040079 - ESCUTA INICIAL / ORIENTACAO (ACOLHIMENTO A DEMANDA ESPONTANEA) - Quantidade: 1
</procedimento><procedimento>  0301100039 - AFERICAO DE PRESSAO ARTERIAL - Quantidade: 1
</procedimento>;N;;;N;Espontanea;16/09/2026 16:24:45;16/09/2026 00:00:00;16/09/2026 00:00:00;1min 48s;RUA ASSIS COELHO DA SILVA, 6, QD  CS, BARRA DE MARICA, MARICA-RJ, CEP: 24915570  - Tel: 6133152425;
SEVERINO FRANCISCO DA SILVA;False;;M;30/08/1952 00:00:00;74;704808006120846;Escuta Inicial;SILVIA GOMES DA SILVA;;<procedimento>, AFERICAO DE PRESSAO ARTERIAL</procedimento><procedimento>, AVALIACAO ANTROPOMETRICA</procedimento><procedimento>, ESCUTA INICIAL / ORIENTACAO (ACOLHIMENTO A DEMANDA ESPONTANEA)</procedimento>;<procedimento>  0101040024 - AVALIACAO ANTROPOMETRICA - Quantidade: 1
</procedimento><procedimento>  0301040079 - ESCUTA INICIAL / ORIENTACAO (ACOLHIMENTO A DEMANDA ESPONTANEA) - Quantidade: 1
</procedimento><procedimento>  0301100039 - AFERICAO DE PRESSAO ARTERIAL - Quantidade: 1
</procedimento>;N;;;N;Espontanea;16/09/2026 16:26:38;16/09/2026 00:00:00;16/09/2026 00:00:00;1min 30s;RUA RUA DIAPOQUE LT  QUADRA, S/N, LOTEAMENTO CAMP, SAO JOSE DE IMBACAI, MARICA-RJ, CEP: 24900000  - Tel: 2121050000;
SPENCER DOS SANTOS FERREIRA;False;;M;09/10/1955 00:00:00;70;700503383766756;Consulta de Enfermagem;ELAINE APARECIDA DE SOUZA; K92  - DOENCAS DO APARELHO DIGESTIVO, K92  - DOENCAS DO APARELHO DIGESTIVO;<procedimento>, BARREIRAS PROTETORAS DE PELE SINTETICA E/OU MISTA EM FORMA DE PO / PASTA E/OU PLACA</procedimento><procedimento>, CONJUNTO DE PLACA E BOLSA PARA OSTOMA INTESTINAL</procedimento><procedimento>, CONSULTA DE PROFISSIONAIS DE NIVEL SUPERIOR NA ATENCAO ESPECIALIZADA (EXCETO MEDICO)</procedimento>;<procedimento>  0301010048 - CONSULTA DE PROFISSIONAIS DE NIVEL SUPERIOR NA ATENCAO ESPECIALIZADA (EXCETO MEDICO) - Quantidade: 1
</procedimento><procedimento>  0701050047 - CONJUNTO DE PLACA E BOLSA PARA OSTOMA INTESTINAL - Quantidade: 10
</procedimento><procedimento>  0701060018 - BARREIRAS PROTETORAS DE PELE SINTETICA E/OU MISTA EM FORMA DE PO / PASTA E/OU PLACA - Quantidade: 1
</procedimento>;N;;;N;Programada;16/09/2026 16:37:09;16/09/2026 00:00:00;16/09/2026 00:00:00;4min 0s;RUA SEM INFORMACAO, S/N, QD  LT, ARACATIBA, MARICA-RJ, CEP: 24900000  - Tel: 21985474506;
RAFAEL DA CONCEICAO;False;;M;20/10/2023 00:00:00;2;702906517052375;Consulta de Enfermagem;ELAINE APARECIDA DE SOUZA; K92  - DOENCAS DO APARELHO DIGESTIVO;<procedimento>, BARREIRAS PROTETORAS DE PELE SINTETICA E/OU MISTA EM FORMA DE PO / PASTA E/OU PLACA</procedimento><procedimento>, BOLSA DE COLOSTOMIA COM ADESIVO MICROPORO DRENAVEL</procedimento><procedimento>, CONSULTA DE PROFISSIONAIS DE NIVEL SUPERIOR NA ATENCAO ESPECIALIZADA (EXCETO MEDICO)</procedimento><procedimento>, CONSULTA DE PROFISSIONAIS DE NIVEL SUPERIOR NA ATENCAO PRIMARIA (EXCETO MEDICO)</procedimento>;<procedimento>  0301010030 - CONSULTA DE PROFISSIONAIS DE NIVEL SUPERIOR NA ATENCAO PRIMARIA (EXCETO MEDICO) - Quantidade: 1
</procedimento><procedimento>  0301010048 - CONSULTA DE PROFISSIONAIS DE NIVEL SUPERIOR NA ATENCAO ESPECIALIZADA (EXCETO MEDICO) - Quantidade: 1
</procedimento><procedimento>  0701050020 - BOLSA DE COLOSTOMIA COM ADESIVO MICROPORO DRENAVEL - Quantidade: 30
</procedimento><procedimento>  0701060018 - BARREIRAS PROTETORAS DE PELE SINTETICA E/OU MISTA EM FORMA DE PO / PASTA E/OU PLACA - Quantidade: 1
</procedimento>;N;;;N;Programada;16/09/2026 16:44:48;16/09/2026 00:00:00;16/09/2026 00:00:00;8min 41s;ESTRADA PONTA NEGRA-SAMPAIO CORREIA, S/N, FONTE ANTARES, JACONE (PONTA NEGRA), MARICA-RJ, CEP: 24923500  - Tel: 21997751524;
MARIA APARECIDA FLORENCIO;False;;F;17/05/1966 00:00:00;60;704206725808080;Consulta de Enfermagem;ELAINE APARECIDA DE SOUZA; K92  - DOENCAS DO APARELHO DIGESTIVO;<procedimento>, BARREIRAS PROTETORAS DE PELE SINTETICA E/OU MISTA EM FORMA DE PO / PASTA E/OU PLACA</procedimento><procedimento>, BOLSA DE COLOSTOMIA COM ADESIVO MICROPORO DRENAVEL</procedimento><procedimento>, CONSULTA DE PROFISSIONAIS DE NIVEL SUPERIOR NA ATENCAO ESPECIALIZADA (EXCETO MEDICO)</procedimento>;<procedimento>  0301010048 - CONSULTA DE PROFISSIONAIS DE NIVEL SUPERIOR NA ATENCAO ESPECIALIZADA (EXCETO MEDICO) - Quantidade: 1
</procedimento><procedimento>  0701050020 - BOLSA DE COLOSTOMIA COM ADESIVO MICROPORO DRENAVEL - Quantidade: 15
</procedimento><procedimento>  0701060018 - BARREIRAS PROTETORAS DE PELE SINTETICA E/OU MISTA EM FORMA DE PO / PASTA E/OU PLACA - Quantidade: 1
</procedimento>;N;;;N;Programada;16/09/2026 16:45:13;16/09/2026 00:00:00;16/09/2026 00:00:00;4min 0s;RUA CENTO E SEIS, S/N, BALNEARIO BAMBUI (PONTA NEGRA), MARICA-RJ, CEP: 24921030  - Tel: 21972602168;
JOSE MARCOLINO DOS SANTOS;False;;M;21/07/1949 00:00:00;77;700704998444776;Procedimento;VERONICA NASCIMENTO DA COSTA;;<procedimento>, ESCUTA INICIAL / ORIENTACAO (ACOLHIMENTO A DEMANDA ESPONTANEA)</procedimento>;<procedimento>  0301040079 - ESCUTA INICIAL / ORIENTACAO (ACOLHIMENTO A DEMANDA ESPONTANEA) - Quantidade: 1
</procedimento>;;;;;Espontanea;17/09/2026 07:06:50;17/09/2026 00:00:00;17/09/2026 00:00:00;1min 8s;RUA CELSO FARIAS, S/N, LOTE 10 QUADRA 113, CORDEIRINHO (PONTA NEGRA), MARICA-RJ, CEP: 24921320  - Tel: 21976608344;
CATIA ROSA;False;;F;05/05/1969 00:00:00;57;709202271088336;Consulta c/ Neurologista;SAMUEL SANTOS DO NASCIMENTO JUNIOR; R51  - CEFALEIA;<procedimento>, CONSULTA MEDICA EM ATENCAO ESPECIALIZADA</procedimento>;<procedimento>  0301010072 - CONSULTA MEDICA EM ATENCAO ESPECIALIZADA - Quantidade: 1
</procedimento>;N;;;N;Espontanea;17/09/2026 08:02:25;17/09/2026 00:00:00;17/09/2026 00:00:00;23min 41s;RUA VEREADOR TUNINHO DO BIRINIGTH, S/N, QD 145 LT 38, JARDIM ATLANTICO CENTRAL (ITAIPUACU), MARICA-RJ, CEP: 24934325  - Tel: 21973902070;
ANA CLAUDIA DA SILVA;False;;F;28/12/1971 00:00:00;54;707609253834893;Consulta de Enfermagem;ELAINE APARECIDA DE SOUZA; K92  - DOENCAS DO APARELHO DIGESTIVO;<procedimento>, BARREIRAS PROTETORAS DE PELE SINTETICA E/OU MISTA EM FORMA DE PO / PASTA E/OU PLACA</procedimento><procedimento>, CONJUNTO DE PLACA E BOLSA PARA OSTOMA INTESTINAL</procedimento><procedimento>, CONSULTA DE PROFISSIONAIS DE NIVEL SUPERIOR NA ATENCAO ESPECIALIZADA (EXCETO MEDICO)</procedimento>;<procedimento>  0301010048 - CONSULTA DE PROFISSIONAIS DE NIVEL SUPERIOR NA ATENCAO ESPECIALIZADA (EXCETO MEDICO) - Quantidade: 1
</procedimento><procedimento>  0701050047 - CONJUNTO DE PLACA E BOLSA PARA OSTOMA INTESTINAL - Quantidade: 10
</procedimento><procedimento>  0701060018 - BARREIRAS PROTETORAS DE PELE SINTETICA E/OU MISTA EM FORMA DE PO / PASTA E/OU PLACA - Quantidade: 1
</procedimento>;N;;;N;Programada;17/09/2026 08:21:46;17/09/2026 00:00:00;17/09/2026 00:00:00;22min 0s;RODOVIA VEREADOR OLDEMAR GUEDES FIGUEIREDO, S/N, LAGARTO, MARICA-RJ, CEP: 24907000  - Tel: 21968658509;
WALDEMAR LIMA RIBEIRO;False;;M;18/04/1958 00:00:00;68;702501292078940;Consulta de Enfermagem;MAURO BATISTA DE BARROS; T140 - TRAUMATISMO SUPERFICIAL DE REGIAO NAO ESPECIFICADA DO CORPO;<procedimento>, CONSULTA DE PROFISSIONAIS DE NIVEL SUPERIOR NA ATENCAO ESPECIALIZADA (EXCETO MEDICO)</procedimento><procedimento>, CURATIVO ESPECIAL</procedimento>;<procedimento>  0301010048 - CONSULTA DE PROFISSIONAIS DE NIVEL SUPERIOR NA ATENCAO ESPECIALIZADA (EXCETO MEDICO) - Quantidade: 1
</procedimento><procedimento>  0301100276 - CURATIVO ESPECIAL - Quantidade: 1
</procedimento>;N;;;N;Programada;17/09/2026 08:33:24;17/09/2026 00:00:00;17/09/2026 00:00:00;20min 54s;RUA UM, S/N, LT 04 QD 06 CS 01, SAO JOSE DO IMBASSAI, MARICA-RJ, CEP: 24930154  - Tel: 21982636282;
CARLOS CORDEIRO DE AZEVEDO;False;;M;07/10/1938 00:00:00;87;702108702768097;Consulta c/ Cardiologista;LUCIANA FIRMINO PONCE; I062 - ESTENOSE AORTICA REUMATICA COM INSUFICIENCIA;<procedimento>, CONSULTA MEDICA EM ATENCAO ESPECIALIZADA</procedimento>;<procedimento>  0301010072 - CONSULTA MEDICA EM ATENCAO ESPECIALIZADA - Quantidade: 1
</procedimento>;N;;;N;Programada;17/09/2026 08:47:28;17/09/2026 00:00:00;17/09/2026 00:00:00;11min 56s;RUA MARACA, S/N, QD 46 LT 08, SAO JOSE DO IMBASSAI, MARICA-RJ, CEP: 24931068  - Tel: 21971943113;
MARCOS AURELIO DE ALMEIDA PEREIRA;False;;M;26/06/1973 00:00:00;53;700905916982697;Consulta c/ Ortopedista e Traumatologista;FERNANDO ANTONIO KLAES; M54  - DORSALGIA;<procedimento>, CONSULTA MEDICA EM ATENCAO ESPECIALIZADA</procedimento>;<procedimento>  0301010072 - CONSULTA MEDICA EM ATENCAO ESPECIALIZADA - Quantidade: 1
</procedimento>;N;;;N;Programada;17/09/2026 08:53:11;17/09/2026 00:00:00;17/09/2026 00:00:00;10min 28s;RUA COIMBRA, 08, Lote 08 Quadra 497, JARDIM ATLANTICO LESTE (ITAIPUACU), MARICA-RJ, CEP: 24933185  - Tel: 21968145577;
MAURIZA DE MATTOS ISAIAS;False;;F;26/09/1955 00:00:00;70;704802054670944;Consulta de Enfermagem;MAURO BATISTA DE BARROS; T140 - TRAUMATISMO SUPERFICIAL DE REGIAO NAO ESPECIFICADA DO CORPO;<procedimento>, CONSULTA DE PROFISSIONAIS DE NIVEL SUPERIOR NA ATENCAO ESPECIALIZADA (EXCETO MEDICO)</procedimento><procedimento>, CURATIVO ESPECIAL</procedimento>;<procedimento>  0301010048 - CONSULTA DE PROFISSIONAIS DE NIVEL SUPERIOR NA ATENCAO ESPECIALIZADA (EXCETO MEDICO) - Quantidade: 1
</procedimento><procedimento>  0301100276 - CURATIVO ESPECIAL - Quantidade: 1
</procedimento>;N;;;N;Programada;17/09/2026 08:54:07;17/09/2026 00:00:00;17/09/2026 00:00:00;10min 54s;ESTRADA MONTE LIBANO, S/N, SITIO 08 B CS 02, SANTA PAULA (INOA), MARICA-RJ, CEP: 24944660  - Tel: 21966511437;
ANGELA RODRIGUES ARAUJO;False;;F;30/03/1957 00:00:00;69;706204012540167;Consulta c/ Cardiologista;LUCIANA FIRMINO PONCE; I10  - HIPERTENSAO ESSENCIAL (PRIMARIA);<procedimento>, CONSULTA MEDICA EM ATENCAO ESPECIALIZADA</procedimento>;<procedimento>  0301010072 - CONSULTA MEDICA EM ATENCAO ESPECIALIZADA - Quantidade: 1
</procedimento>;S;ECOCARDIOGRAFIA TRANSTORACICA
;;N;Programada;17/09/2026 08:59:21;17/09/2026 00:00:00;17/09/2026 00:00:00;12min 16s;RODOVIA ERNANI DO AMARAL PEIXOTO, 32, KM21,5, SAO JOSE DO IMBASSAI, MARICA-RJ, CEP: 24931000  - Tel: 21972008573;
ANA LUCIA GONCALVES DA SILVA GARCIA;False;;F;08/05/1975 00:00:00;51;709809087821698;Procedimento;RENATO ROQUE DE ANDRADE;;<procedimento>, MAMOGRAFIA BILATERAL PARA RASTREAMENTO</procedimento>;<procedimento>  0204030188 - MAMOGRAFIA BILATERAL PARA RASTREAMENTO - Quantidade: 1
</procedimento>;;;;;Espontanea;17/09/2026 11:43:58;17/09/2026 00:00:00;17/09/2026 00:00:00;0s;RUA ORLANDO SILVA, 336, CS 02, ITAPEBA, MARICA-RJ, CEP: 24912240  - Tel: 21999999991;
ANA MARIA GOMES DA SILVA;False;;F;25/07/1954 00:00:00;72;;Procedimento;RENATO ROQUE DE ANDRADE;;<procedimento>, MAMOGRAFIA BILATERAL PARA RASTREAMENTO</procedimento>;<procedimento>  0204030188 - MAMOGRAFIA BILATERAL PARA RASTREAMENTO - Quantidade: 1
</procedimento>;;;;;Espontanea;17/09/2026 11:47:15;17/09/2026 00:00:00;17/09/2026 00:00:00;0s;RUA LEONEL BRIZOLA, S/N, BARROCO (ITAIPUACU), MARICA-RJ, CEP: 24936540  - Tel: 21985082165;
ANDREIA SIMOES DE OLIVEIRA;False;;F;01/07/1986 00:00:00;40;700009525157606;Procedimento;RENATO ROQUE DE ANDRADE;;<procedimento>, MAMOGRAFIA BILATERAL PARA RASTREAMENTO</procedimento>;<procedimento>  0204030188 - MAMOGRAFIA BILATERAL PARA RASTREAMENTO - Quantidade: 1
</procedimento>;;;;;Espontanea;17/09/2026 11:55:38;17/09/2026 00:00:00;17/09/2026 00:00:00;0s;RUA PADRE ARLINDO VIEIRA, S/N, QD 11 LT 05, ARACATIBA, MARICA-RJ, CEP: 24901885  - Tel: 21990626279;
ANGELA RODRIGUES ARAUJO;False;;F;30/03/1957 00:00:00;69;706204012540167;Procedimento;LUCIANA FIRMINO PONCE;;<procedimento>, ELETROCARDIOGRAMA</procedimento>;<procedimento>  0211020036 - ELETROCARDIOGRAMA - Quantidade: 1
</procedimento>;;;;;Espontanea;17/09/2026 10:56:25;17/09/2026 00:00:00;17/09/2026 00:00:00;0s;RODOVIA ERNANI DO AMARAL PEIXOTO, 32, KM21,5, SAO JOSE DO IMBASSAI, MARICA-RJ, CEP: 24931000  - Tel: 21972008573;
BIANCA SILVA DOS SANTOS;False;;F;06/09/1974 00:00:00;52;704701727822235;Procedimento;LUCIANA FIRMINO PONCE;;<procedimento>, ELETROCARDIOGRAMA</procedimento>;<procedimento>  0211020036 - ELETROCARDIOGRAMA - Quantidade: 1
</procedimento>;;;;;Espontanea;17/09/2026 10:54:07;17/09/2026 00:00:00;17/09/2026 00:00:00;0s;RUA X, S/N, SETOR B BLOCO 3 APT 02, CHACARAS DE INOA (INOA), MARICA-RJ, CEP: 24940653  - Tel: 21970980750;
CAMILA DELFOENTE DETONI FERREIRA;False;;F;28/07/1983 00:00:00;43;706707564580515;Procedimento;RENATO ROQUE DE ANDRADE;;<procedimento>, MAMOGRAFIA BILATERAL PARA RASTREAMENTO</procedimento>;<procedimento>  0204030188 - MAMOGRAFIA BILATERAL PARA RASTREAMENTO - Quantidade: 1
</procedimento>;;;;;Espontanea;17/09/2026 12:02:43;17/09/2026 00:00:00;17/09/2026 00:00:00;0s;ALAMEDA MARICA, S/N, QD 6 LT 1, CONDADO DE MARICA, MARICA-RJ, CEP: 24905010  - Tel: 6133152425;
CARLOS CORDEIRO DE AZEVEDO;False;;M;07/10/1938 00:00:00;87;702108702768097;Procedimento;LUCIANA FIRMINO PONCE;;<procedimento>, ELETROCARDIOGRAMA</procedimento>;<procedimento>  0211020036 - ELETROCARDIOGRAMA - Quantidade: 1
</procedimento>;;;;;Espontanea;17/09/2026 10:50:00;17/09/2026 00:00:00;17/09/2026 00:00:00;0s;RUA MARACA, S/N, QD 46 LT 08, SAO JOSE DO IMBASSAI, MARICA-RJ, CEP: 24931068  - Tel: 21971943113;
CELIO CAYRES NETO;False;;M;13/12/1961 00:00:00;64;700404455664840;Procedimento;MARIA SILVIA DA FONSECA E SILVA LEVY;;<procedimento>, ELETROCARDIOGRAMA</procedimento>;<procedimento>  0211020036 - ELETROCARDIOGRAMA - Quantidade: 1
</procedimento>;;;;;Espontanea;17/09/2026 14:56:07;17/09/2026 00:00:00;17/09/2026 00:00:00;0s;AVENIDA PREFEITO ALCEBIADES MENDES, S/N, SAO JOSE DO IMBASSAI, MARICA-RJ, CEP: 24931870  - Tel: 21968666640;
CREUSA VALDINA ALMEIDA DA CRUZ;False;;F;24/06/1955 00:00:00;71;700805932097687;Procedimento;LUCIANA FIRMINO PONCE;;<procedimento>, ELETROCARDIOGRAMA</procedimento>;<procedimento>  0211020036 - ELETROCARDIOGRAMA - Quantidade: 1
</procedimento>;;;;;Espontanea;17/09/2026 10:57:46;17/09/2026 00:00:00;17/09/2026 00:00:00;0s;RUA DEZ, S/N, QD 08 LT 12, INOA (INOA), MARICA-RJ, CEP: 24942370  - Tel: 21998780202;
CRISTIANE GALVAO DE OLIVEIRA;False;;F;09/12/1974 00:00:00;51;898005988774212;Procedimento;RENATO ROQUE DE ANDRADE;;<procedimento>, MAMOGRAFIA BILATERAL PARA RASTREAMENTO</procedimento>;<procedimento>  0204030188 - MAMOGRAFIA BILATERAL PARA RASTREAMENTO - Quantidade: 1
</procedimento>;;;;;Espontanea;17/09/2026 11:53:34;17/09/2026 00:00:00;17/09/2026 00:00:00;0s;RUA MERCEDES DE ALMEIDA MELLO, S/N, LOTE 2, MANOEL RIBEIRO (PONTA NEGRA), MARICA-RJ, CEP: 24927430  - Tel: 6133152425;
CRISTIANE GREGORIO DA CRUZ FERNANDES;False;;F;30/05/1973 00:00:00;53;706901150179835;Procedimento;RENATO ROQUE DE ANDRADE;;<procedimento>, MAMOGRAFIA BILATERAL PARA RASTREAMENTO</procedimento>;<procedimento>  0204030188 - MAMOGRAFIA BILATERAL PARA RASTREAMENTO - Quantidade: 1
</procedimento>;;;;;Espontanea;17/09/2026 11:49:24;17/09/2026 00:00:00;17/09/2026 00:00:00;0s;RUA DOUTOR MILTON DE SOUZA PACHECO, 447, CASA 13, CENTRO, MARICA-RJ, CEP: 24901055  - Tel: 22998662205;
CRISTIANE RODRIGUES DA SILVA DE MORAIS;False;;F;18/01/1980 00:00:00;46;700609432578363;Procedimento;RENATO ROQUE DE ANDRADE;;<procedimento>, MAMOGRAFIA BILATERAL PARA RASTREAMENTO</procedimento>;<procedimento>  0204030188 - MAMOGRAFIA BILATERAL PARA RASTREAMENTO - Quantidade: 1
</procedimento>;;;;;Espontanea;17/09/2026 11:46:10;17/09/2026 00:00:00;17/09/2026 00:00:00;0s;RUA CINQUENTA E CINCO, S/N, QD216 LT40, JARDIM ATLANTICO CENTRAL (ITAIPUACU), MARICA-RJ, CEP: 24934210  - Tel: 21994813695;
DIENEFI SILVA DE OLIVEIRA;False;;F;23/08/1990 00:00:00;36;704607666758423;Procedimento;SERGIO RICARDO DUARTE MOUTINHO;;<procedimento>, MONITORAMENTO PELO SISTEMA HOLTER 24 HS (3 CANAIS)</procedimento>;<procedimento>  0211020044 - MONITORAMENTO PELO SISTEMA HOLTER 24 HS (3 CANAIS) - Quantidade: 1
</procedimento>;;;;;Espontanea;17/09/2026 14:49:27;17/09/2026 00:00:00;17/09/2026 00:00:00;0s;RUA DEZESSETE DE NOVEMBRO, S/N, QD 52 LT5, PRAIA DE ITAIPUACU (ITAIPUACU), MARICA-RJ, CEP: 24936770  - Tel: 1935625590;
DIENEFI SILVA DE OLIVEIRA;False;;F;23/08/1990 00:00:00;36;704607666758423;Procedimento;SERGIO RICARDO DUARTE MOUTINHO;;<procedimento>, MONITORAMENTO PELO SISTEMA HOLTER 24 HS (3 CANAIS)</procedimento>;<procedimento>  0211020044 - MONITORAMENTO PELO SISTEMA HOLTER 24 HS (3 CANAIS) - Quantidade: 1
</procedimento>;;;;;Espontanea;17/09/2026 13:46:00;17/09/2026 00:00:00;17/09/2026 00:00:00;0s;RUA DEZESSETE DE NOVEMBRO, S/N, QD 52 LT5, PRAIA DE ITAIPUACU (ITAIPUACU), MARICA-RJ, CEP: 24936770  - Tel: 1935625590;
EDY BARRETO DA SILVA;False;;F;11/07/1961 00:00:00;65;704304501038599;Procedimento;RENATO ROQUE DE ANDRADE;;<procedimento>, MAMOGRAFIA BILATERAL PARA RASTREAMENTO</procedimento>;<procedimento>  0204030188 - MAMOGRAFIA BILATERAL PARA RASTREAMENTO - Quantidade: 1
</procedimento>;;;;;Espontanea;17/09/2026 11:54:33;17/09/2026 00:00:00;17/09/2026 00:00:00;0s;RUA DA PAZ, S/N, QD 113 LT 30, JARDIM ATLANTICO CENTRAL (ITAIPUACU), MARICA-RJ, CEP: 24934360  - Tel: 21998565851;
ELEN CRISTINA SANTOS LIMA SILVA;False;;F;31/03/1973 00:00:00;53;708106583737530;Procedimento;RENATO ROQUE DE ANDRADE;;<procedimento>, MAMOGRAFIA BILATERAL PARA RASTREAMENTO</procedimento>;<procedimento>  0204030188 - MAMOGRAFIA BILATERAL PARA RASTREAMENTO - Quantidade: 1
</procedimento>;;;;;Espontanea;17/09/2026 11:45:07;17/09/2026 00:00:00;17/09/2026 00:00:00;0s;RUA CENTO E CINCO, S/N, CASA, JARDIM ATLANTICO LESTE (ITAIPUACU), MARICA-RJ, CEP: 24933335  - Tel: 98987303706;
GLORIA MARIA LEVY CARDOSO;False;;F;19/08/1960 00:00:00;66;706808249034925;Procedimento;MARIA SILVIA DA FONSECA E SILVA LEVY;;<procedimento>, ELETROCARDIOGRAMA</procedimento>;<procedimento>  0211020036 - ELETROCARDIOGRAMA - Quantidade: 1
</procedimento>;;;;;Espontanea;17/09/2026 14:54:32;17/09/2026 00:00:00;17/09/2026 00:00:00;0s;RODOVIA VEREADOR OLDEMAR GUEDES FIGUEIREDO, S/N, UBATIBA, MARICA-RJ, CEP: 24908845  - Tel: 21997921051;
HOSANA GARCIA DE CARVALHO;False;;F;26/06/1969 00:00:00;57;703305216246610;Procedimento;RENATO ROQUE DE ANDRADE;;<procedimento>, MAMOGRAFIA BILATERAL PARA RASTREAMENTO</procedimento>;<procedimento>  0204030188 - MAMOGRAFIA BILATERAL PARA RASTREAMENTO - Quantidade: 1
</procedimento>;;;;;Espontanea;17/09/2026 11:42:51;17/09/2026 00:00:00;17/09/2026 00:00:00;0s;AVENIDA RUTH RIBEIRO, S/N, LOTE159QUADRA09, JARDIM INTERLAGOS, MARICA-RJ, CEP: 24917000  - Tel: 21999042983;
INALVA SANTANA DA SILVA;False;;F;29/08/1958 00:00:00;68;702000392154383;Procedimento;CLAUDIA FREIXO SEIXAS IOCKEN;;<procedimento>, DENSITOMETRIA OSSEA DUO-ENERGETICA DE COLUNA (VERTEBRAS LOMBARES E/OU FEMUR)</procedimento>;<procedimento>  0204060028 - DENSITOMETRIA OSSEA DUO-ENERGETICA DE COLUNA (VERTEBRAS LOMBARES E/OU FEMUR) - Quantidade: 1
</procedimento>;;;;;Espontanea;17/09/2026 16:41:12;17/09/2026 00:00:00;17/09/2026 00:00:00;0s;RUA E, S/N, COND VEREDA, SPAR, MARICA-RJ, CEP: 24944216  - Tel: 21999383872;
IRINEA COSTA DO CARMO;False;;F;09/10/1975 00:00:00;50;700001630282507;Procedimento;SERGIO RICARDO DUARTE MOUTINHO;;<procedimento>, MONITORAMENTO PELO SISTEMA HOLTER 24 HS (3 CANAIS)</procedimento>;<procedimento>  0211020044 - MONITORAMENTO PELO SISTEMA HOLTER 24 HS (3 CANAIS) - Quantidade: 1
</procedimento>;;;;;Espontanea;17/09/2026 13:46:37;17/09/2026 00:00:00;17/09/2026 00:00:00;0s;AVENIDA DOUTOR ANTONIO MARQUES MATHIAS, S/N, QD24 LT03, JARDIM ATLANTICO OESTE (ITAIPUACU), MARICA-RJ, CEP: 24935445  - Tel: 21989850024;
IRINEA COSTA DO CARMO;False;;F;09/10/1975 00:00:00;50;700001630282507;Procedimento;SERGIO RICARDO DUARTE MOUTINHO;;<procedimento>, MONITORAMENTO PELO SISTEMA HOLTER 24 HS (3 CANAIS)</procedimento>;<procedimento>  0211020044 - MONITORAMENTO PELO SISTEMA HOLTER 24 HS (3 CANAIS) - Quantidade: 1
</procedimento>;;;;;Espontanea;17/09/2026 14:50:07;17/09/2026 00:00:00;17/09/2026 00:00:00;0s;AVENIDA DOUTOR ANTONIO MARQUES MATHIAS, S/N, QD24 LT03, JARDIM ATLANTICO OESTE (ITAIPUACU), MARICA-RJ, CEP: 24935445  - Tel: 21989850024;
IRINEA COSTA DO CARMO;False;;F;09/10/1975 00:00:00;50;700001630282507;Procedimento;SERGIO RICARDO DUARTE MOUTINHO;;<procedimento>, MONITORAMENTO PELO SISTEMA HOLTER 24 HS (3 CANAIS)</procedimento>;<procedimento>  0211020044 - MONITORAMENTO PELO SISTEMA HOLTER 24 HS (3 CANAIS) - Quantidade: 1
</procedimento>;;;;;Espontanea;17/09/2026 10:12:39;17/09/2026 00:00:00;17/09/2026 00:00:00;0s;AVENIDA DOUTOR ANTONIO MARQUES MATHIAS, S/N, QD24 LT03, JARDIM ATLANTICO OESTE (ITAIPUACU), MARICA-RJ, CEP: 24935445  - Tel: 21989850024;
IVONE CLARA DE OLIVEIRA;False;;F;23/02/1959 00:00:00;67;706007847869245;Procedimento;CLAUDIA FREIXO SEIXAS IOCKEN;;<procedimento>, DENSITOMETRIA OSSEA DUO-ENERGETICA DE COLUNA (VERTEBRAS LOMBARES E/OU FEMUR)</procedimento>;<procedimento>  0204060028 - DENSITOMETRIA OSSEA DUO-ENERGETICA DE COLUNA (VERTEBRAS LOMBARES E/OU FEMUR) - Quantidade: 1
</procedimento>;;;;;Espontanea;17/09/2026 16:44:48;17/09/2026 00:00:00;17/09/2026 00:00:00;0s;AVENIDA PREFEITO JOAQUIM MENDES, 88, LT 11, ARACATIBA, MARICA-RJ, CEP: 24902100  - Tel: 21979786682;
IVONE DA SILVA SOARES;False;;F;10/09/1952 00:00:00;74;708403203800760;Procedimento;LUCIANA FIRMINO PONCE;;<procedimento>, ELETROCARDIOGRAMA</procedimento>;<procedimento>  0211020036 - ELETROCARDIOGRAMA - Quantidade: 1
</procedimento>;;;;;Espontanea;17/09/2026 10:55:15;17/09/2026 00:00:00;17/09/2026 00:00:00;0s;RUA SETE, S/N, PINDOBAL (PONTA NEGRA), MARICA-RJ, CEP: 24919675  - Tel: 21969246040;
JOSE LUIZ NEPOMUCENO;False;;M;22/03/1956 00:00:00;70;708100122744240;Procedimento;MARIA SILVIA DA FONSECA E SILVA LEVY;;<procedimento>, ELETROCARDIOGRAMA</procedimento>;<procedimento>  0211020036 - ELETROCARDIOGRAMA - Quantidade: 1
</procedimento>;;;;;Espontanea;17/09/2026 12:00:13;17/09/2026 00:00:00;17/09/2026 00:00:00;0s;RUA VAN LERBERGUE, S/N, JARDIM ATLANTICO LESTE (ITAIPUACU), MARICA-RJ, CEP: 24933580  - Tel: 21984991314;
JOSE MARCOLINO DOS SANTOS;False;;M;21/07/1949 00:00:00;77;700704998444776;Procedimento;FABIANO MARINS FERREIRA;;<procedimento>, ELETROCARDIOGRAMA</procedimento>;<procedimento>  0211020036 - ELETROCARDIOGRAMA - Quantidade: 1
</procedimento>;;;;;Espontanea;17/09/2026 07:05:40;17/09/2026 00:00:00;17/09/2026 00:00:00;0s;RUA CELSO FARIAS, S/N, LOTE 10 QUADRA 113, CORDEIRINHO (PONTA NEGRA), MARICA-RJ, CEP: 24921320  - Tel: 21976608344;
JOSEFA DA SILVA XAVIER;False;;F;02/02/1948 00:00:00;78;701201002678812;Procedimento;MARIA SILVIA DA FONSECA E SILVA LEVY;;<procedimento>, ELETROCARDIOGRAMA</procedimento>;<procedimento>  0211020036 - ELETROCARDIOGRAMA - Quantidade: 1
</procedimento>;;;;;Espontanea;17/09/2026 10:37:13;17/09/2026 00:00:00;17/09/2026 00:00:00;0s;RUA MANOEL RODRIGUES DE SENA, S/N, QD614 LT18, JARDIM ATLANTICO OESTE (ITAIPUACU), MARICA-RJ, CEP: 24935240  - Tel: 21998574696;
LUIZ CARLOS PEREIRA MURTA;False;;M;30/04/1951 00:00:00;75;705603474641018;Procedimento;LUCIANA FIRMINO PONCE;;<procedimento>, ELETROCARDIOGRAMA</procedimento>;<procedimento>  0211020036 - ELETROCARDIOGRAMA - Quantidade: 1
</procedimento>;;;;;Espontanea;17/09/2026 10:59:20;17/09/2026 00:00:00;17/09/2026 00:00:00;0s;AVENIDA PORTINARI, 208, CASA 02, ITAPEBA, MARICA-RJ, CEP: 24912325  - Tel: 21972197629;
LUIZ ROBERTO SAUL DANTAS;False;;M;09/08/1958 00:00:00;68;;Procedimento;MARIA SILVIA DA FONSECA E SILVA LEVY;;<procedimento>, ELETROCARDIOGRAMA</procedimento>;<procedimento>  0211020036 - ELETROCARDIOGRAMA - Quantidade: 1
</procedimento>;;;;;Espontanea;17/09/2026 10:35:30;17/09/2026 00:00:00;17/09/2026 00:00:00;0s;RUA PIONEIRO, S/N, JARDIM ATLANTICO CENTRAL (ITAIPUACU), MARICA-RJ, CEP: 24934300  - Tel: 21970224723;
MARIA DA CONCEICAO DE SOUZA MARIA;False;;F;15/07/1964 00:00:00;62;706507327076092;Procedimento;CLAUDIA FREIXO SEIXAS IOCKEN;;<procedimento>, DENSITOMETRIA OSSEA DUO-ENERGETICA DE COLUNA (VERTEBRAS LOMBARES E/OU FEMUR)</procedimento>;<procedimento>  0204060028 - DENSITOMETRIA OSSEA DUO-ENERGETICA DE COLUNA (VERTEBRAS LOMBARES E/OU FEMUR) - Quantidade: 1
</procedimento>;;;;;Espontanea;17/09/2026 16:47:08;17/09/2026 00:00:00;17/09/2026 00:00:00;0s;RUA DAS ACACIAS, 13, CENTRO, MARICA-RJ, CEP: 24900001  - Tel: 21995026744;
MARIA DA GLORIA VIEIRA DE SIQUEIRA;False;;F;15/08/1956 00:00:00;70;705407459984894;Procedimento;CLAUDIA FREIXO SEIXAS IOCKEN;;<procedimento>, DENSITOMETRIA OSSEA DUO-ENERGETICA DE COLUNA (VERTEBRAS LOMBARES E/OU FEMUR)</procedimento>;<procedimento>  0204060028 - DENSITOMETRIA OSSEA DUO-ENERGETICA DE COLUNA (VERTEBRAS LOMBARES E/OU FEMUR) - Quantidade: 1
</procedimento>;;;;;Espontanea;17/09/2026 16:42:25;17/09/2026 00:00:00;17/09/2026 00:00:00;0s;RUA SAO GERALDO, S/N, QD 60 LT34, BARROCO (ITAIPUACU), MARICA-RJ, CEP: 24936270  - Tel: 21975154618;
MARIA DAS GRACAS BASTOS DE CARVALHO;False;;F;16/04/1960 00:00:00;66;700202959699028;Procedimento;MARIA SILVIA DA FONSECA E SILVA LEVY;;<procedimento>, ELETROCARDIOGRAMA</procedimento>;<procedimento>  0211020036 - ELETROCARDIOGRAMA - Quantidade: 1
</procedimento>;;;;;Espontanea;17/09/2026 10:41:09;17/09/2026 00:00:00;17/09/2026 00:00:00;0s;RUA ANDRELINA CARLOTA DA CONCEICAO, 78, LT 8A, MUMBUCA, MARICA-RJ, CEP: 24913855  - Tel: 21987452887;
MARIA DAS GRACAS FERNANDES;False;;F;11/02/1959 00:00:00;67;708202145735745;Procedimento;CLAUDIA FREIXO SEIXAS IOCKEN;;<procedimento>, DENSITOMETRIA OSSEA DUO-ENERGETICA DE COLUNA (VERTEBRAS LOMBARES E/OU FEMUR)</procedimento>;<procedimento>  0204060028 - DENSITOMETRIA OSSEA DUO-ENERGETICA DE COLUNA (VERTEBRAS LOMBARES E/OU FEMUR) - Quantidade: 1
</procedimento>;;;;;Espontanea;17/09/2026 16:45:58;17/09/2026 00:00:00;17/09/2026 00:00:00;0s;RUA WALTER MUNIZ DOS SANTOS, S/N, JARDIM ATLANTICO CENTRAL (ITAIPUACU), MARICA-RJ, CEP: 24934125  - Tel: 21964186864;
MARIO JOSE DA SILVA;False;;M;15/11/1951 00:00:00;74;708004352167126;Procedimento;MARIA SILVIA DA FONSECA E SILVA LEVY;;<procedimento>, ELETROCARDIOGRAMA</procedimento>;<procedimento>  0211020036 - ELETROCARDIOGRAMA - Quantidade: 1
</procedimento>;;;;;Espontanea;17/09/2026 10:45:42;17/09/2026 00:00:00;17/09/2026 00:00:00;0s;RUA GOVERNADOR LEONEL BRIZOLA, S/N, QD 504 LT 25, JARDIM ATLANTICO LESTE (ITAIPUACU), MARICA-RJ, CEP: 24933075  - Tel: 21987091777;
NADIA MARISENI GENTIL DE MAGALHAES COSTA;False;;F;11/11/1950 00:00:00;75;705004404809455;Procedimento;CLAUDIA FREIXO SEIXAS IOCKEN;;<procedimento>, DENSITOMETRIA OSSEA DUO-ENERGETICA DE COLUNA (VERTEBRAS LOMBARES E/OU FEMUR)</procedimento>;<procedimento>  0204060028 - DENSITOMETRIA OSSEA DUO-ENERGETICA DE COLUNA (VERTEBRAS LOMBARES E/OU FEMUR) - Quantidade: 1
</procedimento>;;;;;Espontanea;17/09/2026 16:48:04;17/09/2026 00:00:00;17/09/2026 00:00:00;0s;RUA VAN LERBERGUE, S/N, QD36 LT01, JARDIM ATLANTICO OESTE (ITAIPUACU), MARICA-RJ, CEP: 24935440  - Tel: 21982019999;
NELINA MARIA DA CONCEICAO NICOLAU;False;;F;03/04/1944 00:00:00;82;705603494013012;Procedimento;LUCIANA FIRMINO PONCE;;<procedimento>, ELETROCARDIOGRAMA</procedimento>;<procedimento>  0211020036 - ELETROCARDIOGRAMA - Quantidade: 1
</procedimento>;;;;;Espontanea;17/09/2026 10:51:14;17/09/2026 00:00:00;17/09/2026 00:00:00;0s;RUA RAQUEL DE QUEIROZ, S/N, ITAPEBA, MARICA-RJ, CEP: 24913415  - Tel: 21996949500;
PAULO ROBERTO MUNIZ;False;;M;29/09/1959 00:00:00;66;702900566305375;Procedimento;MARIA SILVIA DA FONSECA E SILVA LEVY;;<procedimento>, ELETROCARDIOGRAMA</procedimento>;<procedimento>  0211020036 - ELETROCARDIOGRAMA - Quantidade: 1
</procedimento>;;;;;Espontanea;17/09/2026 10:39:03;17/09/2026 00:00:00;17/09/2026 00:00:00;0s;RUA ANTONIO EDUARDO, 229, MUMBUCA, MARICA-RJ, CEP: 24913705  - Tel: 21219712097;
RENATO DUARTE DO NASCIMENTO;False;;M;25/10/1958 00:00:00;67;709000892987713;Procedimento;MARIA SILVIA DA FONSECA E SILVA LEVY;;<procedimento>, ELETROCARDIOGRAMA</procedimento>;<procedimento>  0211020036 - ELETROCARDIOGRAMA - Quantidade: 1
</procedimento>;;;;;Espontanea;17/09/2026 10:48:22;17/09/2026 00:00:00;17/09/2026 00:00:00;0s;RUA DOIS, 03, LT 29, SAO JOSE DO IMBASSAI, MARICA-RJ, CEP: 24930384  - Tel: 21996010017;
ROBERTA PAULINO DOS SANTOS;False;;F;10/11/1967 00:00:00;58;700205487974228;Procedimento;MARIA SILVIA DA FONSECA E SILVA LEVY;;<procedimento>, ELETROCARDIOGRAMA</procedimento>;<procedimento>  0211020036 - ELETROCARDIOGRAMA - Quantidade: 1
</procedimento>;;;;;Espontanea;17/09/2026 10:42:43;17/09/2026 00:00:00;17/09/2026 00:00:00;0s;RUA CENTO E NOVENTA E QUATRO, S/N, JARDIM ATLANTICO OESTE (ITAIPUACU), MARICA-RJ, CEP: 24935230  - Tel: 21998671409;
ROSEMARY REGINA FERREIRA SOUZA;False;;F;06/12/1963 00:00:00;62;704502369645213;Procedimento;RENATO ROQUE DE ANDRADE;;<procedimento>, MAMOGRAFIA BILATERAL PARA RASTREAMENTO</procedimento>;<procedimento>  0204030188 - MAMOGRAFIA BILATERAL PARA RASTREAMENTO - Quantidade: 1
</procedimento>;;;;;Espontanea;17/09/2026 11:56:37;17/09/2026 00:00:00;17/09/2026 00:00:00;0s;RUA JOAO RICARDO DOS SANTOS OLIVEIRA, S/N, LOTE 2 QD B C 2, FLAMENGO, MARICA-RJ, CEP: 24903805  - Tel: 21970109975;
SIMONE PACHECO CONCEICAO;False;;F;15/03/1977 00:00:00;49;705007463827254;Procedimento;LUCIANA FIRMINO PONCE;;<procedimento>, ELETROCARDIOGRAMA</procedimento>;<procedimento>  0211020036 - ELETROCARDIOGRAMA - Quantidade: 1
</procedimento>;;;;;Espontanea;17/09/2026 10:53:01;17/09/2026 00:00:00;17/09/2026 00:00:00;0s;RUA NILO RIBEIRO DA SILVA, S/N, LT 4 QD 24, UBATIBA, MARICA-RJ, CEP: 24908760  - Tel: 6133152425;
TEREZINHA LAURENTE DE ARAUJO;False;;F;01/12/1956 00:00:00;69;701009836873891;Procedimento;CLAUDIA FREIXO SEIXAS IOCKEN;;<procedimento>, DENSITOMETRIA OSSEA DUO-ENERGETICA DE COLUNA (VERTEBRAS LOMBARES E/OU FEMUR)</procedimento>;<procedimento>  0204060028 - DENSITOMETRIA OSSEA DUO-ENERGETICA DE COLUNA (VERTEBRAS LOMBARES E/OU FEMUR) - Quantidade: 1
</procedimento>;;;;;Espontanea;17/09/2026 16:43:35;17/09/2026 00:00:00;17/09/2026 00:00:00;0s;RUA PARAIBUNA, S/N, LT32 QD 60, ITAOCAIA VALLEY (ITAIPUACU), MARICA-RJ, CEP: 24939090  - Tel: 21999695960;
VALERIA CRISTINA GALANTE OLIVA;False;;F;18/02/1961 00:00:00;65;708404755954866;Procedimento;RENATO ROQUE DE ANDRADE;;<procedimento>, MAMOGRAFIA BILATERAL PARA RASTREAMENTO</procedimento>;<procedimento>  0204030188 - MAMOGRAFIA BILATERAL PARA RASTREAMENTO - Quantidade: 1
</procedimento>;;;;;Espontanea;17/09/2026 11:48:23;17/09/2026 00:00:00;17/09/2026 00:00:00;0s;RUA OITENTA E DOIS, S/N, QD 431 LT45, JARDIM ATLANTICO LESTE (ITAIPUACU), MARICA-RJ, CEP: 24933725  - Tel: 21964086130;
VALERIA DA CRUZ MONTEIRO ALENCAR;False;;F;19/04/1996 00:00:00;30;704106169111379;Procedimento;MARIA SILVIA DA FONSECA E SILVA LEVY;;<procedimento>, ELETROCARDIOGRAMA</procedimento>;<procedimento>  0211020036 - ELETROCARDIOGRAMA - Quantidade: 1
</procedimento>;;;;;Espontanea;17/09/2026 10:46:59;17/09/2026 00:00:00;17/09/2026 00:00:00;0s;RUA TRINTA, S/N, LT 36 QD 47, SANTA PAULA (INOA), MARICA-RJ, CEP: 24944742  - Tel: 21998601873;
VALERIA DA CUNHGA LIMA;False;;F;20/01/1974 00:00:00;52;898004054453769;Procedimento;RENATO ROQUE DE ANDRADE;;<procedimento>, MAMOGRAFIA BILATERAL PARA RASTREAMENTO</procedimento>;<procedimento>  0204030188 - MAMOGRAFIA BILATERAL PARA RASTREAMENTO - Quantidade: 1
</procedimento>;;;;;Espontanea;17/09/2026 11:52:00;17/09/2026 00:00:00;17/09/2026 00:00:00;0s;RUA X, S/N, STA BL14 AP03, CHACARAS DE INOA (INOA), MARICA-RJ, CEP: 24940653  - Tel: 21965981416;
VANUSA FERREIRA DA SILVA SANTOS;False;;F;06/05/1980 00:00:00;46;700803495712388;Procedimento;SERGIO RICARDO DUARTE MOUTINHO;;<procedimento>, MONITORAMENTO PELO SISTEMA HOLTER 24 HS (3 CANAIS)</procedimento>;<procedimento>  0211020044 - MONITORAMENTO PELO SISTEMA HOLTER 24 HS (3 CANAIS) - Quantidade: 1
</procedimento>;;;;;Espontanea;17/09/2026 13:45:13;17/09/2026 00:00:00;17/09/2026 00:00:00;0s;ESTRADA MONTE LIBANO, S/N, LT 07 QD 45, SANTA PAULA (INOA), MARICA-RJ, CEP: 24944660  - Tel: 21987922418;
VANUSA FERREIRA DA SILVA SANTOS;False;;F;06/05/1980 00:00:00;46;700803495712388;Procedimento;SERGIO RICARDO DUARTE MOUTINHO;;<procedimento>, MONITORAMENTO PELO SISTEMA HOLTER 24 HS (3 CANAIS)</procedimento>;<procedimento>  0211020044 - MONITORAMENTO PELO SISTEMA HOLTER 24 HS (3 CANAIS) - Quantidade: 1
</procedimento>;;;;;Espontanea;17/09/2026 14:48:35;17/09/2026 00:00:00;17/09/2026 00:00:00;0s;ESTRADA MONTE LIBANO, S/N, LT 07 QD 45, SANTA PAULA (INOA), MARICA-RJ, CEP: 24944660  - Tel: 21987922418;
LINDALVA DE ARAUJO DA SOARES;False;;F;18/08/1939 00:00:00;87;705201430174475;Consulta c/ Ortopedista e Traumatologista;FERNANDO ANTONIO KLAES; M75  - LESOES DO OMBRO;<procedimento>, CONSULTA MEDICA EM ATENCAO ESPECIALIZADA</procedimento>;<procedimento>  0301010072 - CONSULTA MEDICA EM ATENCAO ESPECIALIZADA - Quantidade: 1
</procedimento>;N;;;N;Programada;17/09/2026 09:03:43;17/09/2026 00:00:00;17/09/2026 00:00:00;12min 45s;RUA JOAQUIM PEREIRA DE MATOS, S/N, LT 14 QD 11, INOA (INOA), MARICA-RJ, CEP: 24943700  - Tel: 2126363385;
MARCELO TEIXEIRA DA SILVA;False;;M;08/05/1972 00:00:00;54;702100796948593;Consulta de Enfermagem;MAURO BATISTA DE BARROS; T140 - TRAUMATISMO SUPERFICIAL DE REGIAO NAO ESPECIFICADA DO CORPO;<procedimento>, CONSULTA DE PROFISSIONAIS DE NIVEL SUPERIOR NA ATENCAO ESPECIALIZADA (EXCETO MEDICO)</procedimento><procedimento>, CURATIVO ESPECIAL</procedimento>;<procedimento>  0301010048 - CONSULTA DE PROFISSIONAIS DE NIVEL SUPERIOR NA ATENCAO ESPECIALIZADA (EXCETO MEDICO) - Quantidade: 1
</procedimento><procedimento>  0301100276 - CURATIVO ESPECIAL - Quantidade: 1
</procedimento>;N;;;N;Programada;17/09/2026 09:06:44;17/09/2026 00:00:00;17/09/2026 00:00:00;41min 31s;ESTRADA CATUMBI, 30, LT 03 QD 12, CAJUEIROS (ITAIPUACU), MARICA-RJ, CEP: 24932160  - Tel: 21972541887;
LEONARDO PETRONILHO DA ROSA;False;;M;14/06/1983 00:00:00;43;703209675701797;Consulta c/ Cardiologista;LUCIANA FIRMINO PONCE; I10  - HIPERTENSAO ESSENCIAL (PRIMARIA);<procedimento>, CONSULTA MEDICA EM ATENCAO ESPECIALIZADA</procedimento>;<procedimento>  0301010072 - CONSULTA MEDICA EM ATENCAO ESPECIALIZADA - Quantidade: 1
</procedimento>;S;MONITORIZACAO AMBULATORIAL DE PRESSAO ARTERIAL (M A P A)
;;N;Programada;17/09/2026 09:11:47;17/09/2026 00:00:00;17/09/2026 00:00:00;18min 44s;RUA DEZESSETE, S/N, LT 389B QD 15, CAJUEIROS (ITAIPUACU), MARICA-RJ, CEP: 24932200  - Tel: 21964240211;
IVANIL SOARES;False;;M;19/05/1961 00:00:00;65;706406667887283;Consulta c/ Ortopedista e Traumatologista;FERNANDO ANTONIO KLAES; M54  - DORSALGIA;<procedimento>, CONSULTA MEDICA EM ATENCAO ESPECIALIZADA</procedimento>;<procedimento>  0301010072 - CONSULTA MEDICA EM ATENCAO ESPECIALIZADA - Quantidade: 1
</procedimento>;N;;;N;Programada;17/09/2026 09:21:12;17/09/2026 00:00:00;17/09/2026 00:00:00;10min 40s;RUA ELISA VIEIRA VERAS, S/N, Q 200 LT 15, JARDIM ATLANTICO CENTRAL (ITAIPUACU), MARICA-RJ, CEP: 24934240  - Tel: 21966643568;
VALDERI RODRIGUES DE OLIVEIRA;False;;M;19/05/1969 00:00:00;57;704209269621982;Consulta c/ Ortopedista e Traumatologista;FERNANDO ANTONIO KLAES; M54  - DORSALGIA;<procedimento>, CONSULTA MEDICA EM ATENCAO ESPECIALIZADA</procedimento>;<procedimento>  0301010072 - CONSULTA MEDICA EM ATENCAO ESPECIALIZADA - Quantidade: 1
</procedimento>;N;;;N;Programada;17/09/2026 09:32:02;17/09/2026 00:00:00;17/09/2026 00:00:00;21min 43s;RUA NELSON ALVES DE SOUZA, 47, FUNDOS, SAO JOSE DO IMBASSAI, MARICA-RJ, CEP: 24931845  - Tel: 21986280611;
JACYRA NAZARETH FERREIRA DA SILVA;False;;F;11/07/1946 00:00:00;80;700003205395802;Consulta c/ Cardiologista;LUCIANA FIRMINO PONCE; I10  - HIPERTENSAO ESSENCIAL (PRIMARIA);<procedimento>, CONSULTA MEDICA EM ATENCAO ESPECIALIZADA</procedimento>;<procedimento>  0301010072 - CONSULTA MEDICA EM ATENCAO ESPECIALIZADA - Quantidade: 1
</procedimento>;N;;;N;Programada;17/09/2026 09:32:21;17/09/2026 00:00:00;17/09/2026 00:00:00;14min 54s;ESTRADA DE ITAIPUACU, 32, CASA, RECANTO DE ITAIPUACU (ITAIPUACU), MARICA-RJ, CEP: 24937325  - Tel: 21991682653;
MIZAEL RODRIGUES TORRES;False;;M;28/10/1946 00:00:00;79;704207208331486;Consulta de Enfermagem;MAURO BATISTA DE BARROS; T140 - TRAUMATISMO SUPERFICIAL DE REGIAO NAO ESPECIFICADA DO CORPO;<procedimento>, CONSULTA DE PROFISSIONAIS DE NIVEL SUPERIOR NA ATENCAO ESPECIALIZADA (EXCETO MEDICO)</procedimento><procedimento>, CURATIVO ESPECIAL</procedimento>;<procedimento>  0301010048 - CONSULTA DE PROFISSIONAIS DE NIVEL SUPERIOR NA ATENCAO ESPECIALIZADA (EXCETO MEDICO) - Quantidade: 1
</procedimento><procedimento>  0301100276 - CURATIVO ESPECIAL - Quantidade: 1
</procedimento>;N;;;N;Programada;17/09/2026 09:47:52;17/09/2026 00:00:00;17/09/2026 00:00:00;19min 37s;RUA DUQUE DE CAXIAS, S/N, LT 19 QD 29, UBATIBA, MARICA-RJ, CEP: 24908755  - Tel: 21997097171;
FLAVIA MORAIS DE SOUZA;False;;F;04/03/1976 00:00:00;50;706204097801963;Consulta de Enfermagem;ELAINE APARECIDA DE SOUZA; K92  - DOENCAS DO APARELHO DIGESTIVO;<procedimento>, BOLSA DE COLOSTOMIA COM ADESIVO MICROPORO DRENAVEL</procedimento><procedimento>, CONSULTA DE PROFISSIONAIS DE NIVEL SUPERIOR NA ATENCAO ESPECIALIZADA (EXCETO MEDICO)</procedimento><procedimento>, CONSULTA DE PROFISSIONAIS DE NIVEL SUPERIOR NA ATENCAO PRIMARIA (EXCETO MEDICO)</procedimento>;<procedimento>  0301010030 - CONSULTA DE PROFISSIONAIS DE NIVEL SUPERIOR NA ATENCAO PRIMARIA (EXCETO MEDICO) - Quantidade: 1
</procedimento><procedimento>  0301010048 - CONSULTA DE PROFISSIONAIS DE NIVEL SUPERIOR NA ATENCAO ESPECIALIZADA (EXCETO MEDICO) - Quantidade: 1
</procedimento><procedimento>  0701050020 - BOLSA DE COLOSTOMIA COM ADESIVO MICROPORO DRENAVEL - Quantidade: 10
</procedimento>;N;;;N;Programada;17/09/2026 09:49:19;17/09/2026 00:00:00;17/09/2026 00:00:00;26min 0s;AVENIDA CARLOS MARIGHELLA, S/N, CHACARAS DE INOA (INOA), MARICA-RJ, CEP: 24940000  - Tel: 21973810326;
IVONE DA SILVA SOARES;False;;F;10/09/1952 00:00:00;74;708403203800760;Consulta c/ Cardiologista;LUCIANA FIRMINO PONCE; I48  - FLUTTER E FIBRILACAO ATRIAL;<procedimento>, CONSULTA MEDICA EM ATENCAO ESPECIALIZADA</procedimento>;<procedimento>  0301010072 - CONSULTA MEDICA EM ATENCAO ESPECIALIZADA - Quantidade: 1
</procedimento>;S;DOSAGEM DE 25 HIDROXIVITAMINA D
DOSAGEM DE ACIDO URICO
DOSAGEM DE TRIGLICERIDEOS
DOSAGEM DE COLESTEROL HDL
DOSAGEM DE HORMONIO TIREOESTIMULANTE (TSH)
DOSAGEM DE COLESTEROL TOTAL
DOSAGEM DE POTASSIO
DOSAGEM DE VITAMINA B12
DOSAGEM DE COLESTEROL LDL
DOSAGEM DE SODIO
HEMOGRAMA COMPLETO
DOSAGEM DE TIROXINA (T4)
DOSAGEM DE CREATININA
DOSAGEM DE UREIA
;;N;Programada;17/09/2026 09:50:25;17/09/2026 00:00:00;17/09/2026 00:00:00;13min 50s;RUA SETE, S/N, PINDOBAL (PONTA NEGRA), MARICA-RJ, CEP: 24919675  - Tel: 21969246040;
EDSON NASCIMENTO RIBEIRO;False;;M;20/05/1966 00:00:00;60;708501341764074;Consulta c/ Ortopedista e Traumatologista;FERNANDO ANTONIO KLAES; M17  - GONARTROSE (ARTROSE DO JOELHO);<procedimento>, CONSULTA MEDICA EM ATENCAO ESPECIALIZADA</procedimento>;<procedimento>  0301010072 - CONSULTA MEDICA EM ATENCAO ESPECIALIZADA - Quantidade: 1
</procedimento>;N;;;N;Programada;17/09/2026 09:53:56;17/09/2026 00:00:00;17/09/2026 00:00:00;15min 10s;RUA ANTONIO DE CASTILHO, S/N, LT 08 QD 16, INOA (INOA), MARICA-RJ, CEP: 24943600  - Tel: 21975221013;
JOSEFA DA SILVA XAVIER;False;;F;02/02/1948 00:00:00;78;701201002678812;Consulta c/ Cardiologista;MARIA SILVIA DA FONSECA E SILVA LEVY; I10  - HIPERTENSAO ESSENCIAL (PRIMARIA);<procedimento>, CONSULTA MEDICA EM ATENCAO ESPECIALIZADA</procedimento>;<procedimento>  0301010072 - CONSULTA MEDICA EM ATENCAO ESPECIALIZADA - Quantidade: 1
</procedimento>;N;;;N;Programada;17/09/2026 10:01:56;17/09/2026 00:00:00;17/09/2026 00:00:00;5min 42s;RUA MANOEL RODRIGUES DE SENA, S/N, QD614 LT18, JARDIM ATLANTICO OESTE (ITAIPUACU), MARICA-RJ, CEP: 24935240  - Tel: 21998574696;
CREUSA VALDINA ALMEIDA DA CRUZ;False;;F;24/06/1955 00:00:00;71;700805932097687;Consulta c/ Cardiologista;LUCIANA FIRMINO PONCE; I10  - HIPERTENSAO ESSENCIAL (PRIMARIA);<procedimento>, CONSULTA MEDICA EM ATENCAO ESPECIALIZADA</procedimento>;<procedimento>  0301010072 - CONSULTA MEDICA EM ATENCAO ESPECIALIZADA - Quantidade: 1
</procedimento>;S;TESTE DE ESFORCO / TESTE ERGOMETRICO
ECOCARDIOGRAFIA TRANSTORACICA
;;N;Programada;17/09/2026 10:04:20;17/09/2026 00:00:00;17/09/2026 00:00:00;11min 38s;RUA DEZ, S/N, QD 08 LT 12, INOA (INOA), MARICA-RJ, CEP: 24942370  - Tel: 21998780202;
ALONSO DA SILVA FERREIRA;False;;M;08/05/1957 00:00:00;69;706404666471081;Consulta de Enfermagem;MAURO BATISTA DE BARROS; T140 - TRAUMATISMO SUPERFICIAL DE REGIAO NAO ESPECIFICADA DO CORPO;<procedimento>, CONSULTA DE PROFISSIONAIS DE NIVEL SUPERIOR NA ATENCAO ESPECIALIZADA (EXCETO MEDICO)</procedimento><procedimento>, CURATIVO ESPECIAL</procedimento>;<procedimento>  0301010048 - CONSULTA DE PROFISSIONAIS DE NIVEL SUPERIOR NA ATENCAO ESPECIALIZADA (EXCETO MEDICO) - Quantidade: 1
</procedimento><procedimento>  0301100276 - CURATIVO ESPECIAL - Quantidade: 1
</procedimento>;N;;;N;Programada;17/09/2026 10:07:02;17/09/2026 00:00:00;17/09/2026 00:00:00;38min 41s;AVENIDA DOUTOR ANTONIO MARQUES MATHIAS, S/N, JARDIM ATLANTICO CENTRAL (ITAIPUACU), MARICA-RJ, CEP: 24934015  - Tel: 21974143409;
VALERIA DA CRUZ MONTEIRO ALENCAR;False;;F;19/04/1996 00:00:00;30;704106169111379;Consulta c/ Cardiologista;MARIA SILVIA DA FONSECA E SILVA LEVY; I34  - TRANSTORNOS NAO-REUMATICOS DA VALVA MITRAL;<procedimento>, CONSULTA MEDICA EM ATENCAO ESPECIALIZADA</procedimento>;<procedimento>  0301010072 - CONSULTA MEDICA EM ATENCAO ESPECIALIZADA - Quantidade: 1
</procedimento>;N;;;N;Programada;17/09/2026 10:11:06;17/09/2026 00:00:00;17/09/2026 00:00:00;5min 27s;RUA TRINTA, S/N, LT 36 QD 47, SANTA PAULA (INOA), MARICA-RJ, CEP: 24944742  - Tel: 21998601873;
IRINEA COSTA DO CARMO;False;;F;09/10/1975 00:00:00;50;700001630282507;Procedimento;TATIANA PUREZA DA SILVA;;<procedimento>, ESCUTA INICIAL / ORIENTACAO (ACOLHIMENTO A DEMANDA ESPONTANEA)</procedimento>;<procedimento>  0301040079 - ESCUTA INICIAL / ORIENTACAO (ACOLHIMENTO A DEMANDA ESPONTANEA) - Quantidade: 1
</procedimento>;;;;;Espontanea;17/09/2026 10:11:59;17/09/2026 00:00:00;17/09/2026 00:00:00;1min 9s;AVENIDA DOUTOR ANTONIO MARQUES MATHIAS, S/N, QD24 LT03, JARDIM ATLANTICO OESTE (ITAIPUACU), MARICA-RJ, CEP: 24935445  - Tel: 21989850024;
NELINA MARIA DA CONCEICAO NICOLAU;False;;F;03/04/1944 00:00:00;82;705603494013012;Consulta c/ Cardiologista;LUCIANA FIRMINO PONCE; I10  - HIPERTENSAO ESSENCIAL (PRIMARIA);<procedimento>, CONSULTA MEDICA EM ATENCAO ESPECIALIZADA</procedimento>;<procedimento>  0301010072 - CONSULTA MEDICA EM ATENCAO ESPECIALIZADA - Quantidade: 1
</procedimento>;S;ECOCARDIOGRAFIA TRANSTORACICA
ULTRASSONOGRAFIA DOPPLER COLORIDO DE VASOS
;;N;Programada;17/09/2026 10:16:47;17/09/2026 00:00:00;17/09/2026 00:00:00;20min 40s;RUA RAQUEL DE QUEIROZ, S/N, ITAPEBA, MARICA-RJ, CEP: 24913415  - Tel: 21996949500;
LETICIA DE PAULA RODRIGUES;False;;F;27/01/1966 00:00:00;60;706200043315366;Consulta c/ Cardiologista;MARIA SILVIA DA FONSECA E SILVA LEVY; I49  - OUTRAS ARRITMIAS CARDIACAS, D464 - ANEMIA REFRATARIA, NAO ESPECIFICADA;<procedimento>, CONSULTA MEDICA EM ATENCAO ESPECIALIZADA</procedimento>;<procedimento>  0301010072 - CONSULTA MEDICA EM ATENCAO ESPECIALIZADA - Quantidade: 1
</procedimento>;N;;;N;Programada;17/09/2026 10:17:41;17/09/2026 00:00:00;17/09/2026 00:00:00;15min 19s;RUA CECILIA GONCALVES MATARUNA, S/N, CASA, CAXITO, MARICA-RJ, CEP: 24910600  - Tel: 21964015147;
ROBERTA PAULINO DOS SANTOS;False;;F;10/11/1967 00:00:00;58;700205487974228;Procedimento;VERONICA NASCIMENTO DA COSTA;;<procedimento>, ESCUTA INICIAL / ORIENTACAO (ACOLHIMENTO A DEMANDA ESPONTANEA)</procedimento>;<procedimento>  0301040079 - ESCUTA INICIAL / ORIENTACAO (ACOLHIMENTO A DEMANDA ESPONTANEA) - Quantidade: 1
</procedimento>;;;;;Espontanea;17/09/2026 10:19:53;17/09/2026 00:00:00;17/09/2026 00:00:00;1min 17s;RUA CENTO E NOVENTA E QUATRO, S/N, JARDIM ATLANTICO OESTE (ITAIPUACU), MARICA-RJ, CEP: 24935230  - Tel: 21998671409;
MARIO JOSE DA SILVA;False;;M;15/11/1951 00:00:00;74;708004352167126;Procedimento;VERONICA NASCIMENTO DA COSTA;;<procedimento>, ESCUTA INICIAL / ORIENTACAO (ACOLHIMENTO A DEMANDA ESPONTANEA)</procedimento>;<procedimento>  0301040079 - ESCUTA INICIAL / ORIENTACAO (ACOLHIMENTO A DEMANDA ESPONTANEA) - Quantidade: 1
</procedimento>;;;;;Espontanea;17/09/2026 10:21:01;17/09/2026 00:00:00;17/09/2026 00:00:00;21s;RUA GOVERNADOR LEONEL BRIZOLA, S/N, QD 504 LT 25, JARDIM ATLANTICO LESTE (ITAIPUACU), MARICA-RJ, CEP: 24933075  - Tel: 21987091777;
VALERIA DA CRUZ MONTEIRO ALENCAR;False;;F;19/04/1996 00:00:00;30;704106169111379;Procedimento;VERONICA NASCIMENTO DA COSTA;;<procedimento>, ESCUTA INICIAL / ORIENTACAO (ACOLHIMENTO A DEMANDA ESPONTANEA)</procedimento>;<procedimento>  0301040079 - ESCUTA INICIAL / ORIENTACAO (ACOLHIMENTO A DEMANDA ESPONTANEA) - Quantidade: 1
</procedimento>;;;;;Espontanea;17/09/2026 10:22:05;17/09/2026 00:00:00;17/09/2026 00:00:00;27s;RUA TRINTA, S/N, LT 36 QD 47, SANTA PAULA (INOA), MARICA-RJ, CEP: 24944742  - Tel: 21998601873;
RENATO DUARTE DO NASCIMENTO;False;;M;25/10/1958 00:00:00;67;709000892987713;Procedimento;VERONICA NASCIMENTO DA COSTA;;<procedimento>, ESCUTA INICIAL / ORIENTACAO (ACOLHIMENTO A DEMANDA ESPONTANEA)</procedimento>;<procedimento>  0301040079 - ESCUTA INICIAL / ORIENTACAO (ACOLHIMENTO A DEMANDA ESPONTANEA) - Quantidade: 1
</procedimento>;;;;;Espontanea;17/09/2026 10:23:15;17/09/2026 00:00:00;17/09/2026 00:00:00;31s;RUA DOIS, 03, LT 29, SAO JOSE DO IMBASSAI, MARICA-RJ, CEP: 24930384  - Tel: 21996010017;
LUIZ ROBERTO SAUL DANTAS;False;;M;09/08/1958 00:00:00;68;;Procedimento;VERONICA NASCIMENTO DA COSTA;;<procedimento>, ESCUTA INICIAL / ORIENTACAO (ACOLHIMENTO A DEMANDA ESPONTANEA)</procedimento>;<procedimento>  0301040079 - ESCUTA INICIAL / ORIENTACAO (ACOLHIMENTO A DEMANDA ESPONTANEA) - Quantidade: 1
</procedimento>;;;;;Espontanea;17/09/2026 10:24:07;17/09/2026 00:00:00;17/09/2026 00:00:00;24s;RUA PIONEIRO, S/N, JARDIM ATLANTICO CENTRAL (ITAIPUACU), MARICA-RJ, CEP: 24934300  - Tel: 21970224723;
JOSEFA DA SILVA XAVIER;False;;F;02/02/1948 00:00:00;78;701201002678812;Procedimento;VERONICA NASCIMENTO DA COSTA;;<procedimento>, ESCUTA INICIAL / ORIENTACAO (ACOLHIMENTO A DEMANDA ESPONTANEA)</procedimento>;<procedimento>  0301040079 - ESCUTA INICIAL / ORIENTACAO (ACOLHIMENTO A DEMANDA ESPONTANEA) - Quantidade: 1
</procedimento>;;;;;Espontanea;17/09/2026 10:25:07;17/09/2026 00:00:00;17/09/2026 00:00:00;21s;RUA MANOEL RODRIGUES DE SENA, S/N, QD614 LT18, JARDIM ATLANTICO OESTE (ITAIPUACU), MARICA-RJ, CEP: 24935240  - Tel: 21998574696;
PAULO ROBERTO MUNIZ;False;;M;29/09/1959 00:00:00;66;702900566305375;Procedimento;VERONICA NASCIMENTO DA COSTA;;<procedimento>, ESCUTA INICIAL / ORIENTACAO (ACOLHIMENTO A DEMANDA ESPONTANEA)</procedimento>;<procedimento>  0301040079 - ESCUTA INICIAL / ORIENTACAO (ACOLHIMENTO A DEMANDA ESPONTANEA) - Quantidade: 1
</procedimento>;;;;;Espontanea;17/09/2026 10:26:00;17/09/2026 00:00:00;17/09/2026 00:00:00;15s;RUA ANTONIO EDUARDO, 229, MUMBUCA, MARICA-RJ, CEP: 24913705  - Tel: 21219712097;
MARIA DAS GRACAS BASTOS DE CARVALHO;False;;F;16/04/1960 00:00:00;66;700202959699028;Procedimento;VERONICA NASCIMENTO DA COSTA;;<procedimento>, ESCUTA INICIAL / ORIENTACAO (ACOLHIMENTO A DEMANDA ESPONTANEA)</procedimento>;<procedimento>  0301040079 - ESCUTA INICIAL / ORIENTACAO (ACOLHIMENTO A DEMANDA ESPONTANEA) - Quantidade: 1
</procedimento>;;;;;Espontanea;17/09/2026 10:27:16;17/09/2026 00:00:00;17/09/2026 00:00:00;51s;RUA ANDRELINA CARLOTA DA CONCEICAO, 78, LT 8A, MUMBUCA, MARICA-RJ, CEP: 24913855  - Tel: 21987452887;
CARLOS CORDEIRO DE AZEVEDO;False;;M;07/10/1938 00:00:00;87;702108702768097;Procedimento;VERONICA NASCIMENTO DA COSTA;;<procedimento>, ESCUTA INICIAL / ORIENTACAO (ACOLHIMENTO A DEMANDA ESPONTANEA)</procedimento>;<procedimento>  0301040079 - ESCUTA INICIAL / ORIENTACAO (ACOLHIMENTO A DEMANDA ESPONTANEA) - Quantidade: 1
</procedimento>;;;;;Espontanea;17/09/2026 10:28:33;17/09/2026 00:00:00;17/09/2026 00:00:00;49s;RUA MARACA, S/N, QD 46 LT 08, SAO JOSE DO IMBASSAI, MARICA-RJ, CEP: 24931068  - Tel: 21971943113;
NELINA MARIA DA CONCEICAO NICOLAU;False;;F;03/04/1944 00:00:00;82;705603494013012;Procedimento;VERONICA NASCIMENTO DA COSTA;;<procedimento>, ESCUTA INICIAL / ORIENTACAO (ACOLHIMENTO A DEMANDA ESPONTANEA)</procedimento>;<procedimento>  0301040079 - ESCUTA INICIAL / ORIENTACAO (ACOLHIMENTO A DEMANDA ESPONTANEA) - Quantidade: 1
</procedimento>;;;;;Espontanea;17/09/2026 10:29:25;17/09/2026 00:00:00;17/09/2026 00:00:00;40s;RUA RAQUEL DE QUEIROZ, S/N, ITAPEBA, MARICA-RJ, CEP: 24913415  - Tel: 21996949500;
SIMONE PACHECO CONCEICAO;False;;F;15/03/1977 00:00:00;49;705007463827254;Procedimento;VERONICA NASCIMENTO DA COSTA;;<procedimento>, ESCUTA INICIAL / ORIENTACAO (ACOLHIMENTO A DEMANDA ESPONTANEA)</procedimento>;<procedimento>  0301040079 - ESCUTA INICIAL / ORIENTACAO (ACOLHIMENTO A DEMANDA ESPONTANEA) - Quantidade: 1
</procedimento>;;;;;Espontanea;17/09/2026 10:30:14;17/09/2026 00:00:00;17/09/2026 00:00:00;28s;RUA NILO RIBEIRO DA SILVA, S/N, LT 4 QD 24, UBATIBA, MARICA-RJ, CEP: 24908760  - Tel: 6133152425;
BIANCA SILVA DOS SANTOS;False;;F;06/09/1974 00:00:00;52;704701727822235;Procedimento;VERONICA NASCIMENTO DA COSTA;;<procedimento>, ESCUTA INICIAL / ORIENTACAO (ACOLHIMENTO A DEMANDA ESPONTANEA)</procedimento>;<procedimento>  0301040079 - ESCUTA INICIAL / ORIENTACAO (ACOLHIMENTO A DEMANDA ESPONTANEA) - Quantidade: 1
</procedimento>;;;;;Espontanea;17/09/2026 10:31:08;17/09/2026 00:00:00;17/09/2026 00:00:00;23s;RUA X, S/N, SETOR B BLOCO 3 APT 02, CHACARAS DE INOA (INOA), MARICA-RJ, CEP: 24940653  - Tel: 21970980750;
ANGELA RODRIGUES ARAUJO;False;;F;30/03/1957 00:00:00;69;706204012540167;Procedimento;VERONICA NASCIMENTO DA COSTA;;<procedimento>, ESCUTA INICIAL / ORIENTACAO (ACOLHIMENTO A DEMANDA ESPONTANEA)</procedimento>;<procedimento>  0301040079 - ESCUTA INICIAL / ORIENTACAO (ACOLHIMENTO A DEMANDA ESPONTANEA) - Quantidade: 1
</procedimento>;;;;;Espontanea;17/09/2026 10:32:56;17/09/2026 00:00:00;17/09/2026 00:00:00;1min 9s;RODOVIA ERNANI DO AMARAL PEIXOTO, 32, KM21,5, SAO JOSE DO IMBASSAI, MARICA-RJ, CEP: 24931000  - Tel: 21972008573;
IVONE DA SILVA SOARES;False;;F;10/09/1952 00:00:00;74;708403203800760;Procedimento;VERONICA NASCIMENTO DA COSTA;;<procedimento>, ESCUTA INICIAL / ORIENTACAO (ACOLHIMENTO A DEMANDA ESPONTANEA)</procedimento>;<procedimento>  0301040079 - ESCUTA INICIAL / ORIENTACAO (ACOLHIMENTO A DEMANDA ESPONTANEA) - Quantidade: 1
</procedimento>;;;;;Espontanea;17/09/2026 10:32:02;17/09/2026 00:00:00;17/09/2026 00:00:00;17s;RUA SETE, S/N, PINDOBAL (PONTA NEGRA), MARICA-RJ, CEP: 24919675  - Tel: 21969246040;
CREUSA VALDINA ALMEIDA DA CRUZ;False;;F;24/06/1955 00:00:00;71;700805932097687;Procedimento;VERONICA NASCIMENTO DA COSTA;;<procedimento>, ESCUTA INICIAL / ORIENTACAO (ACOLHIMENTO A DEMANDA ESPONTANEA)</procedimento>;<procedimento>  0301040079 - ESCUTA INICIAL / ORIENTACAO (ACOLHIMENTO A DEMANDA ESPONTANEA) - Quantidade: 1
</procedimento>;;;;;Espontanea;17/09/2026 10:33:40;17/09/2026 00:00:00;17/09/2026 00:00:00;1min 3s;RUA DEZ, S/N, QD 08 LT 12, INOA (INOA), MARICA-RJ, CEP: 24942370  - Tel: 21998780202;
PAULO ROBERTO MUNIZ;False;;M;29/09/1959 00:00:00;66;702900566305375;Consulta c/ Cardiologista;MARIA SILVIA DA FONSECA E SILVA LEVY; I48  - FLUTTER E FIBRILACAO ATRIAL, I20  - ANGINA PECTORIS;<procedimento>, CONSULTA MEDICA EM ATENCAO ESPECIALIZADA</procedimento>;<procedimento>  0301010072 - CONSULTA MEDICA EM ATENCAO ESPECIALIZADA - Quantidade: 1
</procedimento>;N;;;N;Programada;17/09/2026 10:34:08;17/09/2026 00:00:00;17/09/2026 00:00:00;13min 52s;RUA ANTONIO EDUARDO, 229, MUMBUCA, MARICA-RJ, CEP: 24913705  - Tel: 21219712097;
BIANCA SILVA DOS SANTOS;False;;F;06/09/1974 00:00:00;52;704701727822235;Consulta c/ Cardiologista;LUCIANA FIRMINO PONCE; I63  - INFARTO CEREBRAL;<procedimento>, CONSULTA MEDICA EM ATENCAO ESPECIALIZADA</procedimento>;<procedimento>  0301010072 - CONSULTA MEDICA EM ATENCAO ESPECIALIZADA - Quantidade: 1
</procedimento>;S;DOSAGEM DE SODIO
DOSAGEM DE UREIA
DOSAGEM DE COLESTEROL HDL
ULTRASSONOGRAFIA DOPPLER COLORIDO DE VASOS
DOSAGEM DE POTASSIO
MONITORIZACAO AMBULATORIAL DE PRESSAO ARTERIAL (M A P A)
DOSAGEM DE VITAMINA B12
DOSAGEM DE CREATININA
DOSAGEM DE COLESTEROL TOTAL
DOSAGEM DE 25 HIDROXIVITAMINA D
DOSAGEM DE TRIGLICERIDEOS
ECOCARDIOGRAFIA TRANSTORACICA
HEMOGRAMA COMPLETO
DOSAGEM DE COLESTEROL LDL
DOSAGEM DE HORMONIO TIREOESTIMULANTE (TSH)
DOSAGEM DE ACIDO URICO
DOSAGEM DE TIROXINA (T4)
;;N;Programada;17/09/2026 10:37:54;17/09/2026 00:00:00;17/09/2026 00:00:00;18min 16s;RUA X, S/N, SETOR B BLOCO 3 APT 02, CHACARAS DE INOA (INOA), MARICA-RJ, CEP: 24940653  - Tel: 21970980750;
MARIA TELMA MOREIRA;False;;F;26/07/1968 00:00:00;58;702808615077162;Consulta de Enfermagem;MAURO BATISTA DE BARROS; T140 - TRAUMATISMO SUPERFICIAL DE REGIAO NAO ESPECIFICADA DO CORPO;<procedimento>, CONSULTA DE PROFISSIONAIS DE NIVEL SUPERIOR NA ATENCAO ESPECIALIZADA (EXCETO MEDICO)</procedimento><procedimento>, CURATIVO ESPECIAL</procedimento>;<procedimento>  0301010048 - CONSULTA DE PROFISSIONAIS DE NIVEL SUPERIOR NA ATENCAO ESPECIALIZADA (EXCETO MEDICO) - Quantidade: 1
</procedimento><procedimento>  0301100276 - CURATIVO ESPECIAL - Quantidade: 1
</procedimento>;N;;;N;Programada;17/09/2026 10:45:55;17/09/2026 00:00:00;17/09/2026 00:00:00;27min 17s;RUA LEONARDO JOSE ANTUNES, S/N, STE BL13 AP303, INOA (INOA), MARICA-RJ, CEP: 24943255  - Tel: 21974352744;
CLESANY GUEDES MONTEIRO;False;;F;21/02/1951 00:00:00;75;708401235959860;Consulta c/ Cardiologista;MARIA SILVIA DA FONSECA E SILVA LEVY; M32  - LUPUS ERITEMATOSO DISSEMINADO (SISTEMICO);<procedimento>, CONSULTA MEDICA EM ATENCAO ESPECIALIZADA</procedimento>;<procedimento>  0301010072 - CONSULTA MEDICA EM ATENCAO ESPECIALIZADA - Quantidade: 1
</procedimento>;N;;;N;Programada;17/09/2026 10:48:30;17/09/2026 00:00:00;17/09/2026 00:00:00;4min 17s;RUA MARIMAR, S/N, QUADRA61LOTE24, GUARATIBA (PONTA NEGRA), MARICA-RJ, CEP: 24916305  - Tel: 21990014461;
SIMONE PACHECO CONCEICAO;False;;F;15/03/1977 00:00:00;49;705007463827254;Consulta c/ Cardiologista;LUCIANA FIRMINO PONCE; I252 - INFARTO ANTIGO DO MIOCARDIO;<procedimento>, CONSULTA MEDICA EM ATENCAO ESPECIALIZADA</procedimento>;<procedimento>  0301010072 - CONSULTA MEDICA EM ATENCAO ESPECIALIZADA - Quantidade: 1
</procedimento>;S;HEMOGRAMA COMPLETO
TESTE DE ESFORCO / TESTE ERGOMETRICO
DOSAGEM DE VITAMINA B12
DOSAGEM DE 25 HIDROXIVITAMINA D
DOSAGEM DE HORMONIO TIREOESTIMULANTE (TSH)
DOSAGEM DE COLESTEROL TOTAL
DOSAGEM DE SODIO
DOSAGEM DE COLESTEROL LDL
DOSAGEM DE CREATININA
DOSAGEM DE TRIGLICERIDEOS
DOSAGEM DE TIROXINA (T4)
DOSAGEM DE ACIDO URICO
DOSAGEM DE UREIA
DOSAGEM DE POTASSIO
DOSAGEM DE COLESTEROL HDL
;;N;Programada;17/09/2026 10:55:35;17/09/2026 00:00:00;17/09/2026 00:00:00;32min 44s;RUA NILO RIBEIRO DA SILVA, S/N, LT 4 QD 24, UBATIBA, MARICA-RJ, CEP: 24908760  - Tel: 6133152425;
ELIZABETH TEIXEIRA FRANCA;False;;F;25/01/1954 00:00:00;72;708000806556129;Consulta c/ Psicologo Clinico;VALERIA LUCIA RISCADO ALVES; R450 - NERVOSISMO;<procedimento>, CONSULTA DE PROFISSIONAIS DE NIVEL SUPERIOR NA ATENCAO ESPECIALIZADA (EXCETO MEDICO)</procedimento>;<procedimento>  0301010048 - CONSULTA DE PROFISSIONAIS DE NIVEL SUPERIOR NA ATENCAO ESPECIALIZADA (EXCETO MEDICO) - Quantidade: 1
</procedimento>;N;;;N;Programada;17/09/2026 10:56:28;17/09/2026 00:00:00;17/09/2026 00:00:00;1min 48s;RUA CINCO, S/N, LT 26 QD 07, ITAPEBA, MARICA-RJ, CEP: 24913610  - Tel: 21990938006;
ARENI FERREIRA DE SENA ARAUJO;False;;F;25/09/1974 00:00:00;51;704609636800423;Consulta c/ Cardiologista;MARIA SILVIA DA FONSECA E SILVA LEVY; I05  - DOENCAS REUMATICAS DA VALVA MITRAL;<procedimento>, CONSULTA MEDICA EM ATENCAO ESPECIALIZADA</procedimento>;<procedimento>  0301010072 - CONSULTA MEDICA EM ATENCAO ESPECIALIZADA - Quantidade: 1
</procedimento>;N;;;N;Programada;17/09/2026 10:57:36;17/09/2026 00:00:00;17/09/2026 00:00:00;18min 2s;RUA ANDRELINA CARLOTA DA CONCEICAO, 97, 1000, MUMBUCA, MARICA-RJ, CEP: 24913855  - Tel: 21969229161;
LUIZ CARLOS PEREIRA MURTA;False;;M;30/04/1951 00:00:00;75;705603474641018;Procedimento;VERONICA NASCIMENTO DA COSTA;;<procedimento>, ESCUTA INICIAL / ORIENTACAO (ACOLHIMENTO A DEMANDA ESPONTANEA)</procedimento>;<procedimento>  0301040079 - ESCUTA INICIAL / ORIENTACAO (ACOLHIMENTO A DEMANDA ESPONTANEA) - Quantidade: 1
</procedimento>;;;;;Espontanea;17/09/2026 11:00:26;17/09/2026 00:00:00;17/09/2026 00:00:00;46s;AVENIDA PORTINARI, 208, CASA 02, ITAPEBA, MARICA-RJ, CEP: 24912325  - Tel: 21972197629;
ALTAIR MARIANO DE CAMARGO;False;;M;17/06/1966 00:00:00;60;703205674005297;Consulta c/ Psicologo Clinico;VALERIA LUCIA RISCADO ALVES; R450 - NERVOSISMO;<procedimento>, CONSULTA DE PROFISSIONAIS DE NIVEL SUPERIOR NA ATENCAO ESPECIALIZADA (EXCETO MEDICO)</procedimento>;<procedimento>  0301010048 - CONSULTA DE PROFISSIONAIS DE NIVEL SUPERIOR NA ATENCAO ESPECIALIZADA (EXCETO MEDICO) - Quantidade: 1
</procedimento>;N;;;N;Espontanea;17/09/2026 11:02:27;17/09/2026 00:00:00;17/09/2026 00:00:00;1min 42s;RUA DOS TANGARAS, S/N, QD K LT20, FLAMENGO, MARICA-RJ, CEP: 24903665  - Tel: 21996954603;
ESTELA MARCIA MAURA ROSARIO DE MORAES;False;;F;11/04/1976 00:00:00;50;704006315760160;Consulta c/ Psicologo Clinico;VALERIA LUCIA RISCADO ALVES; R450 - NERVOSISMO;<procedimento>, CONSULTA DE PROFISSIONAIS DE NIVEL SUPERIOR NA ATENCAO ESPECIALIZADA (EXCETO MEDICO)</procedimento>;<procedimento>  0301010048 - CONSULTA DE PROFISSIONAIS DE NIVEL SUPERIOR NA ATENCAO ESPECIALIZADA (EXCETO MEDICO) - Quantidade: 1
</procedimento>;N;;;N;Espontanea;17/09/2026 11:08:16;17/09/2026 00:00:00;17/09/2026 00:00:00;1min 29s;RUA VINTE E OITO, S/N, CAJUEIROS (ITAIPUACU), MARICA-RJ, CEP: 24932270  - Tel: 21920008235;
JORGE FERNANDES FILHO;False;;M;18/06/1955 00:00:00;71;706209086305565;Consulta de Enfermagem;MAURO BATISTA DE BARROS; T140 - TRAUMATISMO SUPERFICIAL DE REGIAO NAO ESPECIFICADA DO CORPO;<procedimento>, CONSULTA DE PROFISSIONAIS DE NIVEL SUPERIOR NA ATENCAO ESPECIALIZADA (EXCETO MEDICO)</procedimento><procedimento>, CURATIVO ESPECIAL</procedimento>;<procedimento>  0301010048 - CONSULTA DE PROFISSIONAIS DE NIVEL SUPERIOR NA ATENCAO ESPECIALIZADA (EXCETO MEDICO) - Quantidade: 1
</procedimento><procedimento>  0301100276 - CURATIVO ESPECIAL - Quantidade: 1
</procedimento>;N;;;N;Programada;17/09/2026 11:12:36;17/09/2026 00:00:00;17/09/2026 00:00:00;30min 25s;RUA VEREADOR TUNINHO DO BIRINIGTH, S/N, QD 144 LT 37, JARDIM ATLANTICO CENTRAL (ITAIPUACU), MARICA-RJ, CEP: 24934325  - Tel: 21972630683;
RENATO DUARTE DO NASCIMENTO;False;;M;25/10/1958 00:00:00;67;709000892987713;Consulta c/ Cardiologista;MARIA SILVIA DA FONSECA E SILVA LEVY; I20  - ANGINA PECTORIS;<procedimento>, CONSULTA MEDICA EM ATENCAO ESPECIALIZADA</procedimento>;<procedimento>  0301010072 - CONSULTA MEDICA EM ATENCAO ESPECIALIZADA - Quantidade: 1
</procedimento>;N;;;N;Programada;17/09/2026 11:15:12;17/09/2026 00:00:00;17/09/2026 00:00:00;15min 2s;RUA DOIS, 03, LT 29, SAO JOSE DO IMBASSAI, MARICA-RJ, CEP: 24930384  - Tel: 21996010017;
CORA MARIA DA MOTTA;False;;F;21/08/1955 00:00:00;71;706001830777444;Consulta c/ Psicologo Clinico;VALERIA LUCIA RISCADO ALVES; R450 - NERVOSISMO;<procedimento>, CONSULTA DE PROFISSIONAIS DE NIVEL SUPERIOR NA ATENCAO ESPECIALIZADA (EXCETO MEDICO)</procedimento>;<procedimento>  0301010048 - CONSULTA DE PROFISSIONAIS DE NIVEL SUPERIOR NA ATENCAO ESPECIALIZADA (EXCETO MEDICO) - Quantidade: 1
</procedimento>;N;;;N;Espontanea;17/09/2026 11:26:51;17/09/2026 00:00:00;17/09/2026 00:00:00;2min 0s;RUA LEONARDO JOSE ANTUNES, S/N, STD BL20 AP001, INOA (INOA), MARICA-RJ, CEP: 24943255  - Tel: 21973066885;
LUIZ CARLOS PEREIRA MURTA;False;;M;30/04/1951 00:00:00;75;705603474641018;Consulta c/ Cardiologista;LUCIANA FIRMINO PONCE; I25  - DOENCA ISQUEMICA CRONICA DO CORACAO;<procedimento>, CONSULTA MEDICA EM ATENCAO ESPECIALIZADA</procedimento>;<procedimento>  0301010072 - CONSULTA MEDICA EM ATENCAO ESPECIALIZADA - Quantidade: 1
</procedimento>;S;DOSAGEM DE POTASSIO
DOSAGEM DE SODIO
DOSAGEM DE HORMONIO TIREOESTIMULANTE (TSH)
DOSAGEM DE ACIDO URICO
DOSAGEM DE 25 HIDROXIVITAMINA D
DOSAGEM DE TIROXINA (T4)
DOSAGEM DE TRIGLICERIDEOS
DOSAGEM DE COLESTEROL TOTAL
HEMOGRAMA COMPLETO
DOSAGEM DE UREIA
DOSAGEM DE ANTIGENO PROSTATICO ESPECIFICO (PSA)
DOSAGEM DE CREATININA
DOSAGEM DE COLESTEROL LDL
DOSAGEM DE COLESTEROL HDL
DOSAGEM DE VITAMINA B12
ECOCARDIOGRAFIA TRANSTORACICA
;;N;Programada;17/09/2026 11:29:06;17/09/2026 00:00:00;17/09/2026 00:00:00;25min 25s;AVENIDA PORTINARI, 208, CASA 02, ITAPEBA, MARICA-RJ, CEP: 24912325  - Tel: 21972197629;
JOSE BRAZ DA SILVA;False;;M;02/02/1965 00:00:00;61;708501391884677;Consulta c/ Cardiologista;MARIA SILVIA DA FONSECA E SILVA LEVY; I20  - ANGINA PECTORIS;<procedimento>, CONSULTA MEDICA EM ATENCAO ESPECIALIZADA</procedimento>;<procedimento>  0301010072 - CONSULTA MEDICA EM ATENCAO ESPECIALIZADA - Quantidade: 1
</procedimento>;N;;;N;Programada;17/09/2026 11:30:12;17/09/2026 00:00:00;17/09/2026 00:00:00;8min 32s;RUA LEONARDO JOSE ANTUNES, S/N, STC BL9 AP101, INOA (INOA), MARICA-RJ, CEP: 24943255  - Tel: 21996601230;
JOAO MATHEUS GONCALVES DOS SANTOS;False;;M;06/01/2026 00:00:00;0;700208908946120;Consulta de Enfermagem;ELAINE APARECIDA DE SOUZA; K92  - DOENCAS DO APARELHO DIGESTIVO;<procedimento>, BOLSA DE COLOSTOMIA COM ADESIVO MICROPORO DRENAVEL</procedimento><procedimento>, CONSULTA DE PROFISSIONAIS DE NIVEL SUPERIOR NA ATENCAO ESPECIALIZADA (EXCETO MEDICO)</procedimento><procedimento>, CUIDADOS COM ESTOMAS</procedimento>;<procedimento>  0301010048 - CONSULTA DE PROFISSIONAIS DE NIVEL SUPERIOR NA ATENCAO ESPECIALIZADA (EXCETO MEDICO) - Quantidade: 1
</procedimento><procedimento>  0301100063 - CUIDADOS COM ESTOMAS - Quantidade: 1
</procedimento><procedimento>  0701050020 - BOLSA DE COLOSTOMIA COM ADESIVO MICROPORO DRENAVEL - Quantidade: 15
</procedimento>;N;;;N;Programada;17/09/2026 13:03:07;17/09/2026 00:00:00;17/09/2026 00:00:00;20min 0s;RUA NOSSA SENHORA DA CONCEICAO, 1054, JARDIM ATLANTICO LESTE (ITAIPUACU), MARICA-RJ, CEP: 24933435  - Tel: 2196490675;
JOSE LUIZ NEPOMUCENO;False;;M;22/03/1956 00:00:00;70;708100122744240;Consulta c/ Cardiologista;MARIA SILVIA DA FONSECA E SILVA LEVY; I20  - ANGINA PECTORIS;<procedimento>, CONSULTA MEDICA EM ATENCAO ESPECIALIZADA</procedimento>;<procedimento>  0301010072 - CONSULTA MEDICA EM ATENCAO ESPECIALIZADA - Quantidade: 1
</procedimento>;N;;;N;Programada;17/09/2026 11:38:52;17/09/2026 00:00:00;17/09/2026 00:00:00;3min 48s;RUA VAN LERBERGUE, S/N, JARDIM ATLANTICO LESTE (ITAIPUACU), MARICA-RJ, CEP: 24933580  - Tel: 21984991314;
DEILSON DA SILVA CARDOSO;False;;M;30/03/1975 00:00:00;51;700005406683807;Consulta c/ Cardiologista;MARIA SILVIA DA FONSECA E SILVA LEVY; I20  - ANGINA PECTORIS;<procedimento>, CONSULTA MEDICA EM ATENCAO ESPECIALIZADA</procedimento>;<procedimento>  0301010072 - CONSULTA MEDICA EM ATENCAO ESPECIALIZADA - Quantidade: 1
</procedimento>;N;;;N;Programada;17/09/2026 11:42:24;17/09/2026 00:00:00;17/09/2026 00:00:00;15min 14s;RUA FERNANDO MENDES, 110, INOA (INOA), MARICA-RJ, CEP: 24942250  - Tel: 21935152425;
WALDEMAR LIMA RIBEIRO;False;;M;18/04/1958 00:00:00;68;702501292078940;Procedimento;MARCIA SEIXAS PEREIRA;;<procedimento>, CURATIVO ESPECIAL</procedimento>;<procedimento>  0301100276 - CURATIVO ESPECIAL - Quantidade: 1
</procedimento>;;;;;Espontanea;17/09/2026 11:43:43;17/09/2026 00:00:00;17/09/2026 00:00:00;1min 25s;RUA UM, S/N, LT 04 QD 06 CS 01, SAO JOSE DO IMBASSAI, MARICA-RJ, CEP: 24930154  - Tel: 21982636282;
MAURIZA DE MATTOS ISAIAS;False;;F;26/09/1955 00:00:00;70;704802054670944;Procedimento;MARCIA SEIXAS PEREIRA;;<procedimento>, CURATIVO ESPECIAL</procedimento>;<procedimento>  0301100276 - CURATIVO ESPECIAL - Quantidade: 1
</procedimento>;;;;;Espontanea;17/09/2026 11:50:53;17/09/2026 00:00:00;17/09/2026 00:00:00;1min 21s;ESTRADA MONTE LIBANO, S/N, SITIO 08 B CS 02, SANTA PAULA (INOA), MARICA-RJ, CEP: 24944660  - Tel: 21966511437;
MARCELO TEIXEIRA DA SILVA;False;;M;08/05/1972 00:00:00;54;702100796948593;Procedimento;MARCIA SEIXAS PEREIRA;;<procedimento>, CURATIVO ESPECIAL</procedimento>;<procedimento>  0301100276 - CURATIVO ESPECIAL - Quantidade: 1
</procedimento>;;;;;Espontanea;17/09/2026 11:52:13;17/09/2026 00:00:00;17/09/2026 00:00:00;36s;ESTRADA CATUMBI, 30, LT 03 QD 12, CAJUEIROS (ITAIPUACU), MARICA-RJ, CEP: 24932160  - Tel: 21972541887;
ALONSO DA SILVA FERREIRA;False;;M;08/05/1957 00:00:00;69;706404666471081;Procedimento;MARCIA SEIXAS PEREIRA;;<procedimento>, CURATIVO ESPECIAL</procedimento>;<procedimento>  0301100276 - CURATIVO ESPECIAL - Quantidade: 1
</procedimento>;;;;;Espontanea;17/09/2026 11:53:55;17/09/2026 00:00:00;17/09/2026 00:00:00;1min 17s;AVENIDA DOUTOR ANTONIO MARQUES MATHIAS, S/N, JARDIM ATLANTICO CENTRAL (ITAIPUACU), MARICA-RJ, CEP: 24934015  - Tel: 21974143409;
MIZAEL RODRIGUES TORRES;False;;M;28/10/1946 00:00:00;79;704207208331486;Procedimento;MARCIA SEIXAS PEREIRA;;<procedimento>, CURATIVO ESPECIAL</procedimento>;<procedimento>  0301100276 - CURATIVO ESPECIAL - Quantidade: 1
</procedimento>;;;;;Espontanea;17/09/2026 11:53:07;17/09/2026 00:00:00;17/09/2026 00:00:00;31s;RUA DUQUE DE CAXIAS, S/N, LT 19 QD 29, UBATIBA, MARICA-RJ, CEP: 24908755  - Tel: 21997097171;
MARIA TELMA MOREIRA;False;;F;26/07/1968 00:00:00;58;702808615077162;Procedimento;MARCIA SEIXAS PEREIRA;;<procedimento>, CURATIVO ESPECIAL</procedimento>;<procedimento>  0301100276 - CURATIVO ESPECIAL - Quantidade: 1
</procedimento>;;;;;Espontanea;17/09/2026 11:54:53;17/09/2026 00:00:00;17/09/2026 00:00:00;5min 49s;RUA LEONARDO JOSE ANTUNES, S/N, STE BL13 AP303, INOA (INOA), MARICA-RJ, CEP: 24943255  - Tel: 21974352744;
MANOELA TRAJANO COSTA ALVES;False;;F;16/05/1990 00:00:00;36;700002186346308;Consulta c/ Cardiologista;LUCIANA FIRMINO PONCE; I10  - HIPERTENSAO ESSENCIAL (PRIMARIA);<procedimento>, CONSULTA MEDICA EM ATENCAO ESPECIALIZADA</procedimento>;<procedimento>  0301010072 - CONSULTA MEDICA EM ATENCAO ESPECIALIZADA - Quantidade: 1
</procedimento>;S;MONITORIZACAO AMBULATORIAL DE PRESSAO ARTERIAL (M A P A)
;;N;Programada;17/09/2026 11:55:13;17/09/2026 00:00:00;17/09/2026 00:00:00;10min 21s;RUA DOZE, S/N, LT 419, PONTA GROSSA, MARICA-RJ, CEP: 24914425  - Tel: 21972952204;
LUIZ ROBERTO SAUL DANTAS;False;;M;09/08/1958 00:00:00;68;;Consulta c/ Cardiologista;MARIA SILVIA DA FONSECA E SILVA LEVY; I50  - INSUFICIENCIA CARDIACA;<procedimento>, CONSULTA MEDICA EM ATENCAO ESPECIALIZADA</procedimento>;<procedimento>  0301010072 - CONSULTA MEDICA EM ATENCAO ESPECIALIZADA - Quantidade: 1
</procedimento>;N;;;N;Programada;17/09/2026 11:57:31;17/09/2026 00:00:00;17/09/2026 00:00:00;20min 44s;RUA PIONEIRO, S/N, JARDIM ATLANTICO CENTRAL (ITAIPUACU), MARICA-RJ, CEP: 24934300  - Tel: 21970224723;
JOSE LUIZ NEPOMUCENO;False;;M;22/03/1956 00:00:00;70;708100122744240;Procedimento;VERONICA NASCIMENTO DA COSTA;;<procedimento>, ESCUTA INICIAL / ORIENTACAO (ACOLHIMENTO A DEMANDA ESPONTANEA)</procedimento>;<procedimento>  0301040079 - ESCUTA INICIAL / ORIENTACAO (ACOLHIMENTO A DEMANDA ESPONTANEA) - Quantidade: 1
</procedimento>;;;;;Espontanea;17/09/2026 11:58:41;17/09/2026 00:00:00;17/09/2026 00:00:00;59s;RUA VAN LERBERGUE, S/N, JARDIM ATLANTICO LESTE (ITAIPUACU), MARICA-RJ, CEP: 24933580  - Tel: 21984991314;
JORGE FERNANDES FILHO;False;;M;18/06/1955 00:00:00;71;706209086305565;Procedimento;MARCIA SEIXAS PEREIRA;;<procedimento>, CURATIVO ESPECIAL</procedimento>;<procedimento>  0301100276 - CURATIVO ESPECIAL - Quantidade: 1
</procedimento>;;;;;Espontanea;17/09/2026 12:00:17;17/09/2026 00:00:00;17/09/2026 00:00:00;1min 1s;RUA VEREADOR TUNINHO DO BIRINIGTH, S/N, QD 144 LT 37, JARDIM ATLANTICO CENTRAL (ITAIPUACU), MARICA-RJ, CEP: 24934325  - Tel: 21972630683;
ADRIANO LOPES FREIXO;False;;M;31/03/1977 00:00:00;49;704500357617412;Consulta c/ Cardiologista;LUCIANA FIRMINO PONCE; I10  - HIPERTENSAO ESSENCIAL (PRIMARIA);<procedimento>, CONSULTA MEDICA EM ATENCAO ESPECIALIZADA</procedimento>;<procedimento>  0301010072 - CONSULTA MEDICA EM ATENCAO ESPECIALIZADA - Quantidade: 1
</procedimento>;N;;;N;Programada;17/09/2026 12:05:48;17/09/2026 00:00:00;17/09/2026 00:00:00;1h 14min 3s;RUA DAS ACACIAS, S/N, CENTRO, MARICA-RJ, CEP: 24900001  - Tel: 21970714224;
FRANCISCO ASSIS DE ALMEIDA;False;;M;07/04/1954 00:00:00;72;700505915370659;Consulta c/ Cardiologista;LUCIANA FIRMINO PONCE; M058 - OUTRAS ARTRITES REUMATOIDES SORO-POSITIVAS, I10  - HIPERTENSAO ESSENCIAL (PRIMARIA);<procedimento>, CONSULTA MEDICA EM ATENCAO ESPECIALIZADA</procedimento>;<procedimento>  0301010072 - CONSULTA MEDICA EM ATENCAO ESPECIALIZADA - Quantidade: 1
</procedimento>;S;RADIOGRAFIA DE TORAX (PA E PERFIL)
;;N;Programada;17/09/2026 12:15:17;17/09/2026 00:00:00;17/09/2026 00:00:00;28min 11s;RUA JOAO TAVARES, S/N, LT42 QD507 CS1, JARDIM ATLANTICO, MARICA-RJ, CEP: 24933165  - Tel: 21976450550;
ESTHER ALMEIDA DE OLIVEIRA;False;;F;27/01/1946 00:00:00;80;700609928221862;Consulta c/ Cardiologista;MARIA SILVIA DA FONSECA E SILVA LEVY; I20  - ANGINA PECTORIS;<procedimento>, CONSULTA MEDICA EM ATENCAO ESPECIALIZADA</procedimento>;<procedimento>  0301010072 - CONSULTA MEDICA EM ATENCAO ESPECIALIZADA - Quantidade: 1
</procedimento>;N;;;N;Programada;17/09/2026 12:22:01;17/09/2026 00:00:00;17/09/2026 00:00:00;15min 1s;RUA LEONEL BRIZOLA, S/N, QD224 LT21, BARROCO (ITAIPUACU), MARICA-RJ, CEP: 24936540  - Tel: 21980477724;
VINICIUS BELMIRO DE PAIVA;False;;M;15/04/1998 00:00:00;28;705003027059357;Consulta c/ Cardiologista;MARIA SILVIA DA FONSECA E SILVA LEVY; I49  - OUTRAS ARRITMIAS CARDIACAS;<procedimento>, CONSULTA MEDICA EM ATENCAO ESPECIALIZADA</procedimento>;<procedimento>  0301010072 - CONSULTA MEDICA EM ATENCAO ESPECIALIZADA - Quantidade: 1
</procedimento>;N;;;N;Programada;17/09/2026 12:37:28;17/09/2026 00:00:00;17/09/2026 00:00:00;2min 0s;RUA DA COVA DA ONCA, 75, RETIRO, MARICA-RJ, CEP: 24911700  - Tel: 21983698460;
MARIA DAS GRACAS BASTOS DE CARVALHO;False;;F;16/04/1960 00:00:00;66;700202959699028;Consulta c/ Cardiologista;MARIA SILVIA DA FONSECA E SILVA LEVY; E11  - DIABETES MELLITUS NAO-INSULINO-DEPENDENTE;<procedimento>, CONSULTA MEDICA EM ATENCAO ESPECIALIZADA</procedimento>;<procedimento>  0301010072 - CONSULTA MEDICA EM ATENCAO ESPECIALIZADA - Quantidade: 1
</procedimento>;N;;;N;Programada;17/09/2026 12:43:38;17/09/2026 00:00:00;17/09/2026 00:00:00;9min 12s;RUA ANDRELINA CARLOTA DA CONCEICAO, 78, LT 8A, MUMBUCA, MARICA-RJ, CEP: 24913855  - Tel: 21987452887;
MARIA SALETE PEREIRA DINIZ;False;;F;01/06/1954 00:00:00;72;708100577788239;Consulta c/ Cardiologista;LUCIANA FIRMINO PONCE; I10  - HIPERTENSAO ESSENCIAL (PRIMARIA);<procedimento>, CONSULTA MEDICA EM ATENCAO ESPECIALIZADA</procedimento>;<procedimento>  0301010072 - CONSULTA MEDICA EM ATENCAO ESPECIALIZADA - Quantidade: 1
</procedimento>;N;;;N;Programada;17/09/2026 12:43:30;17/09/2026 00:00:00;17/09/2026 00:00:00;18min 39s;RUA ANTONIO AUGUSTO VALADAO, S/N, JACAROA, MARICA-RJ, CEP: 24903165  - Tel: 21967523132;
EDSON NASCIMENTO RIBEIRO;False;;M;20/05/1966 00:00:00;60;708501341764074;Procedimento;DEUSIMAR ALVES DE ARAUJO NOBRE;;<procedimento>, ESCUTA INICIAL / ORIENTACAO (ACOLHIMENTO A DEMANDA ESPONTANEA)</procedimento>;<procedimento>  0301040079 - ESCUTA INICIAL / ORIENTACAO (ACOLHIMENTO A DEMANDA ESPONTANEA) - Quantidade: 1
</procedimento>;;;;;Espontanea;17/09/2026 12:49:21;17/09/2026 00:00:00;17/09/2026 00:00:00;1min 5s;RUA ANTONIO DE CASTILHO, S/N, LT 08 QD 16, INOA (INOA), MARICA-RJ, CEP: 24943600  - Tel: 21975221013;
GILDASIO MARQUES DOS SANTOS;False;;M;03/10/1971 00:00:00;54;700008446801307;Consulta c/ Cardiologista;MARIA SILVIA DA FONSECA E SILVA LEVY; I20  - ANGINA PECTORIS;<procedimento>, CONSULTA MEDICA EM ATENCAO ESPECIALIZADA</procedimento>;<procedimento>  0301010072 - CONSULTA MEDICA EM ATENCAO ESPECIALIZADA - Quantidade: 1
</procedimento>;N;;;N;Programada;17/09/2026 12:52:49;17/09/2026 00:00:00;17/09/2026 00:00:00;1min 50s;ESTRADA TREZE, S/N, QD 11 LOTE 351, RINCAO MIMOSO (ITAIPUACU), MARICA-RJ, CEP: 24938145  - Tel: 21976113711;
MARCOS AURELIO DE ALMEIDA PEREIRA;False;;M;26/06/1973 00:00:00;53;700905916982697;Procedimento;DEUSIMAR ALVES DE ARAUJO NOBRE;;<procedimento>, ESCUTA INICIAL / ORIENTACAO (ACOLHIMENTO A DEMANDA ESPONTANEA)</procedimento>;<procedimento>  0301040079 - ESCUTA INICIAL / ORIENTACAO (ACOLHIMENTO A DEMANDA ESPONTANEA) - Quantidade: 1
</procedimento>;;;;;Espontanea;17/09/2026 12:52:34;17/09/2026 00:00:00;17/09/2026 00:00:00;1min 0s;RUA COIMBRA, 08, Lote 08 Quadra 497, JARDIM ATLANTICO LESTE (ITAIPUACU), MARICA-RJ, CEP: 24933185  - Tel: 21968145577;
LINDALVA DE ARAUJO DA SOARES;False;;F;18/08/1939 00:00:00;87;705201430174475;Procedimento;DEUSIMAR ALVES DE ARAUJO NOBRE;;<procedimento>, ESCUTA INICIAL / ORIENTACAO (ACOLHIMENTO A DEMANDA ESPONTANEA)</procedimento>;<procedimento>  0301040079 - ESCUTA INICIAL / ORIENTACAO (ACOLHIMENTO A DEMANDA ESPONTANEA) - Quantidade: 1
</procedimento>;;;;;Espontanea;17/09/2026 12:54:33;17/09/2026 00:00:00;17/09/2026 00:00:00;54s;RUA JOAQUIM PEREIRA DE MATOS, S/N, LT 14 QD 11, INOA (INOA), MARICA-RJ, CEP: 24943700  - Tel: 2126363385;
IVANIL SOARES;False;;M;19/05/1961 00:00:00;65;706406667887283;Procedimento;DEUSIMAR ALVES DE ARAUJO NOBRE;;<procedimento>, ESCUTA INICIAL / ORIENTACAO (ACOLHIMENTO A DEMANDA ESPONTANEA)</procedimento>;<procedimento>  0301040079 - ESCUTA INICIAL / ORIENTACAO (ACOLHIMENTO A DEMANDA ESPONTANEA) - Quantidade: 1
</procedimento>;;;;;Espontanea;17/09/2026 12:55:58;17/09/2026 00:00:00;17/09/2026 00:00:00;1min 41s;RUA ELISA VIEIRA VERAS, S/N, Q 200 LT 15, JARDIM ATLANTICO CENTRAL (ITAIPUACU), MARICA-RJ, CEP: 24934240  - Tel: 21966643568;
ELIVANE DA SILVA RAMOS;False;;F;26/10/1984 00:00:00;41;700506762098355;Consulta c/ Ginecologista e Obstetra;LORENA RODRIGUES NASCIMENTO; N872 - DISPLASIA CERVICAL GRAVE, NAO CLASSIFICADA EM OUTRA PARTE;<procedimento>, CONSULTA MEDICA EM ATENCAO ESPECIALIZADA</procedimento>;<procedimento>  0301010072 - CONSULTA MEDICA EM ATENCAO ESPECIALIZADA - Quantidade: 1
</procedimento>;N;;;N;Programada;17/09/2026 12:59:05;17/09/2026 00:00:00;17/09/2026 00:00:00;1h 5min 59s;RUA VISCONDE DE ITABORAI, 23, QD 14, MARQUES DE MARICA, MARICA-RJ, CEP: 24904425  - Tel: 21964193997;
VALDERI RODRIGUES DE OLIVEIRA;False;;M;19/05/1969 00:00:00;57;704209269621982;Procedimento;DEUSIMAR ALVES DE ARAUJO NOBRE;;<procedimento>, ESCUTA INICIAL / ORIENTACAO (ACOLHIMENTO A DEMANDA ESPONTANEA)</procedimento>;<procedimento>  0301040079 - ESCUTA INICIAL / ORIENTACAO (ACOLHIMENTO A DEMANDA ESPONTANEA) - Quantidade: 1
</procedimento>;;;;;Espontanea;17/09/2026 12:59:47;17/09/2026 00:00:00;17/09/2026 00:00:00;1min 9s;RUA NELSON ALVES DE SOUZA, 47, FUNDOS, SAO JOSE DO IMBASSAI, MARICA-RJ, CEP: 24931845  - Tel: 21986280611;
ADRIANA BARBOSA RIBEIRO GONZAGA;False;;F;18/12/1978 00:00:00;47;709801057177092;Procedimento;RENATO ROQUE DE ANDRADE;;<procedimento>, MAMOGRAFIA BILATERAL PARA RASTREAMENTO</procedimento>;<procedimento>  0204030188 - MAMOGRAFIA BILATERAL PARA RASTREAMENTO - Quantidade: 1
</procedimento>;;;;;Espontanea;17/09/2026 16:46:38;17/09/2026 00:00:00;17/09/2026 00:00:00;0s;RUA JURUA, S/N, QD 20 LT 24, SAO JOSE DO IMBASSAI, MARICA-RJ, CEP: 24931195  - Tel: 21966684478;
ALICE HENRIQUE VAZ;False;;F;27/05/1948 00:00:00;78;702006825185285;Procedimento;SERGIO RICARDO DUARTE MOUTINHO;;<procedimento>, MONITORAMENTO PELO SISTEMA HOLTER 24 HS (3 CANAIS)</procedimento>;<procedimento>  0211020044 - MONITORAMENTO PELO SISTEMA HOLTER 24 HS (3 CANAIS) - Quantidade: 1
</procedimento>;;;;;Espontanea;17/09/2026 14:46:40;17/09/2026 00:00:00;17/09/2026 00:00:00;0s;RUA LEONARDO JOSE ANTUNES, S/N, INOA (INOA), MARICA-RJ, CEP: 24943255  - Tel: 21976411923;
ALICE HENRIQUE VAZ;False;;F;27/05/1948 00:00:00;78;702006825185285;Procedimento;SERGIO RICARDO DUARTE MOUTINHO;;<procedimento>, MONITORAMENTO PELO SISTEMA HOLTER 24 HS (3 CANAIS)</procedimento>;<procedimento>  0211020044 - MONITORAMENTO PELO SISTEMA HOLTER 24 HS (3 CANAIS) - Quantidade: 1
</procedimento>;;;;;Espontanea;17/09/2026 13:44:28;17/09/2026 00:00:00;17/09/2026 00:00:00;0s;RUA LEONARDO JOSE ANTUNES, S/N, INOA (INOA), MARICA-RJ, CEP: 24943255  - Tel: 21976411923;
ANDREIA RODRIGUES DE FREITAS;False;;F;20/03/1976 00:00:00;50;707004825724738;Procedimento;RENATO ROQUE DE ANDRADE;;<procedimento>, MAMOGRAFIA BILATERAL PARA RASTREAMENTO</procedimento>;<procedimento>  0204030188 - MAMOGRAFIA BILATERAL PARA RASTREAMENTO - Quantidade: 1
</procedimento>;;;;;Espontanea;17/09/2026 16:43:42;17/09/2026 00:00:00;17/09/2026 00:00:00;0s;RUA REPUBLICA DOS ITALIANOS, S/N, CENTRO, MARICA-RJ, CEP: 24900490  - Tel: 21966412154;
CLAUDIA FORTES;False;;F;26/08/1971 00:00:00;55;703206618560095;Procedimento;RENATO ROQUE DE ANDRADE;;<procedimento>, MAMOGRAFIA BILATERAL PARA RASTREAMENTO</procedimento>;<procedimento>  0204030188 - MAMOGRAFIA BILATERAL PARA RASTREAMENTO - Quantidade: 1
</procedimento>;;;;;Espontanea;17/09/2026 16:42:38;17/09/2026 00:00:00;17/09/2026 00:00:00;0s;AVENIDA CARLOS MARIGHELLA, 6874, QD 10 LT 221, BARROCO (ITAIPUACU), MARICA-RJ, CEP: 24936435  - Tel: 21992399948;
CRISTINA APARECIDA DE OLIVEIRA;False;;F;06/08/1970 00:00:00;56;703508059791030;Procedimento;RENATO ROQUE DE ANDRADE;;<procedimento>, MAMOGRAFIA BILATERAL PARA RASTREAMENTO</procedimento>;<procedimento>  0204030188 - MAMOGRAFIA BILATERAL PARA RASTREAMENTO - Quantidade: 1
</procedimento>;;;;;Espontanea;17/09/2026 16:44:38;17/09/2026 00:00:00;17/09/2026 00:00:00;0s;RUA I, 710, SETOR B, SANTA PAULA (INOA), MARICA-RJ, CEP: 24944620  - Tel: 21968048195;
DENISE PEREIRA RANGEL DOS SANTOS;False;;F;12/09/1977 00:00:00;49;704801568890443;Procedimento;RENATO ROQUE DE ANDRADE;;<procedimento>, MAMOGRAFIA BILATERAL PARA RASTREAMENTO</procedimento>;<procedimento>  0204030188 - MAMOGRAFIA BILATERAL PARA RASTREAMENTO - Quantidade: 1
</procedimento>;;;;;Espontanea;17/09/2026 16:50:53;17/09/2026 00:00:00;17/09/2026 00:00:00;0s;RUA FERNANDO MENDES, S/N, LT 67 CS 2, INOA (INOA), MARICA-RJ, CEP: 24942250  - Tel: 21985023110;
DIRCIANY ALVES FRANCO PIMENTEL;False;;F;26/02/1973 00:00:00;53;700001304574304;Procedimento;RENATO ROQUE DE ANDRADE;;<procedimento>, MAMOGRAFIA BILATERAL PARA RASTREAMENTO</procedimento>;<procedimento>  0204030188 - MAMOGRAFIA BILATERAL PARA RASTREAMENTO - Quantidade: 1
</procedimento>;;;;;Espontanea;17/09/2026 16:51:57;17/09/2026 00:00:00;17/09/2026 00:00:00;0s;RUA NOVE, S/N, QD38LT17, MORADA DAS AGUIAS (ITAIPUACU), MARICA-RJ, CEP: 24937450  - Tel: 21964597802;
ELIZABETH SALGADO STOPA AMRI;False;;F;13/09/1973 00:00:00;53;703106679810890;Procedimento;RENATO ROQUE DE ANDRADE;;<procedimento>, MAMOGRAFIA BILATERAL PARA RASTREAMENTO</procedimento>;<procedimento>  0204030188 - MAMOGRAFIA BILATERAL PARA RASTREAMENTO - Quantidade: 1
</procedimento>;;;;;Espontanea;17/09/2026 16:47:46;17/09/2026 00:00:00;17/09/2026 00:00:00;0s;AVENIDA ARY ANTONIO DA SILVA, S/N, LT 04, QD 173, BAMBUI, MARICA-RJ, CEP: 24920375  - Tel: 21999778120;
GENESIA STELA DE FIGUEIREDO RIBEIRO;False;;F;13/08/1955 00:00:00;71;;Procedimento;RENATO ROQUE DE ANDRADE;;<procedimento>, MAMOGRAFIA BILATERAL PARA RASTREAMENTO</procedimento>;<procedimento>  0204030188 - MAMOGRAFIA BILATERAL PARA RASTREAMENTO - Quantidade: 1
</procedimento>;;;;;Espontanea;17/09/2026 16:39:42;17/09/2026 00:00:00;17/09/2026 00:00:00;0s;RUA DAS VIOLETAS, S/N, BARROCO (ITAIPUACU), MARICA-RJ, CEP: 24936350  - Tel: 21976687573;
MALRIZA ALVES DE MESQUITA GONCALVES;False;;F;08/10/1957 00:00:00;68;700002842500800;Procedimento;SERGIO RICARDO DUARTE MOUTINHO;;<procedimento>, MONITORAMENTO PELO SISTEMA HOLTER 24 HS (3 CANAIS)</procedimento>;<procedimento>  0211020044 - MONITORAMENTO PELO SISTEMA HOLTER 24 HS (3 CANAIS) - Quantidade: 1
</procedimento>;;;;;Espontanea;17/09/2026 15:32:18;17/09/2026 00:00:00;17/09/2026 00:00:00;0s;RUA SANTA JOANA DARC, S/N, QD40LT41C1, PRAIA DE ITAIPUACU (ITAIPUACU), MARICA-RJ, CEP: 24936830  - Tel: 21965515754;
MARCIO JOSE CARDOSO;False;;M;12/06/1965 00:00:00;61;704201209356282;Procedimento;SERGIO RICARDO DUARTE MOUTINHO;;<procedimento>, MONITORAMENTO PELO SISTEMA HOLTER 24 HS (3 CANAIS)</procedimento>;<procedimento>  0211020044 - MONITORAMENTO PELO SISTEMA HOLTER 24 HS (3 CANAIS) - Quantidade: 1
</procedimento>;;;;;Espontanea;17/09/2026 14:45:54;17/09/2026 00:00:00;17/09/2026 00:00:00;0s;RUA RUA SARGENTO LOBATO, 8, NA, FLAMENGO, MARICA-RJ, CEP: 24900000  - Tel: 21996187562;
MARIA DA PENHA THOMAZ DA SILVA MENDES;False;;F;20/11/1986 00:00:00;39;703408243837413;Procedimento;RENATO ROQUE DE ANDRADE;;<procedimento>, MAMOGRAFIA BILATERAL PARA RASTREAMENTO</procedimento>;<procedimento>  0204030188 - MAMOGRAFIA BILATERAL PARA RASTREAMENTO - Quantidade: 1
</procedimento>;;;;;Espontanea;17/09/2026 16:38:41;17/09/2026 00:00:00;17/09/2026 00:00:00;0s;RUA TRINTA, 44, LT 12 CS 06, CORDEIRINHO (PONTA NEGRA), MARICA-RJ, CEP: 24921544  - Tel: 21999598328;
MARIA PAULA OLIVEIRA DA SILVA;False;;F;06/12/1959 00:00:00;66;704708035386140;Procedimento;SERGIO RICARDO DUARTE MOUTINHO;;<procedimento>, MONITORIZACAO AMBULATORIAL DE PRESSAO ARTERIAL (M A P A)</procedimento>;<procedimento>  0211020052 - MONITORIZACAO AMBULATORIAL DE PRESSAO ARTERIAL (M A P A) - Quantidade: 1
</procedimento>;;;;;Espontanea;17/09/2026 14:43:41;17/09/2026 00:00:00;17/09/2026 00:00:00;0s;RUA CAIO DE FIGUEIREDO, 15, QD 29 C5, INOA (INOA), MARICA-RJ, CEP: 24942285  - Tel: 21966695598;
MARIA ROSA DE SOUZA SANDES;False;;F;11/01/1954 00:00:00;72;700402986202641;Procedimento;SERGIO RICARDO DUARTE MOUTINHO;;<procedimento>, MONITORIZACAO AMBULATORIAL DE PRESSAO ARTERIAL (M A P A)</procedimento>;<procedimento>  0211020052 - MONITORIZACAO AMBULATORIAL DE PRESSAO ARTERIAL (M A P A) - Quantidade: 1
</procedimento>;;;;;Espontanea;17/09/2026 14:44:19;17/09/2026 00:00:00;17/09/2026 00:00:00;0s;RUA ARY SPINDOLA, 28, CASA, CENTRO, MARICA-RJ, CEP: 24900485  - Tel: 21971933804;
MARILIA DO NASCIMENTO RAMALHO;False;;F;09/07/1982 00:00:00;44;708407783375967;Procedimento;RENATO ROQUE DE ANDRADE;;<procedimento>, MAMOGRAFIA</procedimento>;<procedimento>  0204030030 - MAMOGRAFIA - Quantidade: 1
</procedimento>;;;;;Espontanea;17/09/2026 16:40:44;17/09/2026 00:00:00;17/09/2026 00:00:00;0s;RUA X, S/N, STD BL28 APT 02, CHACARAS DE INOA (INOA), MARICA-RJ, CEP: 24940653  - Tel: 21975299059;
NAIR MARIA DE SAO PEDRO;False;;F;16/03/1952 00:00:00;74;700503576876057;Procedimento;RENATO ROQUE DE ANDRADE;;<procedimento>, MAMOGRAFIA BILATERAL PARA RASTREAMENTO</procedimento>;<procedimento>  0204030188 - MAMOGRAFIA BILATERAL PARA RASTREAMENTO - Quantidade: 1
</procedimento>;;;;;Espontanea;17/09/2026 16:45:31;17/09/2026 00:00:00;17/09/2026 00:00:00;0s;RUA ANTONIO DOS SANTOS BITTENCOURT, S/N, QD 1 A 1, MUMBUCA, MARICA-RJ, CEP: 24913800  - Tel: 21975620970;
NILCIMAR MIRANDA DA SILVA;False;;F;12/09/1985 00:00:00;41;700008641960303;Procedimento;RENATO ROQUE DE ANDRADE;;<procedimento>, MAMOGRAFIA BILATERAL PARA RASTREAMENTO</procedimento>;<procedimento>  0204030188 - MAMOGRAFIA BILATERAL PARA RASTREAMENTO - Quantidade: 1
</procedimento>;;;;;Espontanea;17/09/2026 16:48:56;17/09/2026 00:00:00;17/09/2026 00:00:00;0s;RUA DOS MARRECOS, 45, A, PARQUE NANCI, MARICA-RJ, CEP: 24914120  - Tel: 21983766638;
RAIMUNDA PEREIRA DE MAGALHAES;False;;F;08/01/1954 00:00:00;72;700009035377405;Procedimento;SERGIO RICARDO DUARTE MOUTINHO;;<procedimento>, MONITORAMENTO PELO SISTEMA HOLTER 24 HS (3 CANAIS)</procedimento>;<procedimento>  0211020044 - MONITORAMENTO PELO SISTEMA HOLTER 24 HS (3 CANAIS) - Quantidade: 1
</procedimento>;;;;;Espontanea;17/09/2026 14:45:10;17/09/2026 00:00:00;17/09/2026 00:00:00;0s;RUA ANTONIO DOS SANTOS BITTENCOURT, 38, CENTRO, MARICA-RJ, CEP: 24913800  - Tel: 21982833299;
SIRLENE FERREIRA DE OLIVEIRA;False;;F;30/05/1965 00:00:00;61;703207657405896;Procedimento;RENATO ROQUE DE ANDRADE;;<procedimento>, MAMOGRAFIA BILATERAL PARA RASTREAMENTO</procedimento>;<procedimento>  0204030188 - MAMOGRAFIA BILATERAL PARA RASTREAMENTO - Quantidade: 1
</procedimento>;;;;;Espontanea;17/09/2026 16:49:55;17/09/2026 00:00:00;17/09/2026 00:00:00;0s;RUA LUIZ FERNANDO DOS SANTOS CAETANO, S/N, L11 Q5 C, JACAROA, MARICA-RJ, CEP: 24903150  - Tel: 21988503136;
SONIA DO CARMO XAVIER;False;;F;22/11/1957 00:00:00;68;700001363481201;Procedimento;RENATO ROQUE DE ANDRADE;;<procedimento>, MAMOGRAFIA BILATERAL PARA RASTREAMENTO</procedimento>;<procedimento>  0204030188 - MAMOGRAFIA BILATERAL PARA RASTREAMENTO - Quantidade: 1
</procedimento>;;;;;Espontanea;17/09/2026 16:41:43;17/09/2026 00:00:00;17/09/2026 00:00:00;0s;AVENIDA PREFEITO IVAN MUNDIN, 930, CASA 01, ARACATIBA, MARICA-RJ, CEP: 24901435  - Tel: 2122440198;
VANESSA CRISTINA CALVANO NUNES;False;;F;02/11/1976 00:00:00;49;700009741342408;Procedimento;RENATO ROQUE DE ANDRADE;;<procedimento>, MAMOGRAFIA BILATERAL PARA RASTREAMENTO</procedimento>;<procedimento>  0204030188 - MAMOGRAFIA BILATERAL PARA RASTREAMENTO - Quantidade: 1
</procedimento>;;;;;Espontanea;17/09/2026 16:37:42;17/09/2026 00:00:00;17/09/2026 00:00:00;0s;ESTRADA DE JACAROA, 178, LOTE28QUADRA19, JACAROA, MARICA-RJ, CEP: 24902490  - Tel: 21966087942;
ALVANIR CONCEICAO DE JESUS;False;;M;16/10/1974 00:00:00;51;702107755378497;Consulta c/ Cardiologista;MARIA SILVIA DA FONSECA E SILVA LEVY; I50  - INSUFICIENCIA CARDIACA;<procedimento>, CONSULTA MEDICA EM ATENCAO ESPECIALIZADA</procedimento>;<procedimento>  0301010072 - CONSULTA MEDICA EM ATENCAO ESPECIALIZADA - Quantidade: 1
</procedimento>;N;;;N;Programada;17/09/2026 13:08:22;17/09/2026 00:00:00;17/09/2026 00:00:00;9min 45s;RUA RUA VISCONDE DE ITAUNA, S/N, LT06 Q02, MARQUES, MARICA-RJ, CEP: 24900001  - Tel: 21991096439;
ROBERTA PAULINO DOS SANTOS;False;;F;10/11/1967 00:00:00;58;700205487974228;Consulta c/ Cardiologista;MARIA SILVIA DA FONSECA E SILVA LEVY; I10  - HIPERTENSAO ESSENCIAL (PRIMARIA);<procedimento>, CONSULTA MEDICA EM ATENCAO ESPECIALIZADA</procedimento>;<procedimento>  0301010072 - CONSULTA MEDICA EM ATENCAO ESPECIALIZADA - Quantidade: 1
</procedimento>;N;;;N;Programada;17/09/2026 13:18:14;17/09/2026 00:00:00;17/09/2026 00:00:00;3min 2s;RUA CENTO E NOVENTA E QUATRO, S/N, JARDIM ATLANTICO OESTE (ITAIPUACU), MARICA-RJ, CEP: 24935230  - Tel: 21998671409;
REGINALDO RIBEIRO DE LIMA;False;;M;30/11/1963 00:00:00;62;704101270833150;Consulta c/ Cardiologista;LUCIANA FIRMINO PONCE; I63  - INFARTO CEREBRAL;<procedimento>, CONSULTA MEDICA EM ATENCAO ESPECIALIZADA</procedimento>;<procedimento>  0301010072 - CONSULTA MEDICA EM ATENCAO ESPECIALIZADA - Quantidade: 1
</procedimento>;S;ECOCARDIOGRAFIA TRANSTORACICA
DOSAGEM DE CREATININA
DOSAGEM DE POTASSIO
DOSAGEM DE SODIO
DOSAGEM DE TIROXINA (T4)
DOSAGEM DE ANTIGENO PROSTATICO ESPECIFICO (PSA)
DOSAGEM DE 25 HIDROXIVITAMINA D
DOSAGEM DE UREIA
HEMOGRAMA COMPLETO
DOSAGEM DE HORMONIO TIREOESTIMULANTE (TSH)
DOSAGEM DE COLESTEROL TOTAL
DOSAGEM DE TRIGLICERIDEOS
DOSAGEM DE VITAMINA B12
ELETROCARDIOGRAMA
DOSAGEM DE ACIDO URICO
DOSAGEM DE COLESTEROL LDL
DOSAGEM DE COLESTEROL HDL
;;N;Programada;17/09/2026 13:22:58;17/09/2026 00:00:00;17/09/2026 00:00:00;18min 4s;ESTRADA DE PONTA NEGRA, 01, LT 01, PONTA NEGRA (PONTA NEGRA), MARICA-RJ, CEP: 24922470  - Tel: 21967765958;
VERONICA VIEIRA DOS REIS;False;;F;14/01/1984 00:00:00;42;708301254120960;Consulta c/ Cardiologista;MARIA SILVIA DA FONSECA E SILVA LEVY; I10  - HIPERTENSAO ESSENCIAL (PRIMARIA);<procedimento>, CONSULTA MEDICA EM ATENCAO ESPECIALIZADA</procedimento>;<procedimento>  0301010072 - CONSULTA MEDICA EM ATENCAO ESPECIALIZADA - Quantidade: 1
</procedimento>;N;;;N;Programada;17/09/2026 13:22:02;17/09/2026 00:00:00;17/09/2026 00:00:00;3min 2s;TRAVESSA CAROLINA, 50, CASA, CHACARAS DE INOA (INOA), MARICA-RJ, CEP: 24941660  - Tel: 21966223233;
CLAUDIO FERREIRA;False;;M;31/08/1956 00:00:00;70;700008590925808;Consulta c/ Cardiologista;MARIA SILVIA DA FONSECA E SILVA LEVY; I20  - ANGINA PECTORIS;<procedimento>, CONSULTA MEDICA EM ATENCAO ESPECIALIZADA</procedimento>;<procedimento>  0301010072 - CONSULTA MEDICA EM ATENCAO ESPECIALIZADA - Quantidade: 1
</procedimento>;N;;;N;Programada;17/09/2026 13:34:54;17/09/2026 00:00:00;17/09/2026 00:00:00;4min 57s;RUA GEORGILEI RODRIGUES, S/N, Q226 L28, JARDIM ATLANTICO CENTRAL (ITAIPUACU), MARICA-RJ, CEP: 24934030  - Tel: 21991241168;
ARLINDO VIEIRA TEIXEIRA;False;;M;23/09/1962 00:00:00;63;709206269323637;Consulta de Enfermagem;MAURO BATISTA DE BARROS; T140 - TRAUMATISMO SUPERFICIAL DE REGIAO NAO ESPECIFICADA DO CORPO;<procedimento>, CONSULTA DE PROFISSIONAIS DE NIVEL SUPERIOR NA ATENCAO ESPECIALIZADA (EXCETO MEDICO)</procedimento><procedimento>, CURATIVO ESPECIAL</procedimento>;<procedimento>  0301010048 - CONSULTA DE PROFISSIONAIS DE NIVEL SUPERIOR NA ATENCAO ESPECIALIZADA (EXCETO MEDICO) - Quantidade: 1
</procedimento><procedimento>  0301100276 - CURATIVO ESPECIAL - Quantidade: 1
</procedimento>;N;;;N;Programada;17/09/2026 13:35:26;17/09/2026 00:00:00;17/09/2026 00:00:00;16min 56s;RUA PAULO AFFONSO MACHADO, 16, QUADRA 02, PONTA NEGRA, MARICA-RJ, CEP: 24914340  - Tel: 21992707883;
ELANE SOARES DA ROSA;False;;F;09/02/1979 00:00:00;47;706700564702916;Consulta c/ Cardiologista;MARIA SILVIA DA FONSECA E SILVA LEVY; I10  - HIPERTENSAO ESSENCIAL (PRIMARIA);<procedimento>, CONSULTA MEDICA EM ATENCAO ESPECIALIZADA</procedimento>;<procedimento>  0301010072 - CONSULTA MEDICA EM ATENCAO ESPECIALIZADA - Quantidade: 1
</procedimento>;N;;;N;Programada;17/09/2026 13:39:20;17/09/2026 00:00:00;17/09/2026 00:00:00;10min 2s;RUA ITAPEVA, S/N, LT 19 QD 07, SAO JOSE DO IMBASSAI, MARICA-RJ, CEP: 24931110  - Tel: 21976724831;
ZAIRA ESTRELLA DANGELO;False;;F;10/02/1948 00:00:00;78;700502576787053;Consulta c/ Cardiologista;LUCIANA FIRMINO PONCE; I10  - HIPERTENSAO ESSENCIAL (PRIMARIA);<procedimento>, CONSULTA MEDICA EM ATENCAO ESPECIALIZADA</procedimento>;<procedimento>  0301010072 - CONSULTA MEDICA EM ATENCAO ESPECIALIZADA - Quantidade: 1
</procedimento>;N;;;N;Programada;17/09/2026 13:40:48;17/09/2026 00:00:00;17/09/2026 00:00:00;12min 46s;TRAVESSA FLAMENGO, S/N, CHACARAS DE INOA (INOA), MARICA-RJ, CEP: 24941680  - Tel: 21989892908;
DIENEFI SILVA DE OLIVEIRA;False;;F;23/08/1990 00:00:00;36;704607666758423;Procedimento;TATIANA PUREZA DA SILVA;;<procedimento>, ESCUTA INICIAL / ORIENTACAO (ACOLHIMENTO A DEMANDA ESPONTANEA)</procedimento>;<procedimento>  0301040079 - ESCUTA INICIAL / ORIENTACAO (ACOLHIMENTO A DEMANDA ESPONTANEA) - Quantidade: 1
</procedimento>;;;;;Espontanea;17/09/2026 13:41:55;17/09/2026 00:00:00;17/09/2026 00:00:00;1min 8s;RUA DEZESSETE DE NOVEMBRO, S/N, QD 52 LT5, PRAIA DE ITAIPUACU (ITAIPUACU), MARICA-RJ, CEP: 24936770  - Tel: 1935625590;
IRINEA COSTA DO CARMO;False;;F;09/10/1975 00:00:00;50;700001630282507;Procedimento;TATIANA PUREZA DA SILVA;;<procedimento>, ESCUTA INICIAL / ORIENTACAO (ACOLHIMENTO A DEMANDA ESPONTANEA)</procedimento>;<procedimento>  0301040079 - ESCUTA INICIAL / ORIENTACAO (ACOLHIMENTO A DEMANDA ESPONTANEA) - Quantidade: 1
</procedimento>;;;;;Espontanea;17/09/2026 13:41:11;17/09/2026 00:00:00;17/09/2026 00:00:00;21s;AVENIDA DOUTOR ANTONIO MARQUES MATHIAS, S/N, QD24 LT03, JARDIM ATLANTICO OESTE (ITAIPUACU), MARICA-RJ, CEP: 24935445  - Tel: 21989850024;
VANUSA FERREIRA DA SILVA SANTOS;False;;F;06/05/1980 00:00:00;46;700803495712388;Procedimento;TATIANA PUREZA DA SILVA;;<procedimento>, ESCUTA INICIAL / ORIENTACAO (ACOLHIMENTO A DEMANDA ESPONTANEA)</procedimento>;<procedimento>  0301040079 - ESCUTA INICIAL / ORIENTACAO (ACOLHIMENTO A DEMANDA ESPONTANEA) - Quantidade: 1
</procedimento>;;;;;Espontanea;17/09/2026 13:42:39;17/09/2026 00:00:00;17/09/2026 00:00:00;52s;ESTRADA MONTE LIBANO, S/N, LT 07 QD 45, SANTA PAULA (INOA), MARICA-RJ, CEP: 24944660  - Tel: 21987922418;
ALICE HENRIQUE VAZ;False;;F;27/05/1948 00:00:00;78;702006825185285;Procedimento;TATIANA PUREZA DA SILVA;;<procedimento>, ESCUTA INICIAL / ORIENTACAO (ACOLHIMENTO A DEMANDA ESPONTANEA)</procedimento>;<procedimento>  0301040079 - ESCUTA INICIAL / ORIENTACAO (ACOLHIMENTO A DEMANDA ESPONTANEA) - Quantidade: 1
</procedimento>;;;;;Espontanea;17/09/2026 13:43:30;17/09/2026 00:00:00;17/09/2026 00:00:00;40s;RUA LEONARDO JOSE ANTUNES, S/N, INOA (INOA), MARICA-RJ, CEP: 24943255  - Tel: 21976411923;
ADERBAL MARIO FERNANDES;False;;M;24/02/1953 00:00:00;73;700208974567027;Consulta c/ Cardiologista;MARIA SILVIA DA FONSECA E SILVA LEVY; I10  - HIPERTENSAO ESSENCIAL (PRIMARIA);<procedimento>, CONSULTA MEDICA EM ATENCAO ESPECIALIZADA</procedimento>;<procedimento>  0301010072 - CONSULTA MEDICA EM ATENCAO ESPECIALIZADA - Quantidade: 1
</procedimento>;N;;;N;Programada;17/09/2026 13:49:36;17/09/2026 00:00:00;17/09/2026 00:00:00;6min 43s;RUA ARAGUARI, S/N, LT 27 Q 43, SAO JOSE DO IMBASSAI, MARICA-RJ, CEP: 24931080  - Tel: 21985499914;
LOURDELEA DA CONCEICAO SILVA;False;;F;22/08/1969 00:00:00;57;707804693505514;Consulta de Enfermagem;MAURO BATISTA DE BARROS; T140 - TRAUMATISMO SUPERFICIAL DE REGIAO NAO ESPECIFICADA DO CORPO;<procedimento>, CONSULTA DE PROFISSIONAIS DE NIVEL SUPERIOR NA ATENCAO ESPECIALIZADA (EXCETO MEDICO)</procedimento><procedimento>, CURATIVO ESPECIAL</procedimento>;<procedimento>  0301010048 - CONSULTA DE PROFISSIONAIS DE NIVEL SUPERIOR NA ATENCAO ESPECIALIZADA (EXCETO MEDICO) - Quantidade: 1
</procedimento><procedimento>  0301100276 - CURATIVO ESPECIAL - Quantidade: 1
</procedimento>;N;;;N;Programada;17/09/2026 13:52:23;17/09/2026 00:00:00;17/09/2026 00:00:00;20min 6s;ESTRADA HENFIL, S/N, 103, PINDOBAS, MARICA-RJ, CEP: 24910750  - Tel: 21985856861;
IVONE ALVES FARIAS;False;;F;13/06/1948 00:00:00;78;700703976095778;Consulta c/ Cardiologista;LUCIANA FIRMINO PONCE; I50  - INSUFICIENCIA CARDIACA;<procedimento>, CONSULTA MEDICA EM ATENCAO ESPECIALIZADA</procedimento>;<procedimento>  0301010072 - CONSULTA MEDICA EM ATENCAO ESPECIALIZADA - Quantidade: 1
</procedimento>;S;DOSAGEM DE COLESTEROL LDL
DOSAGEM DE TIROXINA (T4)
DOSAGEM DE CREATININA
DOSAGEM DE TRIGLICERIDEOS
DOSAGEM DE UREIA
HEMOGRAMA COMPLETO
DOSAGEM DE ACIDO URICO
DOSAGEM DE COLESTEROL TOTAL
DOSAGEM DE VITAMINA B12
DOSAGEM DE HORMONIO TIREOESTIMULANTE (TSH)
DOSAGEM DE SODIO
DOSAGEM DE POTASSIO
DOSAGEM DE 25 HIDROXIVITAMINA D
DOSAGEM DE COLESTEROL HDL
;;N;Programada;17/09/2026 13:54:56;17/09/2026 00:00:00;17/09/2026 00:00:00;13min 28s;RUA MINAS GERAIS, S/N, PONTA NEGRA (PONTA NEGRA), MARICA-RJ, CEP: 24923090  - Tel: 21998311116;
GLORIA MARIA LEVY CARDOSO;False;;F;19/08/1960 00:00:00;66;706808249034925;Consulta c/ Cardiologista;MARIA SILVIA DA FONSECA E SILVA LEVY; I10  - HIPERTENSAO ESSENCIAL (PRIMARIA);<procedimento>, CONSULTA MEDICA EM ATENCAO ESPECIALIZADA</procedimento>;<procedimento>  0301010072 - CONSULTA MEDICA EM ATENCAO ESPECIALIZADA - Quantidade: 1
</procedimento>;N;;;N;Programada;17/09/2026 13:55:58;17/09/2026 00:00:00;17/09/2026 00:00:00;7min 25s;RODOVIA VEREADOR OLDEMAR GUEDES FIGUEIREDO, S/N, UBATIBA, MARICA-RJ, CEP: 24908845  - Tel: 21997921051;
CARLOS ALBERTO DA SILVA ASSUMPCAO;False;;M;23/09/1947 00:00:00;78;708203196011141;Consulta de Enfermagem;ELAINE APARECIDA DE SOUZA; R398 - OUTROS SINTOMAS E SINAIS RELATIVOS AO APARELHO URINARIO E OS NAO ESPECIFICADOS;<procedimento>, BARREIRAS PROTETORAS DE PELE SINTETICA E/OU MISTA EM FORMA DE PO / PASTA E/OU PLACA</procedimento><procedimento>, BOLSA COLETORA P/ UROSTOMIZADOS</procedimento><procedimento>, CONSULTA DE PROFISSIONAIS DE NIVEL SUPERIOR NA ATENCAO ESPECIALIZADA (EXCETO MEDICO)</procedimento>;<procedimento>  0301010048 - CONSULTA DE PROFISSIONAIS DE NIVEL SUPERIOR NA ATENCAO ESPECIALIZADA (EXCETO MEDICO) - Quantidade: 1
</procedimento><procedimento>  0701060018 - BARREIRAS PROTETORAS DE PELE SINTETICA E/OU MISTA EM FORMA DE PO / PASTA E/OU PLACA - Quantidade: 1
</procedimento><procedimento>  0701060026 - BOLSA COLETORA P/ UROSTOMIZADOS - Quantidade: 15
</procedimento>;N;;;N;Programada;17/09/2026 15:06:21;17/09/2026 00:00:00;17/09/2026 00:00:00;20min 0s;RUA FERNANDO HENRIQUE ASSUMPCAO, 36, CENTRO, MARICA-RJ, CEP: 24901085  - Tel: 21999255770;
ROSANGELA DA SILVA VALLADAO;False;;F;02/10/1970 00:00:00;55;706000393576748;Consulta c/ Cardiologista;MARIA SILVIA DA FONSECA E SILVA LEVY; I20  - ANGINA PECTORIS;<procedimento>, CONSULTA MEDICA EM ATENCAO ESPECIALIZADA</procedimento>;<procedimento>  0301010072 - CONSULTA MEDICA EM ATENCAO ESPECIALIZADA - Quantidade: 1
</procedimento>;N;;;N;Programada;17/09/2026 14:02:43;17/09/2026 00:00:00;17/09/2026 00:00:00;3min 8s;AVENIDA BENVINDO TAQUES HORTA JUNIOR, S/N, QD 552 LT 03, JARDIM ATLANTICO LESTE (ITAIPUACU), MARICA-RJ, CEP: 24933310  - Tel: 21995305573;
REGINALDO RIBEIRO DE LIMA;False;;M;30/11/1963 00:00:00;62;704101270833150;Escuta Inicial;SILVIA GOMES DA SILVA;;<procedimento>, AFERICAO DE PRESSAO ARTERIAL</procedimento><procedimento>, AVALIACAO ANTROPOMETRICA</procedimento><procedimento>, ESCUTA INICIAL / ORIENTACAO (ACOLHIMENTO A DEMANDA ESPONTANEA)</procedimento>;<procedimento>  0101040024 - AVALIACAO ANTROPOMETRICA - Quantidade: 1
</procedimento><procedimento>  0301040079 - ESCUTA INICIAL / ORIENTACAO (ACOLHIMENTO A DEMANDA ESPONTANEA) - Quantidade: 1
</procedimento><procedimento>  0301100039 - AFERICAO DE PRESSAO ARTERIAL - Quantidade: 1
</procedimento>;N;;;N;Espontanea;17/09/2026 14:06:51;17/09/2026 00:00:00;17/09/2026 00:00:00;1min 41s;ESTRADA DE PONTA NEGRA, 01, LT 01, PONTA NEGRA (PONTA NEGRA), MARICA-RJ, CEP: 24922470  - Tel: 21967765958;
ADEMAR SANTOS DE MELO;False;;M;07/01/1959 00:00:00;67;709200259307536;Consulta c/ Cardiologista;LUCIANA FIRMINO PONCE; I49  - OUTRAS ARRITMIAS CARDIACAS;<procedimento>, CONSULTA MEDICA EM ATENCAO ESPECIALIZADA</procedimento>;<procedimento>  0301010072 - CONSULTA MEDICA EM ATENCAO ESPECIALIZADA - Quantidade: 1
</procedimento>;N;;;N;Programada;17/09/2026 14:08:18;17/09/2026 00:00:00;17/09/2026 00:00:00;8min 36s;AVENIDA RUTH RIBEIRO, S/N, LOTE11QUADRA103, JARDIM INTERLAGOS (PONTA NEGRA), MARICA-RJ, CEP: 24917000  - Tel: 21986167673;
CARLOS CORDEIRO DE AZEVEDO;False;;M;07/10/1938 00:00:00;87;702108702768097;Escuta Inicial;SILVIA GOMES DA SILVA;;<procedimento>, AFERICAO DE PRESSAO ARTERIAL</procedimento><procedimento>, AVALIACAO ANTROPOMETRICA</procedimento><procedimento>, ESCUTA INICIAL / ORIENTACAO (ACOLHIMENTO A DEMANDA ESPONTANEA)</procedimento>;<procedimento>  0101040024 - AVALIACAO ANTROPOMETRICA - Quantidade: 1
</procedimento><procedimento>  0301040079 - ESCUTA INICIAL / ORIENTACAO (ACOLHIMENTO A DEMANDA ESPONTANEA) - Quantidade: 1
</procedimento><procedimento>  0301100039 - AFERICAO DE PRESSAO ARTERIAL - Quantidade: 1
</procedimento>;N;;;N;Espontanea;17/09/2026 14:08:27;17/09/2026 00:00:00;17/09/2026 00:00:00;1min 31s;RUA MARACA, S/N, QD 46 LT 08, SAO JOSE DO IMBASSAI, MARICA-RJ, CEP: 24931068  - Tel: 21971943113;
ISAQUE MIGUEL OLIVEIRA DOS SANTOS;False;;M;06/04/2010 00:00:00;16;700601951448870;Consulta c/ Cardiologista;MARIA SILVIA DA FONSECA E SILVA LEVY; I10  - HIPERTENSAO ESSENCIAL (PRIMARIA);<procedimento>, CONSULTA MEDICA EM ATENCAO ESPECIALIZADA</procedimento>;<procedimento>  0301010072 - CONSULTA MEDICA EM ATENCAO ESPECIALIZADA - Quantidade: 1
</procedimento>;N;;;N;Programada;17/09/2026 14:10:38;17/09/2026 00:00:00;17/09/2026 00:00:00;11min 35s;RUA MATHEUS RIBEIRO BARBOSA, S/N, LT 18 QD 04 CASA 05, PONTA NEGRA (PONTA NEGRA), MARICA-RJ, CEP: 24923000  - Tel: 21971421228;
ADERBAL MARIO FERNANDES;False;;M;24/02/1953 00:00:00;73;700208974567027;Escuta Inicial;SILVIA GOMES DA SILVA;;<procedimento>, AFERICAO DE PRESSAO ARTERIAL</procedimento><procedimento>, AVALIACAO ANTROPOMETRICA</procedimento><procedimento>, ESCUTA INICIAL / ORIENTACAO (ACOLHIMENTO A DEMANDA ESPONTANEA)</procedimento><procedimento>, GLICEMIA CAPILAR</procedimento>;<procedimento>  0101040024 - AVALIACAO ANTROPOMETRICA - Quantidade: 1
</procedimento><procedimento>  0214010015 - GLICEMIA CAPILAR - Quantidade: 1
</procedimento><procedimento>  0301040079 - ESCUTA INICIAL / ORIENTACAO (ACOLHIMENTO A DEMANDA ESPONTANEA) - Quantidade: 1
</procedimento><procedimento>  0301100039 - AFERICAO DE PRESSAO ARTERIAL - Quantidade: 1
</procedimento>;N;;;N;Espontanea;17/09/2026 14:11:11;17/09/2026 00:00:00;17/09/2026 00:00:00;6min 5s;RUA ARAGUARI, S/N, LT 27 Q 43, SAO JOSE DO IMBASSAI, MARICA-RJ, CEP: 24931080  - Tel: 21985499914;
ANGELA REGINA DOS SANTOS MARQUES;False;;F;15/12/1963 00:00:00;62;702802598591570;Consulta c/ Cardiologista;LUCIANA FIRMINO PONCE; I10  - HIPERTENSAO ESSENCIAL (PRIMARIA);<procedimento>, CONSULTA MEDICA EM ATENCAO ESPECIALIZADA</procedimento>;<procedimento>  0301010072 - CONSULTA MEDICA EM ATENCAO ESPECIALIZADA - Quantidade: 1
</procedimento>;S;DOSAGEM DE COLESTEROL LDL
DOSAGEM DE TRIGLICERIDEOS
HEMOGRAMA COMPLETO
DOSAGEM DE HORMONIO TIREOESTIMULANTE (TSH)
DOSAGEM DE SODIO
DOSAGEM DE 25 HIDROXIVITAMINA D
DOSAGEM DE COLESTEROL TOTAL
DOSAGEM DE UREIA
DOSAGEM DE VITAMINA B12
DOSAGEM DE POTASSIO
DOSAGEM DE COLESTEROL HDL
DOSAGEM DE TIROXINA (T4)
DOSAGEM DE CREATININA
DOSAGEM DE ACIDO URICO
;;N;Programada;17/09/2026 14:18:13;17/09/2026 00:00:00;17/09/2026 00:00:00;7min 50s;RUA QUARENTA E NOVE, S/N, JACAROA, MARICA-RJ, CEP: 24902715  - Tel: 21990202644;
CLAUDIO FERREIRA;False;;M;31/08/1956 00:00:00;70;700008590925808;Escuta Inicial;SILVIA GOMES DA SILVA;;<procedimento>, AFERICAO DE PRESSAO ARTERIAL</procedimento><procedimento>, AVALIACAO ANTROPOMETRICA</procedimento><procedimento>, ESCUTA INICIAL / ORIENTACAO (ACOLHIMENTO A DEMANDA ESPONTANEA)</procedimento><procedimento>, GLICEMIA CAPILAR</procedimento>;<procedimento>  0101040024 - AVALIACAO ANTROPOMETRICA - Quantidade: 1
</procedimento><procedimento>  0214010015 - GLICEMIA CAPILAR - Quantidade: 1
</procedimento><procedimento>  0301040079 - ESCUTA INICIAL / ORIENTACAO (ACOLHIMENTO A DEMANDA ESPONTANEA) - Quantidade: 1
</procedimento><procedimento>  0301100039 - AFERICAO DE PRESSAO ARTERIAL - Quantidade: 1
</procedimento>;N;;;N;Espontanea;17/09/2026 14:20:12;17/09/2026 00:00:00;17/09/2026 00:00:00;2min 8s;RUA GEORGILEI RODRIGUES, S/N, Q226 L28, JARDIM ATLANTICO CENTRAL (ITAIPUACU), MARICA-RJ, CEP: 24934030  - Tel: 21991241168;
MARIO JOSE DA SILVA;False;;M;15/11/1951 00:00:00;74;708004352167126;Escuta Inicial;SILVIA GOMES DA SILVA;;<procedimento>, AFERICAO DE PRESSAO ARTERIAL</procedimento><procedimento>, AVALIACAO ANTROPOMETRICA</procedimento><procedimento>, ESCUTA INICIAL / ORIENTACAO (ACOLHIMENTO A DEMANDA ESPONTANEA)</procedimento><procedimento>, GLICEMIA CAPILAR</procedimento>;<procedimento>  0101040024 - AVALIACAO ANTROPOMETRICA - Quantidade: 1
</procedimento><procedimento>  0214010015 - GLICEMIA CAPILAR - Quantidade: 1
</procedimento><procedimento>  0301040079 - ESCUTA INICIAL / ORIENTACAO (ACOLHIMENTO A DEMANDA ESPONTANEA) - Quantidade: 1
</procedimento><procedimento>  0301100039 - AFERICAO DE PRESSAO ARTERIAL - Quantidade: 1
</procedimento>;N;;;N;Espontanea;17/09/2026 14:22:43;17/09/2026 00:00:00;17/09/2026 00:00:00;4min 12s;RUA GOVERNADOR LEONEL BRIZOLA, S/N, QD 504 LT 25, JARDIM ATLANTICO LESTE (ITAIPUACU), MARICA-RJ, CEP: 24933075  - Tel: 21987091777;
CARLOS AUGUSTO PIMENTEL;False;;M;17/08/1959 00:00:00;67;707400016414975;Consulta c/ Cardiologista;MARIA SILVIA DA FONSECA E SILVA LEVY; I20  - ANGINA PECTORIS;<procedimento>, CONSULTA MEDICA EM ATENCAO ESPECIALIZADA</procedimento>;<procedimento>  0301010072 - CONSULTA MEDICA EM ATENCAO ESPECIALIZADA - Quantidade: 1
</procedimento>;N;;;N;Programada;17/09/2026 14:25:30;17/09/2026 00:00:00;17/09/2026 00:00:00;3min 53s;RUA IRINEU FERREIRA PINTO, 374, LT 137, PONTA GROSSA, MARICA-RJ, CEP: 24914345  - Tel: 2137314607;
VERONICA VIEIRA DOS REIS;False;;F;14/01/1984 00:00:00;42;708301254120960;Escuta Inicial;SILVIA GOMES DA SILVA;;<procedimento>, AFERICAO DE PRESSAO ARTERIAL</procedimento><procedimento>, AVALIACAO ANTROPOMETRICA</procedimento><procedimento>, ESCUTA INICIAL / ORIENTACAO (ACOLHIMENTO A DEMANDA ESPONTANEA)</procedimento><procedimento>, GLICEMIA CAPILAR</procedimento>;<procedimento>  0101040024 - AVALIACAO ANTROPOMETRICA - Quantidade: 1
</procedimento><procedimento>  0214010015 - GLICEMIA CAPILAR - Quantidade: 1
</procedimento><procedimento>  0301040079 - ESCUTA INICIAL / ORIENTACAO (ACOLHIMENTO A DEMANDA ESPONTANEA) - Quantidade: 1
</procedimento><procedimento>  0301100039 - AFERICAO DE PRESSAO ARTERIAL - Quantidade: 1
</procedimento>;N;;;N;Espontanea;17/09/2026 14:27:35;17/09/2026 00:00:00;17/09/2026 00:00:00;2min 47s;TRAVESSA CAROLINA, 50, CASA, CHACARAS DE INOA (INOA), MARICA-RJ, CEP: 24941660  - Tel: 21966223233;
JOSE ANTONIO MIRANDA COSTA;False;;M;13/04/1959 00:00:00;67;700509775033454;Consulta c/ Cardiologista;LUCIANA FIRMINO PONCE; R55  - SINCOPE E COLAPSO;<procedimento>, CONSULTA MEDICA EM ATENCAO ESPECIALIZADA</procedimento>;<procedimento>  0301010072 - CONSULTA MEDICA EM ATENCAO ESPECIALIZADA - Quantidade: 1
</procedimento>;S;ULTRASSONOGRAFIA DOPPLER COLORIDO DE VASOS
DOSAGEM DE SODIO
DOSAGEM DE POTASSIO
DOSAGEM DE TIROXINA (T4)
MONITORIZACAO AMBULATORIAL DE PRESSAO ARTERIAL (M A P A)
DOSAGEM DE 25 HIDROXIVITAMINA D
DOSAGEM DE COLESTEROL LDL
ECOCARDIOGRAFIA TRANSTORACICA
DOSAGEM DE ACIDO URICO
DOSAGEM DE COLESTEROL TOTAL
DOSAGEM DE COLESTEROL HDL
DOSAGEM DE HORMONIO TIREOESTIMULANTE (TSH)
DOSAGEM DE CREATININA
DOSAGEM DE ANTIGENO PROSTATICO ESPECIFICO (PSA)
;;N;Programada;17/09/2026 14:28:26;17/09/2026 00:00:00;17/09/2026 00:00:00;10min 50s;RUA A, S/N, LT 25 QD 2B, ITAPEBA, MARICA-RJ, CEP: 24912515  - Tel: 21986077677;
CARLOS ALBERTO DA SILVA ASSUMPCAO;False;;M;23/09/1947 00:00:00;78;708203196011141;Consulta c/ Psicologo Clinico;VALERIA LUCIA RISCADO ALVES; R450 - NERVOSISMO;<procedimento>, CONSULTA DE PROFISSIONAIS DE NIVEL SUPERIOR NA ATENCAO ESPECIALIZADA (EXCETO MEDICO)</procedimento>;<procedimento>  0301010048 - CONSULTA DE PROFISSIONAIS DE NIVEL SUPERIOR NA ATENCAO ESPECIALIZADA (EXCETO MEDICO) - Quantidade: 1
</procedimento>;N;;;N;Programada;17/09/2026 14:29:53;17/09/2026 00:00:00;17/09/2026 00:00:00;2min 34s;RUA FERNANDO HENRIQUE ASSUMPCAO, 36, CENTRO, MARICA-RJ, CEP: 24901085  - Tel: 21999255770;
ZANDER RIBEIRO MORAES;False;;M;14/12/1987 00:00:00;38;702406527750029;Consulta c/ Cardiologista;MARIA SILVIA DA FONSECA E SILVA LEVY; I20  - ANGINA PECTORIS;<procedimento>, CONSULTA MEDICA EM ATENCAO ESPECIALIZADA</procedimento>;<procedimento>  0301010072 - CONSULTA MEDICA EM ATENCAO ESPECIALIZADA - Quantidade: 1
</procedimento>;N;;;N;Programada;17/09/2026 14:30:31;17/09/2026 00:00:00;17/09/2026 00:00:00;17min 23s;RUA ANTONIO RODRIGUES CORREIA, S/N, RUA 87 QD 461, JARDIM ATLANTICO LESTE (ITAIPUACU), MARICA-RJ, CEP: 24933420  - Tel: 21986535724;
MARIA DAS GRACAS BASTOS DE CARVALHO;False;;F;16/04/1960 00:00:00;66;700202959699028;Escuta Inicial;SILVIA GOMES DA SILVA;;<procedimento>, AFERICAO DE PRESSAO ARTERIAL</procedimento><procedimento>, AVALIACAO ANTROPOMETRICA</procedimento><procedimento>, ESCUTA INICIAL / ORIENTACAO (ACOLHIMENTO A DEMANDA ESPONTANEA)</procedimento><procedimento>, GLICEMIA CAPILAR</procedimento>;<procedimento>  0101040024 - AVALIACAO ANTROPOMETRICA - Quantidade: 1
</procedimento><procedimento>  0214010015 - GLICEMIA CAPILAR - Quantidade: 1
</procedimento><procedimento>  0301040079 - ESCUTA INICIAL / ORIENTACAO (ACOLHIMENTO A DEMANDA ESPONTANEA) - Quantidade: 1
</procedimento><procedimento>  0301100039 - AFERICAO DE PRESSAO ARTERIAL - Quantidade: 1
</procedimento>;N;;;N;Espontanea;17/09/2026 14:30:43;17/09/2026 00:00:00;17/09/2026 00:00:00;2min 8s;RUA ANDRELINA CARLOTA DA CONCEICAO, 78, LT 8A, MUMBUCA, MARICA-RJ, CEP: 24913855  - Tel: 21987452887;
VINICIUS BELMIRO DE PAIVA;False;;M;15/04/1998 00:00:00;28;705003027059357;Escuta Inicial;SILVIA GOMES DA SILVA;;<procedimento>, AFERICAO DE PRESSAO ARTERIAL</procedimento><procedimento>, AVALIACAO ANTROPOMETRICA</procedimento><procedimento>, ESCUTA INICIAL / ORIENTACAO (ACOLHIMENTO A DEMANDA ESPONTANEA)</procedimento><procedimento>, GLICEMIA CAPILAR</procedimento>;<procedimento>  0101040024 - AVALIACAO ANTROPOMETRICA - Quantidade: 1
</procedimento><procedimento>  0214010015 - GLICEMIA CAPILAR - Quantidade: 1
</procedimento><procedimento>  0301040079 - ESCUTA INICIAL / ORIENTACAO (ACOLHIMENTO A DEMANDA ESPONTANEA) - Quantidade: 1
</procedimento><procedimento>  0301100039 - AFERICAO DE PRESSAO ARTERIAL - Quantidade: 1
</procedimento>;N;;;N;Espontanea;17/09/2026 14:32:46;17/09/2026 00:00:00;17/09/2026 00:00:00;2min 1s;RUA DA COVA DA ONCA, 75, RETIRO, MARICA-RJ, CEP: 24911700  - Tel: 21983698460;
WALDECY DE SOUZA NASCIMENTO;False;;M;09/12/1974 00:00:00;51;898004847479574;Consulta de Enfermagem;MAURO BATISTA DE BARROS; T140 - TRAUMATISMO SUPERFICIAL DE REGIAO NAO ESPECIFICADA DO CORPO;<procedimento>, CONSULTA DE PROFISSIONAIS DE NIVEL SUPERIOR NA ATENCAO ESPECIALIZADA (EXCETO MEDICO)</procedimento><procedimento>, CURATIVO ESPECIAL</procedimento>;<procedimento>  0301010048 - CONSULTA DE PROFISSIONAIS DE NIVEL SUPERIOR NA ATENCAO ESPECIALIZADA (EXCETO MEDICO) - Quantidade: 1
</procedimento><procedimento>  0301100276 - CURATIVO ESPECIAL - Quantidade: 1
</procedimento>;N;;;N;Programada;17/09/2026 14:32:09;17/09/2026 00:00:00;17/09/2026 00:00:00;12min 54s;RUA WALDIR TAVARES GUAPYASSU DE SA, S/N, QD 256 LT 29, JARDIM ATLANTICO CENTRAL (ITAIPUACU), MARICA-RJ, CEP: 24934140  - Tel: 21986894128;
ESTHER ALMEIDA DE OLIVEIRA;False;;F;27/01/1946 00:00:00;80;700609928221862;Escuta Inicial;SILVIA GOMES DA SILVA;;<procedimento>, AFERICAO DE PRESSAO ARTERIAL</procedimento><procedimento>, AVALIACAO ANTROPOMETRICA</procedimento><procedimento>, ESCUTA INICIAL / ORIENTACAO (ACOLHIMENTO A DEMANDA ESPONTANEA)</procedimento><procedimento>, GLICEMIA CAPILAR</procedimento>;<procedimento>  0101040024 - AVALIACAO ANTROPOMETRICA - Quantidade: 1
</procedimento><procedimento>  0214010015 - GLICEMIA CAPILAR - Quantidade: 1
</procedimento><procedimento>  0301040079 - ESCUTA INICIAL / ORIENTACAO (ACOLHIMENTO A DEMANDA ESPONTANEA) - Quantidade: 1
</procedimento><procedimento>  0301100039 - AFERICAO DE PRESSAO ARTERIAL - Quantidade: 1
</procedimento>;N;;;N;Espontanea;17/09/2026 14:34:48;17/09/2026 00:00:00;17/09/2026 00:00:00;2min 35s;RUA LEONEL BRIZOLA, S/N, QD224 LT21, BARROCO (ITAIPUACU), MARICA-RJ, CEP: 24936540  - Tel: 21980477724;
JOSE LUIZ NEPOMUCENO;False;;M;22/03/1956 00:00:00;70;708100122744240;Escuta Inicial;SILVIA GOMES DA SILVA;;<procedimento>, AFERICAO DE PRESSAO ARTERIAL</procedimento><procedimento>, AVALIACAO ANTROPOMETRICA</procedimento><procedimento>, ESCUTA INICIAL / ORIENTACAO (ACOLHIMENTO A DEMANDA ESPONTANEA)</procedimento><procedimento>, GLICEMIA CAPILAR</procedimento>;<procedimento>  0101040024 - AVALIACAO ANTROPOMETRICA - Quantidade: 1
</procedimento><procedimento>  0214010015 - GLICEMIA CAPILAR - Quantidade: 1
</procedimento><procedimento>  0301040079 - ESCUTA INICIAL / ORIENTACAO (ACOLHIMENTO A DEMANDA ESPONTANEA) - Quantidade: 1
</procedimento><procedimento>  0301100039 - AFERICAO DE PRESSAO ARTERIAL - Quantidade: 1
</procedimento>;N;;;N;Espontanea;17/09/2026 14:37:15;17/09/2026 00:00:00;17/09/2026 00:00:00;1min 19s;RUA VAN LERBERGUE, S/N, JARDIM ATLANTICO LESTE (ITAIPUACU), MARICA-RJ, CEP: 24933580  - Tel: 21984991314;
LUIZ CARLOS DA SILVEIRA COUTINHO;False;;M;31/08/1962 00:00:00;64;708505378151878;Consulta c/ Cardiologista;LUCIANA FIRMINO PONCE; I10  - HIPERTENSAO ESSENCIAL (PRIMARIA);<procedimento>, CONSULTA MEDICA EM ATENCAO ESPECIALIZADA</procedimento>;<procedimento>  0301010072 - CONSULTA MEDICA EM ATENCAO ESPECIALIZADA - Quantidade: 1
</procedimento>;S;ECOCARDIOGRAFIA TRANSTORACICA
TESTE DE ESFORCO / TESTE ERGOMETRICO
;;N;Programada;17/09/2026 14:39:21;17/09/2026 00:00:00;17/09/2026 00:00:00;12min 12s;RUA ANTONIO AUGUSTO VALADAO, S/N, QD 17 LT 21, JACAROA, MARICA-RJ, CEP: 24903165  - Tel: 21995337051;
LUIZ ROBERTO SAUL DANTAS;False;;M;09/08/1958 00:00:00;68;;Escuta Inicial;SILVIA GOMES DA SILVA;;<procedimento>, AFERICAO DE PRESSAO ARTERIAL</procedimento><procedimento>, AVALIACAO ANTROPOMETRICA</procedimento><procedimento>, ESCUTA INICIAL / ORIENTACAO (ACOLHIMENTO A DEMANDA ESPONTANEA)</procedimento><procedimento>, GLICEMIA CAPILAR</procedimento>;<procedimento>  0101040024 - AVALIACAO ANTROPOMETRICA - Quantidade: 1
</procedimento><procedimento>  0214010015 - GLICEMIA CAPILAR - Quantidade: 1
</procedimento><procedimento>  0301040079 - ESCUTA INICIAL / ORIENTACAO (ACOLHIMENTO A DEMANDA ESPONTANEA) - Quantidade: 1
</procedimento><procedimento>  0301100039 - AFERICAO DE PRESSAO ARTERIAL - Quantidade: 1
</procedimento>;N;;;N;Espontanea;17/09/2026 14:39:02;17/09/2026 00:00:00;17/09/2026 00:00:00;58s;RUA PIONEIRO, S/N, JARDIM ATLANTICO CENTRAL (ITAIPUACU), MARICA-RJ, CEP: 24934300  - Tel: 21970224723;
DEILSON DA SILVA CARDOSO;False;;M;30/03/1975 00:00:00;51;700005406683807;Escuta Inicial;SILVIA GOMES DA SILVA;;<procedimento>, AFERICAO DE PRESSAO ARTERIAL</procedimento><procedimento>, AVALIACAO ANTROPOMETRICA</procedimento><procedimento>, ESCUTA INICIAL / ORIENTACAO (ACOLHIMENTO A DEMANDA ESPONTANEA)</procedimento><procedimento>, GLICEMIA CAPILAR</procedimento>;<procedimento>  0101040024 - AVALIACAO ANTROPOMETRICA - Quantidade: 1
</procedimento><procedimento>  0214010015 - GLICEMIA CAPILAR - Quantidade: 1
</procedimento><procedimento>  0301040079 - ESCUTA INICIAL / ORIENTACAO (ACOLHIMENTO A DEMANDA ESPONTANEA) - Quantidade: 1
</procedimento><procedimento>  0301100039 - AFERICAO DE PRESSAO ARTERIAL - Quantidade: 1
</procedimento>;N;;;N;Espontanea;17/09/2026 14:40:36;17/09/2026 00:00:00;17/09/2026 00:00:00;1min 42s;RUA FERNANDO MENDES, 110, INOA (INOA), MARICA-RJ, CEP: 24942250  - Tel: 21935152425;
MARCIO JOSE CARDOSO;False;;M;12/06/1965 00:00:00;61;704201209356282;Procedimento;TATIANA PUREZA DA SILVA;;<procedimento>, ESCUTA INICIAL / ORIENTACAO (ACOLHIMENTO A DEMANDA ESPONTANEA)</procedimento>;<procedimento>  0301040079 - ESCUTA INICIAL / ORIENTACAO (ACOLHIMENTO A DEMANDA ESPONTANEA) - Quantidade: 1
</procedimento>;;;;;Espontanea;17/09/2026 14:40:48;17/09/2026 00:00:00;17/09/2026 00:00:00;1min 1s;RUA RUA SARGENTO LOBATO, 8, NA, FLAMENGO, MARICA-RJ, CEP: 24900000  - Tel: 21996187562;
RAIMUNDA PEREIRA DE MAGALHAES;False;;F;08/01/1954 00:00:00;72;700009035377405;Procedimento;TATIANA PUREZA DA SILVA;;<procedimento>, ESCUTA INICIAL / ORIENTACAO (ACOLHIMENTO A DEMANDA ESPONTANEA)</procedimento>;<procedimento>  0301040079 - ESCUTA INICIAL / ORIENTACAO (ACOLHIMENTO A DEMANDA ESPONTANEA) - Quantidade: 1
</procedimento>;;;;;Espontanea;17/09/2026 14:41:32;17/09/2026 00:00:00;17/09/2026 00:00:00;45s;RUA ANTONIO DOS SANTOS BITTENCOURT, 38, CENTRO, MARICA-RJ, CEP: 24913800  - Tel: 21982833299;
JOSE BRAZ DA SILVA;False;;M;02/02/1965 00:00:00;61;708501391884677;Escuta Inicial;SILVIA GOMES DA SILVA;;<procedimento>, AFERICAO DE PRESSAO ARTERIAL</procedimento><procedimento>, AVALIACAO ANTROPOMETRICA</procedimento><procedimento>, ESCUTA INICIAL / ORIENTACAO (ACOLHIMENTO A DEMANDA ESPONTANEA)</procedimento><procedimento>, GLICEMIA CAPILAR</procedimento>;<procedimento>  0101040024 - AVALIACAO ANTROPOMETRICA - Quantidade: 1
</procedimento><procedimento>  0214010015 - GLICEMIA CAPILAR - Quantidade: 1
</procedimento><procedimento>  0301040079 - ESCUTA INICIAL / ORIENTACAO (ACOLHIMENTO A DEMANDA ESPONTANEA) - Quantidade: 1
</procedimento><procedimento>  0301100039 - AFERICAO DE PRESSAO ARTERIAL - Quantidade: 1
</procedimento>;N;;;N;Espontanea;17/09/2026 14:42:28;17/09/2026 00:00:00;17/09/2026 00:00:00;1min 38s;RUA LEONARDO JOSE ANTUNES, S/N, STC BL9 AP101, INOA (INOA), MARICA-RJ, CEP: 24943255  - Tel: 21996601230;
MARIA PAULA OLIVEIRA DA SILVA;False;;F;06/12/1959 00:00:00;66;704708035386140;Procedimento;TATIANA PUREZA DA SILVA;;<procedimento>, ESCUTA INICIAL / ORIENTACAO (ACOLHIMENTO A DEMANDA ESPONTANEA)</procedimento>;<procedimento>  0301040079 - ESCUTA INICIAL / ORIENTACAO (ACOLHIMENTO A DEMANDA ESPONTANEA) - Quantidade: 1
</procedimento>;;;;;Espontanea;17/09/2026 14:42:38;17/09/2026 00:00:00;17/09/2026 00:00:00;48s;RUA CAIO DE FIGUEIREDO, 15, QD 29 C5, INOA (INOA), MARICA-RJ, CEP: 24942285  - Tel: 21966695598;
MARIA ROSA DE SOUZA SANDES;False;;F;11/01/1954 00:00:00;72;700402986202641;Procedimento;TATIANA PUREZA DA SILVA;;<procedimento>, ESCUTA INICIAL / ORIENTACAO (ACOLHIMENTO A DEMANDA ESPONTANEA)</procedimento>;<procedimento>  0301040079 - ESCUTA INICIAL / ORIENTACAO (ACOLHIMENTO A DEMANDA ESPONTANEA) - Quantidade: 1
</procedimento>;;;;;Espontanea;17/09/2026 14:42:09;17/09/2026 00:00:00;17/09/2026 00:00:00;19s;RUA ARY SPINDOLA, 28, CASA, CENTRO, MARICA-RJ, CEP: 24900485  - Tel: 21971933804;
RENATO DUARTE DO NASCIMENTO;False;;M;25/10/1958 00:00:00;67;709000892987713;Escuta Inicial;SILVIA GOMES DA SILVA;;<procedimento>, AFERICAO DE PRESSAO ARTERIAL</procedimento><procedimento>, AVALIACAO ANTROPOMETRICA</procedimento><procedimento>, ESCUTA INICIAL / ORIENTACAO (ACOLHIMENTO A DEMANDA ESPONTANEA)</procedimento><procedimento>, GLICEMIA CAPILAR</procedimento>;<procedimento>  0101040024 - AVALIACAO ANTROPOMETRICA - Quantidade: 1
</procedimento><procedimento>  0214010015 - GLICEMIA CAPILAR - Quantidade: 1
</procedimento><procedimento>  0301040079 - ESCUTA INICIAL / ORIENTACAO (ACOLHIMENTO A DEMANDA ESPONTANEA) - Quantidade: 1
</procedimento><procedimento>  0301100039 - AFERICAO DE PRESSAO ARTERIAL - Quantidade: 1
</procedimento>;N;;;N;Espontanea;17/09/2026 14:44:22;17/09/2026 00:00:00;17/09/2026 00:00:00;1min 23s;RUA DOIS, 03, LT 29, SAO JOSE DO IMBASSAI, MARICA-RJ, CEP: 24930384  - Tel: 21996010017;
HAMILTON TEIXEIRA ANTUNES;False;;M;14/09/1948 00:00:00;78;704008326220466;Consulta de Enfermagem;ELAINE APARECIDA DE SOUZA; K92  - DOENCAS DO APARELHO DIGESTIVO;<procedimento>, BARREIRAS PROTETORAS DE PELE SINTETICA E/OU MISTA EM FORMA DE PO / PASTA E/OU PLACA</procedimento><procedimento>, BOLSA DE COLOSTOMIA COM ADESIVO MICROPORO DRENAVEL</procedimento><procedimento>, CONSULTA DE PROFISSIONAIS DE NIVEL SUPERIOR NA ATENCAO ESPECIALIZADA (EXCETO MEDICO)</procedimento><procedimento>, CUIDADOS COM ESTOMAS</procedimento>;<procedimento>  0301010048 - CONSULTA DE PROFISSIONAIS DE NIVEL SUPERIOR NA ATENCAO ESPECIALIZADA (EXCETO MEDICO) - Quantidade: 1
</procedimento><procedimento>  0301100063 - CUIDADOS COM ESTOMAS - Quantidade: 1
</procedimento><procedimento>  0701050020 - BOLSA DE COLOSTOMIA COM ADESIVO MICROPORO DRENAVEL - Quantidade: 1
</procedimento><procedimento>  0701060018 - BARREIRAS PROTETORAS DE PELE SINTETICA E/OU MISTA EM FORMA DE PO / PASTA E/OU PLACA - Quantidade: 1
</procedimento>;N;;;N;Programada;17/09/2026 15:06:41;17/09/2026 00:00:00;17/09/2026 00:00:00;25min 0s;RUA JOAQUIM PEDRO DE ALCANTARA, 10, QD B, CENTRO, MARICA-RJ, CEP: 24900330  - Tel: 21964179252;
ARENI FERREIRA DE SENA ARAUJO;False;;F;25/09/1974 00:00:00;51;704609636800423;Escuta Inicial;SILVIA GOMES DA SILVA;;<procedimento>, AFERICAO DE PRESSAO ARTERIAL</procedimento><procedimento>, AVALIACAO ANTROPOMETRICA</procedimento><procedimento>, ESCUTA INICIAL / ORIENTACAO (ACOLHIMENTO A DEMANDA ESPONTANEA)</procedimento><procedimento>, GLICEMIA CAPILAR</procedimento>;<procedimento>  0101040024 - AVALIACAO ANTROPOMETRICA - Quantidade: 1
</procedimento><procedimento>  0214010015 - GLICEMIA CAPILAR - Quantidade: 1
</procedimento><procedimento>  0301040079 - ESCUTA INICIAL / ORIENTACAO (ACOLHIMENTO A DEMANDA ESPONTANEA) - Quantidade: 1
</procedimento><procedimento>  0301100039 - AFERICAO DE PRESSAO ARTERIAL - Quantidade: 1
</procedimento>;N;;;N;Espontanea;17/09/2026 14:46:05;17/09/2026 00:00:00;17/09/2026 00:00:00;1min 28s;RUA ANDRELINA CARLOTA DA CONCEICAO, 97, 1000, MUMBUCA, MARICA-RJ, CEP: 24913855  - Tel: 21969229161;
CLESANY GUEDES MONTEIRO;False;;F;21/02/1951 00:00:00;75;708401235959860;Escuta Inicial;SILVIA GOMES DA SILVA;;<procedimento>, AFERICAO DE PRESSAO ARTERIAL</procedimento><procedimento>, AVALIACAO ANTROPOMETRICA</procedimento><procedimento>, ESCUTA INICIAL / ORIENTACAO (ACOLHIMENTO A DEMANDA ESPONTANEA)</procedimento><procedimento>, GLICEMIA CAPILAR</procedimento>;<procedimento>  0101040024 - AVALIACAO ANTROPOMETRICA - Quantidade: 1
</procedimento><procedimento>  0214010015 - GLICEMIA CAPILAR - Quantidade: 1
</procedimento><procedimento>  0301040079 - ESCUTA INICIAL / ORIENTACAO (ACOLHIMENTO A DEMANDA ESPONTANEA) - Quantidade: 1
</procedimento><procedimento>  0301100039 - AFERICAO DE PRESSAO ARTERIAL - Quantidade: 1
</procedimento>;N;;;N;Espontanea;17/09/2026 14:48:21;17/09/2026 00:00:00;17/09/2026 00:00:00;1min 34s;RUA MARIMAR, S/N, QUADRA61LOTE24, GUARATIBA (PONTA NEGRA), MARICA-RJ, CEP: 24916305  - Tel: 21990014461;
NEUZA RIBEIRO;False;;F;29/05/1947 00:00:00;79;706105078308760;Consulta c/ Cardiologista;MARIA SILVIA DA FONSECA E SILVA LEVY; I20  - ANGINA PECTORIS;<procedimento>, CONSULTA MEDICA EM ATENCAO ESPECIALIZADA</procedimento>;<procedimento>  0301010072 - CONSULTA MEDICA EM ATENCAO ESPECIALIZADA - Quantidade: 1
</procedimento>;N;;;N;Programada;17/09/2026 14:49:43;17/09/2026 00:00:00;17/09/2026 00:00:00;11min 58s;RUA DAS ACACIAS, S/N, CENTRO, MARICA-RJ, CEP: 24900001  - Tel: 21995484479;
PAULO ROBERTO MUNIZ;False;;M;29/09/1959 00:00:00;66;702900566305375;Escuta Inicial;SILVIA GOMES DA SILVA;;<procedimento>, AFERICAO DE PRESSAO ARTERIAL</procedimento><procedimento>, AVALIACAO ANTROPOMETRICA</procedimento><procedimento>, ESCUTA INICIAL / ORIENTACAO (ACOLHIMENTO A DEMANDA ESPONTANEA)</procedimento><procedimento>, GLICEMIA CAPILAR</procedimento>;<procedimento>  0101040024 - AVALIACAO ANTROPOMETRICA - Quantidade: 1
</procedimento><procedimento>  0214010015 - GLICEMIA CAPILAR - Quantidade: 1
</procedimento><procedimento>  0301040079 - ESCUTA INICIAL / ORIENTACAO (ACOLHIMENTO A DEMANDA ESPONTANEA) - Quantidade: 1
</procedimento><procedimento>  0301100039 - AFERICAO DE PRESSAO ARTERIAL - Quantidade: 1
</procedimento>;N;;;N;Espontanea;17/09/2026 14:50:41;17/09/2026 00:00:00;17/09/2026 00:00:00;1min 52s;RUA ANTONIO EDUARDO, 229, MUMBUCA, MARICA-RJ, CEP: 24913705  - Tel: 21219712097;
JOSE MARIA DE FREITAS;False;;M;28/08/1952 00:00:00;74;706001858057241;Consulta c/ Cardiologista;LUCIANA FIRMINO PONCE; I10  - HIPERTENSAO ESSENCIAL (PRIMARIA);<procedimento>, CONSULTA MEDICA EM ATENCAO ESPECIALIZADA</procedimento>;<procedimento>  0301010072 - CONSULTA MEDICA EM ATENCAO ESPECIALIZADA - Quantidade: 1
</procedimento>;N;;;N;Programada;17/09/2026 14:51:59;17/09/2026 00:00:00;17/09/2026 00:00:00;9min 14s;RUA Q, S/N, SANTA PAULA (INOA), MARICA-RJ, CEP: 24944834  - Tel: 2199575034;
LETICIA DE PAULA RODRIGUES;False;;F;27/01/1966 00:00:00;60;706200043315366;Escuta Inicial;SILVIA GOMES DA SILVA;;<procedimento>, AFERICAO DE PRESSAO ARTERIAL</procedimento><procedimento>, AVALIACAO ANTROPOMETRICA</procedimento><procedimento>, ESCUTA INICIAL / ORIENTACAO (ACOLHIMENTO A DEMANDA ESPONTANEA)</procedimento><procedimento>, GLICEMIA CAPILAR</procedimento>;<procedimento>  0101040024 - AVALIACAO ANTROPOMETRICA - Quantidade: 1
</procedimento><procedimento>  0214010015 - GLICEMIA CAPILAR - Quantidade: 1
</procedimento><procedimento>  0301040079 - ESCUTA INICIAL / ORIENTACAO (ACOLHIMENTO A DEMANDA ESPONTANEA) - Quantidade: 1
</procedimento><procedimento>  0301100039 - AFERICAO DE PRESSAO ARTERIAL - Quantidade: 1
</procedimento>;N;;;N;Espontanea;17/09/2026 14:52:43;17/09/2026 00:00:00;17/09/2026 00:00:00;1min 50s;RUA CECILIA GONCALVES MATARUNA, S/N, CASA, CAXITO, MARICA-RJ, CEP: 24910600  - Tel: 21964015147;
VALERIA DA CRUZ MONTEIRO ALENCAR;False;;F;19/04/1996 00:00:00;30;704106169111379;Escuta Inicial;SILVIA GOMES DA SILVA;;<procedimento>, AFERICAO DE PRESSAO ARTERIAL</procedimento><procedimento>, AVALIACAO ANTROPOMETRICA</procedimento><procedimento>, ESCUTA INICIAL / ORIENTACAO (ACOLHIMENTO A DEMANDA ESPONTANEA)</procedimento>;<procedimento>  0101040024 - AVALIACAO ANTROPOMETRICA - Quantidade: 1
</procedimento><procedimento>  0301040079 - ESCUTA INICIAL / ORIENTACAO (ACOLHIMENTO A DEMANDA ESPONTANEA) - Quantidade: 1
</procedimento><procedimento>  0301100039 - AFERICAO DE PRESSAO ARTERIAL - Quantidade: 1
</procedimento>;N;;;N;Espontanea;17/09/2026 14:54:33;17/09/2026 00:00:00;17/09/2026 00:00:00;1min 41s;RUA TRINTA, S/N, LT 36 QD 47, SANTA PAULA (INOA), MARICA-RJ, CEP: 24944742  - Tel: 21998601873;
HELISA DE SOUZA OLIVEIRA;False;;F;05/08/1994 00:00:00;32;701004864478999;Consulta c/ Otorrinolaringologista;LUIZ CARLOS DE ARAUJO PIMENTEL; H903 - PERDA DE AUDICAO BILATERAL NEURO-SENSORIAL;<procedimento>, CONSULTA MEDICA EM ATENCAO ESPECIALIZADA</procedimento>;<procedimento>  0301010072 - CONSULTA MEDICA EM ATENCAO ESPECIALIZADA - Quantidade: 1
</procedimento>;S;AUDIOMETRIA TONAL LIMIAR (VIA AEREA / OSSEA)
;;N;Programada;17/09/2026 14:56:53;17/09/2026 00:00:00;17/09/2026 00:00:00;8min 11s;RUA DOZE, S/N, LOT JARDIM INOA, CHACARAS DE INOA (INOA), MARICA-RJ, CEP: 24941465  - Tel: 21997684056;
JOSEFA DA SILVA XAVIER;False;;F;02/02/1948 00:00:00;78;701201002678812;Escuta Inicial;SILVIA GOMES DA SILVA;;<procedimento>, AFERICAO DE PRESSAO ARTERIAL</procedimento><procedimento>, AVALIACAO ANTROPOMETRICA</procedimento><procedimento>, ESCUTA INICIAL / ORIENTACAO (ACOLHIMENTO A DEMANDA ESPONTANEA)</procedimento>;<procedimento>  0101040024 - AVALIACAO ANTROPOMETRICA - Quantidade: 1
</procedimento><procedimento>  0301040079 - ESCUTA INICIAL / ORIENTACAO (ACOLHIMENTO A DEMANDA ESPONTANEA) - Quantidade: 1
</procedimento><procedimento>  0301100039 - AFERICAO DE PRESSAO ARTERIAL - Quantidade: 1
</procedimento>;N;;;N;Espontanea;17/09/2026 14:57:10;17/09/2026 00:00:00;17/09/2026 00:00:00;1min 6s;RUA MANOEL RODRIGUES DE SENA, S/N, QD614 LT18, JARDIM ATLANTICO OESTE (ITAIPUACU), MARICA-RJ, CEP: 24935240  - Tel: 21998574696;
GLORIA MARIA LEVY CARDOSO;False;;F;19/08/1960 00:00:00;66;706808249034925;Procedimento;VERONICA NASCIMENTO DA COSTA;;<procedimento>, ESCUTA INICIAL / ORIENTACAO (ACOLHIMENTO A DEMANDA ESPONTANEA)</procedimento>;<procedimento>  0301040079 - ESCUTA INICIAL / ORIENTACAO (ACOLHIMENTO A DEMANDA ESPONTANEA) - Quantidade: 1
</procedimento>;;;;;Espontanea;17/09/2026 14:57:29;17/09/2026 00:00:00;17/09/2026 00:00:00;49s;RODOVIA VEREADOR OLDEMAR GUEDES FIGUEIREDO, S/N, UBATIBA, MARICA-RJ, CEP: 24908845  - Tel: 21997921051;
MARIA SALETE PEREIRA DINIZ;False;;F;01/06/1954 00:00:00;72;708100577788239;Escuta Inicial;SILVIA GOMES DA SILVA;;<procedimento>, AFERICAO DE PRESSAO ARTERIAL</procedimento><procedimento>, AVALIACAO ANTROPOMETRICA</procedimento><procedimento>, ESCUTA INICIAL / ORIENTACAO (ACOLHIMENTO A DEMANDA ESPONTANEA)</procedimento><procedimento>, GLICEMIA CAPILAR</procedimento>;<procedimento>  0101040024 - AVALIACAO ANTROPOMETRICA - Quantidade: 1
</procedimento><procedimento>  0214010015 - GLICEMIA CAPILAR - Quantidade: 1
</procedimento><procedimento>  0301040079 - ESCUTA INICIAL / ORIENTACAO (ACOLHIMENTO A DEMANDA ESPONTANEA) - Quantidade: 1
</procedimento><procedimento>  0301100039 - AFERICAO DE PRESSAO ARTERIAL - Quantidade: 1
</procedimento>;N;;;N;Espontanea;17/09/2026 14:58:39;17/09/2026 00:00:00;17/09/2026 00:00:00;2min 2s;RUA ANTONIO AUGUSTO VALADAO, S/N, JACAROA, MARICA-RJ, CEP: 24903165  - Tel: 21967523132;
CELIO CAYRES NETO;False;;M;13/12/1961 00:00:00;64;700404455664840;Procedimento;VERONICA NASCIMENTO DA COSTA;;<procedimento>, ESCUTA INICIAL / ORIENTACAO (ACOLHIMENTO A DEMANDA ESPONTANEA)</procedimento>;<procedimento>  0301040079 - ESCUTA INICIAL / ORIENTACAO (ACOLHIMENTO A DEMANDA ESPONTANEA) - Quantidade: 1
</procedimento>;;;;;Espontanea;17/09/2026 14:58:27;17/09/2026 00:00:00;17/09/2026 00:00:00;51s;AVENIDA PREFEITO ALCEBIADES MENDES, S/N, SAO JOSE DO IMBASSAI, MARICA-RJ, CEP: 24931870  - Tel: 21968666640;
WELLINGTHON DE SOUZA VIANA;False;;M;08/08/1986 00:00:00;40;705807422804333;Consulta c/ Cardiologista;LUCIANA FIRMINO PONCE; I48  - FLUTTER E FIBRILACAO ATRIAL;<procedimento>, CONSULTA MEDICA EM ATENCAO ESPECIALIZADA</procedimento>;<procedimento>  0301010072 - CONSULTA MEDICA EM ATENCAO ESPECIALIZADA - Quantidade: 1
</procedimento>;N;;;N;Programada;17/09/2026 15:00:39;17/09/2026 00:00:00;17/09/2026 00:00:00;11min 28s;RUA GENERAL MILTON DE SOUZA DAEMON, S/N, ITAOCAIA VALLEY (ITAIPUACU), MARICA-RJ, CEP: 24939290  - Tel: 21971920207;
FRANCISCO ASSIS DE ALMEIDA;False;;M;07/04/1954 00:00:00;72;700505915370659;Escuta Inicial;SILVIA GOMES DA SILVA;;<procedimento>, AFERICAO DE PRESSAO ARTERIAL</procedimento><procedimento>, AVALIACAO ANTROPOMETRICA</procedimento><procedimento>, ESCUTA INICIAL / ORIENTACAO (ACOLHIMENTO A DEMANDA ESPONTANEA)</procedimento>;<procedimento>  0101040024 - AVALIACAO ANTROPOMETRICA - Quantidade: 1
</procedimento><procedimento>  0301040079 - ESCUTA INICIAL / ORIENTACAO (ACOLHIMENTO A DEMANDA ESPONTANEA) - Quantidade: 1
</procedimento><procedimento>  0301100039 - AFERICAO DE PRESSAO ARTERIAL - Quantidade: 1
</procedimento>;N;;;N;Espontanea;17/09/2026 15:00:41;17/09/2026 00:00:00;17/09/2026 00:00:00;1min 59s;RUA JOAO TAVARES, S/N, LT42 QD507 CS1, JARDIM ATLANTICO, MARICA-RJ, CEP: 24933165  - Tel: 21976450550;
PAULO CESAR FERNANDES TERROSO;False;;M;26/10/1965 00:00:00;60;801434126794277;Consulta c/ Cardiologista;MARIA SILVIA DA FONSECA E SILVA LEVY; I48  - FLUTTER E FIBRILACAO ATRIAL;<procedimento>, CONSULTA MEDICA EM ATENCAO ESPECIALIZADA</procedimento>;<procedimento>  0301010072 - CONSULTA MEDICA EM ATENCAO ESPECIALIZADA - Quantidade: 1
</procedimento>;N;;;N;Programada;17/09/2026 15:01:49;17/09/2026 00:00:00;17/09/2026 00:00:00;14min 11s;RUA IRENE RIBEIRO, S/N, JARDIM ATLANTICO LESTE (ITAIPUACU), MARICA-RJ, CEP: 24933455  - Tel: 21989051141;
ADRIANO LOPES FREIXO;False;;M;31/03/1977 00:00:00;49;704500357617412;Escuta Inicial;SILVIA GOMES DA SILVA;;<procedimento>, AFERICAO DE PRESSAO ARTERIAL</procedimento><procedimento>, AVALIACAO ANTROPOMETRICA</procedimento><procedimento>, ESCUTA INICIAL / ORIENTACAO (ACOLHIMENTO A DEMANDA ESPONTANEA)</procedimento>;<procedimento>  0101040024 - AVALIACAO ANTROPOMETRICA - Quantidade: 1
</procedimento><procedimento>  0301040079 - ESCUTA INICIAL / ORIENTACAO (ACOLHIMENTO A DEMANDA ESPONTANEA) - Quantidade: 1
</procedimento><procedimento>  0301100039 - AFERICAO DE PRESSAO ARTERIAL - Quantidade: 1
</procedimento>;N;;;N;Espontanea;17/09/2026 15:02:48;17/09/2026 00:00:00;17/09/2026 00:00:00;1min 54s;RUA DAS ACACIAS, S/N, CENTRO, MARICA-RJ, CEP: 24900001  - Tel: 21970714224;
MANOELA TRAJANO COSTA ALVES;False;;F;16/05/1990 00:00:00;36;700002186346308;Escuta Inicial;SILVIA GOMES DA SILVA;;<procedimento>, AFERICAO DE PRESSAO ARTERIAL</procedimento><procedimento>, AVALIACAO ANTROPOMETRICA</procedimento><procedimento>, ESCUTA INICIAL / ORIENTACAO (ACOLHIMENTO A DEMANDA ESPONTANEA)</procedimento>;<procedimento>  0101040024 - AVALIACAO ANTROPOMETRICA - Quantidade: 1
</procedimento><procedimento>  0301040079 - ESCUTA INICIAL / ORIENTACAO (ACOLHIMENTO A DEMANDA ESPONTANEA) - Quantidade: 1
</procedimento><procedimento>  0301100039 - AFERICAO DE PRESSAO ARTERIAL - Quantidade: 1
</procedimento>;N;;;N;Espontanea;17/09/2026 15:04:44;17/09/2026 00:00:00;17/09/2026 00:00:00;1min 48s;RUA DOZE, S/N, LT 419, PONTA GROSSA, MARICA-RJ, CEP: 24914425  - Tel: 21972952204;
BIANCA DAYCE DOS SANTOS RAMOS;False;;F;27/12/1990 00:00:00;35;704500347215516;Consulta c/ Otorrinolaringologista;LUIZ CARLOS DE ARAUJO PIMENTEL; J304 - RINITE ALERGICA NAO ESPECIFICADA;<procedimento>, CONSULTA MEDICA EM ATENCAO ESPECIALIZADA</procedimento>;<procedimento>  0301010072 - CONSULTA MEDICA EM ATENCAO ESPECIALIZADA - Quantidade: 1
</procedimento>;N;;;N;Programada;17/09/2026 15:04:28;17/09/2026 00:00:00;17/09/2026 00:00:00;9min 35s;RUA JOAQUIM MENDES, S/N, CENTRO, MARICA-RJ, CEP: 24900620  - Tel: 21992954854;
LUIZ CARLOS PEREIRA MURTA;False;;M;30/04/1951 00:00:00;75;705603474641018;Escuta Inicial;SILVIA GOMES DA SILVA;;<procedimento>, AFERICAO DE PRESSAO ARTERIAL</procedimento><procedimento>, AVALIACAO ANTROPOMETRICA</procedimento><procedimento>, ESCUTA INICIAL / ORIENTACAO (ACOLHIMENTO A DEMANDA ESPONTANEA)</procedimento><procedimento>, GLICEMIA CAPILAR</procedimento>;<procedimento>  0101040024 - AVALIACAO ANTROPOMETRICA - Quantidade: 1
</procedimento><procedimento>  0214010015 - GLICEMIA CAPILAR - Quantidade: 1
</procedimento><procedimento>  0301040079 - ESCUTA INICIAL / ORIENTACAO (ACOLHIMENTO A DEMANDA ESPONTANEA) - Quantidade: 1
</procedimento><procedimento>  0301100039 - AFERICAO DE PRESSAO ARTERIAL - Quantidade: 1
</procedimento>;N;;;N;Espontanea;17/09/2026 15:06:38;17/09/2026 00:00:00;17/09/2026 00:00:00;1min 59s;AVENIDA PORTINARI, 208, CASA 02, ITAPEBA, MARICA-RJ, CEP: 24912325  - Tel: 21972197629;
SIMONE PACHECO CONCEICAO;False;;F;15/03/1977 00:00:00;49;705007463827254;Escuta Inicial;SILVIA GOMES DA SILVA;;<procedimento>, AFERICAO DE PRESSAO ARTERIAL</procedimento><procedimento>, AVALIACAO ANTROPOMETRICA</procedimento><procedimento>, ESCUTA INICIAL / ORIENTACAO (ACOLHIMENTO A DEMANDA ESPONTANEA)</procedimento>;<procedimento>  0101040024 - AVALIACAO ANTROPOMETRICA - Quantidade: 1
</procedimento><procedimento>  0301040079 - ESCUTA INICIAL / ORIENTACAO (ACOLHIMENTO A DEMANDA ESPONTANEA) - Quantidade: 1
</procedimento><procedimento>  0301100039 - AFERICAO DE PRESSAO ARTERIAL - Quantidade: 1
</procedimento>;N;;;N;Espontanea;17/09/2026 15:08:39;17/09/2026 00:00:00;17/09/2026 00:00:00;1min 51s;RUA NILO RIBEIRO DA SILVA, S/N, LT 4 QD 24, UBATIBA, MARICA-RJ, CEP: 24908760  - Tel: 6133152425;
BIANCA SILVA DOS SANTOS;False;;F;06/09/1974 00:00:00;52;704701727822235;Escuta Inicial;SILVIA GOMES DA SILVA;;<procedimento>, AFERICAO DE PRESSAO ARTERIAL</procedimento><procedimento>, AVALIACAO ANTROPOMETRICA</procedimento><procedimento>, ESCUTA INICIAL / ORIENTACAO (ACOLHIMENTO A DEMANDA ESPONTANEA)</procedimento>;<procedimento>  0101040024 - AVALIACAO ANTROPOMETRICA - Quantidade: 1
</procedimento><procedimento>  0301040079 - ESCUTA INICIAL / ORIENTACAO (ACOLHIMENTO A DEMANDA ESPONTANEA) - Quantidade: 1
</procedimento><procedimento>  0301100039 - AFERICAO DE PRESSAO ARTERIAL - Quantidade: 1
</procedimento>;N;;;N;Espontanea;17/09/2026 15:10:29;17/09/2026 00:00:00;17/09/2026 00:00:00;2min 39s;RUA X, S/N, SETOR B BLOCO 3 APT 02, CHACARAS DE INOA (INOA), MARICA-RJ, CEP: 24940653  - Tel: 21970980750;
MARCIA BORGES PEREIRA;False;;F;01/09/1956 00:00:00;70;708203670510344;Consulta c/ Cardiologista;LUCIANA FIRMINO PONCE; I10  - HIPERTENSAO ESSENCIAL (PRIMARIA);<procedimento>, CONSULTA MEDICA EM ATENCAO ESPECIALIZADA</procedimento>;<procedimento>  0301010072 - CONSULTA MEDICA EM ATENCAO ESPECIALIZADA - Quantidade: 1
</procedimento>;S;TESTE DE ESFORCO / TESTE ERGOMETRICO
ULTRASSONOGRAFIA DE ABDOMEN TOTAL
;;N;Programada;17/09/2026 15:12:04;17/09/2026 00:00:00;17/09/2026 00:00:00;15min 57s;RUA GEORGILEI RODRIGUES, 01, QD 163 LT 03, JARDIM ATLANTICO CENTRAL (ITAIPUACU), MARICA-RJ, CEP: 24934030  - Tel: 21988313501;
PAULO CESAR FERNANDES TERROSO;False;;M;26/10/1965 00:00:00;60;801434126794277;Escuta Inicial;SILVIA GOMES DA SILVA;;<procedimento>, AFERICAO DE PRESSAO ARTERIAL</procedimento><procedimento>, AVALIACAO ANTROPOMETRICA</procedimento><procedimento>, ESCUTA INICIAL / ORIENTACAO (ACOLHIMENTO A DEMANDA ESPONTANEA)</procedimento><procedimento>, GLICEMIA CAPILAR</procedimento>;<procedimento>  0101040024 - AVALIACAO ANTROPOMETRICA - Quantidade: 1
</procedimento><procedimento>  0214010015 - GLICEMIA CAPILAR - Quantidade: 1
</procedimento><procedimento>  0301040079 - ESCUTA INICIAL / ORIENTACAO (ACOLHIMENTO A DEMANDA ESPONTANEA) - Quantidade: 1
</procedimento><procedimento>  0301100039 - AFERICAO DE PRESSAO ARTERIAL - Quantidade: 1
</procedimento>;N;;;N;Espontanea;17/09/2026 15:13:36;17/09/2026 00:00:00;17/09/2026 00:00:00;1min 43s;RUA IRENE RIBEIRO, S/N, JARDIM ATLANTICO LESTE (ITAIPUACU), MARICA-RJ, CEP: 24933455  - Tel: 21989051141;
JOSE DE ARIMATHEIA NOGUEIRA CHAVES DA SILVA;False;;M;16/01/1960 00:00:00;66;706202051688569;Consulta c/ Otorrinolaringologista;LUIZ CARLOS DE ARAUJO PIMENTEL; H931 - TINNITUS;<procedimento>, CONSULTA MEDICA EM ATENCAO ESPECIALIZADA</procedimento>;<procedimento>  0301010072 - CONSULTA MEDICA EM ATENCAO ESPECIALIZADA - Quantidade: 1
</procedimento>;S;IMITANCIOMETRIA
AUDIOMETRIA TONAL LIMIAR (VIA AEREA / OSSEA)
;;N;Programada;17/09/2026 15:14:07;17/09/2026 00:00:00;17/09/2026 00:00:00;2min 55s;RUA M, S/N, SANTA PAULA (INOA), MARICA-RJ, CEP: 24944850  - Tel: 21968756314;
NEUZA RIBEIRO;False;;F;29/05/1947 00:00:00;79;706105078308760;Escuta Inicial;SILVIA GOMES DA SILVA;;<procedimento>, AFERICAO DE PRESSAO ARTERIAL</procedimento><procedimento>, AVALIACAO ANTROPOMETRICA</procedimento><procedimento>, ESCUTA INICIAL / ORIENTACAO (ACOLHIMENTO A DEMANDA ESPONTANEA)</procedimento><procedimento>, GLICEMIA CAPILAR</procedimento>;<procedimento>  0101040024 - AVALIACAO ANTROPOMETRICA - Quantidade: 1
</procedimento><procedimento>  0214010015 - GLICEMIA CAPILAR - Quantidade: 1
</procedimento><procedimento>  0301040079 - ESCUTA INICIAL / ORIENTACAO (ACOLHIMENTO A DEMANDA ESPONTANEA) - Quantidade: 1
</procedimento><procedimento>  0301100039 - AFERICAO DE PRESSAO ARTERIAL - Quantidade: 1
</procedimento>;N;;;N;Espontanea;17/09/2026 15:15:21;17/09/2026 00:00:00;17/09/2026 00:00:00;1min 41s;RUA DAS ACACIAS, S/N, CENTRO, MARICA-RJ, CEP: 24900001  - Tel: 21995484479;
ZANDER RIBEIRO MORAES;False;;M;14/12/1987 00:00:00;38;702406527750029;Escuta Inicial;SILVIA GOMES DA SILVA;;<procedimento>, AFERICAO DE PRESSAO ARTERIAL</procedimento><procedimento>, AVALIACAO ANTROPOMETRICA</procedimento><procedimento>, ESCUTA INICIAL / ORIENTACAO (ACOLHIMENTO A DEMANDA ESPONTANEA)</procedimento><procedimento>, GLICEMIA CAPILAR</procedimento>;<procedimento>  0101040024 - AVALIACAO ANTROPOMETRICA - Quantidade: 1
</procedimento><procedimento>  0214010015 - GLICEMIA CAPILAR - Quantidade: 1
</procedimento><procedimento>  0301040079 - ESCUTA INICIAL / ORIENTACAO (ACOLHIMENTO A DEMANDA ESPONTANEA) - Quantidade: 1
</procedimento><procedimento>  0301100039 - AFERICAO DE PRESSAO ARTERIAL - Quantidade: 1
</procedimento>;N;;;N;Espontanea;17/09/2026 15:17:31;17/09/2026 00:00:00;17/09/2026 00:00:00;1min 42s;RUA ANTONIO RODRIGUES CORREIA, S/N, RUA 87 QD 461, JARDIM ATLANTICO LESTE (ITAIPUACU), MARICA-RJ, CEP: 24933420  - Tel: 21986535724;
JOSE LACERDA DA SILVA;False;;M;20/03/1952 00:00:00;74;703404249699000;Consulta c/ Otorrinolaringologista;LUIZ CARLOS DE ARAUJO PIMENTEL; J304 - RINITE ALERGICA NAO ESPECIFICADA;<procedimento>, CONSULTA MEDICA EM ATENCAO ESPECIALIZADA</procedimento>;<procedimento>  0301010072 - CONSULTA MEDICA EM ATENCAO ESPECIALIZADA - Quantidade: 1
</procedimento>;N;;;N;Programada;17/09/2026 15:18:05;17/09/2026 00:00:00;17/09/2026 00:00:00;11min 47s;RUA UM, S/N, LT1QD9CASA3, CORDEIRINHO (PONTA NEGRA), MARICA-RJ, CEP: 24921644  - Tel: 27995028029;
CARLOS AUGUSTO PIMENTEL;False;;M;17/08/1959 00:00:00;67;707400016414975;Escuta Inicial;SILVIA GOMES DA SILVA;;<procedimento>, AFERICAO DE PRESSAO ARTERIAL</procedimento><procedimento>, AVALIACAO ANTROPOMETRICA</procedimento><procedimento>, ESCUTA INICIAL / ORIENTACAO (ACOLHIMENTO A DEMANDA ESPONTANEA)</procedimento><procedimento>, GLICEMIA CAPILAR</procedimento>;<procedimento>  0101040024 - AVALIACAO ANTROPOMETRICA - Quantidade: 1
</procedimento><procedimento>  0214010015 - GLICEMIA CAPILAR - Quantidade: 1
</procedimento><procedimento>  0301040079 - ESCUTA INICIAL / ORIENTACAO (ACOLHIMENTO A DEMANDA ESPONTANEA) - Quantidade: 1
</procedimento><procedimento>  0301100039 - AFERICAO DE PRESSAO ARTERIAL - Quantidade: 1
</procedimento>;N;;;N;Espontanea;17/09/2026 15:19:35;17/09/2026 00:00:00;17/09/2026 00:00:00;1min 35s;RUA IRINEU FERREIRA PINTO, 374, LT 137, PONTA GROSSA, MARICA-RJ, CEP: 24914345  - Tel: 2137314607;
ISAQUE MIGUEL OLIVEIRA DOS SANTOS;False;;M;06/04/2010 00:00:00;16;700601951448870;Escuta Inicial;SILVIA GOMES DA SILVA;;<procedimento>, AFERICAO DE PRESSAO ARTERIAL</procedimento><procedimento>, AVALIACAO ANTROPOMETRICA</procedimento><procedimento>, ESCUTA INICIAL / ORIENTACAO (ACOLHIMENTO A DEMANDA ESPONTANEA)</procedimento><procedimento>, GLICEMIA CAPILAR</procedimento>;<procedimento>  0101040024 - AVALIACAO ANTROPOMETRICA - Quantidade: 1
</procedimento><procedimento>  0214010015 - GLICEMIA CAPILAR - Quantidade: 1
</procedimento><procedimento>  0301040079 - ESCUTA INICIAL / ORIENTACAO (ACOLHIMENTO A DEMANDA ESPONTANEA) - Quantidade: 1
</procedimento><procedimento>  0301100039 - AFERICAO DE PRESSAO ARTERIAL - Quantidade: 1
</procedimento>;N;;;N;Espontanea;17/09/2026 15:21:34;17/09/2026 00:00:00;17/09/2026 00:00:00;1min 36s;RUA MATHEUS RIBEIRO BARBOSA, S/N, LT 18 QD 04 CASA 05, PONTA NEGRA (PONTA NEGRA), MARICA-RJ, CEP: 24923000  - Tel: 21971421228;
ROSANGELA DA SILVA VALLADAO;False;;F;02/10/1970 00:00:00;55;706000393576748;Escuta Inicial;SILVIA GOMES DA SILVA;;<procedimento>, AFERICAO DE PRESSAO ARTERIAL</procedimento><procedimento>, AVALIACAO ANTROPOMETRICA</procedimento><procedimento>, ESCUTA INICIAL / ORIENTACAO (ACOLHIMENTO A DEMANDA ESPONTANEA)</procedimento><procedimento>, GLICEMIA CAPILAR</procedimento>;<procedimento>  0101040024 - AVALIACAO ANTROPOMETRICA - Quantidade: 1
</procedimento><procedimento>  0214010015 - GLICEMIA CAPILAR - Quantidade: 1
</procedimento><procedimento>  0301040079 - ESCUTA INICIAL / ORIENTACAO (ACOLHIMENTO A DEMANDA ESPONTANEA) - Quantidade: 1
</procedimento><procedimento>  0301100039 - AFERICAO DE PRESSAO ARTERIAL - Quantidade: 1
</procedimento>;N;;;N;Espontanea;17/09/2026 15:24:58;17/09/2026 00:00:00;17/09/2026 00:00:00;1min 57s;AVENIDA BENVINDO TAQUES HORTA JUNIOR, S/N, QD 552 LT 03, JARDIM ATLANTICO LESTE (ITAIPUACU), MARICA-RJ, CEP: 24933310  - Tel: 21995305573;
RAFAEL BULHOES VAZ;False;;M;06/11/1979 00:00:00;46;703405202854418;Consulta de Enfermagem;ELAINE APARECIDA DE SOUZA; R398 - OUTROS SINTOMAS E SINAIS RELATIVOS AO APARELHO URINARIO E OS NAO ESPECIFICADOS;<procedimento>, BARREIRAS PROTETORAS DE PELE SINTETICA E/OU MISTA EM FORMA DE PO / PASTA E/OU PLACA</procedimento><procedimento>, BOLSA COLETORA P/ UROSTOMIZADOS</procedimento><procedimento>, CONSULTA DE PROFISSIONAIS DE NIVEL SUPERIOR NA ATENCAO ESPECIALIZADA (EXCETO MEDICO)</procedimento><procedimento>, CONSULTA DE PROFISSIONAIS DE NIVEL SUPERIOR NA ATENCAO PRIMARIA (EXCETO MEDICO)</procedimento>;<procedimento>  0301010030 - CONSULTA DE PROFISSIONAIS DE NIVEL SUPERIOR NA ATENCAO PRIMARIA (EXCETO MEDICO) - Quantidade: 1
</procedimento><procedimento>  0301010048 - CONSULTA DE PROFISSIONAIS DE NIVEL SUPERIOR NA ATENCAO ESPECIALIZADA (EXCETO MEDICO) - Quantidade: 1
</procedimento><procedimento>  0701060018 - BARREIRAS PROTETORAS DE PELE SINTETICA E/OU MISTA EM FORMA DE PO / PASTA E/OU PLACA - Quantidade: 1
</procedimento><procedimento>  0701060026 - BOLSA COLETORA P/ UROSTOMIZADOS - Quantidade: 10
</procedimento>;N;;;N;Programada;17/09/2026 15:30:09;17/09/2026 00:00:00;17/09/2026 00:00:00;11min 0s;RUA CORA CORALINA, 32, QD578 CS10, JARDIM ATLANTICO OESTE (ITAIPUACU), MARICA-RJ, CEP: 24935055  - Tel: 21988546088;
EDSON CARVALHO DOS SANTOS;False;;M;26/10/1950 00:00:00;75;702102748017099;Consulta c/ Cardiologista;LUCIANA FIRMINO PONCE; I50  - INSUFICIENCIA CARDIACA;<procedimento>, CONSULTA MEDICA EM ATENCAO ESPECIALIZADA</procedimento>;<procedimento>  0301010072 - CONSULTA MEDICA EM ATENCAO ESPECIALIZADA - Quantidade: 1
</procedimento>;S;ECOCARDIOGRAFIA TRANSTORACICA
ULTRASSONOGRAFIA DOPPLER COLORIDO DE VASOS
;;N;Programada;17/09/2026 15:28:15;17/09/2026 00:00:00;17/09/2026 00:00:00;13min 40s;RUA SETENTA, S/N, R70 QD90 LT18, GUARATIBA (PONTA NEGRA), MARICA-RJ, CEP: 24916450  - Tel: 21983916179;
GLORIA MARIA LEVY CARDOSO;False;;F;19/08/1960 00:00:00;66;706808249034925;Escuta Inicial;SILVIA GOMES DA SILVA;;<procedimento>, AFERICAO DE PRESSAO ARTERIAL</procedimento><procedimento>, AVALIACAO ANTROPOMETRICA</procedimento><procedimento>, ESCUTA INICIAL / ORIENTACAO (ACOLHIMENTO A DEMANDA ESPONTANEA)</procedimento><procedimento>, GLICEMIA CAPILAR</procedimento>;<procedimento>  0101040024 - AVALIACAO ANTROPOMETRICA - Quantidade: 1
</procedimento><procedimento>  0214010015 - GLICEMIA CAPILAR - Quantidade: 1
</procedimento><procedimento>  0301040079 - ESCUTA INICIAL / ORIENTACAO (ACOLHIMENTO A DEMANDA ESPONTANEA) - Quantidade: 1
</procedimento><procedimento>  0301100039 - AFERICAO DE PRESSAO ARTERIAL - Quantidade: 1
</procedimento>;N;;;N;Espontanea;17/09/2026 15:28:08;17/09/2026 00:00:00;17/09/2026 00:00:00;1min 29s;RODOVIA VEREADOR OLDEMAR GUEDES FIGUEIREDO, S/N, UBATIBA, MARICA-RJ, CEP: 24908845  - Tel: 21997921051;
ELENILDA RODRIGUES ELIZEU;False;;F;06/01/1955 00:00:00;71;704103804955750;Escuta Inicial;SILVIA GOMES DA SILVA;;<procedimento>, AFERICAO DE PRESSAO ARTERIAL</procedimento><procedimento>, ESCUTA INICIAL / ORIENTACAO (ACOLHIMENTO A DEMANDA ESPONTANEA)</procedimento>;<procedimento>  0301040079 - ESCUTA INICIAL / ORIENTACAO (ACOLHIMENTO A DEMANDA ESPONTANEA) - Quantidade: 1
</procedimento><procedimento>  0301100039 - AFERICAO DE PRESSAO ARTERIAL - Quantidade: 1
</procedimento>;N;;;N;Espontanea;17/09/2026 15:30:02;17/09/2026 00:00:00;17/09/2026 00:00:00;56s;AVENIDA ALZIRO RODRIGUES DE MOURA, S/N, LT 8 QD H, GUARATIBA, MARICA-RJ, CEP: 24916170  - Tel: 21970041827;
REINALDO MOREIRA LOBO;False;;M;05/06/1958 00:00:00;68;707601276232191;Consulta c/ Otorrinolaringologista;LUIZ CARLOS DE ARAUJO PIMENTEL; H908 - PERDA DE AUDICAO MISTA, DE CONDUCAO E NEURO-SENSORIAL, NAO ESPECIFICADA;<procedimento>, CONSULTA MEDICA EM ATENCAO ESPECIALIZADA</procedimento><procedimento>, REMOCAO DE CERUMEN DE CONDUTO AUDITIVO EXTERNO UNI / BILATERAL</procedimento>;<procedimento>  0301010072 - CONSULTA MEDICA EM ATENCAO ESPECIALIZADA - Quantidade: 1
</procedimento><procedimento>  0404010270 - REMOCAO DE CERUMEN DE CONDUTO AUDITIVO EXTERNO UNI / BILATERAL - Quantidade: 1
</procedimento>;S;AUDIOMETRIA TONAL LIMIAR (VIA AEREA / OSSEA)
IMITANCIOMETRIA
;;N;Programada;17/09/2026 15:30:22;17/09/2026 00:00:00;17/09/2026 00:00:00;7min 13s;RUA CORONEL BITTENCOURT, 271, CENTRO, MARICA-RJ, CEP: 24900745  - Tel: 6133152425;
CREUSA VALDINA ALMEIDA DA CRUZ;False;;F;24/06/1955 00:00:00;71;700805932097687;Escuta Inicial;SILVIA GOMES DA SILVA;;<procedimento>, AFERICAO DE PRESSAO ARTERIAL</procedimento><procedimento>, AVALIACAO ANTROPOMETRICA</procedimento><procedimento>, ESCUTA INICIAL / ORIENTACAO (ACOLHIMENTO A DEMANDA ESPONTANEA)</procedimento>;<procedimento>  0101040024 - AVALIACAO ANTROPOMETRICA - Quantidade: 1
</procedimento><procedimento>  0301040079 - ESCUTA INICIAL / ORIENTACAO (ACOLHIMENTO A DEMANDA ESPONTANEA) - Quantidade: 1
</procedimento><procedimento>  0301100039 - AFERICAO DE PRESSAO ARTERIAL - Quantidade: 1
</procedimento>;N;;;N;Espontanea;17/09/2026 15:31:31;17/09/2026 00:00:00;17/09/2026 00:00:00;1min 27s;RUA DEZ, S/N, QD 08 LT 12, INOA (INOA), MARICA-RJ, CEP: 24942370  - Tel: 21998780202;
MALRIZA ALVES DE MESQUITA GONCALVES;False;;F;08/10/1957 00:00:00;68;700002842500800;Procedimento;TATIANA PUREZA DA SILVA;;<procedimento>, ESCUTA INICIAL / ORIENTACAO (ACOLHIMENTO A DEMANDA ESPONTANEA)</procedimento>;<procedimento>  0301040079 - ESCUTA INICIAL / ORIENTACAO (ACOLHIMENTO A DEMANDA ESPONTANEA) - Quantidade: 1
</procedimento>;;;;;Espontanea;17/09/2026 15:31:41;17/09/2026 00:00:00;17/09/2026 00:00:00;51s;RUA SANTA JOANA DARC, S/N, QD40LT41C1, PRAIA DE ITAIPUACU (ITAIPUACU), MARICA-RJ, CEP: 24936830  - Tel: 21965515754;
IVONE DA SILVA SOARES;False;;F;10/09/1952 00:00:00;74;708403203800760;Escuta Inicial;SILVIA GOMES DA SILVA;;<procedimento>, AFERICAO DE PRESSAO ARTERIAL</procedimento><procedimento>, AVALIACAO ANTROPOMETRICA</procedimento><procedimento>, ESCUTA INICIAL / ORIENTACAO (ACOLHIMENTO A DEMANDA ESPONTANEA)</procedimento>;<procedimento>  0101040024 - AVALIACAO ANTROPOMETRICA - Quantidade: 1
</procedimento><procedimento>  0301040079 - ESCUTA INICIAL / ORIENTACAO (ACOLHIMENTO A DEMANDA ESPONTANEA) - Quantidade: 1
</procedimento><procedimento>  0301100039 - AFERICAO DE PRESSAO ARTERIAL - Quantidade: 1
</procedimento>;N;;;N;Espontanea;17/09/2026 15:33:16;17/09/2026 00:00:00;17/09/2026 00:00:00;58s;RUA SETE, S/N, PINDOBAL (PONTA NEGRA), MARICA-RJ, CEP: 24919675  - Tel: 21969246040;
JACYRA NAZARETH FERREIRA DA SILVA;False;;F;11/07/1946 00:00:00;80;700003205395802;Escuta Inicial;SILVIA GOMES DA SILVA;;<procedimento>, AFERICAO DE PRESSAO ARTERIAL</procedimento><procedimento>, AVALIACAO ANTROPOMETRICA</procedimento><procedimento>, ESCUTA INICIAL / ORIENTACAO (ACOLHIMENTO A DEMANDA ESPONTANEA)</procedimento>;<procedimento>  0101040024 - AVALIACAO ANTROPOMETRICA - Quantidade: 1
</procedimento><procedimento>  0301040079 - ESCUTA INICIAL / ORIENTACAO (ACOLHIMENTO A DEMANDA ESPONTANEA) - Quantidade: 1
</procedimento><procedimento>  0301100039 - AFERICAO DE PRESSAO ARTERIAL - Quantidade: 1
</procedimento>;N;;;N;Espontanea;17/09/2026 15:34:30;17/09/2026 00:00:00;17/09/2026 00:00:00;1min 4s;ESTRADA DE ITAIPUACU, 32, CASA, RECANTO DE ITAIPUACU (ITAIPUACU), MARICA-RJ, CEP: 24937325  - Tel: 21991682653;
LEONARDO PETRONILHO DA ROSA;False;;M;14/06/1983 00:00:00;43;703209675701797;Escuta Inicial;SILVIA GOMES DA SILVA;;<procedimento>, AFERICAO DE PRESSAO ARTERIAL</procedimento><procedimento>, AVALIACAO ANTROPOMETRICA</procedimento><procedimento>, ESCUTA INICIAL / ORIENTACAO (ACOLHIMENTO A DEMANDA ESPONTANEA)</procedimento>;<procedimento>  0101040024 - AVALIACAO ANTROPOMETRICA - Quantidade: 1
</procedimento><procedimento>  0301040079 - ESCUTA INICIAL / ORIENTACAO (ACOLHIMENTO A DEMANDA ESPONTANEA) - Quantidade: 1
</procedimento><procedimento>  0301100039 - AFERICAO DE PRESSAO ARTERIAL - Quantidade: 1
</procedimento>;N;;;N;Espontanea;17/09/2026 15:36:20;17/09/2026 00:00:00;17/09/2026 00:00:00;1min 0s;RUA DEZESSETE, S/N, LT 389B QD 15, CAJUEIROS (ITAIPUACU), MARICA-RJ, CEP: 24932200  - Tel: 21964240211;
ANGELA RODRIGUES ARAUJO;False;;F;30/03/1957 00:00:00;69;706204012540167;Escuta Inicial;SILVIA GOMES DA SILVA;;<procedimento>, AFERICAO DE PRESSAO ARTERIAL</procedimento><procedimento>, AVALIACAO ANTROPOMETRICA</procedimento><procedimento>, ESCUTA INICIAL / ORIENTACAO (ACOLHIMENTO A DEMANDA ESPONTANEA)</procedimento>;<procedimento>  0101040024 - AVALIACAO ANTROPOMETRICA - Quantidade: 1
</procedimento><procedimento>  0301040079 - ESCUTA INICIAL / ORIENTACAO (ACOLHIMENTO A DEMANDA ESPONTANEA) - Quantidade: 1
</procedimento><procedimento>  0301100039 - AFERICAO DE PRESSAO ARTERIAL - Quantidade: 1
</procedimento>;N;;;N;Espontanea;17/09/2026 15:37:32;17/09/2026 00:00:00;17/09/2026 00:00:00;1min 19s;RODOVIA ERNANI DO AMARAL PEIXOTO, 32, KM21,5, SAO JOSE DO IMBASSAI, MARICA-RJ, CEP: 24931000  - Tel: 21972008573;
VITORIA RINALDI SILVA;False;;F;08/10/2017 00:00:00;8;704305552854793;Consulta c/ Otorrinolaringologista;LUIZ CARLOS DE ARAUJO PIMENTEL; J353 - HIPERTROFIA DAS AMIGDALAS COM HIPERTROFIA DAS ADENOIDES;<procedimento>, CONSULTA MEDICA EM ATENCAO ESPECIALIZADA</procedimento>;<procedimento>  0301010072 - CONSULTA MEDICA EM ATENCAO ESPECIALIZADA - Quantidade: 1
</procedimento>;S;AUDIOMETRIA TONAL LIMIAR (VIA AEREA / OSSEA)
IMITANCIOMETRIA
RADIOGRAFIA DE CAVUM (LATERAL + HIRTZ)
;;N;Programada;17/09/2026 15:37:43;17/09/2026 00:00:00;17/09/2026 00:00:00;7min 35s;ESTRADA BEIRA LAGOA DE GUARAPINA, S/N, CORDEIRINHO (PONTA NEGRA), MARICA-RJ, CEP: 24921692  - Tel: 21971949843;
NELINA MARIA DA CONCEICAO NICOLAU;False;;F;03/04/1944 00:00:00;82;705603494013012;Escuta Inicial;SILVIA GOMES DA SILVA;;<procedimento>, AFERICAO DE PRESSAO ARTERIAL</procedimento><procedimento>, AVALIACAO ANTROPOMETRICA</procedimento><procedimento>, ESCUTA INICIAL / ORIENTACAO (ACOLHIMENTO A DEMANDA ESPONTANEA)</procedimento>;<procedimento>  0101040024 - AVALIACAO ANTROPOMETRICA - Quantidade: 1
</procedimento><procedimento>  0301040079 - ESCUTA INICIAL / ORIENTACAO (ACOLHIMENTO A DEMANDA ESPONTANEA) - Quantidade: 1
</procedimento><procedimento>  0301100039 - AFERICAO DE PRESSAO ARTERIAL - Quantidade: 1
</procedimento>;N;;;N;Espontanea;17/09/2026 15:39:10;17/09/2026 00:00:00;17/09/2026 00:00:00;1min 2s;RUA RAQUEL DE QUEIROZ, S/N, ITAPEBA, MARICA-RJ, CEP: 24913415  - Tel: 21996949500;
EDSON SALLES PIAUI;False;;M;26/12/1955 00:00:00;70;700009530068705;Escuta Inicial;SILVIA GOMES DA SILVA;;<procedimento>, AFERICAO DE PRESSAO ARTERIAL</procedimento><procedimento>, AVALIACAO ANTROPOMETRICA</procedimento><procedimento>, ESCUTA INICIAL / ORIENTACAO (ACOLHIMENTO A DEMANDA ESPONTANEA)</procedimento>;<procedimento>  0101040024 - AVALIACAO ANTROPOMETRICA - Quantidade: 1
</procedimento><procedimento>  0301040079 - ESCUTA INICIAL / ORIENTACAO (ACOLHIMENTO A DEMANDA ESPONTANEA) - Quantidade: 1
</procedimento><procedimento>  0301100039 - AFERICAO DE PRESSAO ARTERIAL - Quantidade: 1
</procedimento>;N;;;N;Espontanea;17/09/2026 15:40:31;17/09/2026 00:00:00;17/09/2026 00:00:00;1min 19s;AVENIDA MURTAS, S/N, LT243 QD11 CS3, ITAPEBA, MARICA-RJ, CEP: 24913465  - Tel: 21997102734;
JOSE LUIZ DE LIMA;False;;M;24/01/1955 00:00:00;71;702809147969966;Consulta c/ Psicologo Clinico;VALERIA LUCIA RISCADO ALVES; R450 - NERVOSISMO;<procedimento>, CONSULTA DE PROFISSIONAIS DE NIVEL SUPERIOR NA ATENCAO ESPECIALIZADA (EXCETO MEDICO)</procedimento>;<procedimento>  0301010048 - CONSULTA DE PROFISSIONAIS DE NIVEL SUPERIOR NA ATENCAO ESPECIALIZADA (EXCETO MEDICO) - Quantidade: 1
</procedimento>;N;;;N;Espontanea;17/09/2026 15:42:23;17/09/2026 00:00:00;17/09/2026 00:00:00;1min 26s;RUA DEZENOVE, S/N, LOTE 22 QUADRA 23, CORDEIRINHO (PONTA NEGRA), MARICA-RJ, CEP: 24921592  - Tel: 21972246074;
MOACIR ARMOND;False;;M;01/05/1943 00:00:00;83;702100772878595;Consulta c/ Cardiologista;LUCIANA FIRMINO PONCE; I10  - HIPERTENSAO ESSENCIAL (PRIMARIA);<procedimento>, CONSULTA MEDICA EM ATENCAO ESPECIALIZADA</procedimento>;<procedimento>  0301010072 - CONSULTA MEDICA EM ATENCAO ESPECIALIZADA - Quantidade: 1
</procedimento>;S;ECOCARDIOGRAFIA TRANSTORACICA
ULTRASSONOGRAFIA DOPPLER COLORIDO DE VASOS
;;N;Programada;17/09/2026 15:43:42;17/09/2026 00:00:00;17/09/2026 00:00:00;11min 32s;AVENIDA HENRIQUETA RIOS ROSA, S/N, JARDIM ATLANTICO LESTE (ITAIPUACU), MARICA-RJ, CEP: 24933815  - Tel: 21990299207;
CELIA VIANA DA SILVA;False;;F;21/07/1948 00:00:00;78;704106138174476;Consulta c/ Otorrinolaringologista;LUIZ CARLOS DE ARAUJO PIMENTEL; R490 - DISFONIA;<procedimento>, CONSULTA MEDICA EM ATENCAO ESPECIALIZADA</procedimento>;<procedimento>  0301010072 - CONSULTA MEDICA EM ATENCAO ESPECIALIZADA - Quantidade: 1
</procedimento>;S;VIDEOLARINGOSCOPIA
;;N;Programada;17/09/2026 15:45:31;17/09/2026 00:00:00;17/09/2026 00:00:00;7min 5s;RUA RAUL ALFREDO DE ANDRADE, 540, Q- 7 LOTE 28, CAXITO, MARICA-RJ, CEP: 24910530  - Tel: 21998598825;
EMERSON BASTOS DE SA;False;;M;10/09/1972 00:00:00;54;702602229899541;Procedimento;DEUSIMAR ALVES DE ARAUJO NOBRE;;<procedimento>, ESCUTA INICIAL / ORIENTACAO (ACOLHIMENTO A DEMANDA ESPONTANEA)</procedimento>;<procedimento>  0301040079 - ESCUTA INICIAL / ORIENTACAO (ACOLHIMENTO A DEMANDA ESPONTANEA) - Quantidade: 1
</procedimento>;;;;;Espontanea;17/09/2026 15:48:01;17/09/2026 00:00:00;17/09/2026 00:00:00;39s;ESTRADA DO RIO FUNDO, 25, SITIO, CAXITO, MARICA-RJ, CEP: 24910360  - Tel: 21972177112;
ADEMAR SANTOS DE MELO;False;;M;07/01/1959 00:00:00;67;709200259307536;Escuta Inicial;SILVIA GOMES DA SILVA;;<procedimento>, AFERICAO DE PRESSAO ARTERIAL</procedimento><procedimento>, AVALIACAO ANTROPOMETRICA</procedimento><procedimento>, ESCUTA INICIAL / ORIENTACAO (ACOLHIMENTO A DEMANDA ESPONTANEA)</procedimento>;<procedimento>  0101040024 - AVALIACAO ANTROPOMETRICA - Quantidade: 1
</procedimento><procedimento>  0301040079 - ESCUTA INICIAL / ORIENTACAO (ACOLHIMENTO A DEMANDA ESPONTANEA) - Quantidade: 1
</procedimento><procedimento>  0301100039 - AFERICAO DE PRESSAO ARTERIAL - Quantidade: 1
</procedimento>;N;;;N;Espontanea;17/09/2026 15:50:29;17/09/2026 00:00:00;17/09/2026 00:00:00;2min 42s;AVENIDA RUTH RIBEIRO, S/N, LOTE11QUADRA103, JARDIM INTERLAGOS (PONTA NEGRA), MARICA-RJ, CEP: 24917000  - Tel: 21986167673;
MARIA MADALENA DOS SANTOS;False;;F;18/05/1964 00:00:00;62;709608620147172;Procedimento;DEUSIMAR ALVES DE ARAUJO NOBRE;;<procedimento>, ESCUTA INICIAL / ORIENTACAO (ACOLHIMENTO A DEMANDA ESPONTANEA)</procedimento>;<procedimento>  0301040079 - ESCUTA INICIAL / ORIENTACAO (ACOLHIMENTO A DEMANDA ESPONTANEA) - Quantidade: 1
</procedimento>;;;;;Espontanea;17/09/2026 15:51:31;17/09/2026 00:00:00;17/09/2026 00:00:00;1min 1s;RUA QUARENTA E CINCO, S/N, BALNEARIO BAMBUI (PONTA NEGRA), MARICA-RJ, CEP: 24920500  - Tel: 21995420209;
ANTONIO CEZAR LENTO;False;;M;16/10/1958 00:00:00;67;700608900213562;Consulta c/ Otorrinolaringologista;LUIZ CARLOS DE ARAUJO PIMENTEL; H908 - PERDA DE AUDICAO MISTA, DE CONDUCAO E NEURO-SENSORIAL, NAO ESPECIFICADA, H904 - PERDA DE AUDICAO UNILATERAL NEURO-SENSORIAL, SEM RESTRICAO DE AUDICAO CONTRALATERAL;<procedimento>, CONSULTA MEDICA EM ATENCAO ESPECIALIZADA</procedimento>;<procedimento>  0301010072 - CONSULTA MEDICA EM ATENCAO ESPECIALIZADA - Quantidade: 1
</procedimento>;N;;;N;Programada;17/09/2026 15:52:46;17/09/2026 00:00:00;17/09/2026 00:00:00;9min 7s;RUA CENTO E DOZE, S/N, LOTE14QUADRA103, JARDIM INTERLAGOS (PONTA NEGRA), MARICA-RJ, CEP: 24917005  - Tel: 21994896185;
JOSE LUIZ DE LIMA;False;;M;24/01/1955 00:00:00;71;702809147969966;Procedimento;DEUSIMAR ALVES DE ARAUJO NOBRE;;<procedimento>, ESCUTA INICIAL / ORIENTACAO (ACOLHIMENTO A DEMANDA ESPONTANEA)</procedimento>;<procedimento>  0301040079 - ESCUTA INICIAL / ORIENTACAO (ACOLHIMENTO A DEMANDA ESPONTANEA) - Quantidade: 1
</procedimento>;;;;;Espontanea;17/09/2026 15:52:59;17/09/2026 00:00:00;17/09/2026 00:00:00;1min 22s;RUA DEZENOVE, S/N, LOTE 22 QUADRA 23, CORDEIRINHO (PONTA NEGRA), MARICA-RJ, CEP: 24921592  - Tel: 21972246074;
ANGELA REGINA DOS SANTOS MARQUES;False;;F;15/12/1963 00:00:00;62;702802598591570;Escuta Inicial;SILVIA GOMES DA SILVA;;<procedimento>, AFERICAO DE PRESSAO ARTERIAL</procedimento><procedimento>, AVALIACAO ANTROPOMETRICA</procedimento><procedimento>, ESCUTA INICIAL / ORIENTACAO (ACOLHIMENTO A DEMANDA ESPONTANEA)</procedimento>;<procedimento>  0101040024 - AVALIACAO ANTROPOMETRICA - Quantidade: 1
</procedimento><procedimento>  0301040079 - ESCUTA INICIAL / ORIENTACAO (ACOLHIMENTO A DEMANDA ESPONTANEA) - Quantidade: 1
</procedimento><procedimento>  0301100039 - AFERICAO DE PRESSAO ARTERIAL - Quantidade: 1
</procedimento>;N;;;N;Espontanea;17/09/2026 15:53:25;17/09/2026 00:00:00;17/09/2026 00:00:00;2min 8s;RUA QUARENTA E NOVE, S/N, JACAROA, MARICA-RJ, CEP: 24902715  - Tel: 21990202644;
NADIA MARIA COSTA GIL;False;;F;21/06/1956 00:00:00;70;704608195599720;Consulta c/ Cardiologista;LUCIANA FIRMINO PONCE; R060 - DISPNEIA;<procedimento>, CONSULTA MEDICA EM ATENCAO ESPECIALIZADA</procedimento>;<procedimento>  0301010072 - CONSULTA MEDICA EM ATENCAO ESPECIALIZADA - Quantidade: 1
</procedimento>;S;TESTE DE ESFORCO / TESTE ERGOMETRICO
ECOCARDIOGRAFIA TRANSTORACICA
;;N;Programada;17/09/2026 15:54:47;17/09/2026 00:00:00;17/09/2026 00:00:00;12min 53s;RUA MILITAO RODRIGUES DE MOURA, S/N, GUARATIBA (PONTA NEGRA), MARICA-RJ, CEP: 24916135  - Tel: 2132464445;
ROSALINA AMALIA ANTONIO;False;;F;22/05/1962 00:00:00;64;708501392261878;Procedimento;DEUSIMAR ALVES DE ARAUJO NOBRE;;<procedimento>, ESCUTA INICIAL / ORIENTACAO (ACOLHIMENTO A DEMANDA ESPONTANEA)</procedimento>;<procedimento>  0301040079 - ESCUTA INICIAL / ORIENTACAO (ACOLHIMENTO A DEMANDA ESPONTANEA) - Quantidade: 1
</procedimento>;;;;;Espontanea;17/09/2026 15:54:45;17/09/2026 00:00:00;17/09/2026 00:00:00;1min 6s;RUA VERDES MARES QUADRA 38/41, S/N, QD 38 LT 14 C5, JARDIM ATLANTICO, MARICA-RJ, CEP: 24935565  - Tel: 21996980459;
JOSE MARIA DE FREITAS;False;;M;28/08/1952 00:00:00;74;706001858057241;Escuta Inicial;SILVIA GOMES DA SILVA;;<procedimento>, AFERICAO DE PRESSAO ARTERIAL</procedimento><procedimento>, AVALIACAO ANTROPOMETRICA</procedimento><procedimento>, ESCUTA INICIAL / ORIENTACAO (ACOLHIMENTO A DEMANDA ESPONTANEA)</procedimento>;<procedimento>  0101040024 - AVALIACAO ANTROPOMETRICA - Quantidade: 1
</procedimento><procedimento>  0301040079 - ESCUTA INICIAL / ORIENTACAO (ACOLHIMENTO A DEMANDA ESPONTANEA) - Quantidade: 1
</procedimento><procedimento>  0301100039 - AFERICAO DE PRESSAO ARTERIAL - Quantidade: 1
</procedimento>;N;;;N;Espontanea;17/09/2026 15:56:00;17/09/2026 00:00:00;17/09/2026 00:00:00;58s;RUA Q, S/N, SANTA PAULA (INOA), MARICA-RJ, CEP: 24944834  - Tel: 2199575034;
MARIA DALVA DO NASCIMENTO;False;;F;22/10/1976 00:00:00;49;;Procedimento;DEUSIMAR ALVES DE ARAUJO NOBRE;;<procedimento>, ESCUTA INICIAL / ORIENTACAO (ACOLHIMENTO A DEMANDA ESPONTANEA)</procedimento>;<procedimento>  0301040079 - ESCUTA INICIAL / ORIENTACAO (ACOLHIMENTO A DEMANDA ESPONTANEA) - Quantidade: 1
</procedimento>;;;;;Espontanea;17/09/2026 15:56:49;17/09/2026 00:00:00;17/09/2026 00:00:00;1min 13s;RUA 10 OITENTA , LT 23, JARDIM ATLANTICO, MARICA-RJ, CEP: 24933500  - Tel: 21964729406;
WELLINGTHON DE SOUZA VIANA;False;;M;08/08/1986 00:00:00;40;705807422804333;Escuta Inicial;SILVIA GOMES DA SILVA;;<procedimento>, AFERICAO DE PRESSAO ARTERIAL</procedimento><procedimento>, AVALIACAO ANTROPOMETRICA</procedimento><procedimento>, ESCUTA INICIAL / ORIENTACAO (ACOLHIMENTO A DEMANDA ESPONTANEA)</procedimento>;<procedimento>  0101040024 - AVALIACAO ANTROPOMETRICA - Quantidade: 1
</procedimento><procedimento>  0301040079 - ESCUTA INICIAL / ORIENTACAO (ACOLHIMENTO A DEMANDA ESPONTANEA) - Quantidade: 1
</procedimento><procedimento>  0301100039 - AFERICAO DE PRESSAO ARTERIAL - Quantidade: 1
</procedimento>;N;;;N;Espontanea;17/09/2026 15:58:07;17/09/2026 00:00:00;17/09/2026 00:00:00;1min 5s;RUA GENERAL MILTON DE SOUZA DAEMON, S/N, ITAOCAIA VALLEY (ITAIPUACU), MARICA-RJ, CEP: 24939290  - Tel: 21971920207;
MARCIA BORGES PEREIRA;False;;F;01/09/1956 00:00:00;70;708203670510344;Escuta Inicial;SILVIA GOMES DA SILVA;;<procedimento>, AFERICAO DE PRESSAO ARTERIAL</procedimento><procedimento>, AVALIACAO ANTROPOMETRICA</procedimento><procedimento>, ESCUTA INICIAL / ORIENTACAO (ACOLHIMENTO A DEMANDA ESPONTANEA)</procedimento>;<procedimento>  0101040024 - AVALIACAO ANTROPOMETRICA - Quantidade: 1
</procedimento><procedimento>  0301040079 - ESCUTA INICIAL / ORIENTACAO (ACOLHIMENTO A DEMANDA ESPONTANEA) - Quantidade: 1
</procedimento><procedimento>  0301100039 - AFERICAO DE PRESSAO ARTERIAL - Quantidade: 1
</procedimento>;N;;;N;Espontanea;17/09/2026 16:00:12;17/09/2026 00:00:00;17/09/2026 00:00:00;1min 22s;RUA GEORGILEI RODRIGUES, 01, QD 163 LT 03, JARDIM ATLANTICO CENTRAL (ITAIPUACU), MARICA-RJ, CEP: 24934030  - Tel: 21988313501;
EDSON CARVALHO DOS SANTOS;False;;M;26/10/1950 00:00:00;75;702102748017099;Escuta Inicial;SILVIA GOMES DA SILVA;;<procedimento>, AFERICAO DE PRESSAO ARTERIAL</procedimento><procedimento>, AVALIACAO ANTROPOMETRICA</procedimento><procedimento>, ESCUTA INICIAL / ORIENTACAO (ACOLHIMENTO A DEMANDA ESPONTANEA)</procedimento>;<procedimento>  0101040024 - AVALIACAO ANTROPOMETRICA - Quantidade: 1
</procedimento><procedimento>  0301040079 - ESCUTA INICIAL / ORIENTACAO (ACOLHIMENTO A DEMANDA ESPONTANEA) - Quantidade: 1
</procedimento><procedimento>  0301100039 - AFERICAO DE PRESSAO ARTERIAL - Quantidade: 1
</procedimento>;N;;;N;Espontanea;17/09/2026 16:01:55;17/09/2026 00:00:00;17/09/2026 00:00:00;1min 38s;RUA SETENTA, S/N, R70 QD90 LT18, GUARATIBA (PONTA NEGRA), MARICA-RJ, CEP: 24916450  - Tel: 21983916179;
DELSO PAULA DA SILVA;False;;M;13/08/1948 00:00:00;78;705103307625440;Consulta c/ Otorrinolaringologista;LUIZ CARLOS DE ARAUJO PIMENTEL; H612 - CERUME IMPACTADO;<procedimento>, CONSULTA MEDICA EM ATENCAO ESPECIALIZADA</procedimento><procedimento>, REMOCAO DE CERUMEN DE CONDUTO AUDITIVO EXTERNO UNI / BILATERAL</procedimento>;<procedimento>  0301010072 - CONSULTA MEDICA EM ATENCAO ESPECIALIZADA - Quantidade: 1
</procedimento><procedimento>  0404010270 - REMOCAO DE CERUMEN DE CONDUTO AUDITIVO EXTERNO UNI / BILATERAL - Quantidade: 1
</procedimento>;N;;;N;Programada;17/09/2026 16:01:32;17/09/2026 00:00:00;17/09/2026 00:00:00;5min 37s;RUA D, 5, SAO JOSE DO IMBASSAI, MARICA-RJ, CEP: 24930016  - Tel: 21988975401;
CELIA VIANA DA SILVA;False;;F;21/07/1948 00:00:00;78;704106138174476;Procedimento;DEUSIMAR ALVES DE ARAUJO NOBRE;;<procedimento>, ESCUTA INICIAL / ORIENTACAO (ACOLHIMENTO A DEMANDA ESPONTANEA)</procedimento>;<procedimento>  0301040079 - ESCUTA INICIAL / ORIENTACAO (ACOLHIMENTO A DEMANDA ESPONTANEA) - Quantidade: 1
</procedimento>;;;;;Espontanea;17/09/2026 16:03:33;17/09/2026 00:00:00;17/09/2026 00:00:00;2min 24s;RUA RAUL ALFREDO DE ANDRADE, 540, Q- 7 LOTE 28, CAXITO, MARICA-RJ, CEP: 24910530  - Tel: 21998598825;
ALINE SILVA ROCHA;False;;F;05/05/1985 00:00:00;41;703402822475100;Escuta Inicial;SILVIA GOMES DA SILVA;;<procedimento>, ESCUTA INICIAL / ORIENTACAO (ACOLHIMENTO A DEMANDA ESPONTANEA)</procedimento>;<procedimento>  0301040079 - ESCUTA INICIAL / ORIENTACAO (ACOLHIMENTO A DEMANDA ESPONTANEA) - Quantidade: 1
</procedimento>;N;;;N;Espontanea;17/09/2026 16:04:08;17/09/2026 00:00:00;17/09/2026 00:00:00;23s;RUA ONZE, 02, LT 12 QD 17, CHACARAS DE INOA (INOA), MARICA-RJ, CEP: 24940285  - Tel: 21977390142;
ALICE LEAL COSTA;False;;F;28/03/2004 00:00:00;22;706402113143682;Escuta Inicial;SILVIA GOMES DA SILVA;;<procedimento>, ESCUTA INICIAL / ORIENTACAO (ACOLHIMENTO A DEMANDA ESPONTANEA)</procedimento>;<procedimento>  0301040079 - ESCUTA INICIAL / ORIENTACAO (ACOLHIMENTO A DEMANDA ESPONTANEA) - Quantidade: 1
</procedimento>;N;;;N;Espontanea;17/09/2026 16:05:55;17/09/2026 00:00:00;17/09/2026 00:00:00;1min 21s;RUA SETENTA E SEIS, S/N, LT01 QD98 APT02, GUARATIBA (PONTA NEGRA), MARICA-RJ, CEP: 24916470  - Tel: 21982038039;
ANA PAULA DE SOUZA ANDRE;False;;F;30/06/1985 00:00:00;41;700107901103411;Escuta Inicial;SILVIA GOMES DA SILVA;;<procedimento>, ESCUTA INICIAL / ORIENTACAO (ACOLHIMENTO A DEMANDA ESPONTANEA)</procedimento>;<procedimento>  0301040079 - ESCUTA INICIAL / ORIENTACAO (ACOLHIMENTO A DEMANDA ESPONTANEA) - Quantidade: 1
</procedimento>;N;;;N;Espontanea;17/09/2026 16:05:15;17/09/2026 00:00:00;17/09/2026 00:00:00;27s;RUA A, 530, SETOR B, SANTA PAULA (INOA), MARICA-RJ, CEP: 24944584  - Tel: 21966335910;
ANGELA COSTA DA SILVA;False;;F;28/12/1978 00:00:00;47;700002197976804;Escuta Inicial;SILVIA GOMES DA SILVA;;<procedimento>, ESCUTA INICIAL / ORIENTACAO (ACOLHIMENTO A DEMANDA ESPONTANEA)</procedimento>;<procedimento>  0301040079 - ESCUTA INICIAL / ORIENTACAO (ACOLHIMENTO A DEMANDA ESPONTANEA) - Quantidade: 1
</procedimento>;N;;;N;Espontanea;17/09/2026 16:06:54;17/09/2026 00:00:00;17/09/2026 00:00:00;1min 18s;RUA SESSENTA, 54, LOTE45QUADRA53, JARDIM INTERLAGOS (PONTA NEGRA), MARICA-RJ, CEP: 24917630  - Tel: 21999784008;
CARLOS ANTONIO BEZERRA VIEIRA;False;;M;29/07/1944 00:00:00;82;704704797272636;Consulta c/ Otorrinolaringologista;LUIZ CARLOS DE ARAUJO PIMENTEL; H908 - PERDA DE AUDICAO MISTA, DE CONDUCAO E NEURO-SENSORIAL, NAO ESPECIFICADA;<procedimento>, CONSULTA MEDICA EM ATENCAO ESPECIALIZADA</procedimento><procedimento>, REMOCAO DE CERUMEN DE CONDUTO AUDITIVO EXTERNO UNI / BILATERAL</procedimento>;<procedimento>  0301010072 - CONSULTA MEDICA EM ATENCAO ESPECIALIZADA - Quantidade: 1
</procedimento><procedimento>  0404010270 - REMOCAO DE CERUMEN DE CONDUTO AUDITIVO EXTERNO UNI / BILATERAL - Quantidade: 1
</procedimento>;S;AUDIOMETRIA TONAL LIMIAR (VIA AEREA / OSSEA)
;;N;Programada;17/09/2026 16:06:54;17/09/2026 00:00:00;17/09/2026 00:00:00;6min 56s;RUA DAS FLORES, S/N, CALABOCA (INOA), MARICA-RJ, CEP: 24944025  - Tel: 21965046360;
VITORIA RINALDI SILVA;False;;F;08/10/2017 00:00:00;8;704305552854793;Procedimento;DEUSIMAR ALVES DE ARAUJO NOBRE;;<procedimento>, ESCUTA INICIAL / ORIENTACAO (ACOLHIMENTO A DEMANDA ESPONTANEA)</procedimento>;<procedimento>  0301040079 - ESCUTA INICIAL / ORIENTACAO (ACOLHIMENTO A DEMANDA ESPONTANEA) - Quantidade: 1
</procedimento>;;;;;Espontanea;17/09/2026 16:06:49;17/09/2026 00:00:00;17/09/2026 00:00:00;1min 10s;ESTRADA BEIRA LAGOA DE GUARAPINA, S/N, CORDEIRINHO (PONTA NEGRA), MARICA-RJ, CEP: 24921692  - Tel: 21971949843;
ELENILDA RODRIGUES ELIZEU;False;;F;06/01/1955 00:00:00;71;704103804955750;Consulta c/ Cardiologista;LUCIANA FIRMINO PONCE; I10  - HIPERTENSAO ESSENCIAL (PRIMARIA);<procedimento>, CONSULTA MEDICA EM ATENCAO ESPECIALIZADA</procedimento>;<procedimento>  0301010072 - CONSULTA MEDICA EM ATENCAO ESPECIALIZADA - Quantidade: 1
</procedimento>;N;;;N;Programada;17/09/2026 16:07:44;17/09/2026 00:00:00;17/09/2026 00:00:00;16min 56s;AVENIDA ALZIRO RODRIGUES DE MOURA, S/N, LT 8 QD H, GUARATIBA, MARICA-RJ, CEP: 24916170  - Tel: 21970041827;
ANDREIA DOS SANTOS RIBEIRO;False;;F;09/04/1982 00:00:00;44;705807407894432;Escuta Inicial;SILVIA GOMES DA SILVA;;<procedimento>, ESCUTA INICIAL / ORIENTACAO (ACOLHIMENTO A DEMANDA ESPONTANEA)</procedimento>;<procedimento>  0301040079 - ESCUTA INICIAL / ORIENTACAO (ACOLHIMENTO A DEMANDA ESPONTANEA) - Quantidade: 1
</procedimento>;N;;;N;Espontanea;17/09/2026 16:07:56;17/09/2026 00:00:00;17/09/2026 00:00:00;1min 9s;RUA FAUSTO CAVALCANTI DE MENEZES GUERRA, S/N, BARRA DE MARICA, MARICA-RJ, CEP: 24915530  - Tel: 21997036444;
REINALDO MOREIRA LOBO;False;;M;05/06/1958 00:00:00;68;707601276232191;Procedimento;DEUSIMAR ALVES DE ARAUJO NOBRE;;<procedimento>, ESCUTA INICIAL / ORIENTACAO (ACOLHIMENTO A DEMANDA ESPONTANEA)</procedimento>;<procedimento>  0301040079 - ESCUTA INICIAL / ORIENTACAO (ACOLHIMENTO A DEMANDA ESPONTANEA) - Quantidade: 1
</procedimento>;;;;;Espontanea;17/09/2026 16:08:17;17/09/2026 00:00:00;17/09/2026 00:00:00;45s;RUA CORONEL BITTENCOURT, 271, CENTRO, MARICA-RJ, CEP: 24900745  - Tel: 6133152425;
ANDRE EDUARDO DE SOUZA AMORIM;False;;M;31/03/1970 00:00:00;56;702002377291288;Escuta Inicial;SILVIA GOMES DA SILVA;;<procedimento>, ESCUTA INICIAL / ORIENTACAO (ACOLHIMENTO A DEMANDA ESPONTANEA)</procedimento>;<procedimento>  0301040079 - ESCUTA INICIAL / ORIENTACAO (ACOLHIMENTO A DEMANDA ESPONTANEA) - Quantidade: 1
</procedimento>;N;;;N;Espontanea;17/09/2026 16:09:02;17/09/2026 00:00:00;17/09/2026 00:00:00;21s;RUA ERNANI MANOEL SOARES, S/N, BARRA DE MARICA, MARICA-RJ, CEP: 24915575  - Tel: 21997410600;
ANDREIA DA SILVA SOUZA;False;;F;19/03/1981 00:00:00;45;704000801580266;Escuta Inicial;SILVIA GOMES DA SILVA;;<procedimento>, ESCUTA INICIAL / ORIENTACAO (ACOLHIMENTO A DEMANDA ESPONTANEA)</procedimento>;<procedimento>  0301040079 - ESCUTA INICIAL / ORIENTACAO (ACOLHIMENTO A DEMANDA ESPONTANEA) - Quantidade: 1
</procedimento>;N;;;N;Espontanea;17/09/2026 16:09:55;17/09/2026 00:00:00;17/09/2026 00:00:00;1min 23s;RUA SEIS, 12, BECO 05 CASA 03, CHACARAS DE INOA (INOA), MARICA-RJ, CEP: 24940540  - Tel: 21972445743;
JOSE LACERDA DA SILVA;False;;M;20/03/1952 00:00:00;74;703404249699000;Procedimento;DEUSIMAR ALVES DE ARAUJO NOBRE;;<procedimento>, ESCUTA INICIAL / ORIENTACAO (ACOLHIMENTO A DEMANDA ESPONTANEA)</procedimento>;<procedimento>  0301040079 - ESCUTA INICIAL / ORIENTACAO (ACOLHIMENTO A DEMANDA ESPONTANEA) - Quantidade: 1
</procedimento>;;;;;Espontanea;17/09/2026 16:09:33;17/09/2026 00:00:00;17/09/2026 00:00:00;58s;RUA UM, S/N, LT1QD9CASA3, CORDEIRINHO (PONTA NEGRA), MARICA-RJ, CEP: 24921644  - Tel: 27995028029;
ROBERTO ESTANISLAU PINTO;False;;M;02/04/1961 00:00:00;65;708401785831069;Escuta Inicial;SILVIA GOMES DA SILVA;;<procedimento>, ESCUTA INICIAL / ORIENTACAO (ACOLHIMENTO A DEMANDA ESPONTANEA)</procedimento>;<procedimento>  0301040079 - ESCUTA INICIAL / ORIENTACAO (ACOLHIMENTO A DEMANDA ESPONTANEA) - Quantidade: 1
</procedimento>;N;;;N;Espontanea;17/09/2026 16:11:17;17/09/2026 00:00:00;17/09/2026 00:00:00;35s;RODOVIA AMARAL PEIXOTO KM 28, S/N, CON GREE PQ, ITAPEBA, MARICA-RJ, CEP: 24900001  - Tel: 21997721902;
JOSE DE ARIMATHEIA NOGUEIRA CHAVES DA SILVA;False;;M;16/01/1960 00:00:00;66;706202051688569;Procedimento;DEUSIMAR ALVES DE ARAUJO NOBRE;;<procedimento>, ESCUTA INICIAL / ORIENTACAO (ACOLHIMENTO A DEMANDA ESPONTANEA)</procedimento>;<procedimento>  0301040079 - ESCUTA INICIAL / ORIENTACAO (ACOLHIMENTO A DEMANDA ESPONTANEA) - Quantidade: 1
</procedimento>;;;;;Espontanea;17/09/2026 16:11:43;17/09/2026 00:00:00;17/09/2026 00:00:00;1min 8s;RUA M, S/N, SANTA PAULA (INOA), MARICA-RJ, CEP: 24944850  - Tel: 21968756314;
HELISA DE SOUZA OLIVEIRA;False;;F;05/08/1994 00:00:00;32;701004864478999;Procedimento;DEUSIMAR ALVES DE ARAUJO NOBRE;;<procedimento>, ESCUTA INICIAL / ORIENTACAO (ACOLHIMENTO A DEMANDA ESPONTANEA)</procedimento>;<procedimento>  0301040079 - ESCUTA INICIAL / ORIENTACAO (ACOLHIMENTO A DEMANDA ESPONTANEA) - Quantidade: 1
</procedimento>;;;;;Espontanea;17/09/2026 16:14:10;17/09/2026 00:00:00;17/09/2026 00:00:00;40s;RUA DOZE, S/N, LOT JARDIM INOA, CHACARAS DE INOA (INOA), MARICA-RJ, CEP: 24941465  - Tel: 21997684056;
GERALDO AVILA DE OLIVEIRA FILHO;False;;M;10/12/1955 00:00:00;70;705003261401554;Consulta c/ Otorrinolaringologista;LUIZ CARLOS DE ARAUJO PIMENTEL; H612 - CERUME IMPACTADO;<procedimento>, CONSULTA MEDICA EM ATENCAO ESPECIALIZADA</procedimento>;<procedimento>  0301010072 - CONSULTA MEDICA EM ATENCAO ESPECIALIZADA - Quantidade: 1
</procedimento>;S;IMITANCIOMETRIA
AUDIOMETRIA TONAL LIMIAR (VIA AEREA / OSSEA)
;;N;Programada;17/09/2026 16:15:03;17/09/2026 00:00:00;17/09/2026 00:00:00;13min 46s;AVENIDA TRES, 770, LT 47 QD 93, ARACATIBA, MARICA-RJ, CEP: 24902150  - Tel: 21991304328;
BIANCA DAYCE DOS SANTOS RAMOS;False;;F;27/12/1990 00:00:00;35;704500347215516;Procedimento;DEUSIMAR ALVES DE ARAUJO NOBRE;;<procedimento>, ESCUTA INICIAL / ORIENTACAO (ACOLHIMENTO A DEMANDA ESPONTANEA)</procedimento>;<procedimento>  0301040079 - ESCUTA INICIAL / ORIENTACAO (ACOLHIMENTO A DEMANDA ESPONTANEA) - Quantidade: 1
</procedimento>;;;;;Espontanea;17/09/2026 16:15:38;17/09/2026 00:00:00;17/09/2026 00:00:00;1min 1s;RUA JOAQUIM MENDES, S/N, CENTRO, MARICA-RJ, CEP: 24900620  - Tel: 21992954854;
EDSON SALLES PIAUI;False;;M;26/12/1955 00:00:00;70;700009530068705;Consulta c/ Cardiologista;LUCIANA FIRMINO PONCE; I50  - INSUFICIENCIA CARDIACA;<procedimento>, CONSULTA MEDICA EM ATENCAO ESPECIALIZADA</procedimento>;<procedimento>  0301010072 - CONSULTA MEDICA EM ATENCAO ESPECIALIZADA - Quantidade: 1
</procedimento>;S;DOSAGEM DE HORMONIO TIREOESTIMULANTE (TSH)
DOSAGEM DE UREIA
DOSAGEM DE COLESTEROL LDL
DOSAGEM DE TRIGLICERIDEOS
DOSAGEM DE POTASSIO
DOSAGEM DE TIROXINA (T4)
DOSAGEM DE COLESTEROL HDL
DOSAGEM DE SODIO
DOSAGEM DE HEMOGLOBINA GLICOSILADA
DOSAGEM DE COLESTEROL TOTAL
DOSAGEM DE 25 HIDROXIVITAMINA D
HEMOGRAMA COMPLETO
DOSAGEM DE ANTIGENO PROSTATICO ESPECIFICO (PSA)
DOSAGEM DE ACIDO URICO
DOSAGEM DE CREATININA
DOSAGEM DE VITAMINA B12
DOSAGEM DE GLICOSE
;;N;Programada;17/09/2026 16:24:11;17/09/2026 00:00:00;17/09/2026 00:00:00;12min 22s;AVENIDA MURTAS, S/N, LT243 QD11 CS3, ITAPEBA, MARICA-RJ, CEP: 24913465  - Tel: 21997102734;
KAMILY VITORIA DA SILVA LIMA;False;;F;23/03/2012 00:00:00;14;700009865022006;Consulta c/ Otorrinolaringologista;LUIZ CARLOS DE ARAUJO PIMENTEL; J342 - DESVIO DO SEPTO NASAL;<procedimento>, CONSULTA MEDICA EM ATENCAO ESPECIALIZADA</procedimento>;<procedimento>  0301010072 - CONSULTA MEDICA EM ATENCAO ESPECIALIZADA - Quantidade: 1
</procedimento>;N;;;N;Programada;17/09/2026 16:28:59;17/09/2026 00:00:00;17/09/2026 00:00:00;6min 14s;RUA JOAO FREJAT, S/N, LT 25 QD 24, BARRA DE MARICA, MARICA-RJ, CEP: 24915550  - Tel: 21993057933;
GERALDO AVILA DE OLIVEIRA FILHO;False;;M;10/12/1955 00:00:00;70;705003261401554;Procedimento;DEUSIMAR ALVES DE ARAUJO NOBRE;;<procedimento>, ESCUTA INICIAL / ORIENTACAO (ACOLHIMENTO A DEMANDA ESPONTANEA)</procedimento>;<procedimento>  0301040079 - ESCUTA INICIAL / ORIENTACAO (ACOLHIMENTO A DEMANDA ESPONTANEA) - Quantidade: 1
</procedimento>;;;;;Espontanea;17/09/2026 16:31:07;17/09/2026 00:00:00;17/09/2026 00:00:00;48s;AVENIDA TRES, 770, LT 47 QD 93, ARACATIBA, MARICA-RJ, CEP: 24902150  - Tel: 21991304328;
CARLOS ANTONIO BEZERRA VIEIRA;False;;M;29/07/1944 00:00:00;82;704704797272636;Procedimento;DEUSIMAR ALVES DE ARAUJO NOBRE;;<procedimento>, ESCUTA INICIAL / ORIENTACAO (ACOLHIMENTO A DEMANDA ESPONTANEA)</procedimento>;<procedimento>  0301040079 - ESCUTA INICIAL / ORIENTACAO (ACOLHIMENTO A DEMANDA ESPONTANEA) - Quantidade: 1
</procedimento>;;;;;Espontanea;17/09/2026 16:33:34;17/09/2026 00:00:00;17/09/2026 00:00:00;54s;RUA DAS FLORES, S/N, CALABOCA (INOA), MARICA-RJ, CEP: 24944025  - Tel: 21965046360;
MARGARETE SAMPAIO ARLEU;False;;F;23/10/1970 00:00:00;55;708003332438123;Consulta c/ Otorrinolaringologista;LUIZ CARLOS DE ARAUJO PIMENTEL; R42  - TONTURA E INSTABILIDADE;<procedimento>, CONSULTA MEDICA EM ATENCAO ESPECIALIZADA</procedimento>;<procedimento>  0301010072 - CONSULTA MEDICA EM ATENCAO ESPECIALIZADA - Quantidade: 1
</procedimento>;N;;;N;Programada;17/09/2026 16:34:50;17/09/2026 00:00:00;17/09/2026 00:00:00;7min 9s;RUA JOAO PAULO DA COSTA, S/N, LT 09 QD 4A, inoa, MARICA-RJ, CEP: 24943680  - Tel: 21975260457;
NAPOLEAO JOSE DOS SANTOS JUNIOR;False;;M;03/04/1979 00:00:00;47;700905907117490;Consulta c/ Cardiologista;LUCIANA FIRMINO PONCE; I49  - OUTRAS ARRITMIAS CARDIACAS;<procedimento>, CONSULTA MEDICA EM ATENCAO ESPECIALIZADA</procedimento>;<procedimento>  0301010072 - CONSULTA MEDICA EM ATENCAO ESPECIALIZADA - Quantidade: 1
</procedimento>;S;MONITORAMENTO PELO SISTEMA HOLTER 24 HS (3 CANAIS)
;;N;Programada;17/09/2026 16:39:32;17/09/2026 00:00:00;17/09/2026 00:00:00;8min 16s;ESTRADA ANTONIO CALLADO, S/N, LT3 QD 29, CORDEIRINHO (PONTA NEGRA), MARICA-RJ, CEP: 24921580  - Tel: 2126489863;
NADIA MARIA COSTA GIL;False;;F;21/06/1956 00:00:00;70;704608195599720;Escuta Inicial;SILVIA GOMES DA SILVA;;<procedimento>, AFERICAO DE PRESSAO ARTERIAL</procedimento><procedimento>, AVALIACAO ANTROPOMETRICA</procedimento><procedimento>, ESCUTA INICIAL / ORIENTACAO (ACOLHIMENTO A DEMANDA ESPONTANEA)</procedimento>;<procedimento>  0101040024 - AVALIACAO ANTROPOMETRICA - Quantidade: 1
</procedimento><procedimento>  0301040079 - ESCUTA INICIAL / ORIENTACAO (ACOLHIMENTO A DEMANDA ESPONTANEA) - Quantidade: 1
</procedimento><procedimento>  0301100039 - AFERICAO DE PRESSAO ARTERIAL - Quantidade: 1
</procedimento>;N;;;N;Espontanea;17/09/2026 16:40:28;17/09/2026 00:00:00;17/09/2026 00:00:00;1min 12s;RUA MILITAO RODRIGUES DE MOURA, S/N, GUARATIBA (PONTA NEGRA), MARICA-RJ, CEP: 24916135  - Tel: 2132464445;
MOACIR ARMOND;False;;M;01/05/1943 00:00:00;83;702100772878595;Escuta Inicial;SILVIA GOMES DA SILVA;;<procedimento>, AFERICAO DE PRESSAO ARTERIAL</procedimento><procedimento>, AVALIACAO ANTROPOMETRICA</procedimento><procedimento>, ESCUTA INICIAL / ORIENTACAO (ACOLHIMENTO A DEMANDA ESPONTANEA)</procedimento>;<procedimento>  0101040024 - AVALIACAO ANTROPOMETRICA - Quantidade: 1
</procedimento><procedimento>  0301040079 - ESCUTA INICIAL / ORIENTACAO (ACOLHIMENTO A DEMANDA ESPONTANEA) - Quantidade: 1
</procedimento><procedimento>  0301100039 - AFERICAO DE PRESSAO ARTERIAL - Quantidade: 1
</procedimento>;N;;;N;Espontanea;17/09/2026 16:41:39;17/09/2026 00:00:00;17/09/2026 00:00:00;1min 30s;AVENIDA HENRIQUETA RIOS ROSA, S/N, JARDIM ATLANTICO LESTE (ITAIPUACU), MARICA-RJ, CEP: 24933815  - Tel: 21990299207;
MARGARETE SAMPAIO ARLEU;False;;F;23/10/1970 00:00:00;55;708003332438123;Procedimento;DEUSIMAR ALVES DE ARAUJO NOBRE;;<procedimento>, ESCUTA INICIAL / ORIENTACAO (ACOLHIMENTO A DEMANDA ESPONTANEA)</procedimento>;<procedimento>  0301040079 - ESCUTA INICIAL / ORIENTACAO (ACOLHIMENTO A DEMANDA ESPONTANEA) - Quantidade: 1
</procedimento>;;;;;Espontanea;17/09/2026 16:43:06;17/09/2026 00:00:00;17/09/2026 00:00:00;52s;RUA JOAO PAULO DA COSTA, S/N, LT 09 QD 4A, inoa, MARICA-RJ, CEP: 24943680  - Tel: 21975260457;
KAMILY VITORIA DA SILVA LIMA;False;;F;23/03/2012 00:00:00;14;700009865022006;Procedimento;DEUSIMAR ALVES DE ARAUJO NOBRE;;<procedimento>, ESCUTA INICIAL / ORIENTACAO (ACOLHIMENTO A DEMANDA ESPONTANEA)</procedimento>;<procedimento>  0301040079 - ESCUTA INICIAL / ORIENTACAO (ACOLHIMENTO A DEMANDA ESPONTANEA) - Quantidade: 1
</procedimento>;;;;;Espontanea;17/09/2026 16:44:58;17/09/2026 00:00:00;17/09/2026 00:00:00;1min 16s;RUA JOAO FREJAT, S/N, LT 25 QD 24, BARRA DE MARICA, MARICA-RJ, CEP: 24915550  - Tel: 21993057933;
ROBERTO ESTANISLAU PINTO;False;;M;02/04/1961 00:00:00;65;708401785831069;Consulta c/ Cardiologista;LUCIANA FIRMINO PONCE; I10  - HIPERTENSAO ESSENCIAL (PRIMARIA);<procedimento>, CONSULTA MEDICA EM ATENCAO ESPECIALIZADA</procedimento>;<procedimento>  0301010072 - CONSULTA MEDICA EM ATENCAO ESPECIALIZADA - Quantidade: 1
</procedimento>;N;;;N;Programada;17/09/2026 16:48:01;17/09/2026 00:00:00;17/09/2026 00:00:00;31min 39s;RODOVIA AMARAL PEIXOTO KM 28, S/N, CON GREE PQ, ITAPEBA, MARICA-RJ, CEP: 24900001  - Tel: 21997721902;
BRUNO FREIRE MENDES;False;;M;28/06/1981 00:00:00;45;702005856813783;Consulta c/ Cardiologista;LUCIANA FIRMINO PONCE; I25  - DOENCA ISQUEMICA CRONICA DO CORACAO;<procedimento>, CONSULTA MEDICA EM ATENCAO ESPECIALIZADA</procedimento>;<procedimento>  0301010072 - CONSULTA MEDICA EM ATENCAO ESPECIALIZADA - Quantidade: 1
</procedimento>;N;;;N;Programada;17/09/2026 16:49:21;17/09/2026 00:00:00;17/09/2026 00:00:00;23min 27s;RUA R MARIA AGUSTA BITTENCOURT, 29, QD  LT, MUMBUCA, MARICA-RJ, CEP: 24900000  - Tel: 2126340380;
NAPOLEAO JOSE DOS SANTOS JUNIOR;False;;M;03/04/1979 00:00:00;47;700905907117490;Escuta Inicial;SILVIA GOMES DA SILVA;;<procedimento>, AFERICAO DE PRESSAO ARTERIAL</procedimento><procedimento>, AVALIACAO ANTROPOMETRICA</procedimento><procedimento>, ESCUTA INICIAL / ORIENTACAO (ACOLHIMENTO A DEMANDA ESPONTANEA)</procedimento>;<procedimento>  0101040024 - AVALIACAO ANTROPOMETRICA - Quantidade: 1
</procedimento><procedimento>  0301040079 - ESCUTA INICIAL / ORIENTACAO (ACOLHIMENTO A DEMANDA ESPONTANEA) - Quantidade: 1
</procedimento><procedimento>  0301100039 - AFERICAO DE PRESSAO ARTERIAL - Quantidade: 1
</procedimento>;N;;;N;Espontanea;17/09/2026 16:57:34;17/09/2026 00:00:00;17/09/2026 00:00:00;1min 26s;ESTRADA ANTONIO CALLADO, S/N, LT3 QD 29, CORDEIRINHO (PONTA NEGRA), MARICA-RJ, CEP: 24921580  - Tel: 2126489863;
NORIVAL MIRANDA;False;;M;17/08/1962 00:00:00;64;700302920189133;Consulta de Enfermagem;MAURO BATISTA DE BARROS; T140 - TRAUMATISMO SUPERFICIAL DE REGIAO NAO ESPECIFICADA DO CORPO;<procedimento>, CONSULTA DE PROFISSIONAIS DE NIVEL SUPERIOR NA ATENCAO ESPECIALIZADA (EXCETO MEDICO)</procedimento><procedimento>, CURATIVO ESPECIAL</procedimento>;<procedimento>  0301010048 - CONSULTA DE PROFISSIONAIS DE NIVEL SUPERIOR NA ATENCAO ESPECIALIZADA (EXCETO MEDICO) - Quantidade: 1
</procedimento><procedimento>  0301100276 - CURATIVO ESPECIAL - Quantidade: 1
</procedimento>;N;;;N;Programada;18/09/2026 08:20:08;18/09/2026 00:00:00;18/09/2026 00:00:00;4min 42s;RUA QUARENTA E TRES, S/N, QDA249 LT5, JARDIM ATLANTICO CENTRAL (ITAIPUACU), MARICA-RJ, CEP: 24934555  - Tel: 21987810577;
CARLOS MORAES;False;;M;01/01/1956 00:00:00;70;700002610942804;Consulta c/ Cirurgiao Geral;JOSE ROBERTO BARQUETTE; K429 - HERNIA UMBILICAL SEM OBSTRUCAO OU GANGRENA, K402 - HERNIA INGUINAL BILATERAL, SEM OBSTRUCAO OU GANGRENA;<procedimento>, CONSULTA MEDICA EM ATENCAO ESPECIALIZADA</procedimento>;<procedimento>  0301010072 - CONSULTA MEDICA EM ATENCAO ESPECIALIZADA - Quantidade: 1
</procedimento>;N;;;N;Programada;18/09/2026 08:24:20;18/09/2026 00:00:00;18/09/2026 00:00:00;6min 45s;RUA VEREADOR TUNINHO DO BIRINIGTH, S/N, QD 146 LT 29, JARDIM ATLANTICO CENTRAL (ITAIPUACU), MARICA-RJ, CEP: 24934320  - Tel: 21989549965;
JOSE NUNES DO NASCIMENTO;False;;M;01/12/1949 00:00:00;76;700206942858423;Consulta de Enfermagem;MAURO BATISTA DE BARROS; T140 - TRAUMATISMO SUPERFICIAL DE REGIAO NAO ESPECIFICADA DO CORPO;<procedimento>, CONSULTA DE PROFISSIONAIS DE NIVEL SUPERIOR NA ATENCAO ESPECIALIZADA (EXCETO MEDICO)</procedimento><procedimento>, CURATIVO ESPECIAL</procedimento>;<procedimento>  0301010048 - CONSULTA DE PROFISSIONAIS DE NIVEL SUPERIOR NA ATENCAO ESPECIALIZADA (EXCETO MEDICO) - Quantidade: 1
</procedimento><procedimento>  0301100276 - CURATIVO ESPECIAL - Quantidade: 1
</procedimento>;N;;;N;Espontanea;18/09/2026 08:30:03;18/09/2026 00:00:00;18/09/2026 00:00:00;41min 51s;RUA SETE, S/N, LT 1QD13, CORDEIRINHO (PONTA NEGRA), MARICA-RJ, CEP: 24921636  - Tel: 21996830872;
JONATHAN DA SILVA MARIA;False;;M;28/02/1999 00:00:00;27;708406752519567;Consulta c/ Cirurgiao Geral;JOSE ROBERTO BARQUETTE; K409 - HERNIA INGUINAL UNILATERAL OU NAO ESPECIFICADA, SEM OBSTRUCAO OU GANGRENA;<procedimento>, CONSULTA MEDICA EM ATENCAO ESPECIALIZADA</procedimento>;<procedimento>  0301010072 - CONSULTA MEDICA EM ATENCAO ESPECIALIZADA - Quantidade: 1
</procedimento>;N;;;N;Programada;18/09/2026 08:31:58;18/09/2026 00:00:00;18/09/2026 00:00:00;8min 52s;RUA ONZE, S/N, LT 01 QD 29, CHACARAS DE INOA (INOA), MARICA-RJ, CEP: 24940285  - Tel: 21988115116;
IVANILDA FIGUEIREDO;False;;F;15/05/1958 00:00:00;68;898004802324334;Consulta c/ Cirurgiao Geral;JOSE ROBERTO BARQUETTE; Q446 - DOENCA CISTICA DO FIGADO;<procedimento>, CONSULTA MEDICA EM ATENCAO ESPECIALIZADA</procedimento>;<procedimento>  0301010072 - CONSULTA MEDICA EM ATENCAO ESPECIALIZADA - Quantidade: 1
</procedimento>;N;;;N;Programada;18/09/2026 08:41:08;18/09/2026 00:00:00;18/09/2026 00:00:00;17min 17s;ESTRADA DO RETIRO 1/99998, 625, QUADRA 06, RETIRO, MARICA-RJ, CEP: 24911850  - Tel: 21978541263;
CLAUDIA SILVA DO NASCIMENTO SOUSA;False;;F;01/12/1968 00:00:00;57;706202089732069;Consulta c/ Otorrinolaringologista;LUIZ CARLOS DE ARAUJO PIMENTEL; H612 - CERUME IMPACTADO;<procedimento>, CONSULTA MEDICA EM ATENCAO ESPECIALIZADA</procedimento><procedimento>, REMOCAO DE CERUMEN DE CONDUTO AUDITIVO EXTERNO UNI / BILATERAL</procedimento>;<procedimento>  0301010072 - CONSULTA MEDICA EM ATENCAO ESPECIALIZADA - Quantidade: 1
</procedimento><procedimento>  0404010270 - REMOCAO DE CERUMEN DE CONDUTO AUDITIVO EXTERNO UNI / BILATERAL - Quantidade: 1
</procedimento>;N;;;N;Programada;18/09/2026 08:57:43;18/09/2026 00:00:00;18/09/2026 00:00:00;8min 1s;RUA VINTE E UM, LOTE 13, QUADRA 33, SANTA PAULA (INOA), MARICA-RJ, CEP: 24944672  - Tel: 21973501899;
ADRIANA DE OLIVEIRA SIMAS;False;;F;15/06/1979 00:00:00;47;708609524712282;Procedimento;RENATO ROQUE DE ANDRADE;;<procedimento>, MAMOGRAFIA BILATERAL PARA RASTREAMENTO</procedimento>;<procedimento>  0204030188 - MAMOGRAFIA BILATERAL PARA RASTREAMENTO - Quantidade: 1
</procedimento>;;;;;Espontanea;18/09/2026 11:56:56;18/09/2026 00:00:00;18/09/2026 00:00:00;0s;RUA NOVE, S/N, QD07 LT12, SAO JOSE DO IMBASSAI, MARICA-RJ, CEP: 24931415  - Tel: 21986961497;
ALBERTO MACHADO;False;;M;03/05/1977 00:00:00;49;708000828454922;Procedimento;FABIANO MARINS FERREIRA;;<procedimento>, ELETROCARDIOGRAMA</procedimento>;<procedimento>  0211020036 - ELETROCARDIOGRAMA - Quantidade: 1
</procedimento>;;;;;Espontanea;18/09/2026 12:12:00;18/09/2026 00:00:00;18/09/2026 00:00:00;0s;RUA ARARAS, 869, CASA 03, PARQUE NANCI, MARICA-RJ, CEP: 24914155  - Tel: 21981365707;
ALECI VIANNA DOS SANTOS;False;;F;17/10/1964 00:00:00;61;705103844358840;Procedimento;CLAUDIA FREIXO SEIXAS IOCKEN;;<procedimento>, DENSITOMETRIA OSSEA DUO-ENERGETICA DE COLUNA (VERTEBRAS LOMBARES E/OU FEMUR)</procedimento>;<procedimento>  0204060028 - DENSITOMETRIA OSSEA DUO-ENERGETICA DE COLUNA (VERTEBRAS LOMBARES E/OU FEMUR) - Quantidade: 1
</procedimento>;;;;;Espontanea;18/09/2026 15:15:44;18/09/2026 00:00:00;18/09/2026 00:00:00;0s;RUA EDMUNDO ESTRELA GOMES, 44, CASA 6, ITAPEBA, MARICA-RJ, CEP: 24912415  - Tel: 22988375364;
ALECI VIANNA DOS SANTOS;False;;F;17/10/1964 00:00:00;61;705103844358840;Procedimento;CLAUDIA FREIXO SEIXAS IOCKEN;;<procedimento>, DENSITOMETRIA OSSEA DUO-ENERGETICA DE COLUNA (VERTEBRAS LOMBARES E/OU FEMUR)</procedimento>;<procedimento>  0204060028 - DENSITOMETRIA OSSEA DUO-ENERGETICA DE COLUNA (VERTEBRAS LOMBARES E/OU FEMUR) - Quantidade: 1
</procedimento>;;;;;Espontanea;18/09/2026 15:18:51;18/09/2026 00:00:00;18/09/2026 00:00:00;0s;RUA EDMUNDO ESTRELA GOMES, 44, CASA 6, ITAPEBA, MARICA-RJ, CEP: 24912415  - Tel: 22988375364;
ANA ALVES DE FIGUEIREDO;False;;F;26/01/1967 00:00:00;59;700007933516704;Procedimento;CLAUDIA FREIXO SEIXAS IOCKEN;;<procedimento>, DENSITOMETRIA OSSEA DUO-ENERGETICA DE COLUNA (VERTEBRAS LOMBARES E/OU FEMUR)</procedimento>;<procedimento>  0204060028 - DENSITOMETRIA OSSEA DUO-ENERGETICA DE COLUNA (VERTEBRAS LOMBARES E/OU FEMUR) - Quantidade: 1
</procedimento>;;;;;Espontanea;18/09/2026 14:57:34;18/09/2026 00:00:00;18/09/2026 00:00:00;0s;RODOVIA ERNANI DO AMARAL PEIXOTO, 29333, LANDSCAPE QD M8, ITAPEBA, MARICA-RJ, CEP: 24912710  - Tel: 21974511841;
ANTONIA QUEIROZ DA SILVA DE OLIVEIRA;False;;F;12/08/1958 00:00:00;68;700004930971602;Procedimento;CLAUDIA FREIXO SEIXAS IOCKEN;;<procedimento>, DENSITOMETRIA OSSEA DUO-ENERGETICA DE COLUNA (VERTEBRAS LOMBARES E/OU FEMUR)</procedimento>;<procedimento>  0204060028 - DENSITOMETRIA OSSEA DUO-ENERGETICA DE COLUNA (VERTEBRAS LOMBARES E/OU FEMUR) - Quantidade: 1
</procedimento>;;;;;Espontanea;18/09/2026 15:21:49;18/09/2026 00:00:00;18/09/2026 00:00:00;0s;RUA OITENTA E OITO, 37, QUADRA 132 LOTE 39, BALNEARIO BAMBUI (PONTA NEGRA), MARICA-RJ, CEP: 24920840  - Tel: 21987755305;
CENILZA CESAR DA COSTA;False;;F;10/10/1957 00:00:00;68;703000862491672;Procedimento;FABIANO MARINS FERREIRA;;<procedimento>, ELETROCARDIOGRAMA</procedimento>;<procedimento>  0211020036 - ELETROCARDIOGRAMA - Quantidade: 1
</procedimento>;;;;;Espontanea;18/09/2026 12:04:18;18/09/2026 00:00:00;18/09/2026 00:00:00;0s;RUA GUARAPINA, S/N, BANANAL (PONTA NEGRA), MARICA-RJ, CEP: 24925470  - Tel: 21997016144;
CLAUDIA REGINA BORGES MALAQUIAS;False;;F;18/01/1967 00:00:00;59;708202100533442;Procedimento;RENATO ROQUE DE ANDRADE;;<procedimento>, MAMOGRAFIA BILATERAL PARA RASTREAMENTO</procedimento>;<procedimento>  0204030188 - MAMOGRAFIA BILATERAL PARA RASTREAMENTO - Quantidade: 1
</procedimento>;;;;;Espontanea;18/09/2026 12:02:19;18/09/2026 00:00:00;18/09/2026 00:00:00;0s;RODOVIA ERNANI DO AMARAL PEIXOTO, 628, VALE DA FIGUEIRA (PONTA NEGRA), MARICA-RJ, CEP: 24926800  - Tel: 6133152425;
CRISTIANE FALCO SANDES;False;;F;27/09/1972 00:00:00;53;705006880215055;Procedimento;SERGIO RICARDO DUARTE MOUTINHO;;<procedimento>, MONITORAMENTO PELO SISTEMA HOLTER 24 HS (3 CANAIS)</procedimento>;<procedimento>  0211020044 - MONITORAMENTO PELO SISTEMA HOLTER 24 HS (3 CANAIS) - Quantidade: 1
</procedimento>;;;;;Espontanea;18/09/2026 15:43:36;18/09/2026 00:00:00;18/09/2026 00:00:00;0s;RUA RAIMUNDO DRUMONT DE PAULA, 09, CASA 2 QUADRA 8, PONTA GROSSA, MARICA-RJ, CEP: 24914330  - Tel: 2121050000;
DEBORA CRISTINA DA SILVA;False;;F;25/12/1973 00:00:00;52;705806492904530;Procedimento;RENATO ROQUE DE ANDRADE;;<procedimento>, MAMOGRAFIA BILATERAL PARA RASTREAMENTO</procedimento>;<procedimento>  0204030188 - MAMOGRAFIA BILATERAL PARA RASTREAMENTO - Quantidade: 1
</procedimento>;;;;;Espontanea;18/09/2026 11:46:25;18/09/2026 00:00:00;18/09/2026 00:00:00;0s;RUA EDUARDO CARLSON, S/N, QD 271 LT38, JARDIM ATLANTICO CENTRAL (ITAIPUACU), MARICA-RJ, CEP: 24934115  - Tel: 21974556744;
EPONINA DE MATOS PINTO;False;;F;13/06/1977 00:00:00;49;700006998073504;Procedimento;RENATO ROQUE DE ANDRADE;;<procedimento>, MAMOGRAFIA BILATERAL PARA RASTREAMENTO</procedimento>;<procedimento>  0204030188 - MAMOGRAFIA BILATERAL PARA RASTREAMENTO - Quantidade: 1
</procedimento>;;;;;Espontanea;18/09/2026 11:37:17;18/09/2026 00:00:00;18/09/2026 00:00:00;0s;ESTRADA PONTA NEGRA-SAMPAIO CORREIA, S/N, JACONE (PONTA NEGRA), MARICA-RJ, CEP: 24923500  - Tel: 32984599242;
ERIVANIA DOS SANTOS;False;;F;19/11/1969 00:00:00;56;700502968155652;Procedimento;RENATO ROQUE DE ANDRADE;;<procedimento>, MAMOGRAFIA BILATERAL PARA RASTREAMENTO</procedimento>;<procedimento>  0204030188 - MAMOGRAFIA BILATERAL PARA RASTREAMENTO - Quantidade: 1
</procedimento>;;;;;Espontanea;18/09/2026 12:03:55;18/09/2026 00:00:00;18/09/2026 00:00:00;0s;RUA DA PASSAGEM, 12, QD 56 LT 12, CHACARAS DE INOA (INOA), MARICA-RJ, CEP: 24940327  - Tel: 21986250018;
ESTER DA COSTA SILVA MENDONCA;False;;F;25/04/1959 00:00:00;67;700106924651910;Procedimento;CLAUDIA FREIXO SEIXAS IOCKEN;;<procedimento>, DENSITOMETRIA OSSEA DUO-ENERGETICA DE COLUNA (VERTEBRAS LOMBARES E/OU FEMUR)</procedimento>;<procedimento>  0204060028 - DENSITOMETRIA OSSEA DUO-ENERGETICA DE COLUNA (VERTEBRAS LOMBARES E/OU FEMUR) - Quantidade: 1
</procedimento>;;;;;Espontanea;18/09/2026 15:13:21;18/09/2026 00:00:00;18/09/2026 00:00:00;0s;RUA OLAVO MARINS FRAZAO, 300, PERTODA ADRIANA, ITAOCAIA VALLEY (ITAIPUACU), MARICA-RJ, CEP: 24939580  - Tel: 21996148473;
IEDA MORAES SALDANHA;False;;F;27/05/1942 00:00:00;84;703400300166600;Procedimento;FABIANO MARINS FERREIRA;;<procedimento>, ELETROCARDIOGRAMA</procedimento>;<procedimento>  0211020036 - ELETROCARDIOGRAMA - Quantidade: 1
</procedimento>;;;;;Espontanea;18/09/2026 12:05:40;18/09/2026 00:00:00;18/09/2026 00:00:00;0s;10ª RUA JOAQUIM EUGENIO SANTOS, 17, CS 03, MARICA, MARICA-RJ, CEP: 24901040  - Tel: 21972606246;
JACIRENE DA SILVA LIMA;False;;F;11/11/1965 00:00:00;60;709805060109292;Procedimento;FABIANO MARINS FERREIRA;;<procedimento>, ELETROCARDIOGRAMA</procedimento>;<procedimento>  0211020036 - ELETROCARDIOGRAMA - Quantidade: 1
</procedimento>;;;;;Espontanea;18/09/2026 12:06:50;18/09/2026 00:00:00;18/09/2026 00:00:00;0s;RUA DONA LUCINDA ROSA GONCALVES, 03, ARACATIBA, MARICA-RJ, CEP: 24901890  - Tel: 21964185176;
JAQUELINE DA SILVA BASTOS;False;;F;24/10/1965 00:00:00;60;708209637486540;Procedimento;FABIANO MARINS FERREIRA;;<procedimento>, ELETROCARDIOGRAMA</procedimento>;<procedimento>  0211020036 - ELETROCARDIOGRAMA - Quantidade: 1
</procedimento>;;;;;Espontanea;18/09/2026 12:15:58;18/09/2026 00:00:00;18/09/2026 00:00:00;0s;RUA JERONYMO MARQUES MONTEIRO, 221, APTO105, BARRA DE MARICA, MARICA-RJ, CEP: 24915420  - Tel: 21964239444;
JAQUELINE STOLL MATTES;False;;F;01/03/1969 00:00:00;57;706406168767681;Procedimento;FABIANO MARINS FERREIRA;;<procedimento>, ELETROCARDIOGRAMA</procedimento>;<procedimento>  0211020036 - ELETROCARDIOGRAMA - Quantidade: 1
</procedimento>;;;;;Espontanea;18/09/2026 12:10:24;18/09/2026 00:00:00;18/09/2026 00:00:00;0s;ESTRADA DO RETIRO 1/99998, 1801, 144, RETIRO, MARICA-RJ, CEP: 24911850  - Tel: 53999404530;
JUCIARA COUTINHO GONCALVES;False;;F;11/08/1960 00:00:00;66;708003363449925;Procedimento;CLAUDIA FREIXO SEIXAS IOCKEN;;<procedimento>, DENSITOMETRIA OSSEA DUO-ENERGETICA DE COLUNA (VERTEBRAS LOMBARES E/OU FEMUR)</procedimento>;<procedimento>  0204060028 - DENSITOMETRIA OSSEA DUO-ENERGETICA DE COLUNA (VERTEBRAS LOMBARES E/OU FEMUR) - Quantidade: 1
</procedimento>;;;;;Espontanea;18/09/2026 14:58:36;18/09/2026 00:00:00;18/09/2026 00:00:00;0s;RUA JUIZ OSWALDO LIMA RODRIGUES, 14, QD 02, PARQUE NANCI, MARICA-RJ, CEP: 24914220  - Tel: 21967495017;
JULIETA AMPARO FERNANDES RANGEL;False;;F;15/08/1961 00:00:00;65;700504790739953;Procedimento;FABIANO MARINS FERREIRA;;<procedimento>, ELETROCARDIOGRAMA</procedimento>;<procedimento>  0211020036 - ELETROCARDIOGRAMA - Quantidade: 1
</procedimento>;;;;;Espontanea;18/09/2026 12:17:16;18/09/2026 00:00:00;18/09/2026 00:00:00;0s;RUA JOAO ALVES DE MELO, S/N, LT 41 QD 02, SAO JOSE DO IMBASSAI, MARICA-RJ, CEP: 24930536  - Tel: 21971556742;
MANOEL XAVIER PINHEIRO;False;;M;04/10/1945 00:00:00;80;700506132407855;Procedimento;FABIANO MARINS FERREIRA;;<procedimento>, ELETROCARDIOGRAMA</procedimento>;<procedimento>  0211020036 - ELETROCARDIOGRAMA - Quantidade: 1
</procedimento>;;;;;Espontanea;18/09/2026 12:13:24;18/09/2026 00:00:00;18/09/2026 00:00:00;0s;AVENIDA DOUTOR ANTONIO MARQUES MATHIAS, S/N, QD 319 LOTE 05, JARDIM ATLANTICO CENTRAL (ITAIPUACU), MARICA-RJ, CEP: 24934015  - Tel: 21995615835;
MARCELO VAZ GUEDES;False;;M;22/01/1967 00:00:00;59;704703573454640;Procedimento;FABIANO MARINS FERREIRA;;<procedimento>, ELETROCARDIOGRAMA</procedimento>;<procedimento>  0211020036 - ELETROCARDIOGRAMA - Quantidade: 1
</procedimento>;;;;;Espontanea;18/09/2026 12:08:03;18/09/2026 00:00:00;18/09/2026 00:00:00;0s;RUA DOMICIO DA GAMA, S/N, CENTRO, MARICA-RJ, CEP: 24900815  - Tel: 21970237954;
MARILIA DA CONCEICAO BARRETO;False;;F;05/07/1972 00:00:00;54;700808987942888;Procedimento;CLAUDIA FREIXO SEIXAS IOCKEN;;<procedimento>, DENSITOMETRIA OSSEA DUO-ENERGETICA DE COLUNA (VERTEBRAS LOMBARES E/OU FEMUR)</procedimento>;<procedimento>  0204060028 - DENSITOMETRIA OSSEA DUO-ENERGETICA DE COLUNA (VERTEBRAS LOMBARES E/OU FEMUR) - Quantidade: 1
</procedimento>;;;;;Espontanea;18/09/2026 15:11:35;18/09/2026 00:00:00;18/09/2026 00:00:00;0s;RUA B, 06, CASA, INOA, MARICA-RJ, CEP: 24942390  - Tel: 21986933049;
MARLENE DO SOCORRO GOMES DE SOUZA;False;;F;07/07/1964 00:00:00;62;708501355899376;Procedimento;CLAUDIA FREIXO SEIXAS IOCKEN;;<procedimento>, DENSITOMETRIA OSSEA DUO-ENERGETICA DE COLUNA (VERTEBRAS LOMBARES E/OU FEMUR)</procedimento>;<procedimento>  0204060028 - DENSITOMETRIA OSSEA DUO-ENERGETICA DE COLUNA (VERTEBRAS LOMBARES E/OU FEMUR) - Quantidade: 1
</procedimento>;;;;;Espontanea;18/09/2026 15:20:43;18/09/2026 00:00:00;18/09/2026 00:00:00;0s;RUA MARAMBAIA, 401, LT 01 QD 02 CS 01, SAO JOSE DO IMBASSAI, MARICA-RJ, CEP: 24931140  - Tel: 21964741315;
MARLENE IZAIAS DE OLIVEIRA;False;;F;17/11/1964 00:00:00;61;708409229683767;Procedimento;FABIANO MARINS FERREIRA;;<procedimento>, ELETROCARDIOGRAMA</procedimento>;<procedimento>  0211020036 - ELETROCARDIOGRAMA - Quantidade: 1
</procedimento>;;;;;Espontanea;18/09/2026 12:09:15;18/09/2026 00:00:00;18/09/2026 00:00:00;0s;RUA PEDRO JOSE ALVES, 69, CASA 6, FLAMENGO, MARICA-RJ, CEP: 24903795  - Tel: 21998973416;
NORMA DE OLIVEIRA ALVES;False;;F;25/02/1970 00:00:00;56;706402104454883;Procedimento;CLAUDIA FREIXO SEIXAS IOCKEN;;<procedimento>, DENSITOMETRIA OSSEA DUO-ENERGETICA DE COLUNA (VERTEBRAS LOMBARES E/OU FEMUR)</procedimento>;<procedimento>  0204060028 - DENSITOMETRIA OSSEA DUO-ENERGETICA DE COLUNA (VERTEBRAS LOMBARES E/OU FEMUR) - Quantidade: 1
</procedimento>;;;;;Espontanea;18/09/2026 14:56:36;18/09/2026 00:00:00;18/09/2026 00:00:00;0s;RUA MARIETA FERNANDES DE SOUZA, S/N, BARRA DE MARICA, MARICA-RJ, CEP: 24915425  - Tel: 21997926082;
ROSANGELA DE FATIMA VIEIRA DE SOUZA SANTANA;False;;F;12/12/1956 00:00:00;69;700900901836199;Procedimento;MONICA NASCIMENTO RODRIGUES;;<procedimento>, BCG - Vacina BCG</procedimento><procedimento>, TESTE RAPIDO PARA DETECCAO DE HEPATITE C</procedimento><procedimento>, TRIAGEM OFTALMOLOGICA</procedimento>;<procedimento>  0211060275 - TRIAGEM OFTALMOLOGICA - Quantidade: 1
</procedimento><procedimento>  0214010090 - TESTE RAPIDO PARA DETECCAO DE HEPATITE C - Quantidade: 1
</procedimento>;;;;;Programada;18/09/2026 12:10:35;18/09/2026 00:00:00;18/09/2026 00:00:00;0s;RUA CANARINHOS, LT 714, QD 20, PARQUE NANCI, MARICA-RJ, CEP: 24914160  - Tel: 21999173066;
ROSELI ALVES DE OLIVEIRA;False;;F;05/09/1970 00:00:00;56;700501900559757;Procedimento;CLAUDIA FREIXO SEIXAS IOCKEN;;<procedimento>, DENSITOMETRIA OSSEA DUO-ENERGETICA DE COLUNA (VERTEBRAS LOMBARES E/OU FEMUR)</procedimento>;<procedimento>  0204060028 - DENSITOMETRIA OSSEA DUO-ENERGETICA DE COLUNA (VERTEBRAS LOMBARES E/OU FEMUR) - Quantidade: 1
</procedimento>;;;;;Espontanea;18/09/2026 14:55:24;18/09/2026 00:00:00;18/09/2026 00:00:00;0s;RUA GARDENIA, S/N, LT 21 QD 20, SAO JOSE DO IMBASSAI, MARICA-RJ, CEP: 24930460  - Tel: 21990457375;
SANDRA FERREIRA BREVES;False;;F;05/03/1963 00:00:00;63;700002931213602;Procedimento;FABIANO MARINS FERREIRA;;<procedimento>, ELETROCARDIOGRAMA</procedimento>;<procedimento>  0211020036 - ELETROCARDIOGRAMA - Quantidade: 1
</procedimento>;;;;;Espontanea;18/09/2026 12:14:43;18/09/2026 00:00:00;18/09/2026 00:00:00;0s;RUA NOSSA SENHORA APARECIDA, S/N, QD 5 LT 43, PRAIA DE ITAIPUACU (ITAIPUACU), MARICA-RJ, CEP: 24936740  - Tel: 21964179303;
SIVONE DUARTE DA SILVA;False;;F;25/02/1979 00:00:00;47;702400589491420;Procedimento;RENATO ROQUE DE ANDRADE;;<procedimento>, MAMOGRAFIA BILATERAL PARA RASTREAMENTO</procedimento>;<procedimento>  0204030188 - MAMOGRAFIA BILATERAL PARA RASTREAMENTO - Quantidade: 1
</procedimento>;;;;;Espontanea;18/09/2026 12:00:29;18/09/2026 00:00:00;18/09/2026 00:00:00;0s;ESTRADA CATUMBI, 02, LT 05, CAJUEIROS (ITAIPUACU), MARICA-RJ, CEP: 24932160  - Tel: 21985944736;
TATIANA DOS SANTOS FERREIRA;False;;F;11/02/1980 00:00:00;46;704208216937380;Procedimento;RENATO ROQUE DE ANDRADE;;<procedimento>, MAMOGRAFIA BILATERAL PARA RASTREAMENTO</procedimento>;<procedimento>  0204030188 - MAMOGRAFIA BILATERAL PARA RASTREAMENTO - Quantidade: 1
</procedimento>;;;;;Espontanea;18/09/2026 11:58:43;18/09/2026 00:00:00;18/09/2026 00:00:00;0s;RUA VINTE E UM, S/N, LT 562, CAJUEIROS (ITAIPUACU), MARICA-RJ, CEP: 24932245  - Tel: 21995422566;
LUDMILA DAYER DE OLIVEIRA PAIXAO;False;;F;26/03/2005 00:00:00;21;702406581541424;Consulta c/ Cirurgiao Geral;JOSE ROBERTO BARQUETTE; K802 - CALCULOSE DA VESICULA BILIAR SEM COLECISTITE;<procedimento>, CONSULTA MEDICA EM ATENCAO ESPECIALIZADA</procedimento>;<procedimento>  0301010072 - CONSULTA MEDICA EM ATENCAO ESPECIALIZADA - Quantidade: 1
</procedimento>;N;;;N;Programada;18/09/2026 09:01:13;18/09/2026 00:00:00;18/09/2026 00:00:00;8min 53s;AVENIDA MONSENHOR EMERSON DE NEGREIRO, 3, LT 11, CHACARAS DE INOA (INOA), MARICA-RJ, CEP: 24940870  - Tel: 21967238886;
FLAVIO FELIX RODRIGUES;False;;M;20/02/1994 00:00:00;32;702904553078875;Consulta c/ Ortopedista e Traumatologista;PALMERIO NEVES DE SOUZA NETO; R522 - OUTRA DOR CRONICA;<procedimento>, CONSULTA MEDICA EM ATENCAO ESPECIALIZADA</procedimento>;<procedimento>  0301010072 - CONSULTA MEDICA EM ATENCAO ESPECIALIZADA - Quantidade: 1
</procedimento>;N;;;N;Programada;18/09/2026 09:02:09;18/09/2026 00:00:00;18/09/2026 00:00:00;6min 35s;RUA LEONARDO JOSE ANTUNES, S/N, STE BL6 AP403, INOA (INOA), MARICA-RJ, CEP: 24943255  - Tel: 81989812255;
SONIA MARIA NERY DE BRITO;False;;F;30/04/1951 00:00:00;75;700003499248004;Consulta Medica;VIVIANE VIEIRA FERREIRA DE ANDRADE; R10  - DOR ABDOMINAL E PELVICA;<procedimento>, CONSULTA MEDICA EM ATENCAO ESPECIALIZADA</procedimento><procedimento>, ULTRASSONOGRAFIA DE ABDOMEN TOTAL</procedimento>;<procedimento>  0205020046 - ULTRASSONOGRAFIA DE ABDOMEN TOTAL - Quantidade: 1
</procedimento><procedimento>  0301010072 - CONSULTA MEDICA EM ATENCAO ESPECIALIZADA - Quantidade: 1
</procedimento>;N;;;N;Programada;18/09/2026 09:05:33;18/09/2026 00:00:00;18/09/2026 00:00:00;1min 26s;RUA QUARENTA E DOIS, S/N, JARDIM ATLANTICO CENTRAL (ITAIPUACU), MARICA-RJ, CEP: 24934550  - Tel: 21996697863;
MARIA OCILENE ALVES;False;;F;08/09/1962 00:00:00;64;700006755437209;Consulta c/ Otorrinolaringologista;LUIZ CARLOS DE ARAUJO PIMENTEL; H612 - CERUME IMPACTADO;<procedimento>, CONSULTA MEDICA EM ATENCAO ESPECIALIZADA</procedimento><procedimento>, REMOCAO DE CERUMEN DE CONDUTO AUDITIVO EXTERNO UNI / BILATERAL</procedimento>;<procedimento>  0301010072 - CONSULTA MEDICA EM ATENCAO ESPECIALIZADA - Quantidade: 1
</procedimento><procedimento>  0404010270 - REMOCAO DE CERUMEN DE CONDUTO AUDITIVO EXTERNO UNI / BILATERAL - Quantidade: 1
</procedimento>;S;IMITANCIOMETRIA
AUDIOMETRIA TONAL LIMIAR (VIA AEREA / OSSEA)
;;N;Programada;18/09/2026 09:06:51;18/09/2026 00:00:00;18/09/2026 00:00:00;10min 28s;RUA SEIS, S/N, ITAPEBA, MARICA-RJ, CEP: 24913615  - Tel: 21995308209;
THALITA SANTOS BASTOS;False;;F;20/03/1997 00:00:00;29;706707232066020;Consulta c/ Ortopedista e Traumatologista;PALMERIO NEVES DE SOUZA NETO; M542 - CERVICALGIA;<procedimento>, CONSULTA MEDICA EM ATENCAO ESPECIALIZADA</procedimento>;<procedimento>  0301010072 - CONSULTA MEDICA EM ATENCAO ESPECIALIZADA - Quantidade: 1
</procedimento>;S;ULTRASSONOGRAFIA DE ARTICULACAO
;;N;Programada;18/09/2026 09:08:46;18/09/2026 00:00:00;18/09/2026 00:00:00;14min 24s;RUA GARDENIA, 102, QD 20CS 102 CON, SAO JOSE DO IMBASSAI, MARICA-RJ, CEP: 24930460  - Tel: 21996951328;
DENILSON CAMPOS SILVA;False;;M;20/04/1965 00:00:00;61;703006890947974;Consulta c/ Cirurgiao Geral;JOSE ROBERTO BARQUETTE; K429 - HERNIA UMBILICAL SEM OBSTRUCAO OU GANGRENA;<procedimento>, CONSULTA MEDICA EM ATENCAO ESPECIALIZADA</procedimento>;<procedimento>  0301010072 - CONSULTA MEDICA EM ATENCAO ESPECIALIZADA - Quantidade: 1
</procedimento>;N;;;N;Programada;18/09/2026 09:11:55;18/09/2026 00:00:00;18/09/2026 00:00:00;7min 48s;RUA A, 525, CONDOMINIO B, SANTA PAULA (INOA), MARICA-RJ, CEP: 24944584  - Tel: 2121050000;
SONIA CRISTINA DO COUTO;False;;F;26/04/1971 00:00:00;55;702309102004818;Consulta de Enfermagem;MAURO BATISTA DE BARROS; T140 - TRAUMATISMO SUPERFICIAL DE REGIAO NAO ESPECIFICADA DO CORPO;<procedimento>, CONSULTA DE PROFISSIONAIS DE NIVEL SUPERIOR NA ATENCAO ESPECIALIZADA (EXCETO MEDICO)</procedimento><procedimento>, CURATIVO ESPECIAL</procedimento>;<procedimento>  0301010048 - CONSULTA DE PROFISSIONAIS DE NIVEL SUPERIOR NA ATENCAO ESPECIALIZADA (EXCETO MEDICO) - Quantidade: 1
</procedimento><procedimento>  0301100276 - CURATIVO ESPECIAL - Quantidade: 1
</procedimento>;N;;;N;Programada;18/09/2026 09:12:12;18/09/2026 00:00:00;18/09/2026 00:00:00;53min 10s;RUA X, S/N, STE BL29 APT101, CHACARAS DE INOA (INOA), MARICA-RJ, CEP: 24940653  - Tel: 21972727468;
MARCIA MARIA FACCHINETTI DE CARVALHO CARVALHAL;False;;F;21/03/1955 00:00:00;71;706007344483843;Consulta c/ Ortopedista e Traumatologista;CESAR AUGUSTO MENDES LEITE NADALUTTI; M751 - SINDROME DO MANGUITO ROTADOR;<procedimento>, CONSULTA MEDICA EM ATENCAO ESPECIALIZADA</procedimento>;<procedimento>  0301010072 - CONSULTA MEDICA EM ATENCAO ESPECIALIZADA - Quantidade: 1
</procedimento>;N;;;N;Programada;18/09/2026 09:14:49;18/09/2026 00:00:00;18/09/2026 00:00:00;4min 41s;RUA OITENTA E DOIS, S/N, JARDIM ATLANTICO LESTE (ITAIPUACU), MARICA-RJ, CEP: 24933480  - Tel: 21993548011;
CARLA MARTINS CARDOSO;False;;F;08/06/1971 00:00:00;55;708105563288837;Consulta c/ Otorrinolaringologista;LUIZ CARLOS DE ARAUJO PIMENTEL; H612 - CERUME IMPACTADO;<procedimento>, CONSULTA MEDICA EM ATENCAO ESPECIALIZADA</procedimento>;<procedimento>  0301010072 - CONSULTA MEDICA EM ATENCAO ESPECIALIZADA - Quantidade: 1
</procedimento>;N;;;N;Programada;18/09/2026 09:17:04;18/09/2026 00:00:00;18/09/2026 00:00:00;6min 7s;RUA WILSON TEIXEIRA BARBOSA, S/N, QD 255 LT 14, JARDIM ATLANTICO CENTRAL (ITAIPUACU), MARICA-RJ, CEP: 24934145  - Tel: 21967118331;
RAFAEL DIAS DE OLIVEIRA;False;;M;30/03/1987 00:00:00;39;709009838057310;Consulta c/ Ortopedista e Traumatologista;CESAR AUGUSTO MENDES LEITE NADALUTTI; M751 - SINDROME DO MANGUITO ROTADOR;<procedimento>, CONSULTA MEDICA EM ATENCAO ESPECIALIZADA</procedimento>;<procedimento>  0301010072 - CONSULTA MEDICA EM ATENCAO ESPECIALIZADA - Quantidade: 1
</procedimento>;N;;;N;Programada;18/09/2026 09:19:43;18/09/2026 00:00:00;18/09/2026 00:00:00;14min 3s;AVENIDA TOCANTINS, S/N, ITAOCAIA VALLEY (ITAIPUACU), MARICA-RJ, CEP: 24938780  - Tel: 21995145073;
NILSON DE MOURA COSTA;False;;M;09/11/1963 00:00:00;62;166028953710005;Consulta c/ Cirurgiao Geral;JOSE ROBERTO BARQUETTE; K429 - HERNIA UMBILICAL SEM OBSTRUCAO OU GANGRENA;<procedimento>, CONSULTA MEDICA EM ATENCAO ESPECIALIZADA</procedimento>;<procedimento>  0301010072 - CONSULTA MEDICA EM ATENCAO ESPECIALIZADA - Quantidade: 1
</procedimento>;N;;;N;Programada;18/09/2026 09:20:03;18/09/2026 00:00:00;18/09/2026 00:00:00;11min 24s;ESTRADA DA PRAIA, S/N, RESTINGA DE MARICA, MARICA-RJ, CEP: 24915000  - Tel: 21999820973;
EDINA APARECIDA DOS SANTOS;False;;F;15/12/1988 00:00:00;37;706409681264681;Consulta c/ Ortopedista e Traumatologista;PALMERIO NEVES DE SOUZA NETO; R522 - OUTRA DOR CRONICA;<procedimento>, CONSULTA MEDICA EM ATENCAO ESPECIALIZADA</procedimento>;<procedimento>  0301010072 - CONSULTA MEDICA EM ATENCAO ESPECIALIZADA - Quantidade: 1
</procedimento>;N;;;N;Programada;18/09/2026 09:23:34;18/09/2026 00:00:00;18/09/2026 00:00:00;15min 20s;RUA OITENTA E CINCO, S/N, JARDIM INTERLAGOS (PONTA NEGRA), MARICA-RJ, CEP: 24917110  - Tel: 21972673261;
MIRTES JULIETA AREDE NOCERINO;False;;F;28/01/1940 00:00:00;86;700005641795202;Consulta c/ Otorrinolaringologista;LUIZ CARLOS DE ARAUJO PIMENTEL; H908 - PERDA DE AUDICAO MISTA, DE CONDUCAO E NEURO-SENSORIAL, NAO ESPECIFICADA;<procedimento>, CONSULTA MEDICA EM ATENCAO ESPECIALIZADA</procedimento>;<procedimento>  0301010072 - CONSULTA MEDICA EM ATENCAO ESPECIALIZADA - Quantidade: 1
</procedimento>;S;IMITANCIOMETRIA
AUDIOMETRIA TONAL LIMIAR (VIA AEREA / OSSEA)
;;N;Programada;18/09/2026 09:24:59;18/09/2026 00:00:00;18/09/2026 00:00:00;16min 24s;RUA ANNA DA SILVA FERREIRA, 121, RECANTO DE ITAIPUACU (ITAIPUACU), MARICA-RJ, CEP: 24937220  - Tel: 21992468508;
MONICA CRUZ DOS SANTOS;False;;F;03/03/1984 00:00:00;42;700006810912104;Consulta c/ Ginecologista e Obstetra;ANA LUCIA BAPTISTA PEDROZA DE ALBUQUERQUE; N72  - DOENCA INFLAMATORIA DO COLO DO UTERO;<procedimento>, COLPOSCOPIA</procedimento><procedimento>, CONSULTA MEDICA EM ATENCAO ESPECIALIZADA</procedimento>;<procedimento>  0211040029 - COLPOSCOPIA - Quantidade: 1
</procedimento><procedimento>  0301010072 - CONSULTA MEDICA EM ATENCAO ESPECIALIZADA - Quantidade: 1
</procedimento>;N;;;N;Programada;18/09/2026 09:31:33;18/09/2026 00:00:00;18/09/2026 00:00:00;6min 38s;RUA TIETE, 07, CHACARAS DE INOA (INOA), MARICA-RJ, CEP: 24940110  - Tel: 21974226043;
JOSE VITOR PEREIRA CARDOSO;False;;M;20/03/1967 00:00:00;59;700401419622545;Consulta c/ Ortopedista e Traumatologista;CESAR AUGUSTO MENDES LEITE NADALUTTI; M16  - COXARTROSE (ARTROSE DO QUADRIL);<procedimento>, CONSULTA MEDICA EM ATENCAO ESPECIALIZADA</procedimento>;<procedimento>  0301010072 - CONSULTA MEDICA EM ATENCAO ESPECIALIZADA - Quantidade: 1
</procedimento>;N;;;N;Programada;18/09/2026 09:33:19;18/09/2026 00:00:00;18/09/2026 00:00:00;4min 11s;RUA NOVENTA E DOIS, 103, LOTE14QUADRA126, CORDEIRINHO (PONTA NEGRA), MARICA-RJ, CEP: 24921456  - Tel: 21985106548;
ADILSON RODRIGUES DE SOUZA;False;;M;19/07/1955 00:00:00;71;706201032304164;Consulta c/ Cirurgiao Geral;JOSE ROBERTO BARQUETTE; K802 - CALCULOSE DA VESICULA BILIAR SEM COLECISTITE;<procedimento>, CONSULTA MEDICA EM ATENCAO ESPECIALIZADA</procedimento>;<procedimento>  0301010072 - CONSULTA MEDICA EM ATENCAO ESPECIALIZADA - Quantidade: 1
</procedimento>;N;;;N;Programada;18/09/2026 09:33:29;18/09/2026 00:00:00;18/09/2026 00:00:00;8min 2s;RUA FERNANDO MENDES, 126, INOA (INOA), MARICA-RJ, CEP: 24942250  - Tel: 21990562837;
ELIETE DA SILVA DE ASSIS BARBOZA;False;;F;20/11/1967 00:00:00;58;701004865634498;Consulta c/ Ortopedista e Traumatologista;CESAR AUGUSTO MENDES LEITE NADALUTTI; M255 - DOR ARTICULAR;<procedimento>, CONSULTA MEDICA EM ATENCAO ESPECIALIZADA</procedimento>;<procedimento>  0301010072 - CONSULTA MEDICA EM ATENCAO ESPECIALIZADA - Quantidade: 1
</procedimento>;N;;;N;Programada;18/09/2026 09:37:57;18/09/2026 00:00:00;18/09/2026 00:00:00;8min 14s;AVENIDA CARLOS MARIGHELLA, S/N, QD08 LT164 C2, JARDIM ATLANTICO OESTE (ITAIPUACU), MARICA-RJ, CEP: 24935000  - Tel: 21964935816;
ANDREA VASCONCELOS BARRETO;False;;F;26/05/1973 00:00:00;53;708601517116087;Consulta c/ Ortopedista e Traumatologista;PALMERIO NEVES DE SOUZA NETO; M773 - ESPORAO DO CALCANEO;<procedimento>, CONSULTA MEDICA EM ATENCAO ESPECIALIZADA</procedimento>;<procedimento>  0301010072 - CONSULTA MEDICA EM ATENCAO ESPECIALIZADA - Quantidade: 1
</procedimento>;S;RADIOGRAFIA DE JOELHO (AP + LATERAL)
RADIOGRAFIA DE BACIA
;;N;Programada;18/09/2026 09:38:46;18/09/2026 00:00:00;18/09/2026 00:00:00;10min 19s;RUA LEONARDO JOSE ANTUNES, S/N, STE BL2 AP302, INOA (INOA), MARICA-RJ, CEP: 24943255  - Tel: 21990393845;
CECILIA FERREIRA BRILHANTE MARTINS;False;;F;30/03/1975 00:00:00;51;704705749815839;Consulta c/ Cirurgiao Geral;JOSE ROBERTO BARQUETTE; R10  - DOR ABDOMINAL E PELVICA;<procedimento>, CONSULTA MEDICA EM ATENCAO ESPECIALIZADA</procedimento>;<procedimento>  0301010072 - CONSULTA MEDICA EM ATENCAO ESPECIALIZADA - Quantidade: 1
</procedimento>;N;;;N;Programada;18/09/2026 09:42:26;18/09/2026 00:00:00;18/09/2026 00:00:00;18min 38s;RUA SALATIEL ANTONIO DA SILVA, 149, FLAMENGO, MARICA-RJ, CEP: 24903495  - Tel: 21997850754;
GISELE CORREA DE OLIVEIRA;False;;F;28/06/1979 00:00:00;47;708105503355430;Consulta c/ Otorrinolaringologista;LUIZ CARLOS DE ARAUJO PIMENTEL; H920 - OTALGIA;<procedimento>, CONSULTA MEDICA EM ATENCAO ESPECIALIZADA</procedimento>;<procedimento>  0301010072 - CONSULTA MEDICA EM ATENCAO ESPECIALIZADA - Quantidade: 1
</procedimento>;N;;;N;Programada;18/09/2026 09:43:19;18/09/2026 00:00:00;18/09/2026 00:00:00;5min 23s;RUA WALDIR TAVARES GUAPYASSU DE SA, S/N, JARDIM ATLANTICO CENTRAL (ITAIPUACU), MARICA-RJ, CEP: 24934135  - Tel: 6133152425;
MARIA MACHADO DA CONCEICAO;False;;F;16/06/1961 00:00:00;65;702300186056816;Consulta c/ Ortopedista e Traumatologista;PALMERIO NEVES DE SOUZA NETO; G560 - SINDROME DO TUNEL DO CARPO;<procedimento>, CONSULTA MEDICA EM ATENCAO ESPECIALIZADA</procedimento>;<procedimento>  0301010072 - CONSULTA MEDICA EM ATENCAO ESPECIALIZADA - Quantidade: 1
</procedimento>;N;;;N;Programada;18/09/2026 09:49:34;18/09/2026 00:00:00;18/09/2026 00:00:00;6min 36s;RUA VITOR CONCEICAO, S/N, ARACATIBA, MARICA-RJ, CEP: 24901445  - Tel: 21997094572;
LUCILEA DE FREITAS PORCINO CELESTINO;False;;F;24/05/1970 00:00:00;56;708908780320912;Consulta c/ Otorrinolaringologista;LUIZ CARLOS DE ARAUJO PIMENTEL; H720 - PERFURACAO CENTRAL DA MEMBRANA DO TIMPANO;<procedimento>, CONSULTA MEDICA EM ATENCAO ESPECIALIZADA</procedimento>;<procedimento>  0301010072 - CONSULTA MEDICA EM ATENCAO ESPECIALIZADA - Quantidade: 1
</procedimento>;S;IMITANCIOMETRIA
AUDIOMETRIA TONAL LIMIAR (VIA AEREA / OSSEA)
;;N;Programada;18/09/2026 09:49:43;18/09/2026 00:00:00;18/09/2026 00:00:00;6min 17s;RUA GEORGE SAVALLA GOMES, S/N, SAO JOSE DO IMBASSAI, MARICA-RJ, CEP: 24930104  - Tel: 21972994581;
SIMONE MUNIZ DE LIMA MARTINS;False;;F;25/04/1985 00:00:00;41;705009051236552;Consulta c/ Ginecologista e Obstetra;ANA LUCIA BAPTISTA PEDROZA DE ALBUQUERQUE; N72  - DOENCA INFLAMATORIA DO COLO DO UTERO;<procedimento>, COLPOSCOPIA</procedimento><procedimento>, CONSULTA MEDICA EM ATENCAO ESPECIALIZADA</procedimento>;<procedimento>  0211040029 - COLPOSCOPIA - Quantidade: 1
</procedimento><procedimento>  0301010072 - CONSULTA MEDICA EM ATENCAO ESPECIALIZADA - Quantidade: 1
</procedimento>;N;;;N;Programada;18/09/2026 09:49:43;18/09/2026 00:00:00;18/09/2026 00:00:00;5min 12s;RUA TRINTA E DOIS, S/N, QUADRA 37 CS04, ARACATIBA, MARICA-RJ, CEP: 24901545  - Tel: 21988779049;
MONICA ROSA ARAUJO DE CAMPOS;False;;F;24/08/1991 00:00:00;35;708508093263980;Consulta c/ Ortopedista e Traumatologista;CESAR AUGUSTO MENDES LEITE NADALUTTI; M255 - DOR ARTICULAR;<procedimento>, CONSULTA MEDICA EM ATENCAO ESPECIALIZADA</procedimento>;<procedimento>  0301010072 - CONSULTA MEDICA EM ATENCAO ESPECIALIZADA - Quantidade: 1
</procedimento>;N;;;N;Programada;18/09/2026 09:53:32;18/09/2026 00:00:00;18/09/2026 00:00:00;8min 26s;RUA NOVENTA E QUATRO, S/N, LT 24 QD 89, JARDIM INTERLAGOS (PONTA NEGRA), MARICA-RJ, CEP: 24917225  - Tel: 21995823497;
MARLI DIAS SOARES DOS SANTOS;False;;F;12/02/1965 00:00:00;61;708903751643313;Consulta c/ Ginecologista e Obstetra;ANA LUCIA BAPTISTA PEDROZA DE ALBUQUERQUE; N72  - DOENCA INFLAMATORIA DO COLO DO UTERO;<procedimento>, COLPOSCOPIA</procedimento><procedimento>, CONSULTA MEDICA EM ATENCAO ESPECIALIZADA</procedimento>;<procedimento>  0211040029 - COLPOSCOPIA - Quantidade: 1
</procedimento><procedimento>  0301010072 - CONSULTA MEDICA EM ATENCAO ESPECIALIZADA - Quantidade: 1
</procedimento>;N;;;N;Programada;18/09/2026 09:54:24;18/09/2026 00:00:00;18/09/2026 00:00:00;5min 22s;ESTRADA VELHA DE MARICA, 484, CS 01, SAO JOSE DO IMBASSAI, MARICA-RJ, CEP: 24931185  - Tel: 21997959960;
YASMIN PALOMA FERREIRA BASTOS MENDES DA SILVA;False;;F;26/12/1989 00:00:00;36;706006899194043;Consulta c/ Ortopedista e Traumatologista;PALMERIO NEVES DE SOUZA NETO; R522 - OUTRA DOR CRONICA;<procedimento>, CONSULTA MEDICA EM ATENCAO ESPECIALIZADA</procedimento>;<procedimento>  0301010072 - CONSULTA MEDICA EM ATENCAO ESPECIALIZADA - Quantidade: 1
</procedimento>;S;RADIOGRAFIA DE CALCANEO
;;N;Programada;18/09/2026 09:56:58;18/09/2026 00:00:00;18/09/2026 00:00:00;19min 24s;RODOVIA ERNANI DO AMARAL PEIXOTO, 30115, LOTE 6 QD 01, FLAMENGO, MARICA-RJ, CEP: 24912710  - Tel: 21967709172;
LINDALVA OLIMPIO DOS SANTOS;False;;F;02/05/1967 00:00:00;59;700202400391923;Consulta c/ Otorrinolaringologista;LUIZ CARLOS DE ARAUJO PIMENTEL; J019 - SINUSITE AGUDA NAO ESPECIFICADA;<procedimento>, CONSULTA MEDICA EM ATENCAO ESPECIALIZADA</procedimento>;<procedimento>  0301010072 - CONSULTA MEDICA EM ATENCAO ESPECIALIZADA - Quantidade: 1
</procedimento>;N;;;N;Programada;18/09/2026 09:56:56;18/09/2026 00:00:00;18/09/2026 00:00:00;6min 48s;RUA DEZESSEIS, S/N, QD503 LT23 CS5, RINCAO MIMOSO (ITAIPUACU), MARICA-RJ, CEP: 24938190  - Tel: 21990607061;
MARLY CARVALHO AFFONSO DA SILVA;False;;F;19/08/1962 00:00:00;64;700307933085638;Consulta Medica;VIVIANE VIEIRA FERREIRA DE ANDRADE; R10  - DOR ABDOMINAL E PELVICA;<procedimento>, CONSULTA MEDICA EM ATENCAO ESPECIALIZADA</procedimento><procedimento>, ULTRASSONOGRAFIA DE ABDOMEN TOTAL</procedimento>;<procedimento>  0205020046 - ULTRASSONOGRAFIA DE ABDOMEN TOTAL - Quantidade: 1
</procedimento><procedimento>  0301010072 - CONSULTA MEDICA EM ATENCAO ESPECIALIZADA - Quantidade: 1
</procedimento>;N;;;N;Programada;18/09/2026 09:57:26;18/09/2026 00:00:00;18/09/2026 00:00:00;1min 16s;AVENIDA MAYSA, S/N, BARRA DE MARICA, MARICA-RJ, CEP: 24915400  - Tel: 21985105539;
EDINA MARIA DE JESUS CARVALHO;False;;F;03/02/1971 00:00:00;55;702409531514620;Consulta Medica;VIVIANE VIEIRA FERREIRA DE ANDRADE; R10  - DOR ABDOMINAL E PELVICA;<procedimento>, CONSULTA MEDICA EM ATENCAO ESPECIALIZADA</procedimento><procedimento>, ULTRASSONOGRAFIA DE ABDOMEN TOTAL</procedimento>;<procedimento>  0205020046 - ULTRASSONOGRAFIA DE ABDOMEN TOTAL - Quantidade: 1
</procedimento><procedimento>  0301010072 - CONSULTA MEDICA EM ATENCAO ESPECIALIZADA - Quantidade: 1
</procedimento>;N;;;N;Programada;18/09/2026 09:58:36;18/09/2026 00:00:00;18/09/2026 00:00:00;1min 24s;RUA DENIVAL FOGACA, S/N, LT 12 E 13 QD 25, SAO JOSE DO IMBASSAI, MARICA-RJ, CEP: 24931205  - Tel: 21987339811;
DENILZO BRENDLER DE SOUTO;False;;M;15/12/1968 00:00:00;57;700106935180019;Consulta Medica;VIVIANE VIEIRA FERREIRA DE ANDRADE; R10  - DOR ABDOMINAL E PELVICA;<procedimento>, CONSULTA MEDICA EM ATENCAO ESPECIALIZADA</procedimento><procedimento>, ULTRASSONOGRAFIA DE ABDOMEN TOTAL</procedimento>;<procedimento>  0205020046 - ULTRASSONOGRAFIA DE ABDOMEN TOTAL - Quantidade: 1
</procedimento><procedimento>  0301010072 - CONSULTA MEDICA EM ATENCAO ESPECIALIZADA - Quantidade: 1
</procedimento>;N;;;N;Programada;18/09/2026 09:59:44;18/09/2026 00:00:00;18/09/2026 00:00:00;1min 29s;RUA VAN LERBERGUE, 7859, QD71 LT14 CSB, JARDIM ATLANTICO OESTE (ITAIPUACU), MARICA-RJ, CEP: 24935440  - Tel: 21991760715;
ALICE DE OLIVEIRA SILVA;False;;F;10/01/1951 00:00:00;75;700200419685521;Consulta Medica;VIVIANE VIEIRA FERREIRA DE ANDRADE; R10  - DOR ABDOMINAL E PELVICA;<procedimento>, CONSULTA MEDICA EM ATENCAO ESPECIALIZADA</procedimento><procedimento>, ULTRASSONOGRAFIA DE ABDOMEN TOTAL</procedimento>;<procedimento>  0205020046 - ULTRASSONOGRAFIA DE ABDOMEN TOTAL - Quantidade: 1
</procedimento><procedimento>  0301010072 - CONSULTA MEDICA EM ATENCAO ESPECIALIZADA - Quantidade: 1
</procedimento>;N;;;N;Programada;18/09/2026 10:01:35;18/09/2026 00:00:00;18/09/2026 00:00:00;1min 21s;RUA DA PAZ, S/N, QD 568 LT 33, JARDIM ATLANTICO CENTRAL (ITAIPUACU), MARICA-RJ, CEP: 24934350  - Tel: 21982648731;
MARLI ALVES DA CRUZ;False;;F;08/08/1969 00:00:00;57;706009373994348;Consulta c/ Ortopedista e Traumatologista;CESAR AUGUSTO MENDES LEITE NADALUTTI; M232 - TRANSTORNO DO MENISCO DEVIDO A RUPTURA OU LESAO ANTIGA;<procedimento>, CONSULTA MEDICA EM ATENCAO ESPECIALIZADA</procedimento>;<procedimento>  0301010072 - CONSULTA MEDICA EM ATENCAO ESPECIALIZADA - Quantidade: 1
</procedimento>;N;;;N;Programada;18/09/2026 10:02:12;18/09/2026 00:00:00;18/09/2026 00:00:00;14min 31s;RUA DEZOITO, 18, LT18 QD21, INOA (INOA), MARICA-RJ, CEP: 24943110  - Tel: 21974046013;
CICILIANE TAVARES DE LUCENA;False;;F;19/03/1984 00:00:00;42;700408408080440;Consulta Medica;VIVIANE VIEIRA FERREIRA DE ANDRADE; R10  - DOR ABDOMINAL E PELVICA;<procedimento>, CONSULTA MEDICA EM ATENCAO ESPECIALIZADA</procedimento><procedimento>, ULTRASSONOGRAFIA DE ABDOMEN SUPERIOR</procedimento>;<procedimento>  0205020038 - ULTRASSONOGRAFIA DE ABDOMEN SUPERIOR - Quantidade: 1
</procedimento><procedimento>  0301010072 - CONSULTA MEDICA EM ATENCAO ESPECIALIZADA - Quantidade: 1
</procedimento>;N;;;N;Programada;18/09/2026 10:02:53;18/09/2026 00:00:00;18/09/2026 00:00:00;10min 39s;RUA E, 897, CONDOMINIO, SANTA PAULA (INOA), MARICA-RJ, CEP: 24944600  - Tel: 21975874274;
DANIELA BENVINDO DOS SANTOS DO CARMO;False;;F;04/07/1996 00:00:00;30;704809041629440;Consulta c/ Ginecologista e Obstetra;ANA LUCIA BAPTISTA PEDROZA DE ALBUQUERQUE; N72  - DOENCA INFLAMATORIA DO COLO DO UTERO;<procedimento>, COLPOSCOPIA</procedimento><procedimento>, CONSULTA MEDICA EM ATENCAO ESPECIALIZADA</procedimento>;<procedimento>  0211040029 - COLPOSCOPIA - Quantidade: 1
</procedimento><procedimento>  0301010072 - CONSULTA MEDICA EM ATENCAO ESPECIALIZADA - Quantidade: 1
</procedimento>;N;;;N;Programada;18/09/2026 10:02:56;18/09/2026 00:00:00;18/09/2026 00:00:00;10min 33s;RUA LEONARDO JOSE ANTUNES, S/N, STB BL 5 AP 202, INOA (INOA), MARICA-RJ, CEP: 24943255  - Tel: 22997472758;
WANIA PORTO SERENO;False;;F;26/03/1958 00:00:00;68;705009679333359;Consulta c/ Otorrinolaringologista;LUIZ CARLOS DE ARAUJO PIMENTEL; K219 - DOENCA DE REFLUXO GASTROESOFAGICO SEM ESOFAGITE, J304 - RINITE ALERGICA NAO ESPECIFICADA;<procedimento>, CONSULTA MEDICA EM ATENCAO ESPECIALIZADA</procedimento>;<procedimento>  0301010072 - CONSULTA MEDICA EM ATENCAO ESPECIALIZADA - Quantidade: 1
</procedimento>;N;;;N;Programada;18/09/2026 10:03:57;18/09/2026 00:00:00;18/09/2026 00:00:00;9min 52s;RUA MARIMAR, S/N, LT 24 QD 61 CS1, PONTA NEGRA, MARICA-RJ, CEP: 24916305  - Tel: 21988902027;
SIMONE RANGEL CORREA;False;;F;17/04/1986 00:00:00;40;704503324497712;Consulta c/ Cirurgiao Geral;JOSE ROBERTO BARQUETTE; K801 - CALCULOSE DA VESICULA BILIAR COM OUTRAS FORMAS DE COLECISTITE;<procedimento>, CONSULTA MEDICA EM ATENCAO ESPECIALIZADA</procedimento>;<procedimento>  0301010072 - CONSULTA MEDICA EM ATENCAO ESPECIALIZADA - Quantidade: 1
</procedimento>;N;;;N;Programada;18/09/2026 10:04:11;18/09/2026 00:00:00;18/09/2026 00:00:00;9min 12s;RUA ADELAIDE BEZERRA, S/N, CENTRO, MARICA-RJ, CEP: 24900800  - Tel: 21999340845;
IRANI DA SILVA FERREIRA;False;;F;26/08/1953 00:00:00;73;704700720557837;Consulta de Enfermagem;MAURO BATISTA DE BARROS; T140 - TRAUMATISMO SUPERFICIAL DE REGIAO NAO ESPECIFICADA DO CORPO;<procedimento>, CONSULTA DE PROFISSIONAIS DE NIVEL SUPERIOR NA ATENCAO ESPECIALIZADA (EXCETO MEDICO)</procedimento><procedimento>, CURATIVO ESPECIAL</procedimento>;<procedimento>  0301010048 - CONSULTA DE PROFISSIONAIS DE NIVEL SUPERIOR NA ATENCAO ESPECIALIZADA (EXCETO MEDICO) - Quantidade: 1
</procedimento><procedimento>  0301100276 - CURATIVO ESPECIAL - Quantidade: 1
</procedimento>;N;;;N;Programada;18/09/2026 10:05:31;18/09/2026 00:00:00;18/09/2026 00:00:00;26min 22s;RUA DE JACONE, 18, CS, PONTA NEGRA, MARICA-RJ, CEP: 24900001  - Tel: 6133152425;
MANOEL SANTANA FILHO;False;;M;26/12/1954 00:00:00;71;705404435097895;Consulta Medica;VIVIANE VIEIRA FERREIRA DE ANDRADE; R10  - DOR ABDOMINAL E PELVICA;<procedimento>, CONSULTA MEDICA EM ATENCAO ESPECIALIZADA</procedimento><procedimento>, ULTRASSONOGRAFIA DE ABDOMEN TOTAL</procedimento>;<procedimento>  0205020046 - ULTRASSONOGRAFIA DE ABDOMEN TOTAL - Quantidade: 1
</procedimento><procedimento>  0301010072 - CONSULTA MEDICA EM ATENCAO ESPECIALIZADA - Quantidade: 1
</procedimento>;N;;;N;Programada;18/09/2026 10:06:13;18/09/2026 00:00:00;18/09/2026 00:00:00;55s;RUA TURIACU, S/N, LT 03 QD 09, SAO JOSE DO IMBASSAI, MARICA-RJ, CEP: 24931130  - Tel: 21971691349;
CACIA REGINA DA SILVA CASTRO;False;;F;17/02/1970 00:00:00;56;706709598424216;Consulta Medica;VIVIANE VIEIRA FERREIRA DE ANDRADE; R10  - DOR ABDOMINAL E PELVICA;<procedimento>, CONSULTA MEDICA EM ATENCAO ESPECIALIZADA</procedimento><procedimento>, ULTRASSONOGRAFIA DE ABDOMEN TOTAL</procedimento>;<procedimento>  0205020046 - ULTRASSONOGRAFIA DE ABDOMEN TOTAL - Quantidade: 1
</procedimento><procedimento>  0301010072 - CONSULTA MEDICA EM ATENCAO ESPECIALIZADA - Quantidade: 1
</procedimento>;N;;;N;Programada;18/09/2026 10:08:01;18/09/2026 00:00:00;18/09/2026 00:00:00;2min 1s;RODOVIA ERNANI DO AMARAL PEIXOTO, 221, km 15, INOA (INOA), MARICA-RJ, CEP: 24942375  - Tel: 21985646818;
MONICA CLUME DA ROCHA;False;;F;08/02/1963 00:00:00;63;700700992313277;Consulta c/ Ginecologista e Obstetra;ANA LUCIA BAPTISTA PEDROZA DE ALBUQUERQUE; C53  - NEOPLASIA MALIGNA DO COLO DO UTERO;<procedimento>, COLPOSCOPIA</procedimento><procedimento>, CONSULTA MEDICA EM ATENCAO ESPECIALIZADA</procedimento>;<procedimento>  0211040029 - COLPOSCOPIA - Quantidade: 1
</procedimento><procedimento>  0301010072 - CONSULTA MEDICA EM ATENCAO ESPECIALIZADA - Quantidade: 1
</procedimento>;N;;;N;Programada;18/09/2026 10:12:57;18/09/2026 00:00:00;18/09/2026 00:00:00;27min 22s;RUA VINTE, 2, LT O MAR, SAO JOSE DO IMBASSAI, MARICA-RJ, CEP: 24931435  - Tel: 21968677367;
JOSE IVANILDO LUIZ DA SILVA;False;;M;28/11/1977 00:00:00;48;898004930522309;Consulta c/ Otorrinolaringologista;LUIZ CARLOS DE ARAUJO PIMENTEL; H612 - CERUME IMPACTADO;<procedimento>, CONSULTA MEDICA EM ATENCAO ESPECIALIZADA</procedimento>;<procedimento>  0301010072 - CONSULTA MEDICA EM ATENCAO ESPECIALIZADA - Quantidade: 1
</procedimento>;N;;;N;Programada;18/09/2026 10:14:58;18/09/2026 00:00:00;18/09/2026 00:00:00;7min 33s;RUA LUIZ FERNANDO DOS SANTOS CAETANO, S/N, JACAROA, MARICA-RJ, CEP: 24903150  - Tel: 21995766616;
ROBERTO LUIZ BENEVIDES JUNIOR;False;;M;30/01/1965 00:00:00;61;702909523291672;Consulta c/ Ortopedista e Traumatologista;PALMERIO NEVES DE SOUZA NETO; R522 - OUTRA DOR CRONICA;<procedimento>, CONSULTA MEDICA EM ATENCAO ESPECIALIZADA</procedimento>;<procedimento>  0301010072 - CONSULTA MEDICA EM ATENCAO ESPECIALIZADA - Quantidade: 1
</procedimento>;S;RADIOGRAFIA DE COLUNA LOMBO-SACRA
;;N;Programada;18/09/2026 10:15:38;18/09/2026 00:00:00;18/09/2026 00:00:00;21min 28s;RUA NOSSA SENHORA DE LOURDES, S/N, QD43 LT16, PRAIA DE ITAIPUACU (ITAIPUACU), MARICA-RJ, CEP: 24936760  - Tel: 21985830824;
NUNO DAVID DOS SANTOS FILHO;False;;M;20/12/1957 00:00:00;68;700007110963009;Consulta c/ Cirurgiao Geral;JOSE ROBERTO BARQUETTE; K402 - HERNIA INGUINAL BILATERAL, SEM OBSTRUCAO OU GANGRENA;<procedimento>, CONSULTA MEDICA EM ATENCAO ESPECIALIZADA</procedimento>;<procedimento>  0301010072 - CONSULTA MEDICA EM ATENCAO ESPECIALIZADA - Quantidade: 1
</procedimento>;N;;;N;Programada;18/09/2026 10:15:44;18/09/2026 00:00:00;18/09/2026 00:00:00;12min 29s;RUA DAS ACACIAS, S/N, NA, CENTRO, MARICA-RJ, CEP: 24900001  - Tel: 2121050000;
GILBERTO FERNANDES DOS SANTOS;False;;M;29/10/1958 00:00:00;67;700002911608210;Consulta c/ Ortopedista e Traumatologista;CESAR AUGUSTO MENDES LEITE NADALUTTI; M255 - DOR ARTICULAR;<procedimento>, CONSULTA MEDICA EM ATENCAO ESPECIALIZADA</procedimento>;<procedimento>  0301010072 - CONSULTA MEDICA EM ATENCAO ESPECIALIZADA - Quantidade: 1
</procedimento>;N;;;N;Programada;18/09/2026 10:17:52;18/09/2026 00:00:00;18/09/2026 00:00:00;17min 9s;RUA CAPITAO BENJAMIN CONSTANT KELLER, S/N, QD95 LT07 C2, BARROCO (ITAIPUACU), MARICA-RJ, CEP: 24936620  - Tel: 21991114000;
MARCIA ALONSO DE ABREU;False;;F;12/07/1974 00:00:00;52;709808091475897;Consulta Medica;VIVIANE VIEIRA FERREIRA DE ANDRADE; K29  - GASTRITE E DUODENITE;<procedimento>, CONSULTA MEDICA EM ATENCAO ESPECIALIZADA</procedimento><procedimento>, ULTRASSONOGRAFIA DE ABDOMEN TOTAL</procedimento>;<procedimento>  0205020046 - ULTRASSONOGRAFIA DE ABDOMEN TOTAL - Quantidade: 1
</procedimento><procedimento>  0301010072 - CONSULTA MEDICA EM ATENCAO ESPECIALIZADA - Quantidade: 1
</procedimento>;N;;;N;Programada;18/09/2026 10:24:30;18/09/2026 00:00:00;18/09/2026 00:00:00;1min 17s;AVENIDA CARLOS MARIGHELLA, 1040, INOA (INOA), MARICA-RJ, CEP: 24942275  - Tel: 21998710767;
MARIA LUIZ DA SILVA;False;;F;15/10/1962 00:00:00;63;700505955497250;Consulta c/ Otorrinolaringologista;LUIZ CARLOS DE ARAUJO PIMENTEL; H612 - CERUME IMPACTADO;<procedimento>, CONSULTA MEDICA EM ATENCAO ESPECIALIZADA</procedimento><procedimento>, REMOCAO DE CERUMEN DE CONDUTO AUDITIVO EXTERNO UNI / BILATERAL</procedimento>;<procedimento>  0301010072 - CONSULTA MEDICA EM ATENCAO ESPECIALIZADA - Quantidade: 1
</procedimento><procedimento>  0404010270 - REMOCAO DE CERUMEN DE CONDUTO AUDITIVO EXTERNO UNI / BILATERAL - Quantidade: 1
</procedimento>;N;;;N;Programada;18/09/2026 10:28:54;18/09/2026 00:00:00;18/09/2026 00:00:00;5min 37s;RUA LUIZ FERNANDO DOS SANTOS CAETANO, S/N, LT 12 QD 3, JACAROA, MARICA-RJ, CEP: 24903150  - Tel: 21995766616;
WELLINGTON LUIS MIRANDA SILVA DE SOUZA;False;;M;11/04/1983 00:00:00;43;707409094175671;Consulta c/ Cirurgiao Geral;JOSE ROBERTO BARQUETTE; K802 - CALCULOSE DA VESICULA BILIAR SEM COLECISTITE;<procedimento>, CONSULTA MEDICA EM ATENCAO ESPECIALIZADA</procedimento>;<procedimento>  0301010072 - CONSULTA MEDICA EM ATENCAO ESPECIALIZADA - Quantidade: 1
</procedimento>;N;;;N;Programada;18/09/2026 10:28:40;18/09/2026 00:00:00;18/09/2026 00:00:00;9min 23s;RUA DAS ACACIAS, 105, CENTRO, MARICA-RJ, CEP: 24900001  - Tel: 21971707982;
JORGE DE OLIVEIRA;False;;M;24/11/1951 00:00:00;74;705003497849559;Consulta Medica;VIVIANE VIEIRA FERREIRA DE ANDRADE; R10  - DOR ABDOMINAL E PELVICA;<procedimento>, CONSULTA MEDICA EM ATENCAO ESPECIALIZADA</procedimento><procedimento>, ULTRASSONOGRAFIA DE ABDOMEN TOTAL</procedimento>;<procedimento>  0205020046 - ULTRASSONOGRAFIA DE ABDOMEN TOTAL - Quantidade: 1
</procedimento><procedimento>  0301010072 - CONSULTA MEDICA EM ATENCAO ESPECIALIZADA - Quantidade: 1
</procedimento>;N;;;N;Programada;18/09/2026 10:31:08;18/09/2026 00:00:00;18/09/2026 00:00:00;1min 9s;AVENIDA TOCANTINS, S/N, LT 20 QD 91, ITAOCAIA VALLEY (ITAIPUACU), MARICA-RJ, CEP: 24938780  - Tel: 21964873873;
ANA MARIA DO COUTO;False;;F;28/10/1973 00:00:00;52;700706987168472;Consulta de Enfermagem;MAURO BATISTA DE BARROS; T140 - TRAUMATISMO SUPERFICIAL DE REGIAO NAO ESPECIFICADA DO CORPO;<procedimento>, CONSULTA DE PROFISSIONAIS DE NIVEL SUPERIOR NA ATENCAO ESPECIALIZADA (EXCETO MEDICO)</procedimento><procedimento>, CURATIVO ESPECIAL</procedimento>;<procedimento>  0301010048 - CONSULTA DE PROFISSIONAIS DE NIVEL SUPERIOR NA ATENCAO ESPECIALIZADA (EXCETO MEDICO) - Quantidade: 1
</procedimento><procedimento>  0301100276 - CURATIVO ESPECIAL - Quantidade: 1
</procedimento>;N;;;N;Programada;18/09/2026 10:32:17;18/09/2026 00:00:00;18/09/2026 00:00:00;12min 15s;RUA FERNANDO MENDES, 87, INOA (INOA), MARICA-RJ, CEP: 24942250  - Tel: 21977030547;
ENI MILER;False;;F;16/04/1953 00:00:00;73;703407292332914;Consulta c/ Otorrinolaringologista;LUIZ CARLOS DE ARAUJO PIMENTEL; H612 - CERUME IMPACTADO;<procedimento>, CONSULTA MEDICA EM ATENCAO ESPECIALIZADA</procedimento>;<procedimento>  0301010072 - CONSULTA MEDICA EM ATENCAO ESPECIALIZADA - Quantidade: 1
</procedimento>;N;;;N;Programada;18/09/2026 10:33:53;18/09/2026 00:00:00;18/09/2026 00:00:00;3min 17s;RODOVIA ERNANI DO AMARAL PEIXOTO, S/N, INOA (INOA), MARICA-RJ, CEP: 24942375  - Tel: 21967734668;
MARIA JOSE BARBOSA;False;;F;02/11/1961 00:00:00;64;706405627664584;Consulta c/ Ortopedista e Traumatologista;PALMERIO NEVES DE SOUZA NETO; R522 - OUTRA DOR CRONICA;<procedimento>, CONSULTA MEDICA EM ATENCAO ESPECIALIZADA</procedimento>;<procedimento>  0301010072 - CONSULTA MEDICA EM ATENCAO ESPECIALIZADA - Quantidade: 1
</procedimento>;N;;;N;Programada;18/09/2026 10:36:38;18/09/2026 00:00:00;18/09/2026 00:00:00;8min 46s;RUA DAS AMENDOAS, S/N, RINCAO MIMOSO (ITAIPUACU), MARICA-RJ, CEP: 24938340  - Tel: 21986987123;
TERESINHA BATISTA DA SILVA;False;;F;25/05/1940 00:00:00;86;709609680496778;Consulta c/ Otorrinolaringologista;LUIZ CARLOS DE ARAUJO PIMENTEL; R430 - ANOSMIA;<procedimento>, CONSULTA MEDICA EM ATENCAO ESPECIALIZADA</procedimento>;<procedimento>  0301010072 - CONSULTA MEDICA EM ATENCAO ESPECIALIZADA - Quantidade: 1
</procedimento>;S;AUDIOMETRIA TONAL LIMIAR (VIA AEREA / OSSEA)
IMITANCIOMETRIA
;;N;Programada;18/09/2026 10:36:43;18/09/2026 00:00:00;18/09/2026 00:00:00;11min 25s;RUA JORNALISTA LOURIVAL DUARTE, S/N, LT 16 QD I, SAO JOSE DO IMBASSAI, MARICA-RJ, CEP: 24931490  - Tel: 21964330172;
NEUZA LOPES DE ALMEIDA;False;;F;13/06/1951 00:00:00;75;700008203978007;Consulta c/ Ortopedista e Traumatologista;CESAR AUGUSTO MENDES LEITE NADALUTTI; M545 - DOR LOMBAR BAIXA;<procedimento>, CONSULTA MEDICA EM ATENCAO ESPECIALIZADA</procedimento>;<procedimento>  0301010072 - CONSULTA MEDICA EM ATENCAO ESPECIALIZADA - Quantidade: 1
</procedimento>;N;;;N;Programada;18/09/2026 10:37:38;18/09/2026 00:00:00;18/09/2026 00:00:00;4min 35s;RUA SEIS, S/N, (JD GUARATIBA B, GUARATIBA (PONTA NEGRA), MARICA-RJ, CEP: 24916175  - Tel: 21972320016;
GILDO FELIX DA SILVA;False;;M;04/04/1971 00:00:00;55;704200227287385;Consulta c/ Cirurgiao Geral;JOSE ROBERTO BARQUETTE; K429 - HERNIA UMBILICAL SEM OBSTRUCAO OU GANGRENA;<procedimento>, CONSULTA MEDICA EM ATENCAO ESPECIALIZADA</procedimento>;<procedimento>  0301010072 - CONSULTA MEDICA EM ATENCAO ESPECIALIZADA - Quantidade: 1
</procedimento>;N;;;N;Programada;18/09/2026 10:40:28;18/09/2026 00:00:00;18/09/2026 00:00:00;9min 18s;AVENIDA BRAULINO VENANCIO DA COSTA, 86, BALNEARIO BAMBUI (PONTA NEGRA), MARICA-RJ, CEP: 24920640  - Tel: 21997416533;
JOSE NUNES DO NASCIMENTO;False;;M;01/12/1949 00:00:00;76;700206942858423;Consulta c/ Ortopedista e Traumatologista;CESAR AUGUSTO MENDES LEITE NADALUTTI; M255 - DOR ARTICULAR;<procedimento>, CONSULTA MEDICA EM ATENCAO ESPECIALIZADA</procedimento>;<procedimento>  0301010072 - CONSULTA MEDICA EM ATENCAO ESPECIALIZADA - Quantidade: 1
</procedimento>;N;;;N;Programada;18/09/2026 10:41:50;18/09/2026 00:00:00;18/09/2026 00:00:00;4min 14s;RUA SETE, S/N, LT 1QD13, CORDEIRINHO (PONTA NEGRA), MARICA-RJ, CEP: 24921636  - Tel: 21996830872;
SAMARA CARLA DA SILVA CANDIDO;False;;F;22/09/1990 00:00:00;35;705005285419153;Consulta c/ Ginecologista e Obstetra;ANA LUCIA BAPTISTA PEDROZA DE ALBUQUERQUE; N72  - DOENCA INFLAMATORIA DO COLO DO UTERO;<procedimento>, COLPOSCOPIA</procedimento><procedimento>, CONSULTA MEDICA EM ATENCAO ESPECIALIZADA</procedimento>;<procedimento>  0211040029 - COLPOSCOPIA - Quantidade: 1
</procedimento><procedimento>  0301010072 - CONSULTA MEDICA EM ATENCAO ESPECIALIZADA - Quantidade: 1
</procedimento>;N;;;N;Programada;18/09/2026 10:44:54;18/09/2026 00:00:00;18/09/2026 00:00:00;4min 2s;RUA LEITO VIA FERREA, S/N, PONTA NEGRA (PONTA NEGRA), MARICA-RJ, CEP: 24922465  - Tel: 21975429599;
ANA LUCIA LUNA NERY SILVA;False;;F;07/01/1976 00:00:00;50;708206141811246;Consulta c/ Ortopedista e Traumatologista;PALMERIO NEVES DE SOUZA NETO; R522 - OUTRA DOR CRONICA;<procedimento>, CONSULTA MEDICA EM ATENCAO ESPECIALIZADA</procedimento>;<procedimento>  0301010072 - CONSULTA MEDICA EM ATENCAO ESPECIALIZADA - Quantidade: 1
</procedimento>;N;;;N;Programada;18/09/2026 10:45:43;18/09/2026 00:00:00;18/09/2026 00:00:00;10min 42s;RUA DEZESSETE DE NOVEMBRO, 1104, Q 43 LT 41 CS 2, PRAIA DE ITAIPUACU (ITAIPUACU), MARICA-RJ, CEP: 24936770  - Tel: 21988937436;
ROSA MARIA DA SILVA PINTO;False;;F;17/05/1957 00:00:00;69;700501377672557;Consulta c/ Ortopedista e Traumatologista;CESAR AUGUSTO MENDES LEITE NADALUTTI; M255 - DOR ARTICULAR;<procedimento>, CONSULTA MEDICA EM ATENCAO ESPECIALIZADA</procedimento>;<procedimento>  0301010072 - CONSULTA MEDICA EM ATENCAO ESPECIALIZADA - Quantidade: 1
</procedimento>;N;;;N;Programada;18/09/2026 10:46:33;18/09/2026 00:00:00;18/09/2026 00:00:00;19min 1s;RUA ABRAHAO TAVARES DE MORAES, S/N, QD410 LT50, JARDIM ATLANTICO LESTE (ITAIPUACU), MARICA-RJ, CEP: 24933520  - Tel: 21997318056;
ANTONIO LUIZ CORREIA;False;;M;17/06/1968 00:00:00;58;702502355029438;Consulta Medica;VIVIANE VIEIRA FERREIRA DE ANDRADE; R10  - DOR ABDOMINAL E PELVICA;<procedimento>, CONSULTA MEDICA EM ATENCAO ESPECIALIZADA</procedimento><procedimento>, ULTRASSONOGRAFIA DE ABDOMEN TOTAL</procedimento>;<procedimento>  0205020046 - ULTRASSONOGRAFIA DE ABDOMEN TOTAL - Quantidade: 1
</procedimento><procedimento>  0301010072 - CONSULTA MEDICA EM ATENCAO ESPECIALIZADA - Quantidade: 1
</procedimento>;N;;;N;Programada;18/09/2026 10:46:49;18/09/2026 00:00:00;18/09/2026 00:00:00;1min 55s;RODOVIA ERNANI DO AMARAL PEIXOTO, 100, CS 04, CALABOCA (INOA), MARICA-RJ, CEP: 24944070  - Tel: 21991529045;
FLAVIANE SOUZA ALVES DE OLIVEIRA;False;;F;11/01/1991 00:00:00;35;700808470913783;Consulta c/ Ginecologista e Obstetra;ANA LUCIA BAPTISTA PEDROZA DE ALBUQUERQUE; D069 - CARCINOMA IN SITU DO COLO DO UTERO, NAO ESPECIFICADO;<procedimento>, COLPOSCOPIA</procedimento><procedimento>, CONSULTA MEDICA EM ATENCAO ESPECIALIZADA</procedimento>;<procedimento>  0211040029 - COLPOSCOPIA - Quantidade: 1
</procedimento><procedimento>  0301010072 - CONSULTA MEDICA EM ATENCAO ESPECIALIZADA - Quantidade: 1
</procedimento>;N;;;N;Programada;18/09/2026 10:48:14;18/09/2026 00:00:00;18/09/2026 00:00:00;15min 31s;RUA CINQUENTA, S/N, Q 187 LOT 13, JARDIM ATLANTICO CENTRAL (ITAIPUACU), MARICA-RJ, CEP: 24934295  - Tel: 21964342852;
MARALY ROSA MONTEIRO;False;;F;04/02/1964 00:00:00;62;702903503386079;Consulta c/ Otorrinolaringologista;LUIZ CARLOS DE ARAUJO PIMENTEL; H908 - PERDA DE AUDICAO MISTA, DE CONDUCAO E NEURO-SENSORIAL, NAO ESPECIFICADA;<procedimento>, CONSULTA MEDICA EM ATENCAO ESPECIALIZADA</procedimento>;<procedimento>  0301010072 - CONSULTA MEDICA EM ATENCAO ESPECIALIZADA - Quantidade: 1
</procedimento>;S;IMITANCIOMETRIA
AUDIOMETRIA TONAL LIMIAR (VIA AEREA / OSSEA)
;;N;Programada;18/09/2026 10:54:35;18/09/2026 00:00:00;18/09/2026 00:00:00;5min 43s;RUA QUATORZE DE JULHO, 90, FLAMENGO, MARICA-RJ, CEP: 24904295  - Tel: 21989753887;
FERNANDO DA FONSECA FARIAS;False;;M;07/10/1969 00:00:00;56;898005167925659;Consulta Medica;VIVIANE VIEIRA FERREIRA DE ANDRADE; R10  - DOR ABDOMINAL E PELVICA;<procedimento>, CONSULTA MEDICA EM ATENCAO ESPECIALIZADA</procedimento><procedimento>, ULTRASSONOGRAFIA DE ABDOMEN TOTAL</procedimento>;<procedimento>  0205020046 - ULTRASSONOGRAFIA DE ABDOMEN TOTAL - Quantidade: 1
</procedimento><procedimento>  0301010072 - CONSULTA MEDICA EM ATENCAO ESPECIALIZADA - Quantidade: 1
</procedimento>;N;;;N;Programada;18/09/2026 10:56:35;18/09/2026 00:00:00;18/09/2026 00:00:00;1min 20s; RUA 57 LOTE 01 QUADRA74, 74, BAMBUI, MARICA-RJ, CEP: 24900001  - Tel: 21971827319;
SUELI DE SOUZA FERREIRA;False;;F;15/04/1947 00:00:00;79;708708172225990;Consulta c/ Cirurgiao Geral;JOSE ROBERTO BARQUETTE; K801 - CALCULOSE DA VESICULA BILIAR COM OUTRAS FORMAS DE COLECISTITE;<procedimento>, CONSULTA MEDICA EM ATENCAO ESPECIALIZADA</procedimento>;<procedimento>  0301010072 - CONSULTA MEDICA EM ATENCAO ESPECIALIZADA - Quantidade: 1
</procedimento>;N;;;N;Programada;18/09/2026 10:56:02;18/09/2026 00:00:00;18/09/2026 00:00:00;24min 36s;AVENIDA DOUTOR ANTONIO MARQUES MATHIAS, 29, QUADRA, JARDIM ATLANTICO LESTE (ITAIPUACU), MARICA-RJ, CEP: 24933085  - Tel: 2126384692;
ARGEU MARTINS CARLOS;False;;M;11/08/1947 00:00:00;79;706204568696269;Consulta de Enfermagem;MAURO BATISTA DE BARROS; T140 - TRAUMATISMO SUPERFICIAL DE REGIAO NAO ESPECIFICADA DO CORPO;<procedimento>, CONSULTA DE PROFISSIONAIS DE NIVEL SUPERIOR NA ATENCAO ESPECIALIZADA (EXCETO MEDICO)</procedimento><procedimento>, CURATIVO ESPECIAL</procedimento>;<procedimento>  0301010048 - CONSULTA DE PROFISSIONAIS DE NIVEL SUPERIOR NA ATENCAO ESPECIALIZADA (EXCETO MEDICO) - Quantidade: 1
</procedimento><procedimento>  0301100276 - CURATIVO ESPECIAL - Quantidade: 1
</procedimento>;N;;;N;Programada;18/09/2026 10:56:48;18/09/2026 00:00:00;18/09/2026 00:00:00;51min 0s;RUA ALMERINDA PEREIRA DA ROSA, 36, INOA (INOA), MARICA-RJ, CEP: 24942155  - Tel: 2126361576;
HELLEN CRISTINY ARAUJO MACHADO SOARES;False;;F;14/07/1988 00:00:00;38;700002804985304;Consulta c/ Otorrinolaringologista;LUIZ CARLOS DE ARAUJO PIMENTEL; R490 - DISFONIA;<procedimento>, CONSULTA MEDICA EM ATENCAO ESPECIALIZADA</procedimento>;<procedimento>  0301010072 - CONSULTA MEDICA EM ATENCAO ESPECIALIZADA - Quantidade: 1
</procedimento>;S;VIDEOLARINGOSCOPIA
;;N;Programada;18/09/2026 11:00:03;18/09/2026 00:00:00;18/09/2026 00:00:00;7min 24s;RUA RAUL ALFREDO DE ANDRADE, 800, CASA 01, CAXITO, MARICA-RJ, CEP: 24910530  - Tel: 21999417463;
JANILTON DA SILVA MELO;False;;M;10/01/1979 00:00:00;47;707501265238690;Consulta c/ Ortopedista e Traumatologista;CESAR AUGUSTO MENDES LEITE NADALUTTI; M232 - TRANSTORNO DO MENISCO DEVIDO A RUPTURA OU LESAO ANTIGA;;;N;;;N;Programada;18/09/2026 11:06:34;18/09/2026 00:00:00;18/09/2026 00:00:00;35min 26s;RUA LEONARDO JOSE ANTUNES, S/N, QD28 LT01, INOA (INOA), MARICA-RJ, CEP: 24943255  - Tel: 21970405019;
NATALIA OLIVEIRA DE PAULA LIMA;False;;F;26/05/1988 00:00:00;38;700602960483870;Consulta c/ Ortopedista e Traumatologista;PALMERIO NEVES DE SOUZA NETO; M545 - DOR LOMBAR BAIXA;<procedimento>, CONSULTA MEDICA EM ATENCAO ESPECIALIZADA</procedimento>;<procedimento>  0301010072 - CONSULTA MEDICA EM ATENCAO ESPECIALIZADA - Quantidade: 1
</procedimento>;S;RADIOGRAFIA DE COLUNA LOMBO-SACRA
;;N;Programada;18/09/2026 11:06:52;18/09/2026 00:00:00;18/09/2026 00:00:00;7min 43s;RUA WALDIR TAVARES GUAPYASSU DE SA, S/N, QD 259 LT 21, JARDIM ATLANTICO CENTRAL (ITAIPUACU), MARICA-RJ, CEP: 24934135  - Tel: 21993488494;
ALANA ROCHA DO COUTO;False;;F;24/10/1993 00:00:00;32;708408289731368;Consulta c/ Ginecologista e Obstetra;ANA LUCIA BAPTISTA PEDROZA DE ALBUQUERQUE; N72  - DOENCA INFLAMATORIA DO COLO DO UTERO;<procedimento>, COLPOSCOPIA</procedimento><procedimento>, CONSULTA MEDICA EM ATENCAO ESPECIALIZADA</procedimento>;<procedimento>  0211040029 - COLPOSCOPIA - Quantidade: 1
</procedimento><procedimento>  0301010072 - CONSULTA MEDICA EM ATENCAO ESPECIALIZADA - Quantidade: 1
</procedimento>;N;;;N;Programada;18/09/2026 11:06:23;18/09/2026 00:00:00;18/09/2026 00:00:00;2min 39s;RUA CAPITAO JOSE CAETANO DE OLIVEIRA, S/N, LT 09 QD 05, PONTA NEGRA (PONTA NEGRA), MARICA-RJ, CEP: 24922220  - Tel: 21994322529;
NARCISA PEREIRA CAETANO;False;;F;01/01/1968 00:00:00;58;704204220175488;Consulta Medica;VIVIANE VIEIRA FERREIRA DE ANDRADE; R10  - DOR ABDOMINAL E PELVICA;<procedimento>, CONSULTA MEDICA EM ATENCAO ESPECIALIZADA</procedimento><procedimento>, ULTRASSONOGRAFIA DE ABDOMEN TOTAL</procedimento>;<procedimento>  0205020046 - ULTRASSONOGRAFIA DE ABDOMEN TOTAL - Quantidade: 1
</procedimento><procedimento>  0301010072 - CONSULTA MEDICA EM ATENCAO ESPECIALIZADA - Quantidade: 1
</procedimento>;N;;;N;Programada;18/09/2026 11:07:41;18/09/2026 00:00:00;18/09/2026 00:00:00;1min 36s;RUA CINQUENTA E SETE, 01, LT 01 QD 74, BALNEARIO BAMBUI (PONTA NEGRA), MARICA-RJ, CEP: 24920435  - Tel: 6133152425;
ANGELA MARIA DOS SANTOS SILVA DA SILVA;False;;F;21/06/1970 00:00:00;56;701408610183636;Consulta c/ Otorrinolaringologista;LUIZ CARLOS DE ARAUJO PIMENTEL; J304 - RINITE ALERGICA NAO ESPECIFICADA;<procedimento>, CONSULTA MEDICA EM ATENCAO ESPECIALIZADA</procedimento>;<procedimento>  0301010072 - CONSULTA MEDICA EM ATENCAO ESPECIALIZADA - Quantidade: 1
</procedimento>;N;;;N;Programada;18/09/2026 11:09:32;18/09/2026 00:00:00;18/09/2026 00:00:00;11min 50s;RUA ARARAS, 309, PARQUE NANCI, MARICA-RJ, CEP: 24914155  - Tel: 21997679130;
DANIELE DA SILVA LOPES;False;;F;23/05/1978 00:00:00;48;708606553880985;Consulta c/ Ginecologista e Obstetra;ANA LUCIA BAPTISTA PEDROZA DE ALBUQUERQUE; N72  - DOENCA INFLAMATORIA DO COLO DO UTERO;<procedimento>, COLPOSCOPIA</procedimento><procedimento>, CONSULTA MEDICA EM ATENCAO ESPECIALIZADA</procedimento>;<procedimento>  0211040029 - COLPOSCOPIA - Quantidade: 1
</procedimento><procedimento>  0301010072 - CONSULTA MEDICA EM ATENCAO ESPECIALIZADA - Quantidade: 1
</procedimento>;N;;;N;Programada;18/09/2026 11:12:15;18/09/2026 00:00:00;18/09/2026 00:00:00;1min 20s;RUA DOUTOR ALBERTO RUSH, S/N, QD 570 LT 17, JARDIM ATLANTICO OESTE (ITAIPUACU), MARICA-RJ, CEP: 24935070  - Tel: 21975526161;
RAQUEL MOREIRA DE OLIVEIRA;False;;F;01/11/1988 00:00:00;37;898004809240144;Consulta c/ Ginecologista e Obstetra;ANA LUCIA BAPTISTA PEDROZA DE ALBUQUERQUE; N72  - DOENCA INFLAMATORIA DO COLO DO UTERO;<procedimento>, COLPOSCOPIA</procedimento><procedimento>, CONSULTA MEDICA EM ATENCAO ESPECIALIZADA</procedimento>;<procedimento>  0211040029 - COLPOSCOPIA - Quantidade: 1
</procedimento><procedimento>  0301010072 - CONSULTA MEDICA EM ATENCAO ESPECIALIZADA - Quantidade: 1
</procedimento>;N;;;N;Programada;18/09/2026 11:13:38;18/09/2026 00:00:00;18/09/2026 00:00:00;3min 12s;RUA BRAULIO ANTONIO DE OLIVEIRA, S/N, LT74QUADRA127, BALNEARIO BAMBUI (PONTA NEGRA), MARICA-RJ, CEP: 24920820  - Tel: 21988772414;
PATRICIA CONCEICAO DA SILVA;False;;F;27/08/1992 00:00:00;34;704500320210912;Consulta c/ Ortopedista e Traumatologista;PALMERIO NEVES DE SOUZA NETO; R522 - OUTRA DOR CRONICA;<procedimento>, CONSULTA MEDICA EM ATENCAO ESPECIALIZADA</procedimento>;<procedimento>  0301010072 - CONSULTA MEDICA EM ATENCAO ESPECIALIZADA - Quantidade: 1
</procedimento>;S;RADIOGRAFIA DE COLUNA CERVICAL (AP + LATERAL + TO / FLEXAO)
ULTRASSONOGRAFIA DE ARTICULACAO
RADIOGRAFIA DE COLUNA TORACICA (AP + LATERAL)
;;N;Programada;18/09/2026 11:15:00;18/09/2026 00:00:00;18/09/2026 00:00:00;9min 6s;RUA X, S/N, STB BL1 AP101, CHACARAS DE INOA (INOA), MARICA-RJ, CEP: 24940653  - Tel: 21997971680;
ELIANE SIQUEIRA DE BARROS GOMES;False;;F;16/05/1962 00:00:00;64;700307401866740;Consulta Medica;VIVIANE VIEIRA FERREIRA DE ANDRADE; R10  - DOR ABDOMINAL E PELVICA;<procedimento>, CONSULTA MEDICA EM ATENCAO ESPECIALIZADA</procedimento><procedimento>, ULTRASSONOGRAFIA DE ABDOMEN TOTAL</procedimento>;<procedimento>  0205020046 - ULTRASSONOGRAFIA DE ABDOMEN TOTAL - Quantidade: 1
</procedimento><procedimento>  0301010072 - CONSULTA MEDICA EM ATENCAO ESPECIALIZADA - Quantidade: 1
</procedimento>;N;;;N;Programada;18/09/2026 11:15:04;18/09/2026 00:00:00;18/09/2026 00:00:00;49s;RUA CINQUENTA, 656, quadra 182 lote 21, JARDIM ATLANTICO CENTRAL (ITAIPUACU), MARICA-RJ, CEP: 24934290  - Tel: 21976534539;
ROSIANE BARRETO DE FARIAS;False;;F;24/06/1973 00:00:00;53;706208038077360;Consulta c/ Ortopedista e Traumatologista;CESAR AUGUSTO MENDES LEITE NADALUTTI; M541 - RADICULOPATIA;<procedimento>, CONSULTA MEDICA EM ATENCAO ESPECIALIZADA</procedimento>;<procedimento>  0301010072 - CONSULTA MEDICA EM ATENCAO ESPECIALIZADA - Quantidade: 1
</procedimento>;N;;;N;Programada;18/09/2026 11:16:58;18/09/2026 00:00:00;18/09/2026 00:00:00;9min 16s;RUA GUTEMBERG CABRAL FRANCISCO, S/N, QD 362 LT 12, JARDIM ATLANTICO LESTE (ITAIPUACU), MARICA-RJ, CEP: 24933825  - Tel: 21967858951;
LUCIA MARIA FERREIRA GOMES DA CONCEICAO;False;;F;04/05/1967 00:00:00;59;709002872682714;Consulta Medica;VIVIANE VIEIRA FERREIRA DE ANDRADE; R10  - DOR ABDOMINAL E PELVICA;<procedimento>, CONSULTA MEDICA EM ATENCAO ESPECIALIZADA</procedimento><procedimento>, ULTRASSONOGRAFIA DE ABDOMEN TOTAL</procedimento>;<procedimento>  0205020046 - ULTRASSONOGRAFIA DE ABDOMEN TOTAL - Quantidade: 1
</procedimento><procedimento>  0301010072 - CONSULTA MEDICA EM ATENCAO ESPECIALIZADA - Quantidade: 1
</procedimento>;N;;;N;Programada;18/09/2026 11:16:21;18/09/2026 00:00:00;18/09/2026 00:00:00;1min 9s;RUA DAS AZALEIAS, 1358, QD 48, ITAPEBA, MARICA-RJ, CEP: 24913280  - Tel: 21977187296;
NATHASHA ALESSANDRA MARTINS PINHEIRO GUEDES;False;;F;29/03/1988 00:00:00;38;706407667268886;Consulta c/ Ginecologista e Obstetra;ANA LUCIA BAPTISTA PEDROZA DE ALBUQUERQUE; N72  - DOENCA INFLAMATORIA DO COLO DO UTERO;<procedimento>, COLPOSCOPIA</procedimento><procedimento>, CONSULTA MEDICA EM ATENCAO ESPECIALIZADA</procedimento>;<procedimento>  0211040029 - COLPOSCOPIA - Quantidade: 1
</procedimento><procedimento>  0301010072 - CONSULTA MEDICA EM ATENCAO ESPECIALIZADA - Quantidade: 1
</procedimento>;N;;;N;Programada;18/09/2026 11:17:41;18/09/2026 00:00:00;18/09/2026 00:00:00;10min 52s;AVENIDA CARLOS MARIGHELLA, S/N, LT19, INOA (INOA), MARICA-RJ, CEP: 24942275  - Tel: 21991381274;
LUANA FERREIRA COSTA BALBINO;False;;F;01/08/1988 00:00:00;38;704202257457388;Consulta Medica;VIVIANE VIEIRA FERREIRA DE ANDRADE; R10  - DOR ABDOMINAL E PELVICA;<procedimento>, CONSULTA MEDICA EM ATENCAO ESPECIALIZADA</procedimento><procedimento>, ULTRASSONOGRAFIA DE ABDOMEN TOTAL</procedimento>;<procedimento>  0205020046 - ULTRASSONOGRAFIA DE ABDOMEN TOTAL - Quantidade: 1
</procedimento><procedimento>  0301010072 - CONSULTA MEDICA EM ATENCAO ESPECIALIZADA - Quantidade: 1
</procedimento>;N;;;N;Programada;18/09/2026 11:22:35;18/09/2026 00:00:00;18/09/2026 00:00:00;1min 40s;RUA LEONARDO JOSE ANTUNES, S/N, STE BL14 AP101, INOA (INOA), MARICA-RJ, CEP: 24943255  - Tel: 83933429823;
ALEXANDER COUTO;False;;M;30/12/1969 00:00:00;56;708607083912089;Consulta c/ Cirurgiao Geral;JOSE ROBERTO BARQUETTE; K409 - HERNIA INGUINAL UNILATERAL OU NAO ESPECIFICADA, SEM OBSTRUCAO OU GANGRENA;<procedimento>, CONSULTA MEDICA EM ATENCAO ESPECIALIZADA</procedimento>;<procedimento>  0301010072 - CONSULTA MEDICA EM ATENCAO ESPECIALIZADA - Quantidade: 1
</procedimento>;N;;;N;Programada;18/09/2026 11:22:44;18/09/2026 00:00:00;18/09/2026 00:00:00;6min 25s;AVENIDA JARDEL FILHO, S/N, QD 575 LT 03 C1, JARDIM ATLANTICO OESTE (ITAIPUACU), MARICA-RJ, CEP: 24935080  - Tel: 21964075719;
DANIELE MARINS CORREA;False;;F;26/05/1983 00:00:00;43;700002696818902;Consulta Medica;VIVIANE VIEIRA FERREIRA DE ANDRADE; R10  - DOR ABDOMINAL E PELVICA;<procedimento>, CONSULTA MEDICA EM ATENCAO ESPECIALIZADA</procedimento><procedimento>, ULTRASSONOGRAFIA DE ABDOMEN TOTAL</procedimento>;<procedimento>  0205020046 - ULTRASSONOGRAFIA DE ABDOMEN TOTAL - Quantidade: 1
</procedimento><procedimento>  0301010072 - CONSULTA MEDICA EM ATENCAO ESPECIALIZADA - Quantidade: 1
</procedimento>;N;;;N;Programada;18/09/2026 11:34:05;18/09/2026 00:00:00;18/09/2026 00:00:00;2min 2s;RUA WILSON CESAR LEITE, 30, LT30QD01, SAO JOSE DO IMBASSAI, MARICA-RJ, CEP: 24930444  - Tel: 21997522781;
CENILZA CESAR DA COSTA;False;;F;10/10/1957 00:00:00;68;703000862491672;Procedimento;VERONICA NASCIMENTO DA COSTA;;<procedimento>, ESCUTA INICIAL / ORIENTACAO (ACOLHIMENTO A DEMANDA ESPONTANEA)</procedimento>;<procedimento>  0301040079 - ESCUTA INICIAL / ORIENTACAO (ACOLHIMENTO A DEMANDA ESPONTANEA) - Quantidade: 1
</procedimento>;;;;;Espontanea;18/09/2026 11:44:49;18/09/2026 00:00:00;18/09/2026 00:00:00;1min 6s;RUA GUARAPINA, S/N, BANANAL (PONTA NEGRA), MARICA-RJ, CEP: 24925470  - Tel: 21997016144;
IEDA MORAES SALDANHA;False;;F;27/05/1942 00:00:00;84;703400300166600;Procedimento;VERONICA NASCIMENTO DA COSTA;;<procedimento>, ESCUTA INICIAL / ORIENTACAO (ACOLHIMENTO A DEMANDA ESPONTANEA)</procedimento>;<procedimento>  0301040079 - ESCUTA INICIAL / ORIENTACAO (ACOLHIMENTO A DEMANDA ESPONTANEA) - Quantidade: 1
</procedimento>;;;;;Espontanea;18/09/2026 11:45:47;18/09/2026 00:00:00;18/09/2026 00:00:00;1min 7s;10ª RUA JOAQUIM EUGENIO SANTOS, 17, CS 03, MARICA, MARICA-RJ, CEP: 24901040  - Tel: 21972606246;
JACIRENE DA SILVA LIMA;False;;F;11/11/1965 00:00:00;60;709805060109292;Procedimento;VERONICA NASCIMENTO DA COSTA;;<procedimento>, ESCUTA INICIAL / ORIENTACAO (ACOLHIMENTO A DEMANDA ESPONTANEA)</procedimento>;<procedimento>  0301040079 - ESCUTA INICIAL / ORIENTACAO (ACOLHIMENTO A DEMANDA ESPONTANEA) - Quantidade: 1
</procedimento>;;;;;Espontanea;18/09/2026 11:46:44;18/09/2026 00:00:00;18/09/2026 00:00:00;1min 4s;RUA DONA LUCINDA ROSA GONCALVES, 03, ARACATIBA, MARICA-RJ, CEP: 24901890  - Tel: 21964185176;
PAULO SERGIO DOS SANTOS BARROS;False;;M;13/03/1972 00:00:00;54;704709784945534;Consulta de Enfermagem;MAURO BATISTA DE BARROS; T140 - TRAUMATISMO SUPERFICIAL DE REGIAO NAO ESPECIFICADA DO CORPO;<procedimento>, CONSULTA DE PROFISSIONAIS DE NIVEL SUPERIOR NA ATENCAO ESPECIALIZADA (EXCETO MEDICO)</procedimento><procedimento>, CURATIVO ESPECIAL</procedimento>;<procedimento>  0301010048 - CONSULTA DE PROFISSIONAIS DE NIVEL SUPERIOR NA ATENCAO ESPECIALIZADA (EXCETO MEDICO) - Quantidade: 1
</procedimento><procedimento>  0301100276 - CURATIVO ESPECIAL - Quantidade: 1
</procedimento>;N;;;N;Programada;18/09/2026 11:47:37;18/09/2026 00:00:00;18/09/2026 00:00:00;13min 7s;RUA DOS FLAMBOYANS, S/N, QD 24 LT 24, BARROCO (ITAIPUACU), MARICA-RJ, CEP: 24936330  - Tel: 41991815799;
MARCELO VAZ GUEDES;False;;M;22/01/1967 00:00:00;59;704703573454640;Procedimento;VERONICA NASCIMENTO DA COSTA;;<procedimento>, ESCUTA INICIAL / ORIENTACAO (ACOLHIMENTO A DEMANDA ESPONTANEA)</procedimento>;<procedimento>  0301040079 - ESCUTA INICIAL / ORIENTACAO (ACOLHIMENTO A DEMANDA ESPONTANEA) - Quantidade: 1
</procedimento>;;;;;Espontanea;18/09/2026 11:47:37;18/09/2026 00:00:00;18/09/2026 00:00:00;59s;RUA DOMICIO DA GAMA, S/N, CENTRO, MARICA-RJ, CEP: 24900815  - Tel: 21970237954;
MARLENE IZAIAS DE OLIVEIRA;False;;F;17/11/1964 00:00:00;61;708409229683767;Procedimento;VERONICA NASCIMENTO DA COSTA;;<procedimento>, ESCUTA INICIAL / ORIENTACAO (ACOLHIMENTO A DEMANDA ESPONTANEA)</procedimento>;<procedimento>  0301040079 - ESCUTA INICIAL / ORIENTACAO (ACOLHIMENTO A DEMANDA ESPONTANEA) - Quantidade: 1
</procedimento>;;;;;Espontanea;18/09/2026 11:48:36;18/09/2026 00:00:00;18/09/2026 00:00:00;50s;RUA PEDRO JOSE ALVES, 69, CASA 6, FLAMENGO, MARICA-RJ, CEP: 24903795  - Tel: 21998973416;
JAQUELINE STOLL MATTES;False;;F;01/03/1969 00:00:00;57;706406168767681;Procedimento;VERONICA NASCIMENTO DA COSTA;;<procedimento>, ESCUTA INICIAL / ORIENTACAO (ACOLHIMENTO A DEMANDA ESPONTANEA)</procedimento>;<procedimento>  0301040079 - ESCUTA INICIAL / ORIENTACAO (ACOLHIMENTO A DEMANDA ESPONTANEA) - Quantidade: 1
</procedimento>;;;;;Espontanea;18/09/2026 11:49:21;18/09/2026 00:00:00;18/09/2026 00:00:00;35s;ESTRADA DO RETIRO 1/99998, 1801, 144, RETIRO, MARICA-RJ, CEP: 24911850  - Tel: 53999404530;
ALBERTO MACHADO;False;;M;03/05/1977 00:00:00;49;708000828454922;Procedimento;VERONICA NASCIMENTO DA COSTA;;<procedimento>, ESCUTA INICIAL / ORIENTACAO (ACOLHIMENTO A DEMANDA ESPONTANEA)</procedimento>;<procedimento>  0301040079 - ESCUTA INICIAL / ORIENTACAO (ACOLHIMENTO A DEMANDA ESPONTANEA) - Quantidade: 1
</procedimento>;;;;;Espontanea;18/09/2026 11:50:04;18/09/2026 00:00:00;18/09/2026 00:00:00;19s;RUA ARARAS, 869, CASA 03, PARQUE NANCI, MARICA-RJ, CEP: 24914155  - Tel: 21981365707;
MANOEL XAVIER PINHEIRO;False;;M;04/10/1945 00:00:00;80;700506132407855;Procedimento;VERONICA NASCIMENTO DA COSTA;;<procedimento>, ESCUTA INICIAL / ORIENTACAO (ACOLHIMENTO A DEMANDA ESPONTANEA)</procedimento>;<procedimento>  0301040079 - ESCUTA INICIAL / ORIENTACAO (ACOLHIMENTO A DEMANDA ESPONTANEA) - Quantidade: 1
</procedimento>;;;;;Espontanea;18/09/2026 11:50:53;18/09/2026 00:00:00;18/09/2026 00:00:00;1min 8s;AVENIDA DOUTOR ANTONIO MARQUES MATHIAS, S/N, QD 319 LOTE 05, JARDIM ATLANTICO CENTRAL (ITAIPUACU), MARICA-RJ, CEP: 24934015  - Tel: 21995615835;
ELIAS PAULINO DE ALBUQUERQUE;False;;M;21/11/1962 00:00:00;63;706509368021499;Consulta c/ Ortopedista e Traumatologista;CESAR AUGUSTO MENDES LEITE NADALUTTI; M170 - GONARTROSE PRIMARIA BILATERAL;<procedimento>, CONSULTA MEDICA EM ATENCAO ESPECIALIZADA</procedimento>;<procedimento>  0301010072 - CONSULTA MEDICA EM ATENCAO ESPECIALIZADA - Quantidade: 1
</procedimento>;N;;;N;Programada;18/09/2026 11:51:01;18/09/2026 00:00:00;18/09/2026 00:00:00;6min 35s;RUA SESSENTA E UM, S/N, LOTE24QUADRA54, JARDIM INTERLAGOS (PONTA NEGRA), MARICA-RJ, CEP: 24917575  - Tel: 2124555764;
SANDRA FERREIRA BREVES;False;;F;05/03/1963 00:00:00;63;700002931213602;Procedimento;VERONICA NASCIMENTO DA COSTA;;<procedimento>, ESCUTA INICIAL / ORIENTACAO (ACOLHIMENTO A DEMANDA ESPONTANEA)</procedimento>;<procedimento>  0301040079 - ESCUTA INICIAL / ORIENTACAO (ACOLHIMENTO A DEMANDA ESPONTANEA) - Quantidade: 1
</procedimento>;;;;;Espontanea;18/09/2026 11:51:59;18/09/2026 00:00:00;18/09/2026 00:00:00;1min 14s;RUA NOSSA SENHORA APARECIDA, S/N, QD 5 LT 43, PRAIA DE ITAIPUACU (ITAIPUACU), MARICA-RJ, CEP: 24936740  - Tel: 21964179303;
JAQUELINE DA SILVA BASTOS;False;;F;24/10/1965 00:00:00;60;708209637486540;Procedimento;VERONICA NASCIMENTO DA COSTA;;<procedimento>, ESCUTA INICIAL / ORIENTACAO (ACOLHIMENTO A DEMANDA ESPONTANEA)</procedimento>;<procedimento>  0301040079 - ESCUTA INICIAL / ORIENTACAO (ACOLHIMENTO A DEMANDA ESPONTANEA) - Quantidade: 1
</procedimento>;;;;;Espontanea;18/09/2026 11:52:50;18/09/2026 00:00:00;18/09/2026 00:00:00;1min 5s;RUA JERONYMO MARQUES MONTEIRO, 221, APTO105, BARRA DE MARICA, MARICA-RJ, CEP: 24915420  - Tel: 21964239444;
JULIETA AMPARO FERNANDES RANGEL;False;;F;15/08/1961 00:00:00;65;700504790739953;Procedimento;VERONICA NASCIMENTO DA COSTA;;<procedimento>, ESCUTA INICIAL / ORIENTACAO (ACOLHIMENTO A DEMANDA ESPONTANEA)</procedimento>;<procedimento>  0301040079 - ESCUTA INICIAL / ORIENTACAO (ACOLHIMENTO A DEMANDA ESPONTANEA) - Quantidade: 1
</procedimento>;;;;;Espontanea;18/09/2026 11:53:36;18/09/2026 00:00:00;18/09/2026 00:00:00;51s;RUA JOAO ALVES DE MELO, S/N, LT 41 QD 02, SAO JOSE DO IMBASSAI, MARICA-RJ, CEP: 24930536  - Tel: 21971556742;
ADRIANA STEFANIE DOS SANTOS;False;;F;22/04/1993 00:00:00;33;703604094943432;Consulta c/ Ortopedista e Traumatologista;CESAR AUGUSTO MENDES LEITE NADALUTTI; M542 - CERVICALGIA;<procedimento>, CONSULTA MEDICA EM ATENCAO ESPECIALIZADA</procedimento>;<procedimento>  0301010072 - CONSULTA MEDICA EM ATENCAO ESPECIALIZADA - Quantidade: 1
</procedimento>;N;;;N;Programada;18/09/2026 11:57:49;18/09/2026 00:00:00;18/09/2026 00:00:00;5min 1s;RUA DOUGLAS MARQUES RIENTI, S/N, JARDIM ATLANTICO LESTE (ITAIPUACU), MARICA-RJ, CEP: 24933710  - Tel: 21991309709;
CRISTIANO CARVALHO ESTEVES;False;;M;14/06/1972 00:00:00;54;702105755705399;Consulta c/ Ortopedista e Traumatologista;CESAR AUGUSTO MENDES LEITE NADALUTTI; M255 - DOR ARTICULAR;<procedimento>, CONSULTA MEDICA EM ATENCAO ESPECIALIZADA</procedimento>;<procedimento>  0301010072 - CONSULTA MEDICA EM ATENCAO ESPECIALIZADA - Quantidade: 1
</procedimento>;N;;;N;Programada;18/09/2026 12:02:21;18/09/2026 00:00:00;18/09/2026 00:00:00;9min 30s;RUA VIRGILIO DA COSTA E SILVA, 138, BARRA DE MARICA, MARICA-RJ, CEP: 24915515  - Tel: 21992201061;
VICTOR PEREIRA DA SILVA GOMES;False;;M;22/07/2002 00:00:00;24;700000826390603;Procedimento;VERONICA NASCIMENTO DA COSTA;;<procedimento>, ESCUTA INICIAL / ORIENTACAO (ACOLHIMENTO A DEMANDA ESPONTANEA)</procedimento>;<procedimento>  0301040079 - ESCUTA INICIAL / ORIENTACAO (ACOLHIMENTO A DEMANDA ESPONTANEA) - Quantidade: 1
</procedimento>;;;;;Espontanea;18/09/2026 12:02:44;18/09/2026 00:00:00;18/09/2026 00:00:00;1min 4s;AVENIDA DOUTOR ANTONIO MARQUES MATHIAS, S/N, QD 558 LT 13, JARDIM ATLANTICO LESTE (ITAIPUACU), MARICA-RJ, CEP: 24933085  - Tel: 21989094865;
NORIVAL MIRANDA;False;;M;17/08/1962 00:00:00;64;700302920189133;Procedimento;MARCIA SEIXAS PEREIRA;;<procedimento>, CURATIVO ESPECIAL</procedimento>;<procedimento>  0301100276 - CURATIVO ESPECIAL - Quantidade: 1
</procedimento>;;;;;Espontanea;18/09/2026 12:04:41;18/09/2026 00:00:00;18/09/2026 00:00:00;1min 0s;RUA QUARENTA E TRES, S/N, QDA249 LT5, JARDIM ATLANTICO CENTRAL (ITAIPUACU), MARICA-RJ, CEP: 24934555  - Tel: 21987810577;
JOSE NUNES DO NASCIMENTO;False;;M;01/12/1949 00:00:00;76;700206942858423;Procedimento;MARCIA SEIXAS PEREIRA;;<procedimento>, CURATIVO ESPECIAL</procedimento>;<procedimento>  0301100276 - CURATIVO ESPECIAL - Quantidade: 1
</procedimento>;;;;;Espontanea;18/09/2026 12:07:35;18/09/2026 00:00:00;18/09/2026 00:00:00;2min 5s;RUA SETE, S/N, LT 1QD13, CORDEIRINHO (PONTA NEGRA), MARICA-RJ, CEP: 24921636  - Tel: 21996830872;
SONIA CRISTINA DO COUTO;False;;F;26/04/1971 00:00:00;55;702309102004818;Procedimento;MARCIA SEIXAS PEREIRA;;<procedimento>, CURATIVO ESPECIAL</procedimento>;<procedimento>  0301100276 - CURATIVO ESPECIAL - Quantidade: 1
</procedimento>;;;;;Espontanea;18/09/2026 12:09:35;18/09/2026 00:00:00;18/09/2026 00:00:00;1min 6s;RUA X, S/N, STE BL29 APT101, CHACARAS DE INOA (INOA), MARICA-RJ, CEP: 24940653  - Tel: 21972727468;
IRANI DA SILVA FERREIRA;False;;F;26/08/1953 00:00:00;73;704700720557837;Procedimento;MARCIA SEIXAS PEREIRA;;<procedimento>, CURATIVO ESPECIAL</procedimento>;<procedimento>  0301100276 - CURATIVO ESPECIAL - Quantidade: 1
</procedimento>;;;;;Espontanea;18/09/2026 12:11:04;18/09/2026 00:00:00;18/09/2026 00:00:00;40s;RUA DE JACONE, 18, CS, PONTA NEGRA, MARICA-RJ, CEP: 24900001  - Tel: 6133152425;
KEDIMA JESUS REIS;False;;F;08/07/1968 00:00:00;58;700508397987851;Consulta c/ Ortopedista e Traumatologista;CESAR AUGUSTO MENDES LEITE NADALUTTI; M544 - LUMBAGO COM CIATICA;<procedimento>, CONSULTA MEDICA EM ATENCAO ESPECIALIZADA</procedimento>;<procedimento>  0301010072 - CONSULTA MEDICA EM ATENCAO ESPECIALIZADA - Quantidade: 1
</procedimento>;N;;;N;Programada;18/09/2026 12:12:25;18/09/2026 00:00:00;18/09/2026 00:00:00;6min 4s;AVENIDA MAYSA, S/N, LT 01, PONTA NEGRA (PONTA NEGRA), MARICA-RJ, CEP: 24922030  - Tel: 21996058718;
ANA MARIA DO COUTO;False;;F;28/10/1973 00:00:00;52;700706987168472;Procedimento;MARCIA SEIXAS PEREIRA;;<procedimento>, CURATIVO ESPECIAL</procedimento>;<procedimento>  0301100276 - CURATIVO ESPECIAL - Quantidade: 1
</procedimento>;;;;;Espontanea;18/09/2026 12:12:00;18/09/2026 00:00:00;18/09/2026 00:00:00;31s;RUA FERNANDO MENDES, 87, INOA (INOA), MARICA-RJ, CEP: 24942250  - Tel: 21977030547;
ARGEU MARTINS CARLOS;False;;M;11/08/1947 00:00:00;79;706204568696269;Procedimento;MARCIA SEIXAS PEREIRA;;<procedimento>, CURATIVO ESPECIAL</procedimento>;<procedimento>  0301100276 - CURATIVO ESPECIAL - Quantidade: 1
</procedimento>;;;;;Espontanea;18/09/2026 12:12:57;18/09/2026 00:00:00;18/09/2026 00:00:00;1min 34s;RUA ALMERINDA PEREIRA DA ROSA, 36, INOA (INOA), MARICA-RJ, CEP: 24942155  - Tel: 2126361576;
PAULO SERGIO DOS SANTOS BARROS;False;;M;13/03/1972 00:00:00;54;704709784945534;Procedimento;MARCIA SEIXAS PEREIRA;;<procedimento>, CURATIVO ESPECIAL</procedimento>;<procedimento>  0301100276 - CURATIVO ESPECIAL - Quantidade: 1
</procedimento>;;;;;Espontanea;18/09/2026 12:14:24;18/09/2026 00:00:00;18/09/2026 00:00:00;51s;RUA DOS FLAMBOYANS, S/N, QD 24 LT 24, BARROCO (ITAIPUACU), MARICA-RJ, CEP: 24936330  - Tel: 41991815799;
SILVIA DE OLIVEIRA;False;;F;28/03/1971 00:00:00;55;708609504416785;Procedimento;SERGIO RICARDO DUARTE MOUTINHO;;<procedimento>, TESTE DE ESFORCO / TESTE ERGOMETRICO</procedimento>;<procedimento>  0211020060 - TESTE DE ESFORCO / TESTE ERGOMETRICO - Quantidade: 1
</procedimento>;;;;;Espontanea;18/09/2026 12:19:44;18/09/2026 00:00:00;18/09/2026 00:00:00;1min 32s;RUA DERCY GONCALVES, 161, SAO JOSE DO IMBASSAI, MARICA-RJ, CEP: 24930108  - Tel: 21997810364;
LETICIA MARQUES DE OLIVEIRA;False;;F;01/07/1998 00:00:00;28;700501194936857;Procedimento;SERGIO RICARDO DUARTE MOUTINHO;;<procedimento>, TESTE DE ESFORCO / TESTE ERGOMETRICO</procedimento>;<procedimento>  0211020060 - TESTE DE ESFORCO / TESTE ERGOMETRICO - Quantidade: 1
</procedimento>;;;;;Espontanea;18/09/2026 12:20:53;18/09/2026 00:00:00;18/09/2026 00:00:00;1min 2s;RUA CINQUENTA E NOVE, 8, lote 12, quadra 13, BALNEARIO BAMBUI (PONTA NEGRA), MARICA-RJ, CEP: 24920445  - Tel: 21981531348;
GERALDO SARDINHA GOMES;False;;M;20/07/1951 00:00:00;75;703000808618473;Procedimento;SERGIO RICARDO DUARTE MOUTINHO;;<procedimento>, TESTE DE ESFORCO / TESTE ERGOMETRICO</procedimento>;<procedimento>  0211020060 - TESTE DE ESFORCO / TESTE ERGOMETRICO - Quantidade: 1
</procedimento>;;;;;Espontanea;18/09/2026 12:21:45;18/09/2026 00:00:00;18/09/2026 00:00:00;53s;RUA ELIETE ROCHA SANTOS, 01, LT 09 QD 110, ARACATIBA, MARICA-RJ, CEP: 24902165  - Tel: 2199656517;
SEBASTIAO FRANCISCO MAROTO;False;;M;03/12/1957 00:00:00;68;707806614045312;Procedimento;SERGIO RICARDO DUARTE MOUTINHO;;<procedimento>, TESTE DE ESFORCO / TESTE ERGOMETRICO</procedimento>;<procedimento>  0211020060 - TESTE DE ESFORCO / TESTE ERGOMETRICO - Quantidade: 1
</procedimento>;;;;;Espontanea;18/09/2026 12:21:24;18/09/2026 00:00:00;18/09/2026 00:00:00;32s;RUA MARIO SANTORO, 22, QD N, CAJUEIROS (ITAIPUACU), MARICA-RJ, CEP: 24932110  - Tel: 21969541160;
SONIA MARIA CARDOSO SERRA;False;;F;20/06/1969 00:00:00;57;702603707702842;Consulta c/ Cirurgiao Geral;JOSE ROBERTO BARQUETTE; K805 - CALCULOSE DE VIA BILIAR SEM COLANGITE OU COLECISTITE;<procedimento>, CONSULTA MEDICA EM ATENCAO ESPECIALIZADA</procedimento>;<procedimento>  0301010072 - CONSULTA MEDICA EM ATENCAO ESPECIALIZADA - Quantidade: 1
</procedimento>;S;DOSAGEM DE PROTEINAS (URINA DE 24 HORAS)
DOSAGEM DE UREIA
DOSAGEM DE TIROXINA (T4)
DOSAGEM DE TIROXINA LIVRE (T4 LIVRE)
DETERMINACAO DE CURVA GLICEMICA (2 DOSAGENS)
COLANGIOPANCREATOGRAFIA RETROGRADA (VIA ENDOSCOPICA)
DOSAGEM DE GLICOSE
DOSAGEM DE HORMONIO TIREOESTIMULANTE (TSH)
DOSAGEM DE BILIRRUBINA TOTAL E FRACOES
DOSAGEM DE TRANSAMINASE GLUTAMICO-OXALACETICA (TGO)
DOSAGEM DE CREATININA
DOSAGEM DE TRIIODOTIRONINA (T3)
DOSAGEM DE HEMOGLOBINA GLICOSILADA
DOSAGEM DE TRANSAMINASE GLUTAMICO-PIRUVICA (TGP)
ELETROFORESE DE PROTEINAS
;;N;Programada;18/09/2026 12:46:51;18/09/2026 00:00:00;18/09/2026 00:00:00;47min 22s;RUA LINDOIA, S/N, L 04 Q 05, PINDOBAL (PONTA NEGRA), MARICA-RJ, CEP: 24919755  - Tel: 21965614987;
ANDREA DE SOUZA BENTO;False;;F;20/05/1975 00:00:00;51;702101724025198;Procedimento;RENATO ROQUE DE ANDRADE;;<procedimento>, MAMOGRAFIA BILATERAL PARA RASTREAMENTO</procedimento>;<procedimento>  0204030188 - MAMOGRAFIA BILATERAL PARA RASTREAMENTO - Quantidade: 1
</procedimento>;;;;;Espontanea;18/09/2026 16:01:19;18/09/2026 00:00:00;18/09/2026 00:00:00;0s;RUA MARIO PEDRO DA SILVA QUADRA K, S/N, LOTE 18, FLAMENGO, MARICA-RJ, CEP: 24903780  - Tel: 21996740436;
CARINI DE LIMA FRAZAO;False;;F;02/06/1989 00:00:00;37;709604620231374;Procedimento;RENATO ROQUE DE ANDRADE;;<procedimento>, MAMOGRAFIA BILATERAL PARA RASTREAMENTO</procedimento>;<procedimento>  0204030188 - MAMOGRAFIA BILATERAL PARA RASTREAMENTO - Quantidade: 1
</procedimento>;;;;;Espontanea;18/09/2026 16:15:09;18/09/2026 00:00:00;18/09/2026 00:00:00;0s;RUA IVONE DOS SANTOS CARDOSO, S/N, LT3 QD19 CS2, ITAPEBA, MARICA-RJ, CEP: 24913000  - Tel: 21979868298;
DOZOLINA SILOTE DA SILVA;False;;F;09/05/1945 00:00:00;81;702604705506648;Procedimento;SERGIO RICARDO DUARTE MOUTINHO;;<procedimento>, MONITORIZACAO AMBULATORIAL DE PRESSAO ARTERIAL (M A P A)</procedimento>;<procedimento>  0211020052 - MONITORIZACAO AMBULATORIAL DE PRESSAO ARTERIAL (M A P A) - Quantidade: 1
</procedimento>;;;;;Espontanea;18/09/2026 15:40:23;18/09/2026 00:00:00;18/09/2026 00:00:00;0s;RUA MOACIR VALLE DOS SANTOS, S/N, PONTA NEGRA, MARICA-RJ, CEP: 24922320  - Tel: 21965262321;
ELZA RIBEIRO DA ROSA;False;;F;13/07/1983 00:00:00;43;700003497389204;Procedimento;RENATO ROQUE DE ANDRADE;;<procedimento>, MAMOGRAFIA BILATERAL PARA RASTREAMENTO</procedimento>;<procedimento>  0204030188 - MAMOGRAFIA BILATERAL PARA RASTREAMENTO - Quantidade: 1
</procedimento>;;;;;Espontanea;18/09/2026 15:59:00;18/09/2026 00:00:00;18/09/2026 00:00:00;0s;RUA VEREADOR LUIZ ANTONIO DA CUNHA, S/N, LT 176, FLAMENGO, MARICA-RJ, CEP: 24903470  - Tel: 21995235748;
EUCLENIR MAGALHAES PEREIRA;False;;F;19/06/1954 00:00:00;72;704005823399763;Procedimento;RENATO ROQUE DE ANDRADE;;<procedimento>, MAMOGRAFIA BILATERAL PARA RASTREAMENTO</procedimento>;<procedimento>  0204030188 - MAMOGRAFIA BILATERAL PARA RASTREAMENTO - Quantidade: 1
</procedimento>;;;;;Espontanea;18/09/2026 16:03:02;18/09/2026 00:00:00;18/09/2026 00:00:00;0s;RUA PASTOR ALCIONE SOBRAL, 48, ITAPEBA, MARICA-RJ, CEP: 24912205  - Tel: 21991925930;
FABIO ALVES DE MELO;False;;M;27/08/1982 00:00:00;44;705008040756559;Procedimento;SERGIO RICARDO DUARTE MOUTINHO;;<procedimento>, MONITORIZACAO AMBULATORIAL DE PRESSAO ARTERIAL (M A P A)</procedimento>;<procedimento>  0211020052 - MONITORIZACAO AMBULATORIAL DE PRESSAO ARTERIAL (M A P A) - Quantidade: 1
</procedimento>;;;;;Espontanea;18/09/2026 15:42:38;18/09/2026 00:00:00;18/09/2026 00:00:00;0s;RUA TRINTA E DOIS, S/N, QD 36 LT 11B, INOA (INOA), MARICA-RJ, CEP: 24943025  - Tel: 21984884484;
LEYDE LAURA BRITO DA CONCEICAO MILAGRES;False;;F;14/02/1979 00:00:00;47;708002875128523;Procedimento;RENATO ROQUE DE ANDRADE;;<procedimento>, MAMOGRAFIA BILATERAL PARA RASTREAMENTO</procedimento>;<procedimento>  0204030188 - MAMOGRAFIA BILATERAL PARA RASTREAMENTO - Quantidade: 1
</procedimento>;;;;;Espontanea;18/09/2026 16:04:37;18/09/2026 00:00:00;18/09/2026 00:00:00;0s;RUA CINQUENTA, S/N, QD 176 LT 38, JARDIM ATLANTICO CENTRAL (ITAIPUACU), MARICA-RJ, CEP: 24934565  - Tel: 21964829796;
LEYDE LAURA BRITO DA CONCEICAO MILAGRES;False;;F;14/02/1979 00:00:00;47;708002875128523;Procedimento;RENATO ROQUE DE ANDRADE;;<procedimento>, MAMOGRAFIA BILATERAL PARA RASTREAMENTO</procedimento>;<procedimento>  0204030188 - MAMOGRAFIA BILATERAL PARA RASTREAMENTO - Quantidade: 1
</procedimento>;;;;;Espontanea;18/09/2026 16:07:31;18/09/2026 00:00:00;18/09/2026 00:00:00;0s;RUA CINQUENTA, S/N, QD 176 LT 38, JARDIM ATLANTICO CENTRAL (ITAIPUACU), MARICA-RJ, CEP: 24934565  - Tel: 21964829796;
LUCIANE DOS SANTOS MENEZES DE OLIVEIRA;False;;F;26/07/1982 00:00:00;44;705801430007832;Procedimento;RENATO ROQUE DE ANDRADE;;<procedimento>, MAMOGRAFIA BILATERAL PARA RASTREAMENTO</procedimento>;<procedimento>  0204030188 - MAMOGRAFIA BILATERAL PARA RASTREAMENTO - Quantidade: 1
</procedimento>;;;;;Espontanea;18/09/2026 16:09:33;18/09/2026 00:00:00;18/09/2026 00:00:00;0s;RUA ERNANDE MUNIZ ANDRADE, S/N, 16 QD A, FLAMENGO, MARICA-RJ, CEP: 24903630  - Tel: 21971287946;
LUIZA DE FATIMA DA SILVA CANDIDO;False;;F;01/12/1960 00:00:00;65;707801695078912;Procedimento;RENATO ROQUE DE ANDRADE;;<procedimento>, MAMOGRAFIA BILATERAL PARA RASTREAMENTO</procedimento>;<procedimento>  0204030188 - MAMOGRAFIA BILATERAL PARA RASTREAMENTO - Quantidade: 1
</procedimento>;;;;;Espontanea;18/09/2026 16:11:18;18/09/2026 00:00:00;18/09/2026 00:00:00;0s;RUA SESSENTA E OITO, S/N, LT 61 QD 57, JACAROA, MARICA-RJ, CEP: 24902795  - Tel: 21993599490;
MARCOS SOUSA DOS SANTOS;False;;M;19/05/1970 00:00:00;56;702304180347510;Procedimento;SERGIO RICARDO DUARTE MOUTINHO;;<procedimento>, MONITORAMENTO PELO SISTEMA HOLTER 24 HS (3 CANAIS)</procedimento>;<procedimento>  0211020044 - MONITORAMENTO PELO SISTEMA HOLTER 24 HS (3 CANAIS) - Quantidade: 1
</procedimento>;;;;;Espontanea;18/09/2026 15:44:23;18/09/2026 00:00:00;18/09/2026 00:00:00;0s;AVENIDA REGINALDO ZEIDAN 1/99998, S/N, LOTE4QUADRA140C, CORDEIRINHO (PONTA NEGRA), MARICA-RJ, CEP: 24921324  - Tel: 21971613847;
MARIA JOSELITA NEVES VERISSIMO;False;;F;10/02/1945 00:00:00;81;700800465937087;Procedimento;SERGIO RICARDO DUARTE MOUTINHO;;<procedimento>, MONITORIZACAO AMBULATORIAL DE PRESSAO ARTERIAL (M A P A)</procedimento>;<procedimento>  0211020052 - MONITORIZACAO AMBULATORIAL DE PRESSAO ARTERIAL (M A P A) - Quantidade: 1
</procedimento>;;;;;Espontanea;18/09/2026 15:41:45;18/09/2026 00:00:00;18/09/2026 00:00:00;0s;RUA QUARENTA E TRES, S/N, QUADRA 34 LOTE, BALNEARIO BAMBUI (PONTA NEGRA), MARICA-RJ, CEP: 24920635  - Tel: 21965042366;
MARLENE DE SOUZA LIMA;False;;F;17/02/1956 00:00:00;70;704005187153770;Procedimento;RENATO ROQUE DE ANDRADE;;<procedimento>, MAMOGRAFIA BILATERAL PARA RASTREAMENTO</procedimento>;<procedimento>  0204030188 - MAMOGRAFIA BILATERAL PARA RASTREAMENTO - Quantidade: 1
</procedimento>;;;;;Espontanea;18/09/2026 16:13:03;18/09/2026 00:00:00;18/09/2026 00:00:00;0s;RUA PIONEIRO, S/N, QD 175 LT 09, JARDIM ATLANTICO CENTRAL (ITAIPUACU), MARICA-RJ, CEP: 24934570  - Tel: 2134485440;
VIVIAN MARIA DA SILVA;False;;F;22/08/1981 00:00:00;45;708600026459285;Procedimento;RENATO ROQUE DE ANDRADE;;<procedimento>, MAMOGRAFIA BILATERAL PARA RASTREAMENTO</procedimento>;<procedimento>  0204030188 - MAMOGRAFIA BILATERAL PARA RASTREAMENTO - Quantidade: 1
</procedimento>;;;;;Espontanea;18/09/2026 16:16:56;18/09/2026 00:00:00;18/09/2026 00:00:00;0s;AVENIDA DOUTOR ANTONIO MARQUES MATHIAS, S/N, QD 170 LT 04 AP, JARDIM ATLANTICO CENTRAL (ITAIPUACU), MARICA-RJ, CEP: 24934260  - Tel: 21980702923;
PATRICIA CAMARGO CHAGAS;False;;F;20/04/1977 00:00:00;49;700007780192304;Consulta c/ Cirurgiao Geral;JOSE ROBERTO BARQUETTE; K801 - CALCULOSE DA VESICULA BILIAR COM OUTRAS FORMAS DE COLECISTITE;<procedimento>, CONSULTA MEDICA EM ATENCAO ESPECIALIZADA</procedimento>;<procedimento>  0301010072 - CONSULTA MEDICA EM ATENCAO ESPECIALIZADA - Quantidade: 1
</procedimento>;N;;;N;Programada;18/09/2026 13:10:10;18/09/2026 00:00:00;18/09/2026 00:00:00;8min 11s;RUA PARK WAY, S/N, LT  QD, BALNEARIO BAMBUI (PONTA NEGRA), MARICA-RJ, CEP: 24920687  - Tel: 21969116357;
MAYARA DE FREITAS CARDOSO;False;;F;19/05/2009 00:00:00;17;898004622812861;Consulta Medica;VIVIANE VIEIRA FERREIRA DE ANDRADE; R30  - DOR ASSOCIADA A MICCAO;<procedimento>, CONSULTA MEDICA EM ATENCAO ESPECIALIZADA</procedimento><procedimento>, ULTRASSONOGRAFIA DE APARELHO URINARIO</procedimento>;<procedimento>  0205020054 - ULTRASSONOGRAFIA DE APARELHO URINARIO - Quantidade: 1
</procedimento><procedimento>  0301010072 - CONSULTA MEDICA EM ATENCAO ESPECIALIZADA - Quantidade: 1
</procedimento>;N;;;N;Programada;18/09/2026 13:17:52;18/09/2026 00:00:00;18/09/2026 00:00:00;5min 3s;RUA ITAUNAS, S/N, LOTE 13 QD 07 CASA 1, SAO JOSE DO IMBASSAI, MARICA-RJ, CEP: 24931160  - Tel: 6133152425;
MARIA EDUARDA DA SILVA PEREIRA;False;;F;11/01/2005 00:00:00;21;705002644209256;Consulta c/ Cirurgiao Geral;JOSE ROBERTO BARQUETTE; K801 - CALCULOSE DA VESICULA BILIAR COM OUTRAS FORMAS DE COLECISTITE;<procedimento>, CONSULTA MEDICA EM ATENCAO ESPECIALIZADA</procedimento>;<procedimento>  0301010072 - CONSULTA MEDICA EM ATENCAO ESPECIALIZADA - Quantidade: 1
</procedimento>;N;;;N;Programada;18/09/2026 13:19:35;18/09/2026 00:00:00;18/09/2026 00:00:00;22min 57s;RUA LEONARDO JOSE ANTUNES, S/N, STA BL19 AP002, INOA (INOA), MARICA-RJ, CEP: 24943255  - Tel: 21968110682;
LUIS ALBERTO DANTAS;False;;M;20/11/1955 00:00:00;70;898006160577036;Consulta Medica;VIVIANE VIEIRA FERREIRA DE ANDRADE; I10  - HIPERTENSAO ESSENCIAL (PRIMARIA);<procedimento>, CONSULTA MEDICA EM ATENCAO ESPECIALIZADA</procedimento>;<procedimento>  0301010072 - CONSULTA MEDICA EM ATENCAO ESPECIALIZADA - Quantidade: 1
</procedimento>;N;;;N;Programada;18/09/2026 13:22:13;18/09/2026 00:00:00;18/09/2026 00:00:00;11min 51s;RUA QUARENTA E UM, S/N, LOTE 5 QD178, JARDIM ATLANTICO CENTRAL (ITAIPUACU), MARICA-RJ, CEP: 24934545  - Tel: 21978858045;
ROSANIA VIEIRA DOS SANTOS;False;;F;11/09/1967 00:00:00;59;702906503494974;Consulta de Enfermagem;MAURO BATISTA DE BARROS; T140 - TRAUMATISMO SUPERFICIAL DE REGIAO NAO ESPECIFICADA DO CORPO;<procedimento>, CONSULTA DE PROFISSIONAIS DE NIVEL SUPERIOR NA ATENCAO ESPECIALIZADA (EXCETO MEDICO)</procedimento><procedimento>, CURATIVO ESPECIAL</procedimento>;<procedimento>  0301010048 - CONSULTA DE PROFISSIONAIS DE NIVEL SUPERIOR NA ATENCAO ESPECIALIZADA (EXCETO MEDICO) - Quantidade: 1
</procedimento><procedimento>  0301100276 - CURATIVO ESPECIAL - Quantidade: 1
</procedimento>;N;;;N;Programada;18/09/2026 13:30:19;18/09/2026 00:00:00;18/09/2026 00:00:00;46min 37s;RUA DAS ACACIAS, LOTE 09, QUADRA 34, CENTRO, MARICA-RJ, CEP: 24900001  - Tel: 21971986295;
ELZI DE PAULA RAMOS MELLO;False;;F;07/08/1948 00:00:00;78;705000862836153;Consulta c/ Ortopedista e Traumatologista;CESAR AUGUSTO MENDES LEITE NADALUTTI; M255 - DOR ARTICULAR;<procedimento>, CONSULTA MEDICA EM ATENCAO ESPECIALIZADA</procedimento>;<procedimento>  0301010072 - CONSULTA MEDICA EM ATENCAO ESPECIALIZADA - Quantidade: 1
</procedimento>;N;;;N;Programada;18/09/2026 13:31:20;18/09/2026 00:00:00;18/09/2026 00:00:00;51s;RUA ANGELINA GRICOLLI DE SOUZA, S/N, LOTE 9 QD 214, BAMBUI, MARICA-RJ, CEP: 24921235  - Tel: 21982469735;
PAULO SERGIO GOULART;False;;M;09/09/1961 00:00:00;65;705609488334215;Consulta c/ Ortopedista e Traumatologista;CESAR AUGUSTO MENDES LEITE NADALUTTI; M751 - SINDROME DO MANGUITO ROTADOR;<procedimento>, CONSULTA MEDICA EM ATENCAO ESPECIALIZADA</procedimento>;<procedimento>  0301010072 - CONSULTA MEDICA EM ATENCAO ESPECIALIZADA - Quantidade: 1
</procedimento>;N;;;N;Programada;18/09/2026 13:31:59;18/09/2026 00:00:00;18/09/2026 00:00:00;8min 18s;RUA VITOR CONCEICAO, 102, ARACATIBA, MARICA-RJ, CEP: 24901445  - Tel: 21967226115;
VICTOR DAMASCENO PIMENTEL GUIMARO;False;;M;17/11/2000 00:00:00;25;700603918506761;Consulta Medica;VIVIANE VIEIRA FERREIRA DE ANDRADE; R32  - INCONTINENCIA URINARIA NAO ESPECIFICADA;<procedimento>, CONSULTA MEDICA EM ATENCAO ESPECIALIZADA</procedimento><procedimento>, ULTRASSONOGRAFIA DE APARELHO URINARIO</procedimento>;<procedimento>  0205020054 - ULTRASSONOGRAFIA DE APARELHO URINARIO - Quantidade: 1
</procedimento><procedimento>  0301010072 - CONSULTA MEDICA EM ATENCAO ESPECIALIZADA - Quantidade: 1
</procedimento>;N;;;N;Programada;18/09/2026 13:31:43;18/09/2026 00:00:00;18/09/2026 00:00:00;1min 39s;RUA DOZE, S/N, PONTA NEGRA, MARICA-RJ, CEP: 24900000  - Tel: 6133152425;
HELIO RICARDO NUNES DE CARVALHO;False;;M;07/03/1967 00:00:00;59;705605447312418;Consulta c/ Ortopedista e Traumatologista;PALMERIO NEVES DE SOUZA NETO; M17  - GONARTROSE (ARTROSE DO JOELHO);<procedimento>, CONSULTA MEDICA EM ATENCAO ESPECIALIZADA</procedimento>;<procedimento>  0301010072 - CONSULTA MEDICA EM ATENCAO ESPECIALIZADA - Quantidade: 1
</procedimento>;N;;;N;Programada;18/09/2026 13:34:23;18/09/2026 00:00:00;18/09/2026 00:00:00;11min 30s;RUA THOMAS DA CUNHA, S/N, LT 2 QD A, SAO JOSE DO IMBASSAI, MARICA-RJ, CEP: 24930480  - Tel: 22999593537;
MARCELHA VIEIRA DA SILVA;False;;F;02/10/1943 00:00:00;82;708008325756624;Consulta Medica;VIVIANE VIEIRA FERREIRA DE ANDRADE; N328 - OUTROS TRANSTORNOS ESPECIFICADOS DA BEXIGA;<procedimento>, CONSULTA MEDICA EM ATENCAO ESPECIALIZADA</procedimento><procedimento>, ULTRASSONOGRAFIA DE APARELHO URINARIO</procedimento>;<procedimento>  0205020054 - ULTRASSONOGRAFIA DE APARELHO URINARIO - Quantidade: 1
</procedimento><procedimento>  0301010072 - CONSULTA MEDICA EM ATENCAO ESPECIALIZADA - Quantidade: 1
</procedimento>;N;;;N;Programada;18/09/2026 13:34:10;18/09/2026 00:00:00;18/09/2026 00:00:00;59s;RUA QUARENTA E SEIS QUADRA 141/145, S/N, LT 10 QD 144, JARDIM ATLANTICO, MARICA-RJ, CEP: 24934330  - Tel: 21987491613;
FATIMA MARIA RAIMUNDO DA SILVA;False;;F;23/09/1972 00:00:00;53;701408639843332;Consulta Medica;VIVIANE VIEIRA FERREIRA DE ANDRADE; R32  - INCONTINENCIA URINARIA NAO ESPECIFICADA;<procedimento>, CONSULTA MEDICA EM ATENCAO ESPECIALIZADA</procedimento><procedimento>, ULTRASSONOGRAFIA DE APARELHO URINARIO</procedimento>;<procedimento>  0205020054 - ULTRASSONOGRAFIA DE APARELHO URINARIO - Quantidade: 1
</procedimento><procedimento>  0301010072 - CONSULTA MEDICA EM ATENCAO ESPECIALIZADA - Quantidade: 1
</procedimento>;N;;;N;Programada;18/09/2026 13:36:47;18/09/2026 00:00:00;18/09/2026 00:00:00;1min 45s;RUA THEODORO JOSE DE MARINS, 10, ZACARIAS, MARICA-RJ, CEP: 24915140  - Tel: 21976837166;
EDVALDO MANOEL DA SILVA;False;;M;11/06/1961 00:00:00;65;700003376310003;Consulta c/ Ortopedista e Traumatologista;CESAR AUGUSTO MENDES LEITE NADALUTTI; M233 - OUTROS TRANSTORNOS DO MENISCO;<procedimento>, CONSULTA MEDICA EM ATENCAO ESPECIALIZADA</procedimento>;<procedimento>  0301010072 - CONSULTA MEDICA EM ATENCAO ESPECIALIZADA - Quantidade: 1
</procedimento>;N;;;N;Programada;18/09/2026 13:39:30;18/09/2026 00:00:00;18/09/2026 00:00:00;9min 23s;RUA DA PAZ, S/N, QD 127 LT 27, JARDIM ATLANTICO CENTRAL (ITAIPUACU), MARICA-RJ, CEP: 24934620  - Tel: 21986272745;
ADRIANA ABRANTES DA SILVA BRITO;False;;F;16/01/1976 00:00:00;50;700801988910487;Consulta Medica;VIVIANE VIEIRA FERREIRA DE ANDRADE; Z00  - EXAME GERAL E INVESTIGACAO DE PESSOAS SEM QUEIXAS OU DIAGNOSTICO RELATADO;<procedimento>, CONSULTA MEDICA EM ATENCAO ESPECIALIZADA</procedimento><procedimento>, ULTRASSONOGRAFIA DE APARELHO URINARIO</procedimento>;<procedimento>  0205020054 - ULTRASSONOGRAFIA DE APARELHO URINARIO - Quantidade: 1
</procedimento><procedimento>  0301010072 - CONSULTA MEDICA EM ATENCAO ESPECIALIZADA - Quantidade: 1
</procedimento>;N;;;N;Programada;18/09/2026 13:39:31;18/09/2026 00:00:00;18/09/2026 00:00:00;2min 44s;RUA NOVENTA, S/N, LT 11 QD 133, BAMBUI, MARICA-RJ, CEP: 24920845  - Tel: 21998928606;
CARMEN LUCIA DE SOUZA;False;;F;25/07/1955 00:00:00;71;700508992268459;Consulta c/ Cirurgiao Geral;JOSE ROBERTO BARQUETTE; K802 - CALCULOSE DA VESICULA BILIAR SEM COLECISTITE;<procedimento>, CONSULTA MEDICA EM ATENCAO ESPECIALIZADA</procedimento>;<procedimento>  0301010072 - CONSULTA MEDICA EM ATENCAO ESPECIALIZADA - Quantidade: 1
</procedimento>;N;;;N;Programada;18/09/2026 13:44:05;18/09/2026 00:00:00;18/09/2026 00:00:00;4min 37s;AVENIDA HENRIQUETA RIOS ROSA, S/N, QD 365 LT 36, JARDIM ATLANTICO LESTE (ITAIPUACU), MARICA-RJ, CEP: 24933595  - Tel: 21981980542;
GABRIELLA DE SOUZA CARVALHO;False;;F;28/10/2011 00:00:00;14;705007253642959;Consulta c/ Ortopedista e Traumatologista;PALMERIO NEVES DE SOUZA NETO; M41  - ESCOLIOSE;<procedimento>, CONSULTA MEDICA EM ATENCAO ESPECIALIZADA</procedimento>;<procedimento>  0301010072 - CONSULTA MEDICA EM ATENCAO ESPECIALIZADA - Quantidade: 1
</procedimento>;N;;;N;Programada;18/09/2026 13:45:47;18/09/2026 00:00:00;18/09/2026 00:00:00;20min 2s;RUA QUARENTA E SEIS, 44, 137QD, JARDIM ATLANTICO CENTRAL (ITAIPUACU), MARICA-RJ, CEP: 24934605  - Tel: 21964349501;
VALERIA FERNANDES DO CARMO;False;;F;24/08/1953 00:00:00;73;700401461439648;Consulta Medica;VIVIANE VIEIRA FERREIRA DE ANDRADE; E119 - DIABETES MELLITUS NAO-INSULINO-DEPENDENTE - SEM COMPLICACOES;<procedimento>, CONSULTA MEDICA EM ATENCAO ESPECIALIZADA</procedimento><procedimento>, ULTRASSONOGRAFIA DE APARELHO URINARIO</procedimento>;<procedimento>  0205020054 - ULTRASSONOGRAFIA DE APARELHO URINARIO - Quantidade: 1
</procedimento><procedimento>  0301010072 - CONSULTA MEDICA EM ATENCAO ESPECIALIZADA - Quantidade: 1
</procedimento>;N;;;N;Programada;18/09/2026 13:46:25;18/09/2026 00:00:00;18/09/2026 00:00:00;1min 11s;RUA T, 533, CS4, CHACARAS DE INOA (INOA), MARICA-RJ, CEP: 24940600  - Tel: 21974758857;
DAISY LUCI MENDES SILVA AGUIAR;False;;F;02/01/1979 00:00:00;47;704202242452482;Consulta c/ Ortopedista e Traumatologista;CESAR AUGUSTO MENDES LEITE NADALUTTI; M255 - DOR ARTICULAR, M544 - LUMBAGO COM CIATICA;<procedimento>, CONSULTA MEDICA EM ATENCAO ESPECIALIZADA</procedimento>;<procedimento>  0301010072 - CONSULTA MEDICA EM ATENCAO ESPECIALIZADA - Quantidade: 1
</procedimento>;S;DENSITOMETRIA OSSEA DUO-ENERGETICA DE COLUNA (VERTEBRAS LOMBARES E/OU FEMUR)
;;N;Programada;18/09/2026 13:48:31;18/09/2026 00:00:00;18/09/2026 00:00:00;1h 0min 40s;RUA ITAPEVA, S/N, LT 10  QD 05, SAO JOSE DO IMBASSAI, MARICA-RJ, CEP: 24931110  - Tel: 21972705146;
FABIANA LUIZ DE DEUS;False;;F;02/06/1989 00:00:00;37;706407330286990;Consulta c/ Cirurgiao Geral;JOSE ROBERTO BARQUETTE; K429 - HERNIA UMBILICAL SEM OBSTRUCAO OU GANGRENA;<procedimento>, CONSULTA MEDICA EM ATENCAO ESPECIALIZADA</procedimento>;<procedimento>  0301010072 - CONSULTA MEDICA EM ATENCAO ESPECIALIZADA - Quantidade: 1
</procedimento>;N;;;N;Programada;18/09/2026 13:49:34;18/09/2026 00:00:00;18/09/2026 00:00:00;17min 50s;RUA SESSENTA, S/N, LT 14, JACAROA, MARICA-RJ, CEP: 24902831  - Tel: 21996411895;
VINICIUS DA SILVA LEITE;False;;M;08/02/1992 00:00:00;34;706009304545246;Consulta Medica;VIVIANE VIEIRA FERREIRA DE ANDRADE; R31  - HEMATURIA NAO ESPECIFICADA;<procedimento>, CONSULTA MEDICA EM ATENCAO ESPECIALIZADA</procedimento><procedimento>, ULTRASSONOGRAFIA DE APARELHO URINARIO</procedimento>;<procedimento>  0205020054 - ULTRASSONOGRAFIA DE APARELHO URINARIO - Quantidade: 1
</procedimento><procedimento>  0301010072 - CONSULTA MEDICA EM ATENCAO ESPECIALIZADA - Quantidade: 1
</procedimento>;N;;;N;Programada;18/09/2026 13:53:18;18/09/2026 00:00:00;18/09/2026 00:00:00;1min 2s;RUA CINQUENTA E NOVE, S/N, BALNEARIO BAMBUI (PONTA NEGRA), MARICA-RJ, CEP: 24920445  - Tel: 21996724831;
OZIEL ALVES LIRIO;False;;M;11/01/1945 00:00:00;81;709004843676517;Consulta Medica;VIVIANE VIEIRA FERREIRA DE ANDRADE; C61  - NEOPLASIA MALIGNA DA PROSTATA;<procedimento>, CONSULTA MEDICA EM ATENCAO ESPECIALIZADA</procedimento><procedimento>, ULTRASSONOGRAFIA DE PROSTATA POR VIA ABDOMINAL</procedimento>;<procedimento>  0205020100 - ULTRASSONOGRAFIA DE PROSTATA POR VIA ABDOMINAL - Quantidade: 1
</procedimento><procedimento>  0301010072 - CONSULTA MEDICA EM ATENCAO ESPECIALIZADA - Quantidade: 1
</procedimento>;N;;;N;Programada;18/09/2026 14:00:21;18/09/2026 00:00:00;18/09/2026 00:00:00;7min 5s;RUA DOS CAJUEIROS, S/N, RUA A LT 1 Q 14, INOA (INOA), MARICA-RJ, CEP: 24943850  - Tel: 21996785085;
LORENA FARIA GUIMARAES NASCIMENTO DA SILVA;False;;F;23/08/1990 00:00:00;36;700603919470167;Consulta c/ Ortopedista e Traumatologista;PALMERIO NEVES DE SOUZA NETO; M542 - CERVICALGIA;<procedimento>, CONSULTA MEDICA EM ATENCAO ESPECIALIZADA</procedimento>;<procedimento>  0301010072 - CONSULTA MEDICA EM ATENCAO ESPECIALIZADA - Quantidade: 1
</procedimento>;N;;;N;Programada;18/09/2026 14:05:23;18/09/2026 00:00:00;18/09/2026 00:00:00;20min 50s;AVENIDA PREFEITO IVAN MUNDIN, S/N, ARACATIBA, MARICA-RJ, CEP: 24901615  - Tel: 21997843934;
MANOEL LEITE PEREIRA DA SILVA;False;;M;16/12/1958 00:00:00;67;700400946112550;Consulta c/ Cirurgiao Geral;JOSE ROBERTO BARQUETTE; K225 - DIVERTICULO DO ESOFAGO ADQUIRIDO;<procedimento>, CONSULTA MEDICA EM ATENCAO ESPECIALIZADA</procedimento>;<procedimento>  0301010072 - CONSULTA MEDICA EM ATENCAO ESPECIALIZADA - Quantidade: 1
</procedimento>;S;ESOFAGOGASTRODUODENOSCOPIA
;;N;Programada;18/09/2026 14:08:37;18/09/2026 00:00:00;18/09/2026 00:00:00;20min 2s;RUA JOAO GUMERCINDO DE SOUZA, 199, ARACATIBA, MARICA-RJ, CEP: 24902130  - Tel: 21970182777;
MARIA JOSE TEIXEIRA MARTINS;False;;F;11/02/1944 00:00:00;82;704009369907561;Consulta c/ Otorrinolaringologista;LUIZ CARLOS DE ARAUJO PIMENTEL; H701 - MASTOIDITE CRONICA;<procedimento>, CONSULTA MEDICA EM ATENCAO ESPECIALIZADA</procedimento>;<procedimento>  0301010072 - CONSULTA MEDICA EM ATENCAO ESPECIALIZADA - Quantidade: 1
</procedimento>;N;;;N;Programada;18/09/2026 14:18:31;18/09/2026 00:00:00;18/09/2026 00:00:00;13min 13s;AVENIDA NIRVANA, S/N, QD22 LT08, CHACARAS DE INOA (INOA), MARICA-RJ, CEP: 24940245  - Tel: 21972751108;
FERNANDA DA SILVA FARIA;False;;F;21/09/1981 00:00:00;44;701805221338071;Consulta c/ Ortopedista e Traumatologista;PALMERIO NEVES DE SOUZA NETO; G560 - SINDROME DO TUNEL DO CARPO;<procedimento>, CONSULTA MEDICA EM ATENCAO ESPECIALIZADA</procedimento>;<procedimento>  0301010072 - CONSULTA MEDICA EM ATENCAO ESPECIALIZADA - Quantidade: 1
</procedimento>;N;;;N;Programada;18/09/2026 14:26:09;18/09/2026 00:00:00;18/09/2026 00:00:00;3min 15s;AVENIDA MAYSA, S/N, CASA, GUARATIBA (PONTA NEGRA), MARICA-RJ, CEP: 24916000  - Tel: 21995439154;
OZIEL ALVES LIRIO;False;;M;11/01/1945 00:00:00;81;709004843676517;Procedimento;DEUSIMAR ALVES DE ARAUJO NOBRE;;<procedimento>, ESCUTA INICIAL / ORIENTACAO (ACOLHIMENTO A DEMANDA ESPONTANEA)</procedimento>;<procedimento>  0301040079 - ESCUTA INICIAL / ORIENTACAO (ACOLHIMENTO A DEMANDA ESPONTANEA) - Quantidade: 1
</procedimento>;;;;;Espontanea;18/09/2026 14:27:09;18/09/2026 00:00:00;18/09/2026 00:00:00;33s;RUA DOS CAJUEIROS, S/N, RUA A LT 1 Q 14, INOA (INOA), MARICA-RJ, CEP: 24943850  - Tel: 21996785085;
MARCIA PEREIRA CARDOSO;False;;F;27/01/1960 00:00:00;66;708008361568123;Consulta de Enfermagem;MAURO BATISTA DE BARROS; T140 - TRAUMATISMO SUPERFICIAL DE REGIAO NAO ESPECIFICADA DO CORPO;<procedimento>, CONSULTA DE PROFISSIONAIS DE NIVEL SUPERIOR NA ATENCAO ESPECIALIZADA (EXCETO MEDICO)</procedimento><procedimento>, CURATIVO ESPECIAL</procedimento>;<procedimento>  0301010048 - CONSULTA DE PROFISSIONAIS DE NIVEL SUPERIOR NA ATENCAO ESPECIALIZADA (EXCETO MEDICO) - Quantidade: 1
</procedimento><procedimento>  0301100276 - CURATIVO ESPECIAL - Quantidade: 1
</procedimento>;N;;;N;Espontanea;18/09/2026 14:28:50;18/09/2026 00:00:00;18/09/2026 00:00:00;11min 52s;RUA ALMIRANTE IVO CORSEUIL, S/N, LT 35 QD129A, ARACATIBA, MARICA-RJ, CEP: 24901655  - Tel: 21975351715;
VINICIUS DA SILVA LEITE;False;;M;08/02/1992 00:00:00;34;706009304545246;Procedimento;DEUSIMAR ALVES DE ARAUJO NOBRE;;<procedimento>, ESCUTA INICIAL / ORIENTACAO (ACOLHIMENTO A DEMANDA ESPONTANEA)</procedimento>;<procedimento>  0301040079 - ESCUTA INICIAL / ORIENTACAO (ACOLHIMENTO A DEMANDA ESPONTANEA) - Quantidade: 1
</procedimento>;;;;;Espontanea;18/09/2026 14:28:17;18/09/2026 00:00:00;18/09/2026 00:00:00;48s;RUA CINQUENTA E NOVE, S/N, BALNEARIO BAMBUI (PONTA NEGRA), MARICA-RJ, CEP: 24920445  - Tel: 21996724831;
AMADO DA SILVA ARAUJO;False;;M;28/03/1945 00:00:00;81;704702583739140;Consulta c/ Cirurgiao Geral;JOSE ROBERTO BARQUETTE; R10  - DOR ABDOMINAL E PELVICA;<procedimento>, CONSULTA MEDICA EM ATENCAO ESPECIALIZADA</procedimento>;<procedimento>  0301010072 - CONSULTA MEDICA EM ATENCAO ESPECIALIZADA - Quantidade: 1
</procedimento>;N;;;N;Programada;18/09/2026 14:29:12;18/09/2026 00:00:00;18/09/2026 00:00:00;14min 15s;RUA DO CANAL, 124, SAO JOSE DO IMBASSAI, MARICA-RJ, CEP: 24931530  - Tel: 21986981373;
DEUVIRA ABRAAO DA CONCEICAO;False;;F;02/08/1960 00:00:00;66;898004608589263;Consulta c/ Ortopedista e Traumatologista;PALMERIO NEVES DE SOUZA NETO; M17  - GONARTROSE (ARTROSE DO JOELHO);<procedimento>, CONSULTA MEDICA EM ATENCAO ESPECIALIZADA</procedimento>;<procedimento>  0301010072 - CONSULTA MEDICA EM ATENCAO ESPECIALIZADA - Quantidade: 1
</procedimento>;S;RADIOGRAFIA DE JOELHO (AP + LATERAL)
;;N;Programada;18/09/2026 14:30:52;18/09/2026 00:00:00;18/09/2026 00:00:00;6min 21s;RUA MANOEL MARINS, S/N, VILA VAL CASA 5, ITAPEBA, MARICA-RJ, CEP: 24913205  - Tel: 21975343310;
VALERIA FERNANDES DO CARMO;False;;F;24/08/1953 00:00:00;73;700401461439648;Procedimento;DEUSIMAR ALVES DE ARAUJO NOBRE;;<procedimento>, ESCUTA INICIAL / ORIENTACAO (ACOLHIMENTO A DEMANDA ESPONTANEA)</procedimento>;<procedimento>  0301040079 - ESCUTA INICIAL / ORIENTACAO (ACOLHIMENTO A DEMANDA ESPONTANEA) - Quantidade: 1
</procedimento>;;;;;Espontanea;18/09/2026 14:30:46;18/09/2026 00:00:00;18/09/2026 00:00:00;1min 44s;RUA T, 533, CS4, CHACARAS DE INOA (INOA), MARICA-RJ, CEP: 24940600  - Tel: 21974758857;
NEUZA BATISTA DOS SANTOS DA CRUZ;False;;F;05/01/1970 00:00:00;56;702806609122168;Consulta c/ Otorrinolaringologista;LUIZ CARLOS DE ARAUJO PIMENTEL; H612 - CERUME IMPACTADO;<procedimento>, CONSULTA MEDICA EM ATENCAO ESPECIALIZADA</procedimento>;<procedimento>  0301010072 - CONSULTA MEDICA EM ATENCAO ESPECIALIZADA - Quantidade: 1
</procedimento>;S;IMITANCIOMETRIA
AUDIOMETRIA TONAL LIMIAR (VIA AEREA / OSSEA)
;;N;Programada;18/09/2026 14:31:37;18/09/2026 00:00:00;18/09/2026 00:00:00;7min 23s;RUA DAS BANANEIRAS, S/N, LT 14 QD 15, INOA (INOA), MARICA-RJ, CEP: 24943830  - Tel: 21995973226;
ADRIANA ABRANTES DA SILVA BRITO;False;;F;16/01/1976 00:00:00;50;700801988910487;Procedimento;DEUSIMAR ALVES DE ARAUJO NOBRE;;<procedimento>, ESCUTA INICIAL / ORIENTACAO (ACOLHIMENTO A DEMANDA ESPONTANEA)</procedimento>;<procedimento>  0301040079 - ESCUTA INICIAL / ORIENTACAO (ACOLHIMENTO A DEMANDA ESPONTANEA) - Quantidade: 1
</procedimento>;;;;;Espontanea;18/09/2026 14:32:33;18/09/2026 00:00:00;18/09/2026 00:00:00;50s;RUA NOVENTA, S/N, LT 11 QD 133, BAMBUI, MARICA-RJ, CEP: 24920845  - Tel: 21998928606;
RAQUEL BOQUIMPANI GAMA TEIXEIRA CARDOSO;False;;F;09/07/1979 00:00:00;47;706807262355623;Consulta c/ Ortopedista e Traumatologista;CESAR AUGUSTO MENDES LEITE NADALUTTI; M545 - DOR LOMBAR BAIXA;<procedimento>, CONSULTA MEDICA EM ATENCAO ESPECIALIZADA</procedimento>;<procedimento>  0301010072 - CONSULTA MEDICA EM ATENCAO ESPECIALIZADA - Quantidade: 1
</procedimento>;N;;;N;Programada;18/09/2026 14:34:12;18/09/2026 00:00:00;18/09/2026 00:00:00;6min 41s;RUA EDUARDO CARLSON, S/N, JARDIM ATLANTICO CENTRAL (ITAIPUACU), MARICA-RJ, CEP: 24934115  - Tel: 21983178077;
MAYARA DE FREITAS CARDOSO;False;;F;19/05/2009 00:00:00;17;898004622812861;Procedimento;DEUSIMAR ALVES DE ARAUJO NOBRE;;<procedimento>, ESCUTA INICIAL / ORIENTACAO (ACOLHIMENTO A DEMANDA ESPONTANEA)</procedimento>;<procedimento>  0301040079 - ESCUTA INICIAL / ORIENTACAO (ACOLHIMENTO A DEMANDA ESPONTANEA) - Quantidade: 1
</procedimento>;;;;;Espontanea;18/09/2026 14:35:09;18/09/2026 00:00:00;18/09/2026 00:00:00;1min 11s;RUA ITAUNAS, S/N, LOTE 13 QD 07 CASA 1, SAO JOSE DO IMBASSAI, MARICA-RJ, CEP: 24931160  - Tel: 6133152425;
CRISTIANE SILVA SANTOS DE ALMEIDA;False;;F;10/03/1983 00:00:00;43;702607747357643;Consulta c/ Ortopedista e Traumatologista;PALMERIO NEVES DE SOUZA NETO; R522 - OUTRA DOR CRONICA;<procedimento>, CONSULTA MEDICA EM ATENCAO ESPECIALIZADA</procedimento>;<procedimento>  0301010072 - CONSULTA MEDICA EM ATENCAO ESPECIALIZADA - Quantidade: 1
</procedimento>;N;;;N;Programada;18/09/2026 14:36:51;18/09/2026 00:00:00;18/09/2026 00:00:00;8min 40s;AVENIDA PADRE CICERO ROMAO BATISTA, S/N, QUADRA46LOTE7, BAMBUI, MARICA-RJ, CEP: 24920683  - Tel: 21967245500;
VICTOR DAMASCENO PIMENTEL GUIMARO;False;;M;17/11/2000 00:00:00;25;700603918506761;Procedimento;DEUSIMAR ALVES DE ARAUJO NOBRE;;<procedimento>, ESCUTA INICIAL / ORIENTACAO (ACOLHIMENTO A DEMANDA ESPONTANEA)</procedimento>;<procedimento>  0301040079 - ESCUTA INICIAL / ORIENTACAO (ACOLHIMENTO A DEMANDA ESPONTANEA) - Quantidade: 1
</procedimento>;;;;;Espontanea;18/09/2026 14:37:08;18/09/2026 00:00:00;18/09/2026 00:00:00;25s;RUA DOZE, S/N, PONTA NEGRA, MARICA-RJ, CEP: 24900000  - Tel: 6133152425;
FRANCISCO JORGE ALVES;False;;M;14/02/1949 00:00:00;77;700208958842426;Consulta c/ Otorrinolaringologista;LUIZ CARLOS DE ARAUJO PIMENTEL; H908 - PERDA DE AUDICAO MISTA, DE CONDUCAO E NEURO-SENSORIAL, NAO ESPECIFICADA;<procedimento>, CONSULTA MEDICA EM ATENCAO ESPECIALIZADA</procedimento><procedimento>, REMOCAO DE CERUMEN DE CONDUTO AUDITIVO EXTERNO UNI / BILATERAL</procedimento>;<procedimento>  0301010072 - CONSULTA MEDICA EM ATENCAO ESPECIALIZADA - Quantidade: 1
</procedimento><procedimento>  0404010270 - REMOCAO DE CERUMEN DE CONDUTO AUDITIVO EXTERNO UNI / BILATERAL - Quantidade: 1
</procedimento>;S;AUDIOMETRIA TONAL LIMIAR (VIA AEREA / OSSEA)
IMITANCIOMETRIA
;;N;Programada;18/09/2026 14:38:33;18/09/2026 00:00:00;18/09/2026 00:00:00;9min 37s;RUA TREZE, S/N, QD 41, CAJUEIROS (ITAIPUACU), MARICA-RJ, CEP: 24932185  - Tel: 2194115915;
LUIS ALBERTO DANTAS;False;;M;20/11/1955 00:00:00;70;898006160577036;Procedimento;DEUSIMAR ALVES DE ARAUJO NOBRE;;<procedimento>, ESCUTA INICIAL / ORIENTACAO (ACOLHIMENTO A DEMANDA ESPONTANEA)</procedimento>;<procedimento>  0301040079 - ESCUTA INICIAL / ORIENTACAO (ACOLHIMENTO A DEMANDA ESPONTANEA) - Quantidade: 1
</procedimento>;;;;;Espontanea;18/09/2026 14:39:03;18/09/2026 00:00:00;18/09/2026 00:00:00;23s;RUA QUARENTA E UM, S/N, LOTE 5 QD178, JARDIM ATLANTICO CENTRAL (ITAIPUACU), MARICA-RJ, CEP: 24934545  - Tel: 21978858045;
MARCELHA VIEIRA DA SILVA;False;;F;02/10/1943 00:00:00;82;708008325756624;Procedimento;DEUSIMAR ALVES DE ARAUJO NOBRE;;<procedimento>, ADMINISTRACAO DE MEDICAMENTOS POR VIA INTRAMUSCULAR</procedimento>;<procedimento>  0301100209 - ADMINISTRACAO DE MEDICAMENTOS POR VIA INTRAMUSCULAR - Quantidade: 1
</procedimento>;;;;;Espontanea;18/09/2026 14:41:00;18/09/2026 00:00:00;18/09/2026 00:00:00;44s;RUA QUARENTA E SEIS QUADRA 141/145, S/N, LT 10 QD 144, JARDIM ATLANTICO, MARICA-RJ, CEP: 24934330  - Tel: 21987491613;
ROSANIA VIEIRA DOS SANTOS;False;;F;11/09/1967 00:00:00;59;702906503494974;Procedimento;MARCIA SEIXAS PEREIRA;;<procedimento>, CURATIVO ESPECIAL</procedimento>;<procedimento>  0301100276 - CURATIVO ESPECIAL - Quantidade: 1
</procedimento>;;;;;Espontanea;18/09/2026 14:41:05;18/09/2026 00:00:00;18/09/2026 00:00:00;27s;RUA DAS ACACIAS, LOTE 09, QUADRA 34, CENTRO, MARICA-RJ, CEP: 24900001  - Tel: 21971986295;
FATIMA MARIA RAIMUNDO DA SILVA;False;;F;23/09/1972 00:00:00;53;701408639843332;Procedimento;DEUSIMAR ALVES DE ARAUJO NOBRE;;<procedimento>, ESCUTA INICIAL / ORIENTACAO (ACOLHIMENTO A DEMANDA ESPONTANEA)</procedimento>;<procedimento>  0301040079 - ESCUTA INICIAL / ORIENTACAO (ACOLHIMENTO A DEMANDA ESPONTANEA) - Quantidade: 1
</procedimento>;;;;;Espontanea;18/09/2026 14:42:37;18/09/2026 00:00:00;18/09/2026 00:00:00;58s;RUA THEODORO JOSE DE MARINS, 10, ZACARIAS, MARICA-RJ, CEP: 24915140  - Tel: 21976837166;
MARCIA PEREIRA CARDOSO;False;;F;27/01/1960 00:00:00;66;708008361568123;Procedimento;MARCIA SEIXAS PEREIRA;;<procedimento>, CURATIVO ESPECIAL</procedimento>;<procedimento>  0301100276 - CURATIVO ESPECIAL - Quantidade: 1
</procedimento>;;;;;Espontanea;18/09/2026 14:42:01;18/09/2026 00:00:00;18/09/2026 00:00:00;35s;RUA ALMIRANTE IVO CORSEUIL, S/N, LT 35 QD129A, ARACATIBA, MARICA-RJ, CEP: 24901655  - Tel: 21975351715;
LUANA FERREIRA COSTA BALBINO;False;;F;01/08/1988 00:00:00;38;704202257457388;Procedimento;DEUSIMAR ALVES DE ARAUJO NOBRE;;<procedimento>, ESCUTA INICIAL / ORIENTACAO (ACOLHIMENTO A DEMANDA ESPONTANEA)</procedimento>;<procedimento>  0301040079 - ESCUTA INICIAL / ORIENTACAO (ACOLHIMENTO A DEMANDA ESPONTANEA) - Quantidade: 1
</procedimento>;;;;;Espontanea;18/09/2026 14:43:43;18/09/2026 00:00:00;18/09/2026 00:00:00;1min 4s;RUA LEONARDO JOSE ANTUNES, S/N, STE BL14 AP101, INOA (INOA), MARICA-RJ, CEP: 24943255  - Tel: 83933429823;
QUELE CRISTINA SILVA SOUZA DE LIMA;False;;F;07/04/1981 00:00:00;45;708009330963528;Consulta c/ Cirurgiao Geral;JOSE ROBERTO BARQUETTE; K429 - HERNIA UMBILICAL SEM OBSTRUCAO OU GANGRENA;<procedimento>, CONSULTA MEDICA EM ATENCAO ESPECIALIZADA</procedimento>;<procedimento>  0301010072 - CONSULTA MEDICA EM ATENCAO ESPECIALIZADA - Quantidade: 1
</procedimento>;N;;;N;Programada;18/09/2026 14:44:22;18/09/2026 00:00:00;18/09/2026 00:00:00;12min 34s;RUA QUARENTA E SEIS, S/N, QD 145 L13, JARDIM ATLANTICO CENTRAL (ITAIPUACU), MARICA-RJ, CEP: 24934605  - Tel: 21980342424;
DANIELE MARINS CORREA;False;;F;26/05/1983 00:00:00;43;700002696818902;Procedimento;DEUSIMAR ALVES DE ARAUJO NOBRE;;<procedimento>, ESCUTA INICIAL / ORIENTACAO (ACOLHIMENTO A DEMANDA ESPONTANEA)</procedimento>;<procedimento>  0301040079 - ESCUTA INICIAL / ORIENTACAO (ACOLHIMENTO A DEMANDA ESPONTANEA) - Quantidade: 1
</procedimento>;;;;;Espontanea;18/09/2026 14:44:53;18/09/2026 00:00:00;18/09/2026 00:00:00;1min 53s;RUA WILSON CESAR LEITE, 30, LT30QD01, SAO JOSE DO IMBASSAI, MARICA-RJ, CEP: 24930444  - Tel: 21997522781;
CLAUDIA CRISTINA DA SILVA GAMA;False;;F;08/05/1968 00:00:00;58;700108432928120;Consulta c/ Ortopedista e Traumatologista;PALMERIO NEVES DE SOUZA NETO; M542 - CERVICALGIA;<procedimento>, CONSULTA MEDICA EM ATENCAO ESPECIALIZADA</procedimento>;<procedimento>  0301010072 - CONSULTA MEDICA EM ATENCAO ESPECIALIZADA - Quantidade: 1
</procedimento>;N;;;N;Programada;18/09/2026 14:45:04;18/09/2026 00:00:00;18/09/2026 00:00:00;4min 21s;RUA UM, 17, LT 19 QD 02, CAXITO, MARICA-RJ, CEP: 24910540  - Tel: 21970032524;
LUCIA MARIA FERREIRA GOMES DA CONCEICAO;False;;F;04/05/1967 00:00:00;59;709002872682714;Procedimento;DEUSIMAR ALVES DE ARAUJO NOBRE;;<procedimento>, ESCUTA INICIAL / ORIENTACAO (ACOLHIMENTO A DEMANDA ESPONTANEA)</procedimento>;<procedimento>  0301040079 - ESCUTA INICIAL / ORIENTACAO (ACOLHIMENTO A DEMANDA ESPONTANEA) - Quantidade: 1
</procedimento>;;;;;Espontanea;18/09/2026 14:47:55;18/09/2026 00:00:00;18/09/2026 00:00:00;1min 19s;RUA DAS AZALEIAS, 1358, QD 48, ITAPEBA, MARICA-RJ, CEP: 24913280  - Tel: 21977187296;
SIDNEI FONSECA BASTOS;False;;M;08/03/1978 00:00:00;48;706807762162522;Consulta c/ Ortopedista e Traumatologista;CESAR AUGUSTO MENDES LEITE NADALUTTI; M233 - OUTROS TRANSTORNOS DO MENISCO;<procedimento>, CONSULTA MEDICA EM ATENCAO ESPECIALIZADA</procedimento>;<procedimento>  0301010072 - CONSULTA MEDICA EM ATENCAO ESPECIALIZADA - Quantidade: 1
</procedimento>;N;;;N;Programada;18/09/2026 14:48:51;18/09/2026 00:00:00;18/09/2026 00:00:00;8min 37s;RUA DO MIRANTE, S/N, LT06 QD03, SAO JOSE DO IMBASSAI, MARICA-RJ, CEP: 24930162  - Tel: 21967602007;
LUZA MABEL SACRAMENTO DE ARAUJO;False;;F;26/06/1977 00:00:00;49;700608924079564;Consulta c/ Ortopedista e Traumatologista;PALMERIO NEVES DE SOUZA NETO; M545 - DOR LOMBAR BAIXA;<procedimento>, CONSULTA MEDICA EM ATENCAO ESPECIALIZADA</procedimento>;<procedimento>  0301010072 - CONSULTA MEDICA EM ATENCAO ESPECIALIZADA - Quantidade: 1
</procedimento>;S;DENSITOMETRIA OSSEA DUO-ENERGETICA DE COLUNA (VERTEBRAS LOMBARES E/OU FEMUR)
;;N;Programada;18/09/2026 14:49:36;18/09/2026 00:00:00;18/09/2026 00:00:00;16min 40s;RUA ALICE MAXIMINO DE SOUZA, S/N, JARDIM ATLANTICO CENTRAL (ITAIPUACU), MARICA-RJ, CEP: 24934225  - Tel: 2127854887;
ELIANE SIQUEIRA DE BARROS GOMES;False;;F;16/05/1962 00:00:00;64;700307401866740;Procedimento;DEUSIMAR ALVES DE ARAUJO NOBRE;;<procedimento>, ESCUTA INICIAL / ORIENTACAO (ACOLHIMENTO A DEMANDA ESPONTANEA)</procedimento>;<procedimento>  0301040079 - ESCUTA INICIAL / ORIENTACAO (ACOLHIMENTO A DEMANDA ESPONTANEA) - Quantidade: 1
</procedimento>;;;;;Espontanea;18/09/2026 14:49:31;18/09/2026 00:00:00;18/09/2026 00:00:00;51s;RUA CINQUENTA, 656, quadra 182 lote 21, JARDIM ATLANTICO CENTRAL (ITAIPUACU), MARICA-RJ, CEP: 24934290  - Tel: 21976534539;
FERNANDO DA FONSECA FARIAS;False;;M;07/10/1969 00:00:00;56;898005167925659;Procedimento;DEUSIMAR ALVES DE ARAUJO NOBRE;;<procedimento>, ESCUTA INICIAL / ORIENTACAO (ACOLHIMENTO A DEMANDA ESPONTANEA)</procedimento>;<procedimento>  0301040079 - ESCUTA INICIAL / ORIENTACAO (ACOLHIMENTO A DEMANDA ESPONTANEA) - Quantidade: 1
</procedimento>;;;;;Espontanea;18/09/2026 14:50:46;18/09/2026 00:00:00;18/09/2026 00:00:00;1min 6s; RUA 57 LOTE 01 QUADRA74, 74, BAMBUI, MARICA-RJ, CEP: 24900001  - Tel: 21971827319;
ANTONIO LUIZ CORREIA;False;;M;17/06/1968 00:00:00;58;702502355029438;Procedimento;DEUSIMAR ALVES DE ARAUJO NOBRE;;<procedimento>, ESCUTA INICIAL / ORIENTACAO (ACOLHIMENTO A DEMANDA ESPONTANEA)</procedimento>;<procedimento>  0301040079 - ESCUTA INICIAL / ORIENTACAO (ACOLHIMENTO A DEMANDA ESPONTANEA) - Quantidade: 1
</procedimento>;;;;;Espontanea;18/09/2026 14:52:11;18/09/2026 00:00:00;18/09/2026 00:00:00;32s;RODOVIA ERNANI DO AMARAL PEIXOTO, 100, CS 04, CALABOCA (INOA), MARICA-RJ, CEP: 24944070  - Tel: 21991529045;
JORGE DE OLIVEIRA;False;;M;24/11/1951 00:00:00;74;705003497849559;Procedimento;DEUSIMAR ALVES DE ARAUJO NOBRE;;<procedimento>, ESCUTA INICIAL / ORIENTACAO (ACOLHIMENTO A DEMANDA ESPONTANEA)</procedimento>;<procedimento>  0301040079 - ESCUTA INICIAL / ORIENTACAO (ACOLHIMENTO A DEMANDA ESPONTANEA) - Quantidade: 1
</procedimento>;;;;;Espontanea;18/09/2026 14:53:21;18/09/2026 00:00:00;18/09/2026 00:00:00;42s;AVENIDA TOCANTINS, S/N, LT 20 QD 91, ITAOCAIA VALLEY (ITAIPUACU), MARICA-RJ, CEP: 24938780  - Tel: 21964873873;
MARCIA ALONSO DE ABREU;False;;F;12/07/1974 00:00:00;52;709808091475897;Procedimento;DEUSIMAR ALVES DE ARAUJO NOBRE;;<procedimento>, ESCUTA INICIAL / ORIENTACAO (ACOLHIMENTO A DEMANDA ESPONTANEA)</procedimento>;<procedimento>  0301040079 - ESCUTA INICIAL / ORIENTACAO (ACOLHIMENTO A DEMANDA ESPONTANEA) - Quantidade: 1
</procedimento>;;;;;Espontanea;18/09/2026 14:55:12;18/09/2026 00:00:00;18/09/2026 00:00:00;31s;AVENIDA CARLOS MARIGHELLA, 1040, INOA (INOA), MARICA-RJ, CEP: 24942275  - Tel: 21998710767;
JOELMA DE ANDRADE PINTO;False;;F;17/07/1975 00:00:00;51;707602294313999;Consulta c/ Ortopedista e Traumatologista;CESAR AUGUSTO MENDES LEITE NADALUTTI; M255 - DOR ARTICULAR;<procedimento>, CONSULTA MEDICA EM ATENCAO ESPECIALIZADA</procedimento>;<procedimento>  0301010072 - CONSULTA MEDICA EM ATENCAO ESPECIALIZADA - Quantidade: 1
</procedimento>;N;;;N;Programada;18/09/2026 14:56:53;18/09/2026 00:00:00;18/09/2026 00:00:00;23min 37s;RUA OITO, S/N, LT01 QD 0, CENTRO, MARICA-RJ, CEP: 24900300  - Tel: 21971480670;
CICILIANE TAVARES DE LUCENA;False;;F;19/03/1984 00:00:00;42;700408408080440;Procedimento;DEUSIMAR ALVES DE ARAUJO NOBRE;;<procedimento>, ESCUTA INICIAL / ORIENTACAO (ACOLHIMENTO A DEMANDA ESPONTANEA)</procedimento>;<procedimento>  0301040079 - ESCUTA INICIAL / ORIENTACAO (ACOLHIMENTO A DEMANDA ESPONTANEA) - Quantidade: 1
</procedimento>;;;;;Espontanea;18/09/2026 14:56:39;18/09/2026 00:00:00;18/09/2026 00:00:00;1min 1s;RUA E, 897, CONDOMINIO, SANTA PAULA (INOA), MARICA-RJ, CEP: 24944600  - Tel: 21975874274;
ELENICE MORAES DA SILVEIRA;False;;F;21/09/1949 00:00:00;76;700804940817781;Consulta c/ Otorrinolaringologista;LUIZ CARLOS DE ARAUJO PIMENTEL; H908 - PERDA DE AUDICAO MISTA, DE CONDUCAO E NEURO-SENSORIAL, NAO ESPECIFICADA;<procedimento>, CONSULTA MEDICA EM ATENCAO ESPECIALIZADA</procedimento><procedimento>, REMOCAO DE CERUMEN DE CONDUTO AUDITIVO EXTERNO UNI / BILATERAL</procedimento>;<procedimento>  0301010072 - CONSULTA MEDICA EM ATENCAO ESPECIALIZADA - Quantidade: 1
</procedimento><procedimento>  0404010270 - REMOCAO DE CERUMEN DE CONDUTO AUDITIVO EXTERNO UNI / BILATERAL - Quantidade: 1
</procedimento>;N;;;N;Programada;18/09/2026 14:57:46;18/09/2026 00:00:00;18/09/2026 00:00:00;2min 18s;RUA PAVAO, 1055, PARQUE NANCI, MARICA-RJ, CEP: 24914135  - Tel: 21988451718;
MARIA NILZA VIANA GUIMARAES;False;;F;22/07/1953 00:00:00;73;704500130765220;Consulta c/ Cirurgiao Geral;JOSE ROBERTO BARQUETTE; K439 - HERNIA VENTRAL SEM OBSTRUCAO OU GANGRENA;<procedimento>, CONSULTA MEDICA EM ATENCAO ESPECIALIZADA</procedimento>;<procedimento>  0301010072 - CONSULTA MEDICA EM ATENCAO ESPECIALIZADA - Quantidade: 1
</procedimento>;N;;;N;Programada;18/09/2026 14:57:54;18/09/2026 00:00:00;18/09/2026 00:00:00;8min 24s;RUA JOEL DUTRA DA SILVA, S/N, JACAROA, MARICA-RJ, CEP: 24902525  - Tel: 21995410791;
MANOEL SANTANA FILHO;False;;M;26/12/1954 00:00:00;71;705404435097895;Procedimento;DEUSIMAR ALVES DE ARAUJO NOBRE;;<procedimento>, ESCUTA INICIAL / ORIENTACAO (ACOLHIMENTO A DEMANDA ESPONTANEA)</procedimento>;<procedimento>  0301040079 - ESCUTA INICIAL / ORIENTACAO (ACOLHIMENTO A DEMANDA ESPONTANEA) - Quantidade: 1
</procedimento>;;;;;Espontanea;18/09/2026 14:58:07;18/09/2026 00:00:00;18/09/2026 00:00:00;25s;RUA TURIACU, S/N, LT 03 QD 09, SAO JOSE DO IMBASSAI, MARICA-RJ, CEP: 24931130  - Tel: 21971691349;
EDINA MARIA DE JESUS CARVALHO;False;;F;03/02/1971 00:00:00;55;702409531514620;Procedimento;DEUSIMAR ALVES DE ARAUJO NOBRE;;<procedimento>, ESCUTA INICIAL / ORIENTACAO (ACOLHIMENTO A DEMANDA ESPONTANEA)</procedimento>;<procedimento>  0301040079 - ESCUTA INICIAL / ORIENTACAO (ACOLHIMENTO A DEMANDA ESPONTANEA) - Quantidade: 1
</procedimento>;;;;;Espontanea;18/09/2026 14:59:15;18/09/2026 00:00:00;18/09/2026 00:00:00;37s;RUA DENIVAL FOGACA, S/N, LT 12 E 13 QD 25, SAO JOSE DO IMBASSAI, MARICA-RJ, CEP: 24931205  - Tel: 21987339811;
PATRICIA APARECIDA SOUZA ROCHA;False;;F;13/08/1981 00:00:00;45;705603407841019;Consulta c/ Otorrinolaringologista;LUIZ CARLOS DE ARAUJO PIMENTEL; H908 - PERDA DE AUDICAO MISTA, DE CONDUCAO E NEURO-SENSORIAL, NAO ESPECIFICADA;<procedimento>, CONSULTA MEDICA EM ATENCAO ESPECIALIZADA</procedimento>;<procedimento>  0301010072 - CONSULTA MEDICA EM ATENCAO ESPECIALIZADA - Quantidade: 1
</procedimento>;N;;;N;Programada;18/09/2026 15:00:08;18/09/2026 00:00:00;18/09/2026 00:00:00;5min 22s;RUA NOVE, S/N, LOTE29 QD115, PINDOBAL (PONTA NEGRA), MARICA-RJ, CEP: 24919405  - Tel: 21999440466;
DENILZO BRENDLER DE SOUTO;False;;M;15/12/1968 00:00:00;57;700106935180019;Procedimento;DEUSIMAR ALVES DE ARAUJO NOBRE;;<procedimento>, ESCUTA INICIAL / ORIENTACAO (ACOLHIMENTO A DEMANDA ESPONTANEA)</procedimento>;<procedimento>  0301040079 - ESCUTA INICIAL / ORIENTACAO (ACOLHIMENTO A DEMANDA ESPONTANEA) - Quantidade: 1
</procedimento>;;;;;Espontanea;18/09/2026 15:00:21;18/09/2026 00:00:00;18/09/2026 00:00:00;46s;RUA VAN LERBERGUE, 7859, QD71 LT14 CSB, JARDIM ATLANTICO OESTE (ITAIPUACU), MARICA-RJ, CEP: 24935440  - Tel: 21991760715;
ALICE DE OLIVEIRA SILVA;False;;F;10/01/1951 00:00:00;75;700200419685521;Procedimento;DEUSIMAR ALVES DE ARAUJO NOBRE;;<procedimento>, ESCUTA INICIAL / ORIENTACAO (ACOLHIMENTO A DEMANDA ESPONTANEA)</procedimento>;<procedimento>  0301040079 - ESCUTA INICIAL / ORIENTACAO (ACOLHIMENTO A DEMANDA ESPONTANEA) - Quantidade: 1
</procedimento>;;;;;Espontanea;18/09/2026 15:01:50;18/09/2026 00:00:00;18/09/2026 00:00:00;1min 9s;RUA DA PAZ, S/N, QD 568 LT 33, JARDIM ATLANTICO CENTRAL (ITAIPUACU), MARICA-RJ, CEP: 24934350  - Tel: 21982648731;
SONIA MARIA NERY DE BRITO;False;;F;30/04/1951 00:00:00;75;700003499248004;Procedimento;DEUSIMAR ALVES DE ARAUJO NOBRE;;<procedimento>, ESCUTA INICIAL / ORIENTACAO (ACOLHIMENTO A DEMANDA ESPONTANEA)</procedimento>;<procedimento>  0301040079 - ESCUTA INICIAL / ORIENTACAO (ACOLHIMENTO A DEMANDA ESPONTANEA) - Quantidade: 1
</procedimento>;;;;;Espontanea;18/09/2026 15:03:34;18/09/2026 00:00:00;18/09/2026 00:00:00;56s;RUA QUARENTA E DOIS, S/N, JARDIM ATLANTICO CENTRAL (ITAIPUACU), MARICA-RJ, CEP: 24934550  - Tel: 21996697863;
LUIZ FELIPE RUIS SALERNO;False;;M;27/01/2020 00:00:00;6;898005932794579;Consulta c/ Otorrinolaringologista;LUIZ CARLOS DE ARAUJO PIMENTEL; J353 - HIPERTROFIA DAS AMIGDALAS COM HIPERTROFIA DAS ADENOIDES;<procedimento>, CONSULTA MEDICA EM ATENCAO ESPECIALIZADA</procedimento>;<procedimento>  0301010072 - CONSULTA MEDICA EM ATENCAO ESPECIALIZADA - Quantidade: 1
</procedimento>;N;;;N;Programada;18/09/2026 15:06:06;18/09/2026 00:00:00;18/09/2026 00:00:00;7min 13s;RUA CORONEL BITTENCOURT, S/N, MUMBUCA, MARICA-RJ, CEP: 24913820  - Tel: 21997985002;
LUCIA DA SILVA PINHEIRO;False;;F;05/02/1965 00:00:00;61;704104184604273;Consulta c/ Cirurgiao Geral;JOSE ROBERTO BARQUETTE; K802 - CALCULOSE DA VESICULA BILIAR SEM COLECISTITE;<procedimento>, CONSULTA MEDICA EM ATENCAO ESPECIALIZADA</procedimento>;<procedimento>  0301010072 - CONSULTA MEDICA EM ATENCAO ESPECIALIZADA - Quantidade: 1
</procedimento>;N;;;N;Programada;18/09/2026 15:06:38;18/09/2026 00:00:00;18/09/2026 00:00:00;9min 0s;RUA PROFESSORA NOEMIA BEZERRA DA COSTA, S/N, BARRA DE MARICA, MARICA-RJ, CEP: 24915590  - Tel: 21970393361;
CACIA REGINA DA SILVA CASTRO;False;;F;17/02/1970 00:00:00;56;706709598424216;Procedimento;DEUSIMAR ALVES DE ARAUJO NOBRE;;<procedimento>, ESCUTA INICIAL / ORIENTACAO (ACOLHIMENTO A DEMANDA ESPONTANEA)</procedimento>;<procedimento>  0301040079 - ESCUTA INICIAL / ORIENTACAO (ACOLHIMENTO A DEMANDA ESPONTANEA) - Quantidade: 1
</procedimento>;;;;;Espontanea;18/09/2026 15:06:00;18/09/2026 00:00:00;18/09/2026 00:00:00;20s;RODOVIA ERNANI DO AMARAL PEIXOTO, 221, km 15, INOA (INOA), MARICA-RJ, CEP: 24942375  - Tel: 21985646818;
ODILA JULIO DOS SANTOS GUEDES;False;;F;01/02/1974 00:00:00;52;709208205921934;Consulta c/ Cirurgiao Geral;JOSE ROBERTO BARQUETTE; K801 - CALCULOSE DA VESICULA BILIAR COM OUTRAS FORMAS DE COLECISTITE;<procedimento>, CONSULTA MEDICA EM ATENCAO ESPECIALIZADA</procedimento>;<procedimento>  0301010072 - CONSULTA MEDICA EM ATENCAO ESPECIALIZADA - Quantidade: 1
</procedimento>;N;;;N;Programada;18/09/2026 15:16:54;18/09/2026 00:00:00;18/09/2026 00:00:00;6min 42s;AVENIDA BRAULINO VENANCIO DA COSTA, S/N, BALNEARIO BAMBUI (PONTA NEGRA), MARICA-RJ, CEP: 24920640  - Tel: 21976582964;
MARCOS SOUSA DOS SANTOS;False;;M;19/05/1970 00:00:00;56;702304180347510;Procedimento;TATIANA PUREZA DA SILVA;;<procedimento>, ESCUTA INICIAL / ORIENTACAO (ACOLHIMENTO A DEMANDA ESPONTANEA)</procedimento>;<procedimento>  0301040079 - ESCUTA INICIAL / ORIENTACAO (ACOLHIMENTO A DEMANDA ESPONTANEA) - Quantidade: 1
</procedimento>;;;;;Espontanea;18/09/2026 15:18:39;18/09/2026 00:00:00;18/09/2026 00:00:00;53s;AVENIDA REGINALDO ZEIDAN 1/99998, S/N, LOTE4QUADRA140C, CORDEIRINHO (PONTA NEGRA), MARICA-RJ, CEP: 24921324  - Tel: 21971613847;
MARGARETE NUNES DA SILVA;False;;F;19/02/1964 00:00:00;62;700903961710690;Consulta c/ Ortopedista e Traumatologista;CESAR AUGUSTO MENDES LEITE NADALUTTI; M170 - GONARTROSE PRIMARIA BILATERAL;<procedimento>, CONSULTA MEDICA EM ATENCAO ESPECIALIZADA</procedimento>;<procedimento>  0301010072 - CONSULTA MEDICA EM ATENCAO ESPECIALIZADA - Quantidade: 1
</procedimento>;N;;;N;Programada;18/09/2026 15:19:48;18/09/2026 00:00:00;18/09/2026 00:00:00;37min 1s;AVENIDA DOUTOR ANTONIO MARQUES MATHIAS, S/N, JARDIM ATLANTICO LESTE (ITAIPUACU), MARICA-RJ, CEP: 24933385  - Tel: 21973906585;
CRISTIANE FALCO SANDES;False;;F;27/09/1972 00:00:00;53;705006880215055;Procedimento;TATIANA PUREZA DA SILVA;;<procedimento>, ESCUTA INICIAL / ORIENTACAO (ACOLHIMENTO A DEMANDA ESPONTANEA)</procedimento>;<procedimento>  0301040079 - ESCUTA INICIAL / ORIENTACAO (ACOLHIMENTO A DEMANDA ESPONTANEA) - Quantidade: 1
</procedimento>;;;;;Espontanea;18/09/2026 15:19:18;18/09/2026 00:00:00;18/09/2026 00:00:00;37s;RUA RAIMUNDO DRUMONT DE PAULA, 09, CASA 2 QUADRA 8, PONTA GROSSA, MARICA-RJ, CEP: 24914330  - Tel: 2121050000;
ISABEL CRISTINE CINELLI FIGUEIREDO;False;;F;02/10/1966 00:00:00;59;706001842837048;Consulta c/ Cirurgiao Geral;JOSE ROBERTO BARQUETTE; K805 - CALCULOSE DE VIA BILIAR SEM COLANGITE OU COLECISTITE;<procedimento>, CONSULTA MEDICA EM ATENCAO ESPECIALIZADA</procedimento>;<procedimento>  0301010072 - CONSULTA MEDICA EM ATENCAO ESPECIALIZADA - Quantidade: 1
</procedimento>;N;;;N;Programada;18/09/2026 15:24:31;18/09/2026 00:00:00;18/09/2026 00:00:00;14min 33s;RUA LUIZ CARLOS GONCALVES, S/N, LT 1 QD 1A CS, BALNEARIO BAMBUI (PONTA NEGRA), MARICA-RJ, CEP: 24920835  - Tel: 21964361821;
DULCILEA DE ALMEIDA CRUZ;False;;F;17/09/1940 00:00:00;86;701805294570675;Consulta c/ Oncologista;IZANA JUNQUEIRA DE CASTRO MENDES DE AZEVEDO; C44  - OUTRAS NEOPLASIAS MALIGNAS DA PELE;<procedimento>, CONSULTA MEDICA EM ATENCAO ESPECIALIZADA</procedimento>;<procedimento>  0301010072 - CONSULTA MEDICA EM ATENCAO ESPECIALIZADA - Quantidade: 1
</procedimento>;N;;;N;Programada;18/09/2026 15:25:06;18/09/2026 00:00:00;18/09/2026 00:00:00;4min 13s;RUA ALCIDES FRANCISCO DA CRUZ, S/N, QD47 LT03, PRAIA DE ITAIPUACU (ITAIPUACU), MARICA-RJ, CEP: 24936745  - Tel: 21982608425;
WALTER GOMES FILHO;False;;M;28/11/1953 00:00:00;72;702406061329323;Consulta c/ Otorrinolaringologista;LUIZ CARLOS DE ARAUJO PIMENTEL; H612 - CERUME IMPACTADO;<procedimento>, CONSULTA MEDICA EM ATENCAO ESPECIALIZADA</procedimento>;<procedimento>  0301010072 - CONSULTA MEDICA EM ATENCAO ESPECIALIZADA - Quantidade: 1
</procedimento>;N;;;N;Programada;18/09/2026 15:27:45;18/09/2026 00:00:00;18/09/2026 00:00:00;2min 0s;RUA CENTO E QUARENTA E UM, S/N, LT11A QD204 C67, PONTA NEGRA (PONTA NEGRA), MARICA-RJ, CEP: 24922015  - Tel: 21998909420;
ANA LUCIA DE SOUZA TEIXEIRA LIMA;False;;F;14/07/1966 00:00:00;60;706503344635599;Consulta c/ Otorrinolaringologista;LUIZ CARLOS DE ARAUJO PIMENTEL; R42  - TONTURA E INSTABILIDADE;<procedimento>, CONSULTA MEDICA EM ATENCAO ESPECIALIZADA</procedimento>;<procedimento>  0301010072 - CONSULTA MEDICA EM ATENCAO ESPECIALIZADA - Quantidade: 1
</procedimento>;N;;;N;Programada;18/09/2026 15:29:17;18/09/2026 00:00:00;18/09/2026 00:00:00;5min 32s;RUA SEIS, 19, 17/18, CHACARAS DE INOA (INOA), MARICA-RJ, CEP: 24940540  - Tel: 21995018260;
CENILZA CESAR DA COSTA;False;;F;10/10/1957 00:00:00;68;703000862491672;Escuta Inicial;SILVIA GOMES DA SILVA;;<procedimento>, AFERICAO DE PRESSAO ARTERIAL</procedimento><procedimento>, AVALIACAO ANTROPOMETRICA</procedimento><procedimento>, ESCUTA INICIAL / ORIENTACAO (ACOLHIMENTO A DEMANDA ESPONTANEA)</procedimento>;<procedimento>  0101040024 - AVALIACAO ANTROPOMETRICA - Quantidade: 1
</procedimento><procedimento>  0301040079 - ESCUTA INICIAL / ORIENTACAO (ACOLHIMENTO A DEMANDA ESPONTANEA) - Quantidade: 1
</procedimento><procedimento>  0301100039 - AFERICAO DE PRESSAO ARTERIAL - Quantidade: 1
</procedimento>;N;;;N;Espontanea;18/09/2026 15:33:33;18/09/2026 00:00:00;18/09/2026 00:00:00;1min 43s;RUA GUARAPINA, S/N, BANANAL (PONTA NEGRA), MARICA-RJ, CEP: 24925470  - Tel: 21997016144;
ALEXANDRE SILVA ARAUJO;False;;M;13/08/1973 00:00:00;53;700707944997680;Consulta c/ Otorrinolaringologista;LUIZ CARLOS DE ARAUJO PIMENTEL; J342 - DESVIO DO SEPTO NASAL;<procedimento>, CONSULTA MEDICA EM ATENCAO ESPECIALIZADA</procedimento>;<procedimento>  0301010072 - CONSULTA MEDICA EM ATENCAO ESPECIALIZADA - Quantidade: 1
</procedimento>;N;;;N;Programada;18/09/2026 15:35:24;18/09/2026 00:00:00;18/09/2026 00:00:00;9min 40s;ALAMEDA IGUACU, S/N, LT15 QD07, ITAOCAIA VALLEY (ITAIPUACU), MARICA-RJ, CEP: 24939310  - Tel: 21988967697;
CRISTIANE FALCO SANDES;False;;F;27/09/1972 00:00:00;53;705006880215055;Procedimento;TATIANA PUREZA DA SILVA;;<procedimento>, ESCUTA INICIAL / ORIENTACAO (ACOLHIMENTO A DEMANDA ESPONTANEA)</procedimento>;<procedimento>  0301040079 - ESCUTA INICIAL / ORIENTACAO (ACOLHIMENTO A DEMANDA ESPONTANEA) - Quantidade: 1
</procedimento>;;;;;Espontanea;18/09/2026 15:37:16;18/09/2026 00:00:00;18/09/2026 00:00:00;47s;RUA RAIMUNDO DRUMONT DE PAULA, 09, CASA 2 QUADRA 8, PONTA GROSSA, MARICA-RJ, CEP: 24914330  - Tel: 2121050000;
CRISTIANE FALCO SANDES;False;;F;27/09/1972 00:00:00;53;705006880215055;Procedimento;TATIANA PUREZA DA SILVA;;<procedimento>, ESCUTA INICIAL / ORIENTACAO (ACOLHIMENTO A DEMANDA ESPONTANEA)</procedimento>;<procedimento>  0301040079 - ESCUTA INICIAL / ORIENTACAO (ACOLHIMENTO A DEMANDA ESPONTANEA) - Quantidade: 1
</procedimento>;;;;;Espontanea;18/09/2026 15:38:18;18/09/2026 00:00:00;18/09/2026 00:00:00;39s;RUA RAIMUNDO DRUMONT DE PAULA, 09, CASA 2 QUADRA 8, PONTA GROSSA, MARICA-RJ, CEP: 24914330  - Tel: 2121050000;
DOZOLINA SILOTE DA SILVA;False;;F;09/05/1945 00:00:00;81;702604705506648;Procedimento;TATIANA PUREZA DA SILVA;;<procedimento>, ESCUTA INICIAL / ORIENTACAO (ACOLHIMENTO A DEMANDA ESPONTANEA)</procedimento>;<procedimento>  0301040079 - ESCUTA INICIAL / ORIENTACAO (ACOLHIMENTO A DEMANDA ESPONTANEA) - Quantidade: 1
</procedimento>;;;;;Espontanea;18/09/2026 15:39:38;18/09/2026 00:00:00;18/09/2026 00:00:00;49s;RUA MOACIR VALLE DOS SANTOS, S/N, PONTA NEGRA, MARICA-RJ, CEP: 24922320  - Tel: 21965262321;
MARIA JOSELITA NEVES VERISSIMO;False;;F;10/02/1945 00:00:00;81;700800465937087;Procedimento;TATIANA PUREZA DA SILVA;;<procedimento>, ESCUTA INICIAL / ORIENTACAO (ACOLHIMENTO A DEMANDA ESPONTANEA)</procedimento>;<procedimento>  0301040079 - ESCUTA INICIAL / ORIENTACAO (ACOLHIMENTO A DEMANDA ESPONTANEA) - Quantidade: 1
</procedimento>;;;;;Espontanea;18/09/2026 15:39:00;18/09/2026 00:00:00;18/09/2026 00:00:00;13s;RUA QUARENTA E TRES, S/N, QUADRA 34 LOTE, BALNEARIO BAMBUI (PONTA NEGRA), MARICA-RJ, CEP: 24920635  - Tel: 21965042366;
ODAIR JOSE LUIZ;False;;M;31/03/1946 00:00:00;80;703407594135100;Consulta c/ Oncologista;IZANA JUNQUEIRA DE CASTRO MENDES DE AZEVEDO; C34  - NEOPLASIA MALIGNA DOS BRONQUIOS E DOS PULMOES;<procedimento>, CONSULTA MEDICA EM ATENCAO ESPECIALIZADA</procedimento>;<procedimento>  0301010072 - CONSULTA MEDICA EM ATENCAO ESPECIALIZADA - Quantidade: 1
</procedimento>;N;;;N;Programada;18/09/2026 15:40:03;18/09/2026 00:00:00;18/09/2026 00:00:00;11min 30s;RUA MILITAO RODRIGUES DE MOURA, S/N, LOTE 01QUADRA g, GUARATIBA (PONTA NEGRA), MARICA-RJ, CEP: 24916135  - Tel: 21992675356;
NADIA MARIA DA COSTA NUNES DO MONTE;False;;F;14/09/1961 00:00:00;65;700001476968009;Consulta c/ Cirurgiao Geral;JOSE ROBERTO BARQUETTE; C221 - CARCINOMA DE VIAS BILIARES INTRA-HEPATICAS;<procedimento>, CONSULTA MEDICA EM ATENCAO ESPECIALIZADA</procedimento>;<procedimento>  0301010072 - CONSULTA MEDICA EM ATENCAO ESPECIALIZADA - Quantidade: 1
</procedimento>;N;;;N;Programada;18/09/2026 15:42:09;18/09/2026 00:00:00;18/09/2026 00:00:00;15min 42s;RUA VINTE, 510, QUADRA 20, CAJUEIROS (ITAIPUACU), MARICA-RJ, CEP: 24932240  - Tel: 21996481542;
PATRICIA APARECIDA SOUZA ROCHA;False;;F;13/08/1981 00:00:00;45;705603407841019;Procedimento;DEUSIMAR ALVES DE ARAUJO NOBRE;;<procedimento>, ESCUTA INICIAL / ORIENTACAO (ACOLHIMENTO A DEMANDA ESPONTANEA)</procedimento>;<procedimento>  0301040079 - ESCUTA INICIAL / ORIENTACAO (ACOLHIMENTO A DEMANDA ESPONTANEA) - Quantidade: 1
</procedimento>;;;;;Espontanea;18/09/2026 15:52:17;18/09/2026 00:00:00;18/09/2026 00:00:00;1min 43s;RUA NOVE, S/N, LOTE29 QD115, PINDOBAL (PONTA NEGRA), MARICA-RJ, CEP: 24919405  - Tel: 21999440466;
JAIR MARCIANO DA SILVA;False;;M;17/06/1938 00:00:00;88;704608116123922;Consulta c/ Fonoaudiologo;ANDREI PEREIRA DOS SANTOS; H93  - TRANSTORNOS DO OUVIDO NAO CLASSIFICADOS EM OUTRA PARTE;<procedimento>, CONSULTA DE PROFISSIONAIS DE NIVEL SUPERIOR NA ATENCAO ESPECIALIZADA (EXCETO MEDICO)</procedimento>;<procedimento>  0301010048 - CONSULTA DE PROFISSIONAIS DE NIVEL SUPERIOR NA ATENCAO ESPECIALIZADA (EXCETO MEDICO) - Quantidade: 1
</procedimento>;N;;;N;Programada;18/09/2026 15:53:38;18/09/2026 00:00:00;18/09/2026 00:00:00;1min 17s;RUA DO AZULAO, S/N, FLAMENGO, MARICA-RJ, CEP: 24903650  - Tel: 21972347415;
MARILENE INOCENCIO DE OLIVEIRA;False;;F;15/11/1965 00:00:00;60;702109779597891;Consulta c/ Fonoaudiologo;ANDREI PEREIRA DOS SANTOS; H93  - TRANSTORNOS DO OUVIDO NAO CLASSIFICADOS EM OUTRA PARTE;<procedimento>, CONSULTA DE PROFISSIONAIS DE NIVEL SUPERIOR NA ATENCAO ESPECIALIZADA (EXCETO MEDICO)</procedimento>;<procedimento>  0301010048 - CONSULTA DE PROFISSIONAIS DE NIVEL SUPERIOR NA ATENCAO ESPECIALIZADA (EXCETO MEDICO) - Quantidade: 1
</procedimento>;N;;;N;Programada;18/09/2026 15:54:28;18/09/2026 00:00:00;18/09/2026 00:00:00;1min 28s;RUA ALMERINDA PEREIRA DA ROSA, 20, BANANAL, INOA (INOA), MARICA-RJ, CEP: 24942155  - Tel: 21997361411;
ELENICE MORAES DA SILVEIRA;False;;F;21/09/1949 00:00:00;76;700804940817781;Procedimento;DEUSIMAR ALVES DE ARAUJO NOBRE;;<procedimento>, ESCUTA INICIAL / ORIENTACAO (ACOLHIMENTO A DEMANDA ESPONTANEA)</procedimento>;<procedimento>  0301040079 - ESCUTA INICIAL / ORIENTACAO (ACOLHIMENTO A DEMANDA ESPONTANEA) - Quantidade: 1
</procedimento>;;;;;Espontanea;18/09/2026 15:54:58;18/09/2026 00:00:00;18/09/2026 00:00:00;1min 26s;RUA PAVAO, 1055, PARQUE NANCI, MARICA-RJ, CEP: 24914135  - Tel: 21988451718;
NIVEA DE SOUZA FEIJO;False;;F;27/11/1970 00:00:00;55;700008933293900;Consulta c/ Fonoaudiologo;ANDREI PEREIRA DOS SANTOS; H93  - TRANSTORNOS DO OUVIDO NAO CLASSIFICADOS EM OUTRA PARTE;<procedimento>, CONSULTA DE PROFISSIONAIS DE NIVEL SUPERIOR NA ATENCAO ESPECIALIZADA (EXCETO MEDICO)</procedimento>;<procedimento>  0301010048 - CONSULTA DE PROFISSIONAIS DE NIVEL SUPERIOR NA ATENCAO ESPECIALIZADA (EXCETO MEDICO) - Quantidade: 1
</procedimento>;N;;;N;Programada;18/09/2026 15:55:38;18/09/2026 00:00:00;18/09/2026 00:00:00;1min 4s;RUA X, S/N, STA BL33 APT104, CHACARAS DE INOA (INOA), MARICA-RJ, CEP: 24940653  - Tel: 21970050007;
MARCOS DE OLIVEIRA;False;;M;10/03/1976 00:00:00;50;702302585680620;Consulta c/ Ortopedista e Traumatologista;CESAR AUGUSTO MENDES LEITE NADALUTTI; M255 - DOR ARTICULAR;<procedimento>, CONSULTA MEDICA EM ATENCAO ESPECIALIZADA</procedimento>;<procedimento>  0301010072 - CONSULTA MEDICA EM ATENCAO ESPECIALIZADA - Quantidade: 1
</procedimento>;N;;;N;Programada;18/09/2026 15:56:15;18/09/2026 00:00:00;18/09/2026 00:00:00;8min 3s;ESTRADA MELCHIOR, 6, ESTANCIA, CAXITO, MARICA-RJ, CEP: 24910475  - Tel: 21999440772;
HELIO ESCORCIO;False;;M;10/09/1933 00:00:00;93;702907515730377;Consulta c/ Fonoaudiologo;ANDREI PEREIRA DOS SANTOS; H93  - TRANSTORNOS DO OUVIDO NAO CLASSIFICADOS EM OUTRA PARTE;<procedimento>, CONSULTA DE PROFISSIONAIS DE NIVEL SUPERIOR NA ATENCAO ESPECIALIZADA (EXCETO MEDICO)</procedimento>;<procedimento>  0301010048 - CONSULTA DE PROFISSIONAIS DE NIVEL SUPERIOR NA ATENCAO ESPECIALIZADA (EXCETO MEDICO) - Quantidade: 1
</procedimento>;N;;;N;Programada;18/09/2026 15:56:14;18/09/2026 00:00:00;18/09/2026 00:00:00;45s;RUA TRES, S/N, QD C LT 02, INOA (INOA), MARICA-RJ, CEP: 24943250  - Tel: 21985950559;
ISABELLA IARA HOFFMAN PESSANHA;False;;F;15/03/2018 00:00:00;8;708004337483527;Consulta c/ Fonoaudiologo;ANDREI PEREIRA DOS SANTOS; H93  - TRANSTORNOS DO OUVIDO NAO CLASSIFICADOS EM OUTRA PARTE;<procedimento>, CONSULTA DE PROFISSIONAIS DE NIVEL SUPERIOR NA ATENCAO ESPECIALIZADA (EXCETO MEDICO)</procedimento>;<procedimento>  0301010048 - CONSULTA DE PROFISSIONAIS DE NIVEL SUPERIOR NA ATENCAO ESPECIALIZADA (EXCETO MEDICO) - Quantidade: 1
</procedimento>;N;;;N;Programada;18/09/2026 15:56:57;18/09/2026 00:00:00;18/09/2026 00:00:00;1min 26s;RUA JORNALISTA MOACYR SCHUTEL, S/N, LOT 21 QD G, SAO JOSE DO IMBASSAI, MARICA-RJ, CEP: 24931600  - Tel: 21976539259;
MARIA JOSE TEIXEIRA MARTINS;False;;F;11/02/1944 00:00:00;82;704009369907561;Procedimento;DEUSIMAR ALVES DE ARAUJO NOBRE;;<procedimento>, ESCUTA INICIAL / ORIENTACAO (ACOLHIMENTO A DEMANDA ESPONTANEA)</procedimento>;<procedimento>  0301040079 - ESCUTA INICIAL / ORIENTACAO (ACOLHIMENTO A DEMANDA ESPONTANEA) - Quantidade: 1
</procedimento>;;;;;Espontanea;18/09/2026 15:56:20;18/09/2026 00:00:00;18/09/2026 00:00:00;41s;AVENIDA NIRVANA, S/N, QD22 LT08, CHACARAS DE INOA (INOA), MARICA-RJ, CEP: 24940245  - Tel: 21972751108;
MIGUEL LIMA VALASQUES;False;;M;20/03/2017 00:00:00;9;700005301207908;Consulta c/ Fonoaudiologo;ANDREI PEREIRA DOS SANTOS; H93  - TRANSTORNOS DO OUVIDO NAO CLASSIFICADOS EM OUTRA PARTE;<procedimento>, CONSULTA DE PROFISSIONAIS DE NIVEL SUPERIOR NA ATENCAO ESPECIALIZADA (EXCETO MEDICO)</procedimento>;<procedimento>  0301010048 - CONSULTA DE PROFISSIONAIS DE NIVEL SUPERIOR NA ATENCAO ESPECIALIZADA (EXCETO MEDICO) - Quantidade: 1
</procedimento>;N;;;N;Programada;18/09/2026 15:57:39;18/09/2026 00:00:00;18/09/2026 00:00:00;1min 9s;RUA SETENTA, S/N, LT 17 QD 104, BALNEARIO BAMBUI (PONTA NEGRA), MARICA-RJ, CEP: 24920380  - Tel: 21996872081;
WALTER GOMES FILHO;False;;M;28/11/1953 00:00:00;72;702406061329323;Procedimento;DEUSIMAR ALVES DE ARAUJO NOBRE;;<procedimento>, ESCUTA INICIAL / ORIENTACAO (ACOLHIMENTO A DEMANDA ESPONTANEA)</procedimento>;<procedimento>  0301040079 - ESCUTA INICIAL / ORIENTACAO (ACOLHIMENTO A DEMANDA ESPONTANEA) - Quantidade: 1
</procedimento>;;;;;Espontanea;18/09/2026 15:57:44;18/09/2026 00:00:00;18/09/2026 00:00:00;1min 4s;RUA CENTO E QUARENTA E UM, S/N, LT11A QD204 C67, PONTA NEGRA (PONTA NEGRA), MARICA-RJ, CEP: 24922015  - Tel: 21998909420;
MARTA CRISTINA DOS REIS CARVALHO;False;;F;01/04/1977 00:00:00;49;706409105091489;Consulta c/ Fonoaudiologo;ANDREI PEREIRA DOS SANTOS; H93  - TRANSTORNOS DO OUVIDO NAO CLASSIFICADOS EM OUTRA PARTE;<procedimento>, CONSULTA DE PROFISSIONAIS DE NIVEL SUPERIOR NA ATENCAO ESPECIALIZADA (EXCETO MEDICO)</procedimento>;<procedimento>  0301010048 - CONSULTA DE PROFISSIONAIS DE NIVEL SUPERIOR NA ATENCAO ESPECIALIZADA (EXCETO MEDICO) - Quantidade: 1
</procedimento>;N;;;N;Programada;18/09/2026 15:58:20;18/09/2026 00:00:00;18/09/2026 00:00:00;58s;AVENIDA JOAQUIM RODRIGUES, S/N, LT 36, PINDOBAL (PONTA NEGRA), MARICA-RJ, CEP: 24919580  - Tel: 21969116357;
ROSANGELA ALMEIDA VICENTE DA COSTA;False;;F;27/03/1960 00:00:00;66;700009609297204;Consulta c/ Fonoaudiologo;ANDREI PEREIRA DOS SANTOS; H93  - TRANSTORNOS DO OUVIDO NAO CLASSIFICADOS EM OUTRA PARTE;<procedimento>, CONSULTA DE PROFISSIONAIS DE NIVEL SUPERIOR NA ATENCAO ESPECIALIZADA (EXCETO MEDICO)</procedimento>;<procedimento>  0301010048 - CONSULTA DE PROFISSIONAIS DE NIVEL SUPERIOR NA ATENCAO ESPECIALIZADA (EXCETO MEDICO) - Quantidade: 1
</procedimento>;N;;;N;Programada;18/09/2026 15:59:08;18/09/2026 00:00:00;18/09/2026 00:00:00;1min 13s;RUA KAWEH MACHADO DINIZ, S/N, QD 219 LT 08, JARDIM ATLANTICO CENTRAL (ITAIPUACU), MARICA-RJ, CEP: 24934215  - Tel: 21971248963;
ALEXANDRE SILVA ARAUJO;False;;M;13/08/1973 00:00:00;53;700707944997680;Procedimento;DEUSIMAR ALVES DE ARAUJO NOBRE;;<procedimento>, ESCUTA INICIAL / ORIENTACAO (ACOLHIMENTO A DEMANDA ESPONTANEA)</procedimento>;<procedimento>  0301040079 - ESCUTA INICIAL / ORIENTACAO (ACOLHIMENTO A DEMANDA ESPONTANEA) - Quantidade: 1
</procedimento>;;;;;Espontanea;18/09/2026 15:59:21;18/09/2026 00:00:00;18/09/2026 00:00:00;39s;ALAMEDA IGUACU, S/N, LT15 QD07, ITAOCAIA VALLEY (ITAIPUACU), MARICA-RJ, CEP: 24939310  - Tel: 21988967697;
MONICA CORDEIRO DE MESQUITA;False;;F;27/10/1959 00:00:00;66;702301188551319;Consulta c/ Fonoaudiologo;ANDREI PEREIRA DOS SANTOS; H93  - TRANSTORNOS DO OUVIDO NAO CLASSIFICADOS EM OUTRA PARTE;<procedimento>, CONSULTA DE PROFISSIONAIS DE NIVEL SUPERIOR NA ATENCAO ESPECIALIZADA (EXCETO MEDICO)</procedimento>;<procedimento>  0301010048 - CONSULTA DE PROFISSIONAIS DE NIVEL SUPERIOR NA ATENCAO ESPECIALIZADA (EXCETO MEDICO) - Quantidade: 1
</procedimento>;N;;;N;Programada;18/09/2026 16:00:57;18/09/2026 00:00:00;18/09/2026 00:00:00;1min 27s;RUA SESSENTA, S/N, JARDIM INTERLAGOS (PONTA NEGRA), MARICA-RJ, CEP: 24917630  - Tel: 21985088179;
ANETE SILVA DOS SANTOS;False;;F;22/06/1952 00:00:00;74;700004550222608;Procedimento;DEUSIMAR ALVES DE ARAUJO NOBRE;;<procedimento>, ATIVIDADES DE COMUNICACAO, ARTE E EXPRESSAO URBANA COMO PROTAGONISMO DE ADOLESCENTES E JOVENS</procedimento>;<procedimento>  0101050240 - ATIVIDADES DE COMUNICACAO, ARTE E EXPRESSAO URBANA COMO PROTAGONISMO DE ADOLESCENTES E JOVENS - Quantidade: 1
</procedimento>;;;;;Espontanea;18/09/2026 16:00:34;18/09/2026 00:00:00;18/09/2026 00:00:00;52s;RUA DOMICIO DA GAMA, S/N, CENTRO, MARICA-RJ, CEP: 24900820  - Tel: 21982936088;
MARIA APARECIDA PEREIRA;False;;F;11/01/1965 00:00:00;61;704507385181913;Consulta c/ Fonoaudiologo;ANDREI PEREIRA DOS SANTOS; H93  - TRANSTORNOS DO OUVIDO NAO CLASSIFICADOS EM OUTRA PARTE;<procedimento>, CONSULTA DE PROFISSIONAIS DE NIVEL SUPERIOR NA ATENCAO ESPECIALIZADA (EXCETO MEDICO)</procedimento>;<procedimento>  0301010048 - CONSULTA DE PROFISSIONAIS DE NIVEL SUPERIOR NA ATENCAO ESPECIALIZADA (EXCETO MEDICO) - Quantidade: 1
</procedimento>;N;;;N;Programada;18/09/2026 16:01:35;18/09/2026 00:00:00;18/09/2026 00:00:00;1min 5s;RUA SEIS, 02, (JD GUARATIBA B, GUARATIBA (PONTA NEGRA), MARICA-RJ, CEP: 24916175  - Tel: 21985123967;
ANETE SILVA DOS SANTOS;False;;F;22/06/1952 00:00:00;74;700004550222608;Consulta c/ Otorrinolaringologista;LUIZ CARLOS DE ARAUJO PIMENTEL; R040 - EPISTAXIS;<procedimento>, CAUTERIZACAO QUIMICA DE PEQUENAS LESOES</procedimento><procedimento>, CONSULTA MEDICA EM ATENCAO ESPECIALIZADA</procedimento>;<procedimento>  0301010072 - CONSULTA MEDICA EM ATENCAO ESPECIALIZADA - Quantidade: 1
</procedimento><procedimento>  0303080019 - CAUTERIZACAO QUIMICA DE PEQUENAS LESOES - Quantidade: 1
</procedimento>;N;;;N;Programada;18/09/2026 16:02:47;18/09/2026 00:00:00;18/09/2026 00:00:00;9min 36s;RUA DOMICIO DA GAMA, S/N, CENTRO, MARICA-RJ, CEP: 24900820  - Tel: 21982936088;
JULYA OJEDA DE FREITAS;False;;F;20/03/2015 00:00:00;11;898004867223834;Consulta c/ Fonoaudiologo;ANDREI PEREIRA DOS SANTOS; H93  - TRANSTORNOS DO OUVIDO NAO CLASSIFICADOS EM OUTRA PARTE;<procedimento>, CONSULTA DE PROFISSIONAIS DE NIVEL SUPERIOR NA ATENCAO ESPECIALIZADA (EXCETO MEDICO)</procedimento>;<procedimento>  0301010048 - CONSULTA DE PROFISSIONAIS DE NIVEL SUPERIOR NA ATENCAO ESPECIALIZADA (EXCETO MEDICO) - Quantidade: 1
</procedimento>;N;;;N;Programada;18/09/2026 16:02:15;18/09/2026 00:00:00;18/09/2026 00:00:00;1min 31s;RUA CARLOS MAIA DE OLIVEIRA, S/N, QD09 LT113 CS02, RECANTO DE ITAIPUACU (ITAIPUACU), MARICA-RJ, CEP: 24937215  - Tel: 6133152425;
MARIA IRACEMA SILVA MARTINS GONCALVES;False;;F;27/10/1946 00:00:00;79;708506314268473;Consulta c/ Fonoaudiologo;ANDREI PEREIRA DOS SANTOS; H93  - TRANSTORNOS DO OUVIDO NAO CLASSIFICADOS EM OUTRA PARTE;<procedimento>, CONSULTA DE PROFISSIONAIS DE NIVEL SUPERIOR NA ATENCAO ESPECIALIZADA (EXCETO MEDICO)</procedimento>;<procedimento>  0301010048 - CONSULTA DE PROFISSIONAIS DE NIVEL SUPERIOR NA ATENCAO ESPECIALIZADA (EXCETO MEDICO) - Quantidade: 1
</procedimento>;N;;;N;Programada;18/09/2026 16:03:48;18/09/2026 00:00:00;18/09/2026 00:00:00;1min 18s;RUA VINICIUS OLIVEIRA DA ROCHA, S/N, LOTE 8 QUADRA 14, SAO JOSE DO IMBASSAI, MARICA-RJ, CEP: 24931315  - Tel: 21988066478;
ANA LUCIA DE SOUZA TEIXEIRA LIMA;False;;F;14/07/1966 00:00:00;60;706503344635599;Procedimento;DEUSIMAR ALVES DE ARAUJO NOBRE;;<procedimento>, ESCUTA INICIAL / ORIENTACAO (ACOLHIMENTO A DEMANDA ESPONTANEA)</procedimento>;<procedimento>  0301040079 - ESCUTA INICIAL / ORIENTACAO (ACOLHIMENTO A DEMANDA ESPONTANEA) - Quantidade: 1
</procedimento>;;;;;Espontanea;18/09/2026 16:03:19;18/09/2026 00:00:00;18/09/2026 00:00:00;50s;RUA SEIS, 19, 17/18, CHACARAS DE INOA (INOA), MARICA-RJ, CEP: 24940540  - Tel: 21995018260;
JOZENILZA CARVALHO LOPES FERREIRA;False;;F;02/09/1964 00:00:00;62;706200596407868;Consulta c/ Ortopedista e Traumatologista;CESAR AUGUSTO MENDES LEITE NADALUTTI; M255 - DOR ARTICULAR;<procedimento>, CONSULTA MEDICA EM ATENCAO ESPECIALIZADA</procedimento>;<procedimento>  0301010072 - CONSULTA MEDICA EM ATENCAO ESPECIALIZADA - Quantidade: 1
</procedimento>;N;;;N;Programada;18/09/2026 16:04:44;18/09/2026 00:00:00;18/09/2026 00:00:00;15min 10s;AVENIDA MAYSA, S/N, 714, PONTA NEGRA (PONTA NEGRA), MARICA-RJ, CEP: 24922030  - Tel: 21964721165;
RHAEL RIBEIRO SOARES TRINDADE;False;;M;10/05/2020 00:00:00;6;709005881235213;Consulta c/ Fonoaudiologo;ANDREI PEREIRA DOS SANTOS; H93  - TRANSTORNOS DO OUVIDO NAO CLASSIFICADOS EM OUTRA PARTE;<procedimento>, CONSULTA DE PROFISSIONAIS DE NIVEL SUPERIOR NA ATENCAO ESPECIALIZADA (EXCETO MEDICO)</procedimento>;<procedimento>  0301010048 - CONSULTA DE PROFISSIONAIS DE NIVEL SUPERIOR NA ATENCAO ESPECIALIZADA (EXCETO MEDICO) - Quantidade: 1
</procedimento>;N;;;N;Programada;18/09/2026 16:04:29;18/09/2026 00:00:00;18/09/2026 00:00:00;1min 2s;ESTRADA DE PONTA NEGRA, S/N, PONTA NEGRA (PONTA NEGRA), MARICA-RJ, CEP: 24922470  - Tel: 21982933171;
RITA MARIA DE SOUZA;False;;F;08/10/1962 00:00:00;63;705003049264050;Consulta c/ Cirurgiao Geral;JOSE ROBERTO BARQUETTE; K802 - CALCULOSE DA VESICULA BILIAR SEM COLECISTITE;<procedimento>, CONSULTA MEDICA EM ATENCAO ESPECIALIZADA</procedimento>;<procedimento>  0301010072 - CONSULTA MEDICA EM ATENCAO ESPECIALIZADA - Quantidade: 1
</procedimento>;N;;;N;Programada;18/09/2026 16:04:32;18/09/2026 00:00:00;18/09/2026 00:00:00;14min 3s;RUA ARARAS, 823, PARQUE NANCI, MARICA-RJ, CEP: 24914155  - Tel: 21964487649;
LUCILEA SANTOS E SILVA;False;;F;07/05/1949 00:00:00;77;706408660384784;Consulta c/ Fonoaudiologo;ANDREI PEREIRA DOS SANTOS; H93  - TRANSTORNOS DO OUVIDO NAO CLASSIFICADOS EM OUTRA PARTE;<procedimento>, CONSULTA DE PROFISSIONAIS DE NIVEL SUPERIOR NA ATENCAO ESPECIALIZADA (EXCETO MEDICO)</procedimento>;<procedimento>  0301010048 - CONSULTA DE PROFISSIONAIS DE NIVEL SUPERIOR NA ATENCAO ESPECIALIZADA (EXCETO MEDICO) - Quantidade: 1
</procedimento>;N;;;N;Programada;18/09/2026 16:05:50;18/09/2026 00:00:00;18/09/2026 00:00:00;2min 21s;RUA MIRENE DA SILVA BITTENCOURT, S/N, ITAPEBA, MARICA-RJ, CEP: 24912470  - Tel: 21981011739;
NEUZI FELIX GONCALVES;False;;F;13/08/1968 00:00:00;58;706505370742293;Consulta c/ Fonoaudiologo;ANDREI PEREIRA DOS SANTOS; H93  - TRANSTORNOS DO OUVIDO NAO CLASSIFICADOS EM OUTRA PARTE;<procedimento>, CONSULTA DE PROFISSIONAIS DE NIVEL SUPERIOR NA ATENCAO ESPECIALIZADA (EXCETO MEDICO)</procedimento>;<procedimento>  0301010048 - CONSULTA DE PROFISSIONAIS DE NIVEL SUPERIOR NA ATENCAO ESPECIALIZADA (EXCETO MEDICO) - Quantidade: 1
</procedimento>;N;;;N;Programada;18/09/2026 16:05:11;18/09/2026 00:00:00;18/09/2026 00:00:00;39s;RUA ESMERALDA, S/N, LT19 QD06, MORADA DAS AGUIAS (ITAIPUACU), MARICA-RJ, CEP: 24937635  - Tel: 21974578130;
ANA LUCIA DE SOUZA TEIXEIRA LIMA;False;;F;14/07/1966 00:00:00;60;706503344635599;Procedimento;DEUSIMAR ALVES DE ARAUJO NOBRE;;<procedimento>, ATIVIDADES DE COMUNICACAO, ARTE E EXPRESSAO URBANA COMO PROTAGONISMO DE ADOLESCENTES E JOVENS</procedimento>;<procedimento>  0101050240 - ATIVIDADES DE COMUNICACAO, ARTE E EXPRESSAO URBANA COMO PROTAGONISMO DE ADOLESCENTES E JOVENS - Quantidade: 1
</procedimento>;;;;;Espontanea;18/09/2026 16:05:40;18/09/2026 00:00:00;18/09/2026 00:00:00;1min 2s;RUA SEIS, 19, 17/18, CHACARAS DE INOA (INOA), MARICA-RJ, CEP: 24940540  - Tel: 21995018260;
DOMINIQUE PACHECO DE SOUZA GONCALVES;False;;F;04/11/2018 00:00:00;7;707106309858220;Consulta c/ Fonoaudiologo;ANDREI PEREIRA DOS SANTOS; H93  - TRANSTORNOS DO OUVIDO NAO CLASSIFICADOS EM OUTRA PARTE;<procedimento>, CONSULTA DE PROFISSIONAIS DE NIVEL SUPERIOR NA ATENCAO ESPECIALIZADA (EXCETO MEDICO)</procedimento>;<procedimento>  0301010048 - CONSULTA DE PROFISSIONAIS DE NIVEL SUPERIOR NA ATENCAO ESPECIALIZADA (EXCETO MEDICO) - Quantidade: 1
</procedimento>;N;;;N;Programada;18/09/2026 16:07:35;18/09/2026 00:00:00;18/09/2026 00:00:00;1min 12s;RUA EUCLIDES MUNIZ DE ANDRADE, 251, CASA 1, INOA (INOA), MARICA-RJ, CEP: 24943190  - Tel: 21974727579;
NEUZA BATISTA DOS SANTOS DA CRUZ;False;;F;05/01/1970 00:00:00;56;702806609122168;Procedimento;DEUSIMAR ALVES DE ARAUJO NOBRE;;<procedimento>, ESCUTA INICIAL / ORIENTACAO (ACOLHIMENTO A DEMANDA ESPONTANEA)</procedimento>;<procedimento>  0301040079 - ESCUTA INICIAL / ORIENTACAO (ACOLHIMENTO A DEMANDA ESPONTANEA) - Quantidade: 1
</procedimento>;;;;;Espontanea;18/09/2026 16:07:03;18/09/2026 00:00:00;18/09/2026 00:00:00;23s;RUA DAS BANANEIRAS, S/N, LT 14 QD 15, INOA (INOA), MARICA-RJ, CEP: 24943830  - Tel: 21995973226;
RAYSA FLAVIA SOUZA DA SILVA FRANCA;False;;F;14/10/1989 00:00:00;36;704706745052130;Consulta c/ Fonoaudiologo;ANDREI PEREIRA DOS SANTOS; H93  - TRANSTORNOS DO OUVIDO NAO CLASSIFICADOS EM OUTRA PARTE;<procedimento>, CONSULTA DE PROFISSIONAIS DE NIVEL SUPERIOR NA ATENCAO ESPECIALIZADA (EXCETO MEDICO)</procedimento>;<procedimento>  0301010048 - CONSULTA DE PROFISSIONAIS DE NIVEL SUPERIOR NA ATENCAO ESPECIALIZADA (EXCETO MEDICO) - Quantidade: 1
</procedimento>;N;;;N;Programada;18/09/2026 16:08:24;18/09/2026 00:00:00;18/09/2026 00:00:00;1min 29s;ESTRADA DA COVA DA ONCA, 15, RETIRO, MARICA-RJ, CEP: 24911700  - Tel: 21969002983;
LUIZ FELIPE RUIS SALERNO;False;;M;27/01/2020 00:00:00;6;898005932794579;Procedimento;DEUSIMAR ALVES DE ARAUJO NOBRE;;<procedimento>, ESCUTA INICIAL / ORIENTACAO (ACOLHIMENTO A DEMANDA ESPONTANEA)</procedimento>;<procedimento>  0301040079 - ESCUTA INICIAL / ORIENTACAO (ACOLHIMENTO A DEMANDA ESPONTANEA) - Quantidade: 1
</procedimento>;;;;;Espontanea;18/09/2026 16:08:12;18/09/2026 00:00:00;18/09/2026 00:00:00;45s;RUA CORONEL BITTENCOURT, S/N, MUMBUCA, MARICA-RJ, CEP: 24913820  - Tel: 21997985002;
PAULO ROBERTO JAQUES ALBUQUERQUE;False;;M;19/02/1962 00:00:00;64;708006523712230;Consulta c/ Fonoaudiologo;ANDREI PEREIRA DOS SANTOS; H93  - TRANSTORNOS DO OUVIDO NAO CLASSIFICADOS EM OUTRA PARTE;<procedimento>, CONSULTA DE PROFISSIONAIS DE NIVEL SUPERIOR NA ATENCAO ESPECIALIZADA (EXCETO MEDICO)</procedimento>;<procedimento>  0301010048 - CONSULTA DE PROFISSIONAIS DE NIVEL SUPERIOR NA ATENCAO ESPECIALIZADA (EXCETO MEDICO) - Quantidade: 1
</procedimento>;N;;;N;Programada;18/09/2026 16:09:40;18/09/2026 00:00:00;18/09/2026 00:00:00;1min 15s;RUA VINTE E TRES, S/N, BARROCO (ITAIPUACU), MARICA-RJ, CEP: 24936310  - Tel: 21989440929;
JAQUELINE STOLL MATTES;False;;F;01/03/1969 00:00:00;57;706406168767681;Escuta Inicial;SILVIA GOMES DA SILVA;;<procedimento>, AFERICAO DE PRESSAO ARTERIAL</procedimento><procedimento>, AVALIACAO ANTROPOMETRICA</procedimento><procedimento>, ESCUTA INICIAL / ORIENTACAO (ACOLHIMENTO A DEMANDA ESPONTANEA)</procedimento>;<procedimento>  0101040024 - AVALIACAO ANTROPOMETRICA - Quantidade: 1
</procedimento><procedimento>  0301040079 - ESCUTA INICIAL / ORIENTACAO (ACOLHIMENTO A DEMANDA ESPONTANEA) - Quantidade: 1
</procedimento><procedimento>  0301100039 - AFERICAO DE PRESSAO ARTERIAL - Quantidade: 1
</procedimento>;N;;;N;Espontanea;18/09/2026 16:14:34;18/09/2026 00:00:00;18/09/2026 00:00:00;1min 39s;ESTRADA DO RETIRO 1/99998, 1801, 144, RETIRO, MARICA-RJ, CEP: 24911850  - Tel: 53999404530;
ALBERTO MACHADO;False;;M;03/05/1977 00:00:00;49;708000828454922;Escuta Inicial;SILVIA GOMES DA SILVA;;<procedimento>, AFERICAO DE PRESSAO ARTERIAL</procedimento><procedimento>, AVALIACAO ANTROPOMETRICA</procedimento><procedimento>, ESCUTA INICIAL / ORIENTACAO (ACOLHIMENTO A DEMANDA ESPONTANEA)</procedimento>;<procedimento>  0101040024 - AVALIACAO ANTROPOMETRICA - Quantidade: 1
</procedimento><procedimento>  0301040079 - ESCUTA INICIAL / ORIENTACAO (ACOLHIMENTO A DEMANDA ESPONTANEA) - Quantidade: 1
</procedimento><procedimento>  0301100039 - AFERICAO DE PRESSAO ARTERIAL - Quantidade: 1
</procedimento>;N;;;N;Espontanea;18/09/2026 16:16:26;18/09/2026 00:00:00;18/09/2026 00:00:00;5min 51s;RUA ARARAS, 869, CASA 03, PARQUE NANCI, MARICA-RJ, CEP: 24914155  - Tel: 21981365707;
RODOLF GOMES CRUZ;False;;M;01/05/1936 00:00:00;90;700006945323107;Consulta c/ Psicologo Clinico;VALERIA LUCIA RISCADO ALVES; R450 - NERVOSISMO;<procedimento>, CONSULTA DE PROFISSIONAIS DE NIVEL SUPERIOR NA ATENCAO ESPECIALIZADA (EXCETO MEDICO)</procedimento><procedimento>, VISITA DOMICILIAR POR PROFISSIONAL DE NIVEL SUPERIOR</procedimento>;<procedimento>  0301010048 - CONSULTA DE PROFISSIONAIS DE NIVEL SUPERIOR NA ATENCAO ESPECIALIZADA (EXCETO MEDICO) - Quantidade: 1
</procedimento><procedimento>  0301050147 - VISITA DOMICILIAR POR PROFISSIONAL DE NIVEL SUPERIOR - Quantidade: 1
</procedimento>;N;;;N;Espontanea;18/09/2026 16:18:55;18/09/2026 00:00:00;18/09/2026 00:00:00;7min 19s;RUA OITENTA E DOIS, S/N, JARDIM ATLANTICO LESTE (ITAIPUACU), MARICA-RJ, CEP: 24933475  - Tel: 21992377046;
GIL DE BARROS;False;;M;05/03/1948 00:00:00;78;703400788291500;Consulta c/ Ortopedista e Traumatologista;CESAR AUGUSTO MENDES LEITE NADALUTTI; M17  - GONARTROSE (ARTROSE DO JOELHO);<procedimento>, CONSULTA MEDICA EM ATENCAO ESPECIALIZADA</procedimento>;<procedimento>  0301010072 - CONSULTA MEDICA EM ATENCAO ESPECIALIZADA - Quantidade: 1
</procedimento>;N;;;N;Programada;18/09/2026 16:19:53;18/09/2026 00:00:00;18/09/2026 00:00:00;7min 7s;RUA SETE, S/N, LOTE13QUADRA11, CORDEIRINHO (PONTA NEGRA), MARICA-RJ, CEP: 24921636  - Tel: 21997084740;
MARINEZI DE FATIMA MOURA;False;;F;23/05/1957 00:00:00;69;702900557206777;Consulta c/ Cirurgiao Geral;JOSE ROBERTO BARQUETTE; E660 - OBESIDADE DEVIDA A EXCESSO DE CALORIAS;<procedimento>, CONSULTA MEDICA EM ATENCAO ESPECIALIZADA</procedimento>;<procedimento>  0301010072 - CONSULTA MEDICA EM ATENCAO ESPECIALIZADA - Quantidade: 1
</procedimento>;N;;;N;Programada;18/09/2026 16:19:54;18/09/2026 00:00:00;18/09/2026 00:00:00;15min 35s;RUA JOSE SANTOS DE SIQUEIRA CASTRO, 3, MARQUES DE MARICA, MARICA-RJ, CEP: 24904525  - Tel: 21997157517;
MANOEL XAVIER PINHEIRO;False;;M;04/10/1945 00:00:00;80;700506132407855;Escuta Inicial;SILVIA GOMES DA SILVA;;<procedimento>, AFERICAO DE PRESSAO ARTERIAL</procedimento><procedimento>, AVALIACAO ANTROPOMETRICA</procedimento><procedimento>, ESCUTA INICIAL / ORIENTACAO (ACOLHIMENTO A DEMANDA ESPONTANEA)</procedimento>;<procedimento>  0101040024 - AVALIACAO ANTROPOMETRICA - Quantidade: 1
</procedimento><procedimento>  0301040079 - ESCUTA INICIAL / ORIENTACAO (ACOLHIMENTO A DEMANDA ESPONTANEA) - Quantidade: 1
</procedimento><procedimento>  0301100039 - AFERICAO DE PRESSAO ARTERIAL - Quantidade: 1
</procedimento>;N;;;N;Espontanea;18/09/2026 16:22:31;18/09/2026 00:00:00;18/09/2026 00:00:00;1min 36s;AVENIDA DOUTOR ANTONIO MARQUES MATHIAS, S/N, QD 319 LOTE 05, JARDIM ATLANTICO CENTRAL (ITAIPUACU), MARICA-RJ, CEP: 24934015  - Tel: 21995615835;
SANDRA FERREIRA BREVES;False;;F;05/03/1963 00:00:00;63;700002931213602;Escuta Inicial;SILVIA GOMES DA SILVA;;<procedimento>, AFERICAO DE PRESSAO ARTERIAL</procedimento><procedimento>, AVALIACAO ANTROPOMETRICA</procedimento><procedimento>, ESCUTA INICIAL / ORIENTACAO (ACOLHIMENTO A DEMANDA ESPONTANEA)</procedimento>;<procedimento>  0101040024 - AVALIACAO ANTROPOMETRICA - Quantidade: 1
</procedimento><procedimento>  0301040079 - ESCUTA INICIAL / ORIENTACAO (ACOLHIMENTO A DEMANDA ESPONTANEA) - Quantidade: 1
</procedimento><procedimento>  0301100039 - AFERICAO DE PRESSAO ARTERIAL - Quantidade: 1
</procedimento>;N;;;N;Espontanea;18/09/2026 16:24:20;18/09/2026 00:00:00;18/09/2026 00:00:00;4min 23s;RUA NOSSA SENHORA APARECIDA, S/N, QD 5 LT 43, PRAIA DE ITAIPUACU (ITAIPUACU), MARICA-RJ, CEP: 24936740  - Tel: 21964179303;
RONALD DE LIMA MIRANDA;False;;M;21/07/1962 00:00:00;64;700000702140109;Consulta c/ Ortopedista e Traumatologista;CESAR AUGUSTO MENDES LEITE NADALUTTI; M170 - GONARTROSE PRIMARIA BILATERAL;<procedimento>, CONSULTA MEDICA EM ATENCAO ESPECIALIZADA</procedimento>;<procedimento>  0301010072 - CONSULTA MEDICA EM ATENCAO ESPECIALIZADA - Quantidade: 1
</procedimento>;N;;;N;Programada;18/09/2026 16:27:00;18/09/2026 00:00:00;18/09/2026 00:00:00;3min 3s;RUA QUARENTA E SEIS, S/N, JARDIM ATLANTICO CENTRAL (ITAIPUACU), MARICA-RJ, CEP: 24934335  - Tel: 21992805757;
MARIA SANTANA;False;;F;02/06/1941 00:00:00;85;702006366240184;Consulta c/ Psicologo Clinico;VALERIA LUCIA RISCADO ALVES; R450 - NERVOSISMO;<procedimento>, CONSULTA DE PROFISSIONAIS DE NIVEL SUPERIOR NA ATENCAO ESPECIALIZADA (EXCETO MEDICO)</procedimento>;<procedimento>  0301010048 - CONSULTA DE PROFISSIONAIS DE NIVEL SUPERIOR NA ATENCAO ESPECIALIZADA (EXCETO MEDICO) - Quantidade: 1
</procedimento>;N;;;N;Espontanea;18/09/2026 16:27:52;18/09/2026 00:00:00;18/09/2026 00:00:00;2min 42s;RUA AV DR FRANCISCO MOREIRA, 730, NA, PONTO NOVO, ARACAJU-SE, CEP: 49047000  - Tel: 2121050000;
MARLENE IZAIAS DE OLIVEIRA;False;;F;17/11/1964 00:00:00;61;708409229683767;Escuta Inicial;SILVIA GOMES DA SILVA;;<procedimento>, AFERICAO DE PRESSAO ARTERIAL</procedimento><procedimento>, AVALIACAO ANTROPOMETRICA</procedimento><procedimento>, ESCUTA INICIAL / ORIENTACAO (ACOLHIMENTO A DEMANDA ESPONTANEA)</procedimento>;<procedimento>  0101040024 - AVALIACAO ANTROPOMETRICA - Quantidade: 1
</procedimento><procedimento>  0301040079 - ESCUTA INICIAL / ORIENTACAO (ACOLHIMENTO A DEMANDA ESPONTANEA) - Quantidade: 1
</procedimento><procedimento>  0301100039 - AFERICAO DE PRESSAO ARTERIAL - Quantidade: 1
</procedimento>;N;;;N;Espontanea;18/09/2026 16:29:11;18/09/2026 00:00:00;18/09/2026 00:00:00;3min 25s;RUA PEDRO JOSE ALVES, 69, CASA 6, FLAMENGO, MARICA-RJ, CEP: 24903795  - Tel: 21998973416;
ARIANA JOSE GABRIEL;False;;F;22/06/1994 00:00:00;32;708201124815641;Consulta c/ Ortopedista e Traumatologista;CESAR AUGUSTO MENDES LEITE NADALUTTI; M255 - DOR ARTICULAR;<procedimento>, CONSULTA MEDICA EM ATENCAO ESPECIALIZADA</procedimento>;<procedimento>  0301010072 - CONSULTA MEDICA EM ATENCAO ESPECIALIZADA - Quantidade: 1
</procedimento>;N;;;N;Programada;18/09/2026 16:30:45;18/09/2026 00:00:00;18/09/2026 00:00:00;15min 1s;RUA C, 111, (A R CH INOA), CHACARAS DE INOA (INOA), MARICA-RJ, CEP: 24941530  - Tel: 21981627095;
MARCELO VAZ GUEDES;False;;M;22/01/1967 00:00:00;59;704703573454640;Escuta Inicial;SILVIA GOMES DA SILVA;;<procedimento>, ESCUTA INICIAL / ORIENTACAO (ACOLHIMENTO A DEMANDA ESPONTANEA)</procedimento>;<procedimento>  0301040079 - ESCUTA INICIAL / ORIENTACAO (ACOLHIMENTO A DEMANDA ESPONTANEA) - Quantidade: 1
</procedimento>;N;;;N;Espontanea;18/09/2026 16:33:22;18/09/2026 00:00:00;18/09/2026 00:00:00;1min 4s;RUA DOMICIO DA GAMA, S/N, CENTRO, MARICA-RJ, CEP: 24900815  - Tel: 21970237954;
IEDA MORAES SALDANHA;False;;F;27/05/1942 00:00:00;84;703400300166600;Escuta Inicial;SILVIA GOMES DA SILVA;;<procedimento>, ESCUTA INICIAL / ORIENTACAO (ACOLHIMENTO A DEMANDA ESPONTANEA)</procedimento>;<procedimento>  0301040079 - ESCUTA INICIAL / ORIENTACAO (ACOLHIMENTO A DEMANDA ESPONTANEA) - Quantidade: 1
</procedimento>;N;;;N;Espontanea;18/09/2026 16:35:07;18/09/2026 00:00:00;18/09/2026 00:00:00;29s;10ª RUA JOAQUIM EUGENIO SANTOS, 17, CS 03, MARICA, MARICA-RJ, CEP: 24901040  - Tel: 21972606246;
JAQUELINE DA SILVA BASTOS;False;;F;24/10/1965 00:00:00;60;708209637486540;Escuta Inicial;SILVIA GOMES DA SILVA;;<procedimento>, ESCUTA INICIAL / ORIENTACAO (ACOLHIMENTO A DEMANDA ESPONTANEA)</procedimento>;<procedimento>  0301040079 - ESCUTA INICIAL / ORIENTACAO (ACOLHIMENTO A DEMANDA ESPONTANEA) - Quantidade: 1
</procedimento>;N;;;N;Espontanea;18/09/2026 16:36:24;18/09/2026 00:00:00;18/09/2026 00:00:00;52s;RUA JERONYMO MARQUES MONTEIRO, 221, APTO105, BARRA DE MARICA, MARICA-RJ, CEP: 24915420  - Tel: 21964239444;
SILVIA MARIA GUISARRA DA SILVEIRA;False;;F;10/01/1970 00:00:00;56;708508559785480;Escuta Inicial;SILVIA GOMES DA SILVA;;<procedimento>, ESCUTA INICIAL / ORIENTACAO (ACOLHIMENTO A DEMANDA ESPONTANEA)</procedimento>;<procedimento>  0301040079 - ESCUTA INICIAL / ORIENTACAO (ACOLHIMENTO A DEMANDA ESPONTANEA) - Quantidade: 1
</procedimento>;N;;;N;Espontanea;18/09/2026 16:37:32;18/09/2026 00:00:00;18/09/2026 00:00:00;1min 41s;RUA ESPERANCA, S/N, LT1D QD19 APT2, CHACARAS DE INOA (INOA), MARICA-RJ, CEP: 24941615  - Tel: 21964459449;
ROSA MARIA CORREIA CAMOES;False;;F;07/03/1972 00:00:00;54;701103820433580;Consulta c/ Cirurgiao Geral;JOSE ROBERTO BARQUETTE; K409 - HERNIA INGUINAL UNILATERAL OU NAO ESPECIFICADA, SEM OBSTRUCAO OU GANGRENA;<procedimento>, CONSULTA MEDICA EM ATENCAO ESPECIALIZADA</procedimento>;<procedimento>  0301010072 - CONSULTA MEDICA EM ATENCAO ESPECIALIZADA - Quantidade: 1
</procedimento>;N;;;N;Programada;18/09/2026 16:38:42;18/09/2026 00:00:00;18/09/2026 00:00:00;14min 33s;RUA DOUTOR ANTONIO VIEIRA FILHO, S/N, ARACATIBA, MARICA-RJ, CEP: 24901775  - Tel: 21964925954;
JULIETA AMPARO FERNANDES RANGEL;False;;F;15/08/1961 00:00:00;65;700504790739953;Escuta Inicial;SILVIA GOMES DA SILVA;;<procedimento>, ESCUTA INICIAL / ORIENTACAO (ACOLHIMENTO A DEMANDA ESPONTANEA)</procedimento>;<procedimento>  0301040079 - ESCUTA INICIAL / ORIENTACAO (ACOLHIMENTO A DEMANDA ESPONTANEA) - Quantidade: 1
</procedimento>;N;;;N;Espontanea;18/09/2026 16:39:39;18/09/2026 00:00:00;18/09/2026 00:00:00;1min 5s;RUA JOAO ALVES DE MELO, S/N, LT 41 QD 02, SAO JOSE DO IMBASSAI, MARICA-RJ, CEP: 24930536  - Tel: 21971556742;
DEUSIMAR TARGINO DA SILVA;False;;F;25/07/1954 00:00:00;72;801434141584970;Escuta Inicial;SILVIA GOMES DA SILVA;;<procedimento>, ESCUTA INICIAL / ORIENTACAO (ACOLHIMENTO A DEMANDA ESPONTANEA)</procedimento>;<procedimento>  0301040079 - ESCUTA INICIAL / ORIENTACAO (ACOLHIMENTO A DEMANDA ESPONTANEA) - Quantidade: 1
</procedimento>;N;;;N;Espontanea;18/09/2026 16:41:05;18/09/2026 00:00:00;18/09/2026 00:00:00;30s;RUA OLINDA DOS SANTOS TEIXEIRA, 01, LOTE03QUADRAH, GUARATIBA, MARICA-RJ, CEP: 24916175  - Tel: 21994748816;
MARCIO BUENO LE GENTIL;False;;M;08/12/1972 00:00:00;53;703003890333876;Escuta Inicial;SILVIA GOMES DA SILVA;;<procedimento>, ESCUTA INICIAL / ORIENTACAO (ACOLHIMENTO A DEMANDA ESPONTANEA)</procedimento>;<procedimento>  0301040079 - ESCUTA INICIAL / ORIENTACAO (ACOLHIMENTO A DEMANDA ESPONTANEA) - Quantidade: 1
</procedimento>;N;;;N;Espontanea;18/09/2026 16:42:30;18/09/2026 00:00:00;18/09/2026 00:00:00;1min 16s;RUA CAP GUILHERME CUNHA CS  LT  QUADRA C, S/N, CENTRO, MARICA-RJ, CEP: 24900000  - Tel: 21966752232;
JACIRENE DA SILVA LIMA;False;;F;11/11/1965 00:00:00;60;709805060109292;Escuta Inicial;SILVIA GOMES DA SILVA;;<procedimento>, ESCUTA INICIAL / ORIENTACAO (ACOLHIMENTO A DEMANDA ESPONTANEA)</procedimento>;<procedimento>  0301040079 - ESCUTA INICIAL / ORIENTACAO (ACOLHIMENTO A DEMANDA ESPONTANEA) - Quantidade: 1
</procedimento>;N;;;N;Espontanea;18/09/2026 16:43:58;18/09/2026 00:00:00;18/09/2026 00:00:00;1min 12s;RUA DONA LUCINDA ROSA GONCALVES, 03, ARACATIBA, MARICA-RJ, CEP: 24901890  - Tel: 21964185176;
VICTOR PEREIRA DA SILVA GOMES;False;;M;22/07/2002 00:00:00;24;700000826390603;Escuta Inicial;SILVIA GOMES DA SILVA;;<procedimento>, ESCUTA INICIAL / ORIENTACAO (ACOLHIMENTO A DEMANDA ESPONTANEA)</procedimento>;<procedimento>  0301040079 - ESCUTA INICIAL / ORIENTACAO (ACOLHIMENTO A DEMANDA ESPONTANEA) - Quantidade: 1
</procedimento>;N;;;N;Espontanea;18/09/2026 16:44:51;18/09/2026 00:00:00;18/09/2026 00:00:00;1min 16s;AVENIDA DOUTOR ANTONIO MARQUES MATHIAS, S/N, QD 558 LT 13, JARDIM ATLANTICO LESTE (ITAIPUACU), MARICA-RJ, CEP: 24933085  - Tel: 21989094865;
ROZILDA DE SOUZA BATISTA;False;;F;15/10/1958 00:00:00;67;700909984553791;Consulta c/ Ortopedista e Traumatologista;CESAR AUGUSTO MENDES LEITE NADALUTTI; M751 - SINDROME DO MANGUITO ROTADOR;<procedimento>, CONSULTA MEDICA EM ATENCAO ESPECIALIZADA</procedimento>;<procedimento>  0301010072 - CONSULTA MEDICA EM ATENCAO ESPECIALIZADA - Quantidade: 1
</procedimento>;N;;;N;Programada;18/09/2026 16:45:14;18/09/2026 00:00:00;18/09/2026 00:00:00;5min 47s;RUA TRES, S/N, LT 6 QD 38, ARACATIBA, MARICA-RJ, CEP: 24901550  - Tel: 21995256660;
JANAINA DA SILVA MACHADO ROSA;False;;F;22/02/1977 00:00:00;49;704205510118690;Escuta Inicial;SILVIA GOMES DA SILVA;;<procedimento>, ESCUTA INICIAL / ORIENTACAO (ACOLHIMENTO A DEMANDA ESPONTANEA)</procedimento>;<procedimento>  0301040079 - ESCUTA INICIAL / ORIENTACAO (ACOLHIMENTO A DEMANDA ESPONTANEA) - Quantidade: 1
</procedimento>;N;;;N;Espontanea;18/09/2026 16:46:51;18/09/2026 00:00:00;18/09/2026 00:00:00;1min 9s;RUA GARDENIA, S/N, LT 03 QD 20, SAO JOSE DO IMBASSAI, MARICA-RJ, CEP: 24930460  - Tel: 2190846167;
ROBERTO LUIZ BENEVIDES JUNIOR;False;;M;30/01/1965 00:00:00;61;702909523291672;Escuta Inicial;SILVIA GOMES DA SILVA;;<procedimento>, ESCUTA INICIAL / ORIENTACAO (ACOLHIMENTO A DEMANDA ESPONTANEA)</procedimento>;<procedimento>  0301040079 - ESCUTA INICIAL / ORIENTACAO (ACOLHIMENTO A DEMANDA ESPONTANEA) - Quantidade: 1
</procedimento>;N;;;N;Espontanea;18/09/2026 16:47:42;18/09/2026 00:00:00;18/09/2026 00:00:00;56s;RUA NOSSA SENHORA DE LOURDES, S/N, QD43 LT16, PRAIA DE ITAIPUACU (ITAIPUACU), MARICA-RJ, CEP: 24936760  - Tel: 21985830824;
ANA LUCIA LUNA NERY SILVA;False;;F;07/01/1976 00:00:00;50;708206141811246;Escuta Inicial;SILVIA GOMES DA SILVA;;<procedimento>, ESCUTA INICIAL / ORIENTACAO (ACOLHIMENTO A DEMANDA ESPONTANEA)</procedimento>;<procedimento>  0301040079 - ESCUTA INICIAL / ORIENTACAO (ACOLHIMENTO A DEMANDA ESPONTANEA) - Quantidade: 1
</procedimento>;N;;;N;Espontanea;18/09/2026 16:48:38;18/09/2026 00:00:00;18/09/2026 00:00:00;1min 0s;RUA DEZESSETE DE NOVEMBRO, 1104, Q 43 LT 41 CS 2, PRAIA DE ITAIPUACU (ITAIPUACU), MARICA-RJ, CEP: 24936770  - Tel: 21988937436;
EDINA APARECIDA DOS SANTOS;False;;F;15/12/1988 00:00:00;37;706409681264681;Escuta Inicial;SILVIA GOMES DA SILVA;;<procedimento>, ESCUTA INICIAL / ORIENTACAO (ACOLHIMENTO A DEMANDA ESPONTANEA)</procedimento>;<procedimento>  0301040079 - ESCUTA INICIAL / ORIENTACAO (ACOLHIMENTO A DEMANDA ESPONTANEA) - Quantidade: 1
</procedimento>;N;;;N;Espontanea;18/09/2026 16:51:31;18/09/2026 00:00:00;18/09/2026 00:00:00;51s;RUA OITENTA E CINCO, S/N, JARDIM INTERLAGOS (PONTA NEGRA), MARICA-RJ, CEP: 24917110  - Tel: 21972673261;
MARIA JOSE BARBOSA;False;;F;02/11/1961 00:00:00;64;706405627664584;Escuta Inicial;SILVIA GOMES DA SILVA;;<procedimento>, ESCUTA INICIAL / ORIENTACAO (ACOLHIMENTO A DEMANDA ESPONTANEA)</procedimento>;<procedimento>  0301040079 - ESCUTA INICIAL / ORIENTACAO (ACOLHIMENTO A DEMANDA ESPONTANEA) - Quantidade: 1
</procedimento>;N;;;N;Espontanea;18/09/2026 16:52:20;18/09/2026 00:00:00;18/09/2026 00:00:00;36s;RUA DAS AMENDOAS, S/N, RINCAO MIMOSO (ITAIPUACU), MARICA-RJ, CEP: 24938340  - Tel: 21986987123;
PATRICIA CONCEICAO DA SILVA;False;;F;27/08/1992 00:00:00;34;704500320210912;Escuta Inicial;SILVIA GOMES DA SILVA;;<procedimento>, ESCUTA INICIAL / ORIENTACAO (ACOLHIMENTO A DEMANDA ESPONTANEA)</procedimento>;<procedimento>  0301040079 - ESCUTA INICIAL / ORIENTACAO (ACOLHIMENTO A DEMANDA ESPONTANEA) - Quantidade: 1
</procedimento>;N;;;N;Espontanea;18/09/2026 16:53:22;18/09/2026 00:00:00;18/09/2026 00:00:00;36s;RUA X, S/N, STB BL1 AP101, CHACARAS DE INOA (INOA), MARICA-RJ, CEP: 24940653  - Tel: 21997971680;
JULIANA MELO DA CONCEICAO;False;;F;23/06/1986 00:00:00;40;707006881149036;Consulta c/ Cirurgiao Geral;JOSE ROBERTO BARQUETTE; K801 - CALCULOSE DA VESICULA BILIAR COM OUTRAS FORMAS DE COLECISTITE;<procedimento>, CONSULTA MEDICA EM ATENCAO ESPECIALIZADA</procedimento>;<procedimento>  0301010072 - CONSULTA MEDICA EM ATENCAO ESPECIALIZADA - Quantidade: 1
</procedimento>;N;;;N;Programada;18/09/2026 16:53:01;18/09/2026 00:00:00;18/09/2026 00:00:00;16min 33s;RUA MARIANA, 169, QD 602 LT 15, JARDIM ATLANTICO OESTE (ITAIPUACU), MARICA-RJ, CEP: 24935160  - Tel: 21990168477;
ANDREA VASCONCELOS BARRETO;False;;F;26/05/1973 00:00:00;53;708601517116087;Escuta Inicial;SILVIA GOMES DA SILVA;;<procedimento>, ESCUTA INICIAL / ORIENTACAO (ACOLHIMENTO A DEMANDA ESPONTANEA)</procedimento>;<procedimento>  0301040079 - ESCUTA INICIAL / ORIENTACAO (ACOLHIMENTO A DEMANDA ESPONTANEA) - Quantidade: 1
</procedimento>;N;;;N;Espontanea;18/09/2026 16:54:08;18/09/2026 00:00:00;18/09/2026 00:00:00;25s;RUA LEONARDO JOSE ANTUNES, S/N, STE BL2 AP302, INOA (INOA), MARICA-RJ, CEP: 24943255  - Tel: 21990393845;
FLAVIO FELIX RODRIGUES;False;;M;20/02/1994 00:00:00;32;702904553078875;Escuta Inicial;SILVIA GOMES DA SILVA;;<procedimento>, ESCUTA INICIAL / ORIENTACAO (ACOLHIMENTO A DEMANDA ESPONTANEA)</procedimento>;<procedimento>  0301040079 - ESCUTA INICIAL / ORIENTACAO (ACOLHIMENTO A DEMANDA ESPONTANEA) - Quantidade: 1
</procedimento>;N;;;N;Espontanea;18/09/2026 16:54:51;18/09/2026 00:00:00;18/09/2026 00:00:00;1min 6s;RUA LEONARDO JOSE ANTUNES, S/N, STE BL6 AP403, INOA (INOA), MARICA-RJ, CEP: 24943255  - Tel: 81989812255;
THALITA SANTOS BASTOS;False;;F;20/03/1997 00:00:00;29;706707232066020;Escuta Inicial;SILVIA GOMES DA SILVA;;<procedimento>, ESCUTA INICIAL / ORIENTACAO (ACOLHIMENTO A DEMANDA ESPONTANEA)</procedimento>;<procedimento>  0301040079 - ESCUTA INICIAL / ORIENTACAO (ACOLHIMENTO A DEMANDA ESPONTANEA) - Quantidade: 1
</procedimento>;N;;;N;Espontanea;18/09/2026 16:55:34;18/09/2026 00:00:00;18/09/2026 00:00:00;52s;RUA GARDENIA, 102, QD 20CS 102 CON, SAO JOSE DO IMBASSAI, MARICA-RJ, CEP: 24930460  - Tel: 21996951328;
LUZA MABEL SACRAMENTO DE ARAUJO;False;;F;26/06/1977 00:00:00;49;700608924079564;Escuta Inicial;SILVIA GOMES DA SILVA;;<procedimento>, ESCUTA INICIAL / ORIENTACAO (ACOLHIMENTO A DEMANDA ESPONTANEA)</procedimento>;<procedimento>  0301040079 - ESCUTA INICIAL / ORIENTACAO (ACOLHIMENTO A DEMANDA ESPONTANEA) - Quantidade: 1
</procedimento>;N;;;N;Espontanea;18/09/2026 16:57:30;18/09/2026 00:00:00;18/09/2026 00:00:00;49s;RUA ALICE MAXIMINO DE SOUZA, S/N, JARDIM ATLANTICO CENTRAL (ITAIPUACU), MARICA-RJ, CEP: 24934225  - Tel: 2127854887;
FERNANDA DA SILVA FARIA;False;;F;21/09/1981 00:00:00;44;701805221338071;Escuta Inicial;SILVIA GOMES DA SILVA;;<procedimento>, ESCUTA INICIAL / ORIENTACAO (ACOLHIMENTO A DEMANDA ESPONTANEA)</procedimento>;<procedimento>  0301040079 - ESCUTA INICIAL / ORIENTACAO (ACOLHIMENTO A DEMANDA ESPONTANEA) - Quantidade: 1
</procedimento>;N;;;N;Espontanea;18/09/2026 16:58:24;18/09/2026 00:00:00;18/09/2026 00:00:00;37s;AVENIDA MAYSA, S/N, CASA, GUARATIBA (PONTA NEGRA), MARICA-RJ, CEP: 24916000  - Tel: 21995439154;
HELIO RICARDO NUNES DE CARVALHO;False;;M;07/03/1967 00:00:00;59;705605447312418;Escuta Inicial;SILVIA GOMES DA SILVA;;<procedimento>, ESCUTA INICIAL / ORIENTACAO (ACOLHIMENTO A DEMANDA ESPONTANEA)</procedimento>;<procedimento>  0301040079 - ESCUTA INICIAL / ORIENTACAO (ACOLHIMENTO A DEMANDA ESPONTANEA) - Quantidade: 1
</procedimento>;N;;;N;Espontanea;18/09/2026 16:59:06;18/09/2026 00:00:00;18/09/2026 00:00:00;23s;RUA THOMAS DA CUNHA, S/N, LT 2 QD A, SAO JOSE DO IMBASSAI, MARICA-RJ, CEP: 24930480  - Tel: 22999593537;
LORENA FARIA GUIMARAES NASCIMENTO DA SILVA;False;;F;23/08/1990 00:00:00;36;700603919470167;Escuta Inicial;SILVIA GOMES DA SILVA;;<procedimento>, ESCUTA INICIAL / ORIENTACAO (ACOLHIMENTO A DEMANDA ESPONTANEA)</procedimento>;<procedimento>  0301040079 - ESCUTA INICIAL / ORIENTACAO (ACOLHIMENTO A DEMANDA ESPONTANEA) - Quantidade: 1
</procedimento>;N;;;N;Espontanea;18/09/2026 17:00:01;18/09/2026 00:00:00;18/09/2026 00:00:00;14s;AVENIDA PREFEITO IVAN MUNDIN, S/N, ARACATIBA, MARICA-RJ, CEP: 24901615  - Tel: 21997843934;
ROZILDA DE SOUZA BATISTA;False;;F;15/10/1958 00:00:00;67;700909984553791;Escuta Inicial;SILVIA GOMES DA SILVA;;<procedimento>, ESCUTA INICIAL / ORIENTACAO (ACOLHIMENTO A DEMANDA ESPONTANEA)</procedimento>;<procedimento>  0301040079 - ESCUTA INICIAL / ORIENTACAO (ACOLHIMENTO A DEMANDA ESPONTANEA) - Quantidade: 1
</procedimento>;N;;;N;Espontanea;21/09/2026 08:12:34;21/09/2026 00:00:00;21/09/2026 00:00:00;57s;RUA TRES, S/N, LT 6 QD 38, ARACATIBA, MARICA-RJ, CEP: 24901550  - Tel: 21995256660;
ARIANA JOSE GABRIEL;False;;F;22/06/1994 00:00:00;32;708201124815641;Escuta Inicial;SILVIA GOMES DA SILVA;;<procedimento>, ESCUTA INICIAL / ORIENTACAO (ACOLHIMENTO A DEMANDA ESPONTANEA)</procedimento>;<procedimento>  0301040079 - ESCUTA INICIAL / ORIENTACAO (ACOLHIMENTO A DEMANDA ESPONTANEA) - Quantidade: 1
</procedimento>;N;;;N;Espontanea;21/09/2026 08:13:28;21/09/2026 00:00:00;21/09/2026 00:00:00;41s;RUA C, 111, (A R CH INOA), CHACARAS DE INOA (INOA), MARICA-RJ, CEP: 24941530  - Tel: 21981627095;
GIL DE BARROS;False;;M;05/03/1948 00:00:00;78;703400788291500;Escuta Inicial;SILVIA GOMES DA SILVA;;<procedimento>, ESCUTA INICIAL / ORIENTACAO (ACOLHIMENTO A DEMANDA ESPONTANEA)</procedimento>;<procedimento>  0301040079 - ESCUTA INICIAL / ORIENTACAO (ACOLHIMENTO A DEMANDA ESPONTANEA) - Quantidade: 1
</procedimento>;N;;;N;Espontanea;21/09/2026 08:14:07;21/09/2026 00:00:00;21/09/2026 00:00:00;22s;RUA SETE, S/N, LOTE13QUADRA11, CORDEIRINHO (PONTA NEGRA), MARICA-RJ, CEP: 24921636  - Tel: 21997084740;
JOZENILZA CARVALHO LOPES FERREIRA;False;;F;02/09/1964 00:00:00;62;706200596407868;Escuta Inicial;SILVIA GOMES DA SILVA;;<procedimento>, ESCUTA INICIAL / ORIENTACAO (ACOLHIMENTO A DEMANDA ESPONTANEA)</procedimento>;<procedimento>  0301040079 - ESCUTA INICIAL / ORIENTACAO (ACOLHIMENTO A DEMANDA ESPONTANEA) - Quantidade: 1
</procedimento>;N;;;N;Espontanea;21/09/2026 08:15:10;21/09/2026 00:00:00;21/09/2026 00:00:00;22s;AVENIDA MAYSA, S/N, 714, PONTA NEGRA (PONTA NEGRA), MARICA-RJ, CEP: 24922030  - Tel: 21964721165;
MARCOS DE OLIVEIRA;False;;M;10/03/1976 00:00:00;50;702302585680620;Escuta Inicial;SILVIA GOMES DA SILVA;;<procedimento>, ESCUTA INICIAL / ORIENTACAO (ACOLHIMENTO A DEMANDA ESPONTANEA)</procedimento>;<procedimento>  0301040079 - ESCUTA INICIAL / ORIENTACAO (ACOLHIMENTO A DEMANDA ESPONTANEA) - Quantidade: 1
</procedimento>;N;;;N;Espontanea;21/09/2026 08:15:53;21/09/2026 00:00:00;21/09/2026 00:00:00;1min 8s;ESTRADA MELCHIOR, 6, ESTANCIA, CAXITO, MARICA-RJ, CEP: 24910475  - Tel: 21999440772;
ANA CAROLINA OLIVEIRA DOS SANTOS;False;;F;01/06/1998 00:00:00;28;702606795360445;Consulta c/ Fonoaudiologo;ANDREI PEREIRA DOS SANTOS; H93  - TRANSTORNOS DO OUVIDO NAO CLASSIFICADOS EM OUTRA PARTE;<procedimento>, CONSULTA DE PROFISSIONAIS DE NIVEL SUPERIOR NA ATENCAO ESPECIALIZADA (EXCETO MEDICO)</procedimento>;<procedimento>  0301010048 - CONSULTA DE PROFISSIONAIS DE NIVEL SUPERIOR NA ATENCAO ESPECIALIZADA (EXCETO MEDICO) - Quantidade: 1
</procedimento>;N;;;N;Programada;21/09/2026 08:15:27;21/09/2026 00:00:00;21/09/2026 00:00:00;1min 3s;RUA PARAISO, 13, 66QD, JARDIM ATLANTICO OESTE (ITAIPUACU), MARICA-RJ, CEP: 24935615  - Tel: 21981447613;
MARGARETE NUNES DA SILVA;False;;F;19/02/1964 00:00:00;62;700903961710690;Escuta Inicial;SILVIA GOMES DA SILVA;;<procedimento>, ESCUTA INICIAL / ORIENTACAO (ACOLHIMENTO A DEMANDA ESPONTANEA)</procedimento>;<procedimento>  0301040079 - ESCUTA INICIAL / ORIENTACAO (ACOLHIMENTO A DEMANDA ESPONTANEA) - Quantidade: 1
</procedimento>;N;;;N;Espontanea;21/09/2026 08:16:42;21/09/2026 00:00:00;21/09/2026 00:00:00;57s;AVENIDA DOUTOR ANTONIO MARQUES MATHIAS, S/N, JARDIM ATLANTICO LESTE (ITAIPUACU), MARICA-RJ, CEP: 24933385  - Tel: 21973906585;
JOELMA DE ANDRADE PINTO;False;;F;17/07/1975 00:00:00;51;707602294313999;Escuta Inicial;SILVIA GOMES DA SILVA;;<procedimento>, ESCUTA INICIAL / ORIENTACAO (ACOLHIMENTO A DEMANDA ESPONTANEA)</procedimento>;<procedimento>  0301040079 - ESCUTA INICIAL / ORIENTACAO (ACOLHIMENTO A DEMANDA ESPONTANEA) - Quantidade: 1
</procedimento>;N;;;N;Espontanea;21/09/2026 08:17:24;21/09/2026 00:00:00;21/09/2026 00:00:00;38s;RUA OITO, S/N, LT01 QD 0, CENTRO, MARICA-RJ, CEP: 24900300  - Tel: 21971480670;
EDVALDO MANOEL DA SILVA;False;;M;11/06/1961 00:00:00;65;700003376310003;Escuta Inicial;SILVIA GOMES DA SILVA;;<procedimento>, ESCUTA INICIAL / ORIENTACAO (ACOLHIMENTO A DEMANDA ESPONTANEA)</procedimento>;<procedimento>  0301040079 - ESCUTA INICIAL / ORIENTACAO (ACOLHIMENTO A DEMANDA ESPONTANEA) - Quantidade: 1
</procedimento>;N;;;N;Espontanea;21/09/2026 08:18:11;21/09/2026 00:00:00;21/09/2026 00:00:00;28s;RUA DA PAZ, S/N, QD 127 LT 27, JARDIM ATLANTICO CENTRAL (ITAIPUACU), MARICA-RJ, CEP: 24934620  - Tel: 21986272745;
PAULO SERGIO GOULART;False;;M;09/09/1961 00:00:00;65;705609488334215;Escuta Inicial;SILVIA GOMES DA SILVA;;<procedimento>, ESCUTA INICIAL / ORIENTACAO (ACOLHIMENTO A DEMANDA ESPONTANEA)</procedimento>;<procedimento>  0301040079 - ESCUTA INICIAL / ORIENTACAO (ACOLHIMENTO A DEMANDA ESPONTANEA) - Quantidade: 1
</procedimento>;N;;;N;Espontanea;21/09/2026 08:18:54;21/09/2026 00:00:00;21/09/2026 00:00:00;1min 10s;RUA VITOR CONCEICAO, 102, ARACATIBA, MARICA-RJ, CEP: 24901445  - Tel: 21967226115;
KEDIMA JESUS REIS;False;;F;08/07/1968 00:00:00;58;700508397987851;Escuta Inicial;SILVIA GOMES DA SILVA;;<procedimento>, ESCUTA INICIAL / ORIENTACAO (ACOLHIMENTO A DEMANDA ESPONTANEA)</procedimento>;<procedimento>  0301040079 - ESCUTA INICIAL / ORIENTACAO (ACOLHIMENTO A DEMANDA ESPONTANEA) - Quantidade: 1
</procedimento>;N;;;N;Espontanea;21/09/2026 08:19:50;21/09/2026 00:00:00;21/09/2026 00:00:00;1min 13s;AVENIDA MAYSA, S/N, LT 01, PONTA NEGRA (PONTA NEGRA), MARICA-RJ, CEP: 24922030  - Tel: 21996058718;
ADRIANA STEFANIE DOS SANTOS;False;;F;22/04/1993 00:00:00;33;703604094943432;Escuta Inicial;SILVIA GOMES DA SILVA;;<procedimento>, ESCUTA INICIAL / ORIENTACAO (ACOLHIMENTO A DEMANDA ESPONTANEA)</procedimento>;<procedimento>  0301040079 - ESCUTA INICIAL / ORIENTACAO (ACOLHIMENTO A DEMANDA ESPONTANEA) - Quantidade: 1
</procedimento>;N;;;N;Espontanea;21/09/2026 08:21:57;21/09/2026 00:00:00;21/09/2026 00:00:00;1min 11s;RUA DOUGLAS MARQUES RIENTI, S/N, JARDIM ATLANTICO LESTE (ITAIPUACU), MARICA-RJ, CEP: 24933710  - Tel: 21991309709;
CRISTIANO CARVALHO ESTEVES;False;;M;14/06/1972 00:00:00;54;702105755705399;Escuta Inicial;SILVIA GOMES DA SILVA;;<procedimento>, ESCUTA INICIAL / ORIENTACAO (ACOLHIMENTO A DEMANDA ESPONTANEA)</procedimento>;<procedimento>  0301040079 - ESCUTA INICIAL / ORIENTACAO (ACOLHIMENTO A DEMANDA ESPONTANEA) - Quantidade: 1
</procedimento>;N;;;N;Espontanea;21/09/2026 08:21:02;21/09/2026 00:00:00;21/09/2026 00:00:00;17s;RUA VIRGILIO DA COSTA E SILVA, 138, BARRA DE MARICA, MARICA-RJ, CEP: 24915515  - Tel: 21992201061;
ELIAS PAULINO DE ALBUQUERQUE;False;;M;21/11/1962 00:00:00;63;706509368021499;Escuta Inicial;SILVIA GOMES DA SILVA;;<procedimento>, ESCUTA INICIAL / ORIENTACAO (ACOLHIMENTO A DEMANDA ESPONTANEA)</procedimento>;<procedimento>  0301040079 - ESCUTA INICIAL / ORIENTACAO (ACOLHIMENTO A DEMANDA ESPONTANEA) - Quantidade: 1
</procedimento>;N;;;N;Espontanea;21/09/2026 08:22:44;21/09/2026 00:00:00;21/09/2026 00:00:00;56s;RUA SESSENTA E UM, S/N, LOTE24QUADRA54, JARDIM INTERLAGOS (PONTA NEGRA), MARICA-RJ, CEP: 24917575  - Tel: 2124555764;
SHIRLEI DE SOUZA DA SILVA;False;;F;23/04/1964 00:00:00;62;700109980951714;Consulta c/ Fonoaudiologo;ANDREI PEREIRA DOS SANTOS; H906 - PERDA DE AUDICAO BILATERAL MISTA, DE CONDUCAO E NEURO-SENSORIAL;<procedimento>, AUDIOMETRIA TONAL LIMIAR (VIA AEREA / OSSEA)</procedimento><procedimento>, CONSULTA DE PROFISSIONAIS DE NIVEL SUPERIOR NA ATENCAO ESPECIALIZADA (EXCETO MEDICO)</procedimento><procedimento>, IMITANCIOMETRIA</procedimento><procedimento>, LOGOAUDIOMETRIA (LDV-IRF-LRF)</procedimento>;<procedimento>  0211070041 - AUDIOMETRIA TONAL LIMIAR (VIA AEREA / OSSEA) - Quantidade: 1
</procedimento><procedimento>  0211070203 - IMITANCIOMETRIA - Quantidade: 1
</procedimento><procedimento>  0211070211 - LOGOAUDIOMETRIA (LDV-IRF-LRF) - Quantidade: 1
</procedimento><procedimento>  0301010048 - CONSULTA DE PROFISSIONAIS DE NIVEL SUPERIOR NA ATENCAO ESPECIALIZADA (EXCETO MEDICO) - Quantidade: 1
</procedimento>;N;;;N;Programada;21/09/2026 08:23:51;21/09/2026 00:00:00;21/09/2026 00:00:00;3min 22s;RUA MARAMBAIA, S/N, LT 03 QD 04, SAO JOSE DO IMBASSAI, MARICA-RJ, CEP: 24931140  - Tel: 21971517260;
ALINE MARJORE DA SILVA CORDEIRO;False;;F;07/02/1978 00:00:00;48;;Escuta Inicial;SILVIA GOMES DA SILVA;;<procedimento>, ESCUTA INICIAL / ORIENTACAO (ACOLHIMENTO A DEMANDA ESPONTANEA)</procedimento>;<procedimento>  0301040079 - ESCUTA INICIAL / ORIENTACAO (ACOLHIMENTO A DEMANDA ESPONTANEA) - Quantidade: 1
</procedimento>;N;;;N;Espontanea;21/09/2026 08:24:36;21/09/2026 00:00:00;21/09/2026 00:00:00;49s;RUA ELISA VIEIRA VERAS, S/N, JARDIM ATLANTICO CENTRAL (ITAIPUACU), MARICA-RJ, CEP: 24934515  - Tel: 21982290279;
JANILTON DA SILVA MELO;False;;M;10/01/1979 00:00:00;47;707501265238690;Escuta Inicial;SILVIA GOMES DA SILVA;;<procedimento>, ESCUTA INICIAL / ORIENTACAO (ACOLHIMENTO A DEMANDA ESPONTANEA)</procedimento>;<procedimento>  0301040079 - ESCUTA INICIAL / ORIENTACAO (ACOLHIMENTO A DEMANDA ESPONTANEA) - Quantidade: 1
</procedimento>;N;;;N;Espontanea;21/09/2026 08:25:21;21/09/2026 00:00:00;21/09/2026 00:00:00;35s;RUA LEONARDO JOSE ANTUNES, S/N, QD28 LT01, INOA (INOA), MARICA-RJ, CEP: 24943255  - Tel: 21970405019;
ROSA MARIA DA SILVA PINTO;False;;F;17/05/1957 00:00:00;69;700501377672557;Escuta Inicial;SILVIA GOMES DA SILVA;;<procedimento>, ESCUTA INICIAL / ORIENTACAO (ACOLHIMENTO A DEMANDA ESPONTANEA)</procedimento>;<procedimento>  0301040079 - ESCUTA INICIAL / ORIENTACAO (ACOLHIMENTO A DEMANDA ESPONTANEA) - Quantidade: 1
</procedimento>;N;;;N;Espontanea;21/09/2026 08:26:03;21/09/2026 00:00:00;21/09/2026 00:00:00;25s;RUA ABRAHAO TAVARES DE MORAES, S/N, QD410 LT50, JARDIM ATLANTICO LESTE (ITAIPUACU), MARICA-RJ, CEP: 24933520  - Tel: 21997318056;
GILBERTO FERNANDES DOS SANTOS;False;;M;29/10/1958 00:00:00;67;700002911608210;Escuta Inicial;SILVIA GOMES DA SILVA;;<procedimento>, ESCUTA INICIAL / ORIENTACAO (ACOLHIMENTO A DEMANDA ESPONTANEA)</procedimento>;<procedimento>  0301040079 - ESCUTA INICIAL / ORIENTACAO (ACOLHIMENTO A DEMANDA ESPONTANEA) - Quantidade: 1
</procedimento>;N;;;N;Espontanea;21/09/2026 08:27:56;21/09/2026 00:00:00;21/09/2026 00:00:00;1min 9s;RUA CAPITAO BENJAMIN CONSTANT KELLER, S/N, QD95 LT07 C2, BARROCO (ITAIPUACU), MARICA-RJ, CEP: 24936620  - Tel: 21991114000;
NEUZA LOPES DE ALMEIDA;False;;F;13/06/1951 00:00:00;75;700008203978007;Escuta Inicial;SILVIA GOMES DA SILVA;;<procedimento>, ESCUTA INICIAL / ORIENTACAO (ACOLHIMENTO A DEMANDA ESPONTANEA)</procedimento>;<procedimento>  0301040079 - ESCUTA INICIAL / ORIENTACAO (ACOLHIMENTO A DEMANDA ESPONTANEA) - Quantidade: 1
</procedimento>;N;;;N;Espontanea;21/09/2026 08:27:03;21/09/2026 00:00:00;21/09/2026 00:00:00;15s;RUA SEIS, S/N, (JD GUARATIBA B, GUARATIBA (PONTA NEGRA), MARICA-RJ, CEP: 24916175  - Tel: 21972320016;
WALDEMAR LIMA RIBEIRO;False;;M;18/04/1958 00:00:00;68;702501292078940;Consulta de Enfermagem;MAURO BATISTA DE BARROS; T140 - TRAUMATISMO SUPERFICIAL DE REGIAO NAO ESPECIFICADA DO CORPO;<procedimento>, CONSULTA DE PROFISSIONAIS DE NIVEL SUPERIOR NA ATENCAO ESPECIALIZADA (EXCETO MEDICO)</procedimento><procedimento>, CURATIVO ESPECIAL</procedimento>;<procedimento>  0301010048 - CONSULTA DE PROFISSIONAIS DE NIVEL SUPERIOR NA ATENCAO ESPECIALIZADA (EXCETO MEDICO) - Quantidade: 1
</procedimento><procedimento>  0301100276 - CURATIVO ESPECIAL - Quantidade: 1
</procedimento>;N;;;N;Programada;21/09/2026 08:27:12;21/09/2026 00:00:00;21/09/2026 00:00:00;5min 15s;RUA UM, S/N, LT 04 QD 06 CS 01, SAO JOSE DO IMBASSAI, MARICA-RJ, CEP: 24930154  - Tel: 21982636282;
MONICA ROSA ARAUJO DE CAMPOS;False;;F;24/08/1991 00:00:00;35;708508093263980;Escuta Inicial;SILVIA GOMES DA SILVA;;<procedimento>, ESCUTA INICIAL / ORIENTACAO (ACOLHIMENTO A DEMANDA ESPONTANEA)</procedimento>;<procedimento>  0301040079 - ESCUTA INICIAL / ORIENTACAO (ACOLHIMENTO A DEMANDA ESPONTANEA) - Quantidade: 1
</procedimento>;N;;;N;Espontanea;21/09/2026 08:28:40;21/09/2026 00:00:00;21/09/2026 00:00:00;53s;RUA NOVENTA E QUATRO, S/N, LT 24 QD 89, JARDIM INTERLAGOS (PONTA NEGRA), MARICA-RJ, CEP: 24917225  - Tel: 21995823497;
ELIETE DA SILVA DE ASSIS BARBOZA;False;;F;20/11/1967 00:00:00;58;701004865634498;Escuta Inicial;SILVIA GOMES DA SILVA;;<procedimento>, ESCUTA INICIAL / ORIENTACAO (ACOLHIMENTO A DEMANDA ESPONTANEA)</procedimento>;<procedimento>  0301040079 - ESCUTA INICIAL / ORIENTACAO (ACOLHIMENTO A DEMANDA ESPONTANEA) - Quantidade: 1
</procedimento>;N;;;N;Espontanea;21/09/2026 08:29:28;21/09/2026 00:00:00;21/09/2026 00:00:00;39s;AVENIDA CARLOS MARIGHELLA, S/N, QD08 LT164 C2, JARDIM ATLANTICO OESTE (ITAIPUACU), MARICA-RJ, CEP: 24935000  - Tel: 21964935816;
JOSE VITOR PEREIRA CARDOSO;False;;M;20/03/1967 00:00:00;59;700401419622545;Escuta Inicial;SILVIA GOMES DA SILVA;;<procedimento>, ESCUTA INICIAL / ORIENTACAO (ACOLHIMENTO A DEMANDA ESPONTANEA)</procedimento>;<procedimento>  0301040079 - ESCUTA INICIAL / ORIENTACAO (ACOLHIMENTO A DEMANDA ESPONTANEA) - Quantidade: 1
</procedimento>;N;;;N;Espontanea;21/09/2026 08:30:20;21/09/2026 00:00:00;21/09/2026 00:00:00;33s;RUA NOVENTA E DOIS, 103, LOTE14QUADRA126, CORDEIRINHO (PONTA NEGRA), MARICA-RJ, CEP: 24921456  - Tel: 21985106548;
MARCIA MARIA FACCHINETTI DE CARVALHO CARVALHAL;False;;F;21/03/1955 00:00:00;71;706007344483843;Escuta Inicial;SILVIA GOMES DA SILVA;;<procedimento>, ESCUTA INICIAL / ORIENTACAO (ACOLHIMENTO A DEMANDA ESPONTANEA)</procedimento>;<procedimento>  0301040079 - ESCUTA INICIAL / ORIENTACAO (ACOLHIMENTO A DEMANDA ESPONTANEA) - Quantidade: 1
</procedimento>;N;;;N;Espontanea;21/09/2026 08:31:26;21/09/2026 00:00:00;21/09/2026 00:00:00;39s;RUA OITENTA E DOIS, S/N, JARDIM ATLANTICO LESTE (ITAIPUACU), MARICA-RJ, CEP: 24933480  - Tel: 21993548011;
JOSE CARLOS MATARUNA;False;;M;22/04/1963 00:00:00;63;708704159628498;Consulta de Enfermagem;ELAINE APARECIDA DE SOUZA; K92  - DOENCAS DO APARELHO DIGESTIVO;<procedimento>, BARREIRAS PROTETORAS DE PELE SINTETICA E/OU MISTA EM FORMA DE PO / PASTA E/OU PLACA</procedimento><procedimento>, BOLSA DE COLOSTOMIA COM ADESIVO MICROPORO DRENAVEL</procedimento><procedimento>, CONSULTA DE PROFISSIONAIS DE NIVEL SUPERIOR NA ATENCAO ESPECIALIZADA (EXCETO MEDICO)</procedimento><procedimento>, CUIDADOS COM ESTOMAS</procedimento><procedimento>, CURATIVO GRAU II C/ OU S/ DEBRIDAMENTO</procedimento>;<procedimento>  0301010048 - CONSULTA DE PROFISSIONAIS DE NIVEL SUPERIOR NA ATENCAO ESPECIALIZADA (EXCETO MEDICO) - Quantidade: 1
</procedimento><procedimento>  0301100063 - CUIDADOS COM ESTOMAS - Quantidade: 1
</procedimento><procedimento>  0401010015 - CURATIVO GRAU II C/ OU S/ DEBRIDAMENTO - Quantidade: 1
</procedimento><procedimento>  0701050020 - BOLSA DE COLOSTOMIA COM ADESIVO MICROPORO DRENAVEL - Quantidade: 2
</procedimento><procedimento>  0701060018 - BARREIRAS PROTETORAS DE PELE SINTETICA E/OU MISTA EM FORMA DE PO / PASTA E/OU PLACA - Quantidade: 1
</procedimento>;N;;;N;Programada;21/09/2026 08:34:51;21/09/2026 00:00:00;21/09/2026 00:00:00;43min 0s;RUA MIRENE DA SILVA BITTENCOURT, 39, CASA 03, ITAPEBA, MARICA-RJ, CEP: 24912470  - Tel: 21972762410;
MAURIZA DE MATTOS ISAIAS;False;;F;26/09/1955 00:00:00;70;704802054670944;Consulta de Enfermagem;MAURO BATISTA DE BARROS; T140 - TRAUMATISMO SUPERFICIAL DE REGIAO NAO ESPECIFICADA DO CORPO;<procedimento>, CONSULTA DE PROFISSIONAIS DE NIVEL SUPERIOR NA ATENCAO ESPECIALIZADA (EXCETO MEDICO)</procedimento><procedimento>, CURATIVO ESPECIAL</procedimento>;<procedimento>  0301010048 - CONSULTA DE PROFISSIONAIS DE NIVEL SUPERIOR NA ATENCAO ESPECIALIZADA (EXCETO MEDICO) - Quantidade: 1
</procedimento><procedimento>  0301100276 - CURATIVO ESPECIAL - Quantidade: 1
</procedimento>;N;;;N;Programada;21/09/2026 08:34:22;21/09/2026 00:00:00;21/09/2026 00:00:00;8min 17s;ESTRADA MONTE LIBANO, S/N, SITIO 08 B CS 02, SANTA PAULA (INOA), MARICA-RJ, CEP: 24944660  - Tel: 21966511437;
TATIANE TEIXEIRA DA SILVA BROCHADO;False;;F;19/08/1984 00:00:00;42;;Procedimento;TATIANA PUREZA DA SILVA;;<procedimento>, ESCUTA INICIAL / ORIENTACAO (ACOLHIMENTO A DEMANDA ESPONTANEA)</procedimento>;<procedimento>  0301040079 - ESCUTA INICIAL / ORIENTACAO (ACOLHIMENTO A DEMANDA ESPONTANEA) - Quantidade: 1
</procedimento>;;;;;Espontanea;21/09/2026 08:42:37;21/09/2026 00:00:00;21/09/2026 00:00:00;52s;RUA WALTER MUNIZ DOS SANTOS, S/N, JARDIM ATLANTICO CENTRAL (ITAIPUACU), MARICA-RJ, CEP: 24934125  - Tel: 21992843319;
LEONARDO MELLO TAVARES PEREIRA;False;;M;09/08/1971 00:00:00;55;706803715892125;Consulta c/ Fonoaudiologo;ANDREI PEREIRA DOS SANTOS; H93  - TRANSTORNOS DO OUVIDO NAO CLASSIFICADOS EM OUTRA PARTE;<procedimento>, AUDIOMETRIA TONAL LIMIAR (VIA AEREA / OSSEA)</procedimento><procedimento>, CONSULTA DE PROFISSIONAIS DE NIVEL SUPERIOR NA ATENCAO ESPECIALIZADA (EXCETO MEDICO)</procedimento><procedimento>, IMITANCIOMETRIA</procedimento><procedimento>, LOGOAUDIOMETRIA (LDV-IRF-LRF)</procedimento>;<procedimento>  0211070041 - AUDIOMETRIA TONAL LIMIAR (VIA AEREA / OSSEA) - Quantidade: 1
</procedimento><procedimento>  0211070203 - IMITANCIOMETRIA - Quantidade: 1
</procedimento><procedimento>  0211070211 - LOGOAUDIOMETRIA (LDV-IRF-LRF) - Quantidade: 1
</procedimento><procedimento>  0301010048 - CONSULTA DE PROFISSIONAIS DE NIVEL SUPERIOR NA ATENCAO ESPECIALIZADA (EXCETO MEDICO) - Quantidade: 1
</procedimento>;N;;;N;Programada;21/09/2026 08:43:11;21/09/2026 00:00:00;21/09/2026 00:00:00;3min 16s;RUA EDUARDO CARLSON, S/N, QD 278 LT 16 C1, JARDIM ATLANTICO CENTRAL (ITAIPUACU), MARICA-RJ, CEP: 24934115  - Tel: 21967713778;
DULCE VIRGINIA DA SILVA DOS SANTOS;False;;F;01/06/1968 00:00:00;58;703405929057600;Procedimento;TATIANA PUREZA DA SILVA;;<procedimento>, ESCUTA INICIAL / ORIENTACAO (ACOLHIMENTO A DEMANDA ESPONTANEA)</procedimento>;<procedimento>  0301040079 - ESCUTA INICIAL / ORIENTACAO (ACOLHIMENTO A DEMANDA ESPONTANEA) - Quantidade: 1
</procedimento>;;;;;Espontanea;21/09/2026 08:43:10;21/09/2026 00:00:00;21/09/2026 00:00:00;20s;RUA ANTONIO RODRIGUES CORREIA, S/N, JARDIM ATLANTICO LESTE (ITAIPUACU), MARICA-RJ, CEP: 24933420  - Tel: 21970295444;
JOSE DE SOUSA FERREIRA;False;;M;11/07/1956 00:00:00;70;700009408125902;Consulta c/ Cardiologista;LUCIANA FIRMINO PONCE; I25  - DOENCA ISQUEMICA CRONICA DO CORACAO;<procedimento>, CONSULTA MEDICA EM ATENCAO ESPECIALIZADA</procedimento>;<procedimento>  0301010072 - CONSULTA MEDICA EM ATENCAO ESPECIALIZADA - Quantidade: 1
</procedimento>;S;ECOCARDIOGRAFIA TRANSTORACICA
;;N;Programada;21/09/2026 08:45:36;21/09/2026 00:00:00;21/09/2026 00:00:00;15min 50s;AVENIDA ITAIPUACU, S/N, QD 412 LOTE 14, JARDIM ATLANTICO LESTE (ITAIPUACU), MARICA-RJ, CEP: 24933390  - Tel: 21996849024;
ANETE SILVA DOS SANTOS;False;;F;22/06/1952 00:00:00;74;700004550222608;Consulta c/ Fonoaudiologo;ANDREI PEREIRA DOS SANTOS; H93  - TRANSTORNOS DO OUVIDO NAO CLASSIFICADOS EM OUTRA PARTE;<procedimento>, AUDIOMETRIA TONAL LIMIAR (VIA AEREA / OSSEA)</procedimento><procedimento>, CONSULTA DE PROFISSIONAIS DE NIVEL SUPERIOR NA ATENCAO ESPECIALIZADA (EXCETO MEDICO)</procedimento><procedimento>, IMITANCIOMETRIA</procedimento><procedimento>, LOGOAUDIOMETRIA (LDV-IRF-LRF)</procedimento>;<procedimento>  0211070041 - AUDIOMETRIA TONAL LIMIAR (VIA AEREA / OSSEA) - Quantidade: 1
</procedimento><procedimento>  0211070203 - IMITANCIOMETRIA - Quantidade: 1
</procedimento><procedimento>  0211070211 - LOGOAUDIOMETRIA (LDV-IRF-LRF) - Quantidade: 1
</procedimento><procedimento>  0301010048 - CONSULTA DE PROFISSIONAIS DE NIVEL SUPERIOR NA ATENCAO ESPECIALIZADA (EXCETO MEDICO) - Quantidade: 1
</procedimento>;N;;;N;Programada;21/09/2026 08:46:53;21/09/2026 00:00:00;21/09/2026 00:00:00;7min 53s;RUA DOMICIO DA GAMA, S/N, CENTRO, MARICA-RJ, CEP: 24900820  - Tel: 21982936088;
AMBROSINA FATIMA RODRIGUES COUTINHO;False;;F;03/03/1954 00:00:00;72;708602549676585;Procedimento;CLAUDIA FREIXO SEIXAS IOCKEN;;<procedimento>, DENSITOMETRIA OSSEA DUO-ENERGETICA DE COLUNA (VERTEBRAS LOMBARES E/OU FEMUR)</procedimento>;<procedimento>  0204060028 - DENSITOMETRIA OSSEA DUO-ENERGETICA DE COLUNA (VERTEBRAS LOMBARES E/OU FEMUR) - Quantidade: 1
</procedimento>;;;;;Espontanea;21/09/2026 13:35:27;21/09/2026 00:00:00;21/09/2026 00:00:00;0s;RUA ALFREDO ALBERTO MOORE, S/N, LOTE12 QUADRA90, GUARATIBA (PONTA NEGRA), MARICA-RJ, CEP: 24916455  - Tel: 21964954927;
ANA CLAUDIA ALMEIDA DE CARVALHO;False;;F;02/05/1977 00:00:00;49;702000381478387;Procedimento;RENATO ROQUE DE ANDRADE;;<procedimento>, MAMOGRAFIA BILATERAL PARA RASTREAMENTO</procedimento>;<procedimento>  0204030188 - MAMOGRAFIA BILATERAL PARA RASTREAMENTO - Quantidade: 1
</procedimento>;;;;;Espontanea;21/09/2026 12:01:20;21/09/2026 00:00:00;21/09/2026 00:00:00;0s;RUA QUARENTA E DOIS, 149, LT25 QDA149, JARDIM ATLANTICO, MARICA-RJ, CEP: 24934550  - Tel: 21988706546;
CARLOS ALBERTO DE OLIVEIRA TEIXEIRA;False;;M;05/01/1974 00:00:00;52;703405782087000;Procedimento;SERGIO RICARDO DUARTE MOUTINHO;;<procedimento>, MONITORAMENTO PELO SISTEMA HOLTER 24 HS (3 CANAIS)</procedimento>;<procedimento>  0211020044 - MONITORAMENTO PELO SISTEMA HOLTER 24 HS (3 CANAIS) - Quantidade: 1
</procedimento>;;;;;Espontanea;21/09/2026 12:51:49;21/09/2026 00:00:00;21/09/2026 00:00:00;0s;RUA LEONARDO JOSE ANTUNES, S/N, STC BL14 AP103, INOA (INOA), MARICA-RJ, CEP: 24943255  - Tel: 21998220594;
DULCE VIRGINIA DA SILVA DOS SANTOS;False;;F;01/06/1968 00:00:00;58;703405929057600;Procedimento;SERGIO RICARDO DUARTE MOUTINHO;;<procedimento>, MONITORAMENTO PELO SISTEMA HOLTER 24 HS (3 CANAIS)</procedimento>;<procedimento>  0211020044 - MONITORAMENTO PELO SISTEMA HOLTER 24 HS (3 CANAIS) - Quantidade: 1
</procedimento>;;;;;Espontanea;21/09/2026 12:53:16;21/09/2026 00:00:00;21/09/2026 00:00:00;0s;RUA ANTONIO RODRIGUES CORREIA, S/N, JARDIM ATLANTICO LESTE (ITAIPUACU), MARICA-RJ, CEP: 24933420  - Tel: 21970295444;
DULCE VIRGINIA DA SILVA DOS SANTOS;False;;F;01/06/1968 00:00:00;58;703405929057600;Procedimento;SERGIO RICARDO DUARTE MOUTINHO;;<procedimento>, MONITORAMENTO PELO SISTEMA HOLTER 24 HS (3 CANAIS)</procedimento>;<procedimento>  0211020044 - MONITORAMENTO PELO SISTEMA HOLTER 24 HS (3 CANAIS) - Quantidade: 1
</procedimento>;;;;;Espontanea;21/09/2026 08:43:52;21/09/2026 00:00:00;21/09/2026 00:00:00;0s;RUA ANTONIO RODRIGUES CORREIA, S/N, JARDIM ATLANTICO LESTE (ITAIPUACU), MARICA-RJ, CEP: 24933420  - Tel: 21970295444;
EDINEIA SILVESTRE DE ALBUQUERQUE;False;;F;13/11/1962 00:00:00;63;704606167967328;Procedimento;LUCIANA FIRMINO PONCE;;<procedimento>, ELETROCARDIOGRAMA</procedimento>;<procedimento>  0211020036 - ELETROCARDIOGRAMA - Quantidade: 1
</procedimento>;;;;;Espontanea;21/09/2026 11:07:53;21/09/2026 00:00:00;21/09/2026 00:00:00;0s;RUA SAO PAULO, 04, QD A, SAO JOSE DO IMBASSAI, MARICA-RJ, CEP: 24931540  - Tel: 51983115544;
EDMAR MITROF DE LIMA;False;;F;03/09/1967 00:00:00;59;704800059284943;Procedimento;RENATO ROQUE DE ANDRADE;;<procedimento>, MAMOGRAFIA BILATERAL PARA RASTREAMENTO</procedimento>;<procedimento>  0204030188 - MAMOGRAFIA BILATERAL PARA RASTREAMENTO - Quantidade: 1
</procedimento>;;;;;Espontanea;21/09/2026 12:03:22;21/09/2026 00:00:00;21/09/2026 00:00:00;0s;RUA GILMA DOS SANTOS DUARTE, S/N, QD 14 LT 18, INOA (INOA), MARICA-RJ, CEP: 24942290  - Tel: 21976393633;
ELIZABETH FATIMA AZEVEDO DE SANT ANNA NOGUEIRA;False;;F;14/04/1962 00:00:00;64;898004834839585;Procedimento;CLAUDIA FREIXO SEIXAS IOCKEN;;<procedimento>, DENSITOMETRIA OSSEA DUO-ENERGETICA DE COLUNA (VERTEBRAS LOMBARES E/OU FEMUR)</procedimento>;<procedimento>  0204060028 - DENSITOMETRIA OSSEA DUO-ENERGETICA DE COLUNA (VERTEBRAS LOMBARES E/OU FEMUR) - Quantidade: 1
</procedimento>;;;;;Espontanea;21/09/2026 13:10:49;21/09/2026 00:00:00;21/09/2026 00:00:00;0s;RUA JOAO JOSE ALVES, S/N, LOTEAMENTO CAMBURI, MUMBUCA, MARICA-RJ, CEP: 24913875  - Tel: 21980753848;
EMILENE ANDRADE VIEIRA FREITAS;False;;F;31/05/1976 00:00:00;50;706008870276043;Procedimento;LUCIANA FIRMINO PONCE;;<procedimento>, ELETROCARDIOGRAMA</procedimento>;<procedimento>  0211020036 - ELETROCARDIOGRAMA - Quantidade: 1
</procedimento>;;;;;Espontanea;21/09/2026 11:11:31;21/09/2026 00:00:00;21/09/2026 00:00:00;0s;AVENIDA JOAO BATISTA ANDRADE, S/N, LT17QD26, JACAROA, MARICA-RJ, CEP: 24903105  - Tel: 21999923792;
IZABEL CRISTINA LISBOA SANTOS;False;;F;21/04/1965 00:00:00;61;707803656084216;Procedimento;CLAUDIA FREIXO SEIXAS IOCKEN;;<procedimento>, DENSITOMETRIA OSSEA DUO-ENERGETICA DE COLUNA (VERTEBRAS LOMBARES E/OU FEMUR)</procedimento>;<procedimento>  0204060028 - DENSITOMETRIA OSSEA DUO-ENERGETICA DE COLUNA (VERTEBRAS LOMBARES E/OU FEMUR) - Quantidade: 1
</procedimento>;;;;;Espontanea;21/09/2026 13:20:30;21/09/2026 00:00:00;21/09/2026 00:00:00;0s;RUA VINTE E SEIS, S/N, LT 5 QD 14 C/2, ARACATIBA, MARICA-RJ, CEP: 24901865  - Tel: 21967787022;
JANETE ALVES DE TOLEDO;False;;F;26/03/1946 00:00:00;80;700108966729219;Procedimento;CLAUDIA FREIXO SEIXAS IOCKEN;;<procedimento>, DENSITOMETRIA OSSEA DUO-ENERGETICA DE COLUNA (VERTEBRAS LOMBARES E/OU FEMUR)</procedimento>;<procedimento>  0204060028 - DENSITOMETRIA OSSEA DUO-ENERGETICA DE COLUNA (VERTEBRAS LOMBARES E/OU FEMUR) - Quantidade: 1
</procedimento>;;;;;Espontanea;21/09/2026 13:33:39;21/09/2026 00:00:00;21/09/2026 00:00:00;0s;RUA GUTEMBERG CABRAL FRANCISCO, S/N, QD362 LT 16, JARDIM ATLANTICO LESTE (ITAIPUACU), MARICA-RJ, CEP: 24933825  - Tel: 21993827965;
JAQUELINE MELO GARCIA;False;;F;22/03/1974 00:00:00;52;706701557867817;Procedimento;CLAUDIA FREIXO SEIXAS IOCKEN;;<procedimento>, DENSITOMETRIA OSSEA DUO-ENERGETICA DE COLUNA (VERTEBRAS LOMBARES E/OU FEMUR)</procedimento>;<procedimento>  0204060028 - DENSITOMETRIA OSSEA DUO-ENERGETICA DE COLUNA (VERTEBRAS LOMBARES E/OU FEMUR) - Quantidade: 1
</procedimento>;;;;;Espontanea;21/09/2026 13:24:31;21/09/2026 00:00:00;21/09/2026 00:00:00;0s;RUA CORA CORALINA, S/N, QD569 LT24, JARDIM ATLANTICO OESTE (ITAIPUACU), MARICA-RJ, CEP: 24935055  - Tel: 21973511998;
JOCELIA COSTA CARDOSO;False;;F;31/10/1960 00:00:00;65;700007076663907;Procedimento;SERGIO RICARDO DUARTE MOUTINHO;;<procedimento>, MONITORAMENTO PELO SISTEMA HOLTER 24 HS (3 CANAIS)</procedimento>;<procedimento>  0211020044 - MONITORAMENTO PELO SISTEMA HOLTER 24 HS (3 CANAIS) - Quantidade: 1
</procedimento>;;;;;Espontanea;21/09/2026 12:52:31;21/09/2026 00:00:00;21/09/2026 00:00:00;0s;RUA CORONEL BITTENCOURT, S/N, MUMBUCA, MARICA-RJ, CEP: 24913820  - Tel: 21986559513;
JORGE GONCALVES FERREIRA;False;;M;17/04/1940 00:00:00;86;706402674392886;Procedimento;LUCIANA FIRMINO PONCE;;<procedimento>, ELETROCARDIOGRAMA</procedimento>;<procedimento>  0211020036 - ELETROCARDIOGRAMA - Quantidade: 1
</procedimento>;;;;;Espontanea;21/09/2026 11:09:12;21/09/2026 00:00:00;21/09/2026 00:00:00;0s;RUA DOS FLAMBOYANS, S/N, BARROCO (ITAIPUACU), MARICA-RJ, CEP: 24936330  - Tel: 21993630199;
JOSE DE SOUSA FERREIRA;False;;M;11/07/1956 00:00:00;70;700009408125902;Procedimento;LUCIANA FIRMINO PONCE;;<procedimento>, ELETROCARDIOGRAMA</procedimento>;<procedimento>  0211020036 - ELETROCARDIOGRAMA - Quantidade: 1
</procedimento>;;;;;Espontanea;21/09/2026 11:06:40;21/09/2026 00:00:00;21/09/2026 00:00:00;0s;AVENIDA ITAIPUACU, S/N, QD 412 LOTE 14, JARDIM ATLANTICO LESTE (ITAIPUACU), MARICA-RJ, CEP: 24933390  - Tel: 21996849024;
JOSILAINE DOS SANTOS LAGO FERREIRA;False;;F;25/09/1980 00:00:00;45;700701937000778;Procedimento;CLAUDIA FREIXO SEIXAS IOCKEN;;<procedimento>, DENSITOMETRIA OSSEA DUO-ENERGETICA DE COLUNA (VERTEBRAS LOMBARES E/OU FEMUR)</procedimento>;<procedimento>  0204060028 - DENSITOMETRIA OSSEA DUO-ENERGETICA DE COLUNA (VERTEBRAS LOMBARES E/OU FEMUR) - Quantidade: 1
</procedimento>;;;;;Espontanea;21/09/2026 13:26:30;21/09/2026 00:00:00;21/09/2026 00:00:00;0s;RUA DARCY ROQUE DA SILVEIRA, S/N, QD486 LT 14, JARDIM ATLANTICO LESTE (ITAIPUACU), MARICA-RJ, CEP: 24933305  - Tel: 21927896000;
LAUDICEA MORAES CARNEIRO;False;;F;18/09/1958 00:00:00;68;;Procedimento;SERGIO RICARDO DUARTE MOUTINHO;;<procedimento>, 1O CONSULTA PARA PROFILAXIA PRE-EXPOSICAO (PREP) ORAL A INFECCAO PELO HIV</procedimento>;<procedimento>  0301010439 - 1O CONSULTA PARA PROFILAXIA PRE-EXPOSICAO (PREP) ORAL A INFECCAO PELO HIV - Quantidade: 1
</procedimento>;;;;;Espontanea;21/09/2026 14:41:32;21/09/2026 00:00:00;21/09/2026 00:00:00;0s;RUA MANOEL CAMILO DA SILVA, S/N, JARDIM ATLANTICO LESTE (ITAIPUACU), MARICA-RJ, CEP: 24933770  - Tel: 21966326172;
LAUDICEA MORAES CARNEIRO;False;;F;18/09/1958 00:00:00;68;;Procedimento;SERGIO RICARDO DUARTE MOUTINHO;;<procedimento>, MONITORAMENTO PELO SISTEMA HOLTER 24 HS (3 CANAIS)</procedimento>;<procedimento>  0211020044 - MONITORAMENTO PELO SISTEMA HOLTER 24 HS (3 CANAIS) - Quantidade: 1
</procedimento>;;;;;Espontanea;21/09/2026 12:31:32;21/09/2026 00:00:00;21/09/2026 00:00:00;0s;RUA MANOEL CAMILO DA SILVA, S/N, JARDIM ATLANTICO LESTE (ITAIPUACU), MARICA-RJ, CEP: 24933770  - Tel: 21966326172;
LAUDICEA MORAES CARNEIRO;False;;F;18/09/1958 00:00:00;68;;Procedimento;SERGIO RICARDO DUARTE MOUTINHO;;<procedimento>, MONITORAMENTO PELO SISTEMA HOLTER 24 HS (3 CANAIS)</procedimento>;<procedimento>  0211020044 - MONITORAMENTO PELO SISTEMA HOLTER 24 HS (3 CANAIS) - Quantidade: 1
</procedimento>;;;;;Espontanea;21/09/2026 12:50:57;21/09/2026 00:00:00;21/09/2026 00:00:00;0s;RUA MANOEL CAMILO DA SILVA, S/N, JARDIM ATLANTICO LESTE (ITAIPUACU), MARICA-RJ, CEP: 24933770  - Tel: 21966326172;
LUIZ CARLOS DE ABREU;False;;M;03/11/1965 00:00:00;60;700808907193484;Procedimento;LUCIANA FIRMINO PONCE;;<procedimento>, ELETROCARDIOGRAMA</procedimento>;<procedimento>  0211020036 - ELETROCARDIOGRAMA - Quantidade: 1
</procedimento>;;;;;Espontanea;21/09/2026 11:15:00;21/09/2026 00:00:00;21/09/2026 00:00:00;0s;RUA JOSE DOMINGUES MOTTA, S/N, CASA, JACAROA, MARICA-RJ, CEP: 24902765  - Tel: 21998113833;
MALUSE VALERIA DA SILVA PECANHA;False;;F;28/09/1963 00:00:00;62;702001386230589;Procedimento;RENATO ROQUE DE ANDRADE;;<procedimento>, MAMOGRAFIA BILATERAL PARA RASTREAMENTO</procedimento>;<procedimento>  0204030188 - MAMOGRAFIA BILATERAL PARA RASTREAMENTO - Quantidade: 1
</procedimento>;;;;;Espontanea;21/09/2026 11:55:17;21/09/2026 00:00:00;21/09/2026 00:00:00;0s;RUA GEORGILEI RODRIGUES, S/N, JARDIM ATLANTICO OESTE (ITAIPUACU), MARICA-RJ, CEP: 24935435  - Tel: 21976449148;
MARCELO DE AZEVEDO;False;;M;28/02/1970 00:00:00;56;701801212729078;Procedimento;LUCIANA FIRMINO PONCE;;<procedimento>, ELETROCARDIOGRAMA</procedimento>;<procedimento>  0211020036 - ELETROCARDIOGRAMA - Quantidade: 1
</procedimento>;;;;;Espontanea;21/09/2026 11:12:38;21/09/2026 00:00:00;21/09/2026 00:00:00;0s;RUA DAS ACACIAS, 14, LT 14 QD C, ITAPEBA, MARICA-RJ, CEP: 24913230  - Tel: 21998342566;
MARIA DAS GRACAS DE LANA PEREIRA;False;;F;27/11/1970 00:00:00;55;700500162389256;Procedimento;CLAUDIA FREIXO SEIXAS IOCKEN;;<procedimento>, DENSITOMETRIA OSSEA DUO-ENERGETICA DE COLUNA (VERTEBRAS LOMBARES E/OU FEMUR)</procedimento>;<procedimento>  0204060028 - DENSITOMETRIA OSSEA DUO-ENERGETICA DE COLUNA (VERTEBRAS LOMBARES E/OU FEMUR) - Quantidade: 1
</procedimento>;;;;;Espontanea;21/09/2026 13:31:31;21/09/2026 00:00:00;21/09/2026 00:00:00;0s;RUA ELISA VIEIRA VERAS, S/N, LT 11 QD 205, JARDIM ATLANTICO CENTRAL (ITAIPUACU), MARICA-RJ, CEP: 24934240  - Tel: 21976358560;
MARILENE MARIA DE BRITO;False;;F;22/04/1973 00:00:00;53;700502409299660;Procedimento;RENATO ROQUE DE ANDRADE;;<procedimento>, MAMOGRAFIA BILATERAL PARA RASTREAMENTO</procedimento>;<procedimento>  0204030188 - MAMOGRAFIA BILATERAL PARA RASTREAMENTO - Quantidade: 1
</procedimento>;;;;;Espontanea;21/09/2026 11:57:23;21/09/2026 00:00:00;21/09/2026 00:00:00;0s;RUA FERNANDO MENDES, 61, INOA (INOA), MARICA-RJ, CEP: 24942250  - Tel: 21968338581;
MARILSA NUNES CORREA DE ARAUJO;False;;F;08/06/1969 00:00:00;57;708400261760765;Procedimento;RENATO ROQUE DE ANDRADE;;<procedimento>, MAMOGRAFIA BILATERAL PARA RASTREAMENTO</procedimento>;<procedimento>  0204030188 - MAMOGRAFIA BILATERAL PARA RASTREAMENTO - Quantidade: 1
</procedimento>;;;;;Espontanea;21/09/2026 11:59:32;21/09/2026 00:00:00;21/09/2026 00:00:00;0s;AVENIDA TRES, S/N, JARDIM INTERLAGOS (PONTA NEGRA), MARICA-RJ, CEP: 24917230  - Tel: 21995330546;
MARISTELA ANTONIA FRANCO;False;;F;30/08/1969 00:00:00;57;709600606699875;Procedimento;RENATO ROQUE DE ANDRADE;;<procedimento>, MAMOGRAFIA BILATERAL PARA RASTREAMENTO</procedimento>;<procedimento>  0204030188 - MAMOGRAFIA BILATERAL PARA RASTREAMENTO - Quantidade: 1
</procedimento>;;;;;Espontanea;21/09/2026 12:05:06;21/09/2026 00:00:00;21/09/2026 00:00:00;0s;RUA ROMUALDO MONTEIRO DE BARROS, S/N, QD 492 LT 14, JARDIM ATLANTICO LESTE (ITAIPUACU), MARICA-RJ, CEP: 24933315  - Tel: 13988059005;
MARLLON DAMASCENO PEREIRA;False;;M;05/01/2005 00:00:00;21;898005820136049;Procedimento;SERGIO RICARDO DUARTE MOUTINHO;;<procedimento>, MONITORAMENTO PELO SISTEMA HOLTER 24 HS (3 CANAIS)</procedimento>;<procedimento>  0211020044 - MONITORAMENTO PELO SISTEMA HOLTER 24 HS (3 CANAIS) - Quantidade: 1
</procedimento>;;;;;Espontanea;21/09/2026 12:30:01;21/09/2026 00:00:00;21/09/2026 00:00:00;0s;RUA DOIS, 15, CASA 16, JACAROA, MARICA-RJ, CEP: 24903055  - Tel: 21998360947;
MARLLON DAMASCENO PEREIRA;False;;M;05/01/2005 00:00:00;21;898005820136049;Procedimento;SERGIO RICARDO DUARTE MOUTINHO;;<procedimento>, MONITORAMENTO PELO SISTEMA HOLTER 24 HS (3 CANAIS)</procedimento>;<procedimento>  0211020044 - MONITORAMENTO PELO SISTEMA HOLTER 24 HS (3 CANAIS) - Quantidade: 1
</procedimento>;;;;;Espontanea;21/09/2026 12:49:50;21/09/2026 00:00:00;21/09/2026 00:00:00;0s;RUA DOIS, 15, CASA 16, JACAROA, MARICA-RJ, CEP: 24903055  - Tel: 21998360947;
MIRIAM BASTOS PEREIRA;False;;F;18/12/1964 00:00:00;61;704603601293422;Procedimento;RENATO ROQUE DE ANDRADE;;<procedimento>, MAMOGRAFIA BILATERAL PARA RASTREAMENTO</procedimento>;<procedimento>  0204030188 - MAMOGRAFIA BILATERAL PARA RASTREAMENTO - Quantidade: 1
</procedimento>;;;;;Espontanea;21/09/2026 12:06:44;21/09/2026 00:00:00;21/09/2026 00:00:00;0s;RUA JAYME DE CARVALHO, S/N, ANTIGA RUA 81 QD 429 LT 15, JARDIM ATLANTICO LESTE (ITAIPUACU), MARICA-RJ, CEP: 24933485  - Tel: 21972866999;
NEUZA SAMPAIO DE SOUZA;False;;F;03/04/1938 00:00:00;88;700009127004303;Procedimento;LUCIANA FIRMINO PONCE;;<procedimento>, ELETROCARDIOGRAMA</procedimento>;<procedimento>  0211020036 - ELETROCARDIOGRAMA - Quantidade: 1
</procedimento>;;;;;Espontanea;21/09/2026 11:10:20;21/09/2026 00:00:00;21/09/2026 00:00:00;0s;RUA CINQUENTA, S/N, QD 171 LT 31, JARDIM ATLANTICO CENTRAL (ITAIPUACU), MARICA-RJ, CEP: 24934560  - Tel: 21995021220;
SHIRLEY MARIA FERREIRA BERNARDES;False;;F;24/03/1964 00:00:00;62;708903737157210;Procedimento;LUCIANA FIRMINO PONCE;;<procedimento>, ELETROCARDIOGRAMA</procedimento>;<procedimento>  0211020036 - ELETROCARDIOGRAMA - Quantidade: 1
</procedimento>;;;;;Espontanea;21/09/2026 11:13:44;21/09/2026 00:00:00;21/09/2026 00:00:00;0s;AVENIDA EUGENIO JOSE DIAS, S/N, SAO JOSE DO IMBASSAI, MARICA-RJ, CEP: 24931535  - Tel: 21967578952;
SILVANA MACHADO LEANDRO RODRIGUES;False;;F;12/10/1970 00:00:00;55;702608239663449;Procedimento;SERGIO RICARDO DUARTE MOUTINHO;;<procedimento>, MONITORIZACAO AMBULATORIAL DE PRESSAO ARTERIAL (M A P A)</procedimento>;<procedimento>  0211020052 - MONITORIZACAO AMBULATORIAL DE PRESSAO ARTERIAL (M A P A) - Quantidade: 1
</procedimento>;;;;;Espontanea;21/09/2026 12:27:37;21/09/2026 00:00:00;21/09/2026 00:00:00;0s;RUA TRINTA E DOIS QUADRA 323/373, S/N, QD336 LT2, JARDIM ATLANTICO LESTE (ITAIPUACU), MARICA-RJ, CEP: 24933790  - Tel: 22998512688;
SONIA MELO SIQUEIRA;False;;F;26/12/1962 00:00:00;63;700907989311298;Procedimento;RENATO ROQUE DE ANDRADE;;<procedimento>, MAMOGRAFIA BILATERAL PARA RASTREAMENTO</procedimento>;<procedimento>  0204030188 - MAMOGRAFIA BILATERAL PARA RASTREAMENTO - Quantidade: 1
</procedimento>;;;;;Espontanea;21/09/2026 12:08:23;21/09/2026 00:00:00;21/09/2026 00:00:00;0s;RUA SAO JOSE, S/N, QD46 LT22, PRAIA DE ITAIPUACU (ITAIPUACU), MARICA-RJ, CEP: 24936735  - Tel: 21993394458;
TATIANE TEIXEIRA DA SILVA BROCHADO;False;;F;19/08/1984 00:00:00;42;;Procedimento;SERGIO RICARDO DUARTE MOUTINHO;;<procedimento>, MONITORIZACAO AMBULATORIAL DE PRESSAO ARTERIAL (M A P A)</procedimento>;<procedimento>  0211020052 - MONITORIZACAO AMBULATORIAL DE PRESSAO ARTERIAL (M A P A) - Quantidade: 1
</procedimento>;;;;;Espontanea;21/09/2026 12:29:23;21/09/2026 00:00:00;21/09/2026 00:00:00;0s;RUA WALTER MUNIZ DOS SANTOS, S/N, JARDIM ATLANTICO CENTRAL (ITAIPUACU), MARICA-RJ, CEP: 24934125  - Tel: 21992843319;
TATIANE TEIXEIRA DA SILVA BROCHADO;False;;F;19/08/1984 00:00:00;42;;Procedimento;SERGIO RICARDO DUARTE MOUTINHO;;<procedimento>, MONITORIZACAO AMBULATORIAL DE PRESSAO ARTERIAL (M A P A)</procedimento>;<procedimento>  0211020052 - MONITORIZACAO AMBULATORIAL DE PRESSAO ARTERIAL (M A P A) - Quantidade: 1
</procedimento>;;;;;Espontanea;21/09/2026 08:44:44;21/09/2026 00:00:00;21/09/2026 00:00:00;0s;RUA WALTER MUNIZ DOS SANTOS, S/N, JARDIM ATLANTICO CENTRAL (ITAIPUACU), MARICA-RJ, CEP: 24934125  - Tel: 21992843319;
VERA LUCIA DA COSTA SANTOS;False;;F;13/08/1967 00:00:00;59;700508937637952;Procedimento;CLAUDIA FREIXO SEIXAS IOCKEN;;<procedimento>, DENSITOMETRIA OSSEA DUO-ENERGETICA DE COLUNA (VERTEBRAS LOMBARES E/OU FEMUR)</procedimento>;<procedimento>  0204060028 - DENSITOMETRIA OSSEA DUO-ENERGETICA DE COLUNA (VERTEBRAS LOMBARES E/OU FEMUR) - Quantidade: 1
</procedimento>;;;;;Espontanea;21/09/2026 13:29:46;21/09/2026 00:00:00;21/09/2026 00:00:00;0s;AVENIDA ITAIPUACU, S/N, QD 519 LT 02, JARDIM ATLANTICO LESTE (ITAIPUACU), MARICA-RJ, CEP: 24933080  - Tel: 21988804430;
LUIZ CARLOS DE ABREU;False;;M;03/11/1965 00:00:00;60;700808907193484;Consulta c/ Cardiologista;LUCIANA FIRMINO PONCE; I50  - INSUFICIENCIA CARDIACA;<procedimento>, CONSULTA MEDICA EM ATENCAO ESPECIALIZADA</procedimento>;<procedimento>  0301010072 - CONSULTA MEDICA EM ATENCAO ESPECIALIZADA - Quantidade: 1
</procedimento>;N;;;N;Programada;21/09/2026 09:01:34;21/09/2026 00:00:00;21/09/2026 00:00:00;22min 20s;RUA JOSE DOMINGUES MOTTA, S/N, CASA, JACAROA, MARICA-RJ, CEP: 24902765  - Tel: 21998113833;
ANDERSON DA SILVA REIS;False;;M;01/02/1984 00:00:00;42;709006837878210;Consulta c/ Ortopedista e Traumatologista;PALMERIO NEVES DE SOUZA NETO; R522 - OUTRA DOR CRONICA;<procedimento>, CONSULTA MEDICA EM ATENCAO ESPECIALIZADA</procedimento>;<procedimento>  0301010072 - CONSULTA MEDICA EM ATENCAO ESPECIALIZADA - Quantidade: 1
</procedimento>;N;;;N;Programada;21/09/2026 09:07:45;21/09/2026 00:00:00;21/09/2026 00:00:00;5min 27s;RUA ANTONIO EDUARDO, 229, BL A AP 101, MUMBUCA, MARICA-RJ, CEP: 24913705  - Tel: 21980505260;
SILVANA MACHADO LEANDRO RODRIGUES;False;;F;12/10/1970 00:00:00;55;702608239663449;Consulta c/ Ortopedista e Traumatologista;PALMERIO NEVES DE SOUZA NETO; M544 - LUMBAGO COM CIATICA;<procedimento>, CONSULTA MEDICA EM ATENCAO ESPECIALIZADA</procedimento>;<procedimento>  0301010072 - CONSULTA MEDICA EM ATENCAO ESPECIALIZADA - Quantidade: 1
</procedimento>;N;;;N;Programada;21/09/2026 09:12:39;21/09/2026 00:00:00;21/09/2026 00:00:00;9min 35s;RUA TRINTA E DOIS QUADRA 323/373, S/N, QD336 LT2, JARDIM ATLANTICO LESTE (ITAIPUACU), MARICA-RJ, CEP: 24933790  - Tel: 22998512688;
MARCELO TEIXEIRA DA SILVA;False;;M;08/05/1972 00:00:00;54;702100796948593;Consulta de Enfermagem;MAURO BATISTA DE BARROS; T140 - TRAUMATISMO SUPERFICIAL DE REGIAO NAO ESPECIFICADA DO CORPO;<procedimento>, CONSULTA DE PROFISSIONAIS DE NIVEL SUPERIOR NA ATENCAO ESPECIALIZADA (EXCETO MEDICO)</procedimento><procedimento>, CURATIVO ESPECIAL</procedimento>;<procedimento>  0301010048 - CONSULTA DE PROFISSIONAIS DE NIVEL SUPERIOR NA ATENCAO ESPECIALIZADA (EXCETO MEDICO) - Quantidade: 1
</procedimento><procedimento>  0301100276 - CURATIVO ESPECIAL - Quantidade: 1
</procedimento>;N;;;N;Programada;21/09/2026 09:14:37;21/09/2026 00:00:00;21/09/2026 00:00:00;14min 22s;ESTRADA CATUMBI, 30, LT 03 QD 12, CAJUEIROS (ITAIPUACU), MARICA-RJ, CEP: 24932160  - Tel: 21972541887;
HELOISA SILVA RODRIGUES;False;;F;12/02/1948 00:00:00;78;702807655859764;Consulta c/ Ortopedista e Traumatologista;PALMERIO NEVES DE SOUZA NETO; M17  - GONARTROSE (ARTROSE DO JOELHO);<procedimento>, CONSULTA MEDICA EM ATENCAO ESPECIALIZADA</procedimento>;<procedimento>  0301010072 - CONSULTA MEDICA EM ATENCAO ESPECIALIZADA - Quantidade: 1
</procedimento>;S;RADIOGRAFIA DE BACIA
RADIOGRAFIA DE JOELHO (AP + LATERAL)
;;N;Programada;21/09/2026 09:22:00;21/09/2026 00:00:00;21/09/2026 00:00:00;17min 10s;RUA RAUL ALFREDO DE ANDRADE, S/N, LT 07 QD G, CAXITO, MARICA-RJ, CEP: 24910530  - Tel: 21970245699;
CARLOS ALBERTO PEREIRA DA COSTA;False;;M;17/01/1951 00:00:00;75;700508580755352;Consulta c/ Cardiologista;LUCIANA FIRMINO PONCE; I50  - INSUFICIENCIA CARDIACA;<procedimento>, CONSULTA MEDICA EM ATENCAO ESPECIALIZADA</procedimento>;<procedimento>  0301010072 - CONSULTA MEDICA EM ATENCAO ESPECIALIZADA - Quantidade: 1
</procedimento>;S;DOSAGEM DE COLESTEROL TOTAL
DOSAGEM DE SODIO
DOSAGEM DE TRIGLICERIDEOS
DOSAGEM DE VITAMINA B12
DOSAGEM DE ANTIGENO PROSTATICO ESPECIFICO (PSA)
DOSAGEM DE TIROXINA (T4)
DOSAGEM DE UREIA
DOSAGEM DE POTASSIO
HEMOGRAMA COMPLETO
DETERMINACAO DIRETA E REVERSA DE GRUPO ABO
DOSAGEM DE CREATININA
ECOCARDIOGRAFIA TRANSTORACICA
DETERMINACAO DE TEMPO DE TROMBOPLASTINA PARCIAL ATIVADA (TTP ATIVADA)
DOSAGEM DE COLESTEROL HDL
PESQUISA DE FATOR RH (INCLUI D FRACO)
DOSAGEM DE 25 HIDROXIVITAMINA D
DOSAGEM DE ACIDO URICO
DOSAGEM DE HORMONIO TIREOESTIMULANTE (TSH)
DOSAGEM DE COLESTEROL LDL
DETERMINACAO DE TEMPO E ATIVIDADE DA PROTROMBINA (TAP)
;;N;Programada;21/09/2026 09:23:42;21/09/2026 00:00:00;21/09/2026 00:00:00;20min 34s;RUA ISMAEL LUCINDO SILVA, S/N, QD76 LT10 CS01, BARROCO, MARICA-RJ, CEP: 24936570  - Tel: 21993235125;
MIZAEL RODRIGUES TORRES;False;;M;28/10/1946 00:00:00;79;704207208331486;Consulta de Enfermagem;MAURO BATISTA DE BARROS; T140 - TRAUMATISMO SUPERFICIAL DE REGIAO NAO ESPECIFICADA DO CORPO;<procedimento>, CONSULTA DE PROFISSIONAIS DE NIVEL SUPERIOR NA ATENCAO ESPECIALIZADA (EXCETO MEDICO)</procedimento><procedimento>, CURATIVO ESPECIAL</procedimento>;<procedimento>  0301010048 - CONSULTA DE PROFISSIONAIS DE NIVEL SUPERIOR NA ATENCAO ESPECIALIZADA (EXCETO MEDICO) - Quantidade: 1
</procedimento><procedimento>  0301100276 - CURATIVO ESPECIAL - Quantidade: 1
</procedimento>;N;;;N;Programada;21/09/2026 09:28:56;21/09/2026 00:00:00;21/09/2026 00:00:00;34min 3s;RUA DUQUE DE CAXIAS, S/N, LT 19 QD 29, UBATIBA, MARICA-RJ, CEP: 24908755  - Tel: 21997097171;
ROGERIA RUAS DE CARVALHO PEREIRA;False;;F;13/01/1982 00:00:00;44;705003418995751;Consulta c/ Cirurgiao Geral;JOSE ROBERTO BARQUETTE; K801 - CALCULOSE DA VESICULA BILIAR COM OUTRAS FORMAS DE COLECISTITE;<procedimento>, CONSULTA MEDICA EM ATENCAO ESPECIALIZADA</procedimento>;<procedimento>  0301010072 - CONSULTA MEDICA EM ATENCAO ESPECIALIZADA - Quantidade: 1
</procedimento>;N;;;N;Programada;21/09/2026 09:30:32;21/09/2026 00:00:00;21/09/2026 00:00:00;7min 36s;RUA CENTO E ONZE, S/N, LT 07 Q 165, BALNEARIO BAMBUI (PONTA NEGRA), MARICA-RJ, CEP: 24921050  - Tel: 21999650126;
JOSE GILBERTO DA SILVA;False;;M;14/04/1959 00:00:00;67;708001337621323;Consulta c/ Cirurgiao Geral;JOSE ROBERTO BARQUETTE; K429 - HERNIA UMBILICAL SEM OBSTRUCAO OU GANGRENA;<procedimento>, CONSULTA MEDICA EM ATENCAO ESPECIALIZADA</procedimento>;<procedimento>  0301010072 - CONSULTA MEDICA EM ATENCAO ESPECIALIZADA - Quantidade: 1
</procedimento>;N;;;N;Programada;21/09/2026 09:39:04;21/09/2026 00:00:00;21/09/2026 00:00:00;9min 20s;RUA DOS QUINTANILHAS, S/N, CENTRO, MARICA-RJ, CEP: 24900155  - Tel: 21992214339;
HELIO JOSE DE SOUZA;False;;M;02/11/1960 00:00:00;65;702403083145028;Consulta c/ Ortopedista e Traumatologista;PALMERIO NEVES DE SOUZA NETO; R522 - OUTRA DOR CRONICA;<procedimento>, CONSULTA MEDICA EM ATENCAO ESPECIALIZADA</procedimento>;<procedimento>  0301010072 - CONSULTA MEDICA EM ATENCAO ESPECIALIZADA - Quantidade: 1
</procedimento>;S;ELETRONEUROMIOGRAMA (ENMG)
;;N;Programada;21/09/2026 09:40:29;21/09/2026 00:00:00;21/09/2026 00:00:00;4min 4s;RUA SETE, S/N, LT 15 QD 01, PONTA NEGRA (PONTA NEGRA), MARICA-RJ, CEP: 24922325  - Tel: 21999630154;
EDINEIA SILVESTRE DE ALBUQUERQUE;False;;F;13/11/1962 00:00:00;63;704606167967328;Consulta c/ Cardiologista;LUCIANA FIRMINO PONCE; I42  - CARDIOMIOPATIAS;<procedimento>, CONSULTA MEDICA EM ATENCAO ESPECIALIZADA</procedimento>;<procedimento>  0301010072 - CONSULTA MEDICA EM ATENCAO ESPECIALIZADA - Quantidade: 1
</procedimento>;S;ECOCARDIOGRAFIA TRANSTORACICA
;;N;Programada;21/09/2026 09:43:49;21/09/2026 00:00:00;21/09/2026 00:00:00;7min 58s;RUA SAO PAULO, 04, QD A, SAO JOSE DO IMBASSAI, MARICA-RJ, CEP: 24931540  - Tel: 51983115544;
JULIANA FERREIRA PAIVA;False;;F;23/04/1986 00:00:00;40;708504517090480;Consulta c/ Ortopedista e Traumatologista;PALMERIO NEVES DE SOUZA NETO; R522 - OUTRA DOR CRONICA;<procedimento>, CONSULTA MEDICA EM ATENCAO ESPECIALIZADA</procedimento>;<procedimento>  0301010072 - CONSULTA MEDICA EM ATENCAO ESPECIALIZADA - Quantidade: 1
</procedimento>;S;RADIOGRAFIA DE COLUNA CERVICAL (AP + LATERAL + TO + OBLIQUAS)
RADIOGRAFIA DE COLUNA TORACO-LOMBAR
;;N;Programada;21/09/2026 09:44:13;21/09/2026 00:00:00;21/09/2026 00:00:00;6min 52s;RUA DEMETRIA CARDOSO DA SILVA, S/N, CENTRO, MARICA-RJ, CEP: 24900230  - Tel: 21998771300;
MARIA JOSE DOS SANTOS SILVA;False;;F;20/02/1962 00:00:00;64;700506732626353;Consulta c/ Cirurgiao Geral;JOSE ROBERTO BARQUETTE; K429 - HERNIA UMBILICAL SEM OBSTRUCAO OU GANGRENA;<procedimento>, CONSULTA MEDICA EM ATENCAO ESPECIALIZADA</procedimento>;<procedimento>  0301010072 - CONSULTA MEDICA EM ATENCAO ESPECIALIZADA - Quantidade: 1
</procedimento>;N;;;N;Programada;21/09/2026 09:50:05;21/09/2026 00:00:00;21/09/2026 00:00:00;14min 8s;RUA RAUL DE BARROS, 478, QUADRA 01, SAO JOSE DO IMBASSAI, MARICA-RJ, CEP: 24930040  - Tel: 21987704390;
LUCIA HELENA COSTA DE MORAES;False;;F;22/01/1972 00:00:00;54;704504313273819;Consulta c/ Ortopedista e Traumatologista;PALMERIO NEVES DE SOUZA NETO; R522 - OUTRA DOR CRONICA;<procedimento>, CONSULTA MEDICA EM ATENCAO ESPECIALIZADA</procedimento>;<procedimento>  0301010072 - CONSULTA MEDICA EM ATENCAO ESPECIALIZADA - Quantidade: 1
</procedimento>;S;ULTRASSONOGRAFIA DE ARTICULACAO
;;N;Programada;21/09/2026 09:51:08;21/09/2026 00:00:00;21/09/2026 00:00:00;5min 50s;RUA DOS GAVIOES, 27, QD P, CENTRO, MARICA-RJ, CEP: 24900320  - Tel: 21995793359;
DENISE BAHIENSE LOPES DA CRUZ;False;;F;26/06/1965 00:00:00;61;705807472305438;Consulta c/ Cardiologista;LUCIANA FIRMINO PONCE; I50  - INSUFICIENCIA CARDIACA;<procedimento>, CONSULTA MEDICA EM ATENCAO ESPECIALIZADA</procedimento>;<procedimento>  0301010072 - CONSULTA MEDICA EM ATENCAO ESPECIALIZADA - Quantidade: 1
</procedimento>;S;ULTRASSONOGRAFIA DE ABDOMEN TOTAL
ECOCARDIOGRAFIA TRANSTORACICA
;;N;Programada;21/09/2026 09:51:44;21/09/2026 00:00:00;21/09/2026 00:00:00;18min 37s;RUA DAS PESCADINHAS, S/N, LT 27, CAJUEIROS (ITAIPUACU), MARICA-RJ, CEP: 24932115  - Tel: 21997032016;
ORLANDO ANTONIO MARTINS DA SILVA;False;;M;25/05/1944 00:00:00;82;702800675608167;Consulta de Enfermagem;ELAINE APARECIDA DE SOUZA; K92  - DOENCAS DO APARELHO DIGESTIVO;<procedimento>, BARREIRAS PROTETORAS DE PELE SINTETICA E/OU MISTA EM FORMA DE PO / PASTA E/OU PLACA</procedimento><procedimento>, BOLSA DE COLOSTOMIA COM ADESIVO MICROPORO DRENAVEL</procedimento><procedimento>, CONSULTA DE PROFISSIONAIS DE NIVEL SUPERIOR NA ATENCAO ESPECIALIZADA (EXCETO MEDICO)</procedimento>;<procedimento>  0301010048 - CONSULTA DE PROFISSIONAIS DE NIVEL SUPERIOR NA ATENCAO ESPECIALIZADA (EXCETO MEDICO) - Quantidade: 1
</procedimento><procedimento>  0701050020 - BOLSA DE COLOSTOMIA COM ADESIVO MICROPORO DRENAVEL - Quantidade: 10
</procedimento><procedimento>  0701060018 - BARREIRAS PROTETORAS DE PELE SINTETICA E/OU MISTA EM FORMA DE PO / PASTA E/OU PLACA - Quantidade: 1
</procedimento>;N;;;N;Programada;21/09/2026 09:53:26;21/09/2026 00:00:00;21/09/2026 00:00:00;22min 0s;ESTRADA DA AGUA GRANDE, 1525, BLOCO 9A/202, VISTA ALEGRE, RIO DE JANEIRO-RJ, CEP: 21230354  - Tel: 21975351405;
ENI MILER;False;;F;16/04/1953 00:00:00;73;703407292332914;Consulta c/ Fonoaudiologo;ANDREI PEREIRA DOS SANTOS; H90  - PERDA DE AUDICAO POR TRANSTORNO DE CONDUCAO E/OU NEURO-SENSORIAL;<procedimento>, AUDIOMETRIA DE REFORCO VISUAL (VIA AEREA / OSSEA)</procedimento><procedimento>, CONSULTA DE PROFISSIONAIS DE NIVEL SUPERIOR NA ATENCAO ESPECIALIZADA (EXCETO MEDICO)</procedimento><procedimento>, IMITANCIOMETRIA</procedimento><procedimento>, LOGOAUDIOMETRIA (LDV-IRF-LRF)</procedimento>;<procedimento>  0211070025 - AUDIOMETRIA DE REFORCO VISUAL (VIA AEREA / OSSEA) - Quantidade: 1
</procedimento><procedimento>  0211070203 - IMITANCIOMETRIA - Quantidade: 1
</procedimento><procedimento>  0211070211 - LOGOAUDIOMETRIA (LDV-IRF-LRF) - Quantidade: 1
</procedimento><procedimento>  0301010048 - CONSULTA DE PROFISSIONAIS DE NIVEL SUPERIOR NA ATENCAO ESPECIALIZADA (EXCETO MEDICO) - Quantidade: 1
</procedimento>;N;;;N;Programada;21/09/2026 09:54:20;21/09/2026 00:00:00;21/09/2026 00:00:00;2min 14s;RODOVIA ERNANI DO AMARAL PEIXOTO, S/N, INOA (INOA), MARICA-RJ, CEP: 24942375  - Tel: 21967734668;
JOSE RENATO SEIXAS COSCARELLI;False;;M;21/07/1961 00:00:00;65;702500373038131;Consulta de Enfermagem;ELAINE APARECIDA DE SOUZA; K92  - DOENCAS DO APARELHO DIGESTIVO;<procedimento>, BARREIRAS PROTETORAS DE PELE SINTETICA E/OU MISTA EM FORMA DE PO / PASTA E/OU PLACA</procedimento><procedimento>, CONJUNTO DE PLACA E BOLSA PARA OSTOMA INTESTINAL</procedimento><procedimento>, CONSULTA DE PROFISSIONAIS DE NIVEL SUPERIOR NA ATENCAO ESPECIALIZADA (EXCETO MEDICO)</procedimento>;<procedimento>  0301010048 - CONSULTA DE PROFISSIONAIS DE NIVEL SUPERIOR NA ATENCAO ESPECIALIZADA (EXCETO MEDICO) - Quantidade: 1
</procedimento><procedimento>  0701050047 - CONJUNTO DE PLACA E BOLSA PARA OSTOMA INTESTINAL - Quantidade: 10
</procedimento><procedimento>  0701060018 - BARREIRAS PROTETORAS DE PELE SINTETICA E/OU MISTA EM FORMA DE PO / PASTA E/OU PLACA - Quantidade: 1
</procedimento>;N;;;N;Programada;21/09/2026 09:56:02;21/09/2026 00:00:00;21/09/2026 00:00:00;24min 0s;AVENIDA MAYSA, 60, CS 01, BARRA DE MARICA, MARICA-RJ, CEP: 24915400  - Tel: 21995243351;
FLAVIO SILVA DOS SANTOS;False;;M;17/12/1977 00:00:00;48;702409068021726;Consulta c/ Ortopedista e Traumatologista;PALMERIO NEVES DE SOUZA NETO; M238 - OUTROS TRANSTORNOS INTERNOS DO JOELHO;<procedimento>, CONSULTA MEDICA EM ATENCAO ESPECIALIZADA</procedimento>;<procedimento>  0301010072 - CONSULTA MEDICA EM ATENCAO ESPECIALIZADA - Quantidade: 1
</procedimento>;N;;;N;Programada;21/09/2026 10:03:45;21/09/2026 00:00:00;21/09/2026 00:00:00;8min 42s;RUA QUATORZE, S/N, LT 20 QD 18, SANTA PAULA (INOA), MARICA-RJ, CEP: 24944454  - Tel: 21994150971;
ADRIEL ROCHA DE ARRUDA;False;;M;07/07/1985 00:00:00;41;701804261670777;Consulta c/ Cirurgiao Geral;JOSE ROBERTO BARQUETTE; D171 - NEOPLASIA LIPOMATOSA BENIGNA DA PELE E TECIDO SUBCUTANEO DO TRONCO;<procedimento>, CONSULTA MEDICA EM ATENCAO ESPECIALIZADA</procedimento>;<procedimento>  0301010072 - CONSULTA MEDICA EM ATENCAO ESPECIALIZADA - Quantidade: 1
</procedimento>;N;;;N;Programada;21/09/2026 10:06:04;21/09/2026 00:00:00;21/09/2026 00:00:00;7min 46s;AVENIDA JOSE FRANCISCO RANGEL E SOUZA, 18, ARACATIBA, MARICA-RJ, CEP: 24901365  - Tel: 21997141940;
EMILENE ANDRADE VIEIRA FREITAS;False;;F;31/05/1976 00:00:00;50;706008870276043;Consulta c/ Cardiologista;LUCIANA FIRMINO PONCE; I10  - HIPERTENSAO ESSENCIAL (PRIMARIA);<procedimento>, CONSULTA MEDICA EM ATENCAO ESPECIALIZADA</procedimento>;<procedimento>  0301010072 - CONSULTA MEDICA EM ATENCAO ESPECIALIZADA - Quantidade: 1
</procedimento>;S;MONITORIZACAO AMBULATORIAL DE PRESSAO ARTERIAL (M A P A)
ECOCARDIOGRAFIA TRANSTORACICA
;;N;Programada;21/09/2026 10:09:54;21/09/2026 00:00:00;21/09/2026 00:00:00;9min 53s;AVENIDA JOAO BATISTA ANDRADE, S/N, LT17QD26, JACAROA, MARICA-RJ, CEP: 24903105  - Tel: 21999923792;
RENATA VASCONCELOS COSTA;False;;F;10/12/1981 00:00:00;44;706406631673488;Consulta c/ Cirurgiao Geral;JOSE ROBERTO BARQUETTE; K801 - CALCULOSE DA VESICULA BILIAR COM OUTRAS FORMAS DE COLECISTITE;<procedimento>, CONSULTA MEDICA EM ATENCAO ESPECIALIZADA</procedimento>;<procedimento>  0301010072 - CONSULTA MEDICA EM ATENCAO ESPECIALIZADA - Quantidade: 1
</procedimento>;N;;;N;Programada;21/09/2026 10:14:58;21/09/2026 00:00:00;21/09/2026 00:00:00;7min 54s;RUA JUVENAL BERNADINO DE OLIVEIRA, S/N, UBATIBA, MARICA-RJ, CEP: 24908745  - Tel: 2137314227;
CELITA CABRAL DE CARVALHO;False;;F;06/05/1957 00:00:00;69;709604630665474;Consulta c/ Ortopedista e Traumatologista;PALMERIO NEVES DE SOUZA NETO; R522 - OUTRA DOR CRONICA;<procedimento>, CONSULTA MEDICA EM ATENCAO ESPECIALIZADA</procedimento>;<procedimento>  0301010072 - CONSULTA MEDICA EM ATENCAO ESPECIALIZADA - Quantidade: 1
</procedimento>;S;RADIOGRAFIA DE BACIA
RADIOGRAFIA DE COLUNA LOMBO-SACRA
;;N;Programada;21/09/2026 10:17:49;21/09/2026 00:00:00;21/09/2026 00:00:00;4min 55s;RUA LINCON SILVA BRETAS, S/N, JACAROA, MARICA-RJ, CEP: 24902625  - Tel: 2196802212;
JORGE GONCALVES FERREIRA;False;;M;17/04/1940 00:00:00;86;706402674392886;Consulta c/ Cardiologista;LUCIANA FIRMINO PONCE; I10  - HIPERTENSAO ESSENCIAL (PRIMARIA);<procedimento>, CONSULTA MEDICA EM ATENCAO ESPECIALIZADA</procedimento>;<procedimento>  0301010072 - CONSULTA MEDICA EM ATENCAO ESPECIALIZADA - Quantidade: 1
</procedimento>;S;ULTRASSONOGRAFIA DOPPLER COLORIDO DE VASOS
ECOCARDIOGRAFIA TRANSTORACICA
;;N;Programada;21/09/2026 10:19:33;21/09/2026 00:00:00;21/09/2026 00:00:00;10min 37s;RUA DOS FLAMBOYANS, S/N, BARROCO (ITAIPUACU), MARICA-RJ, CEP: 24936330  - Tel: 21993630199;
ROSILENE SILVA CERQUEIRA;False;;F;10/06/1975 00:00:00;51;708107552020937;Consulta de Enfermagem;ELAINE APARECIDA DE SOUZA; K92  - DOENCAS DO APARELHO DIGESTIVO;<procedimento>, BARREIRAS PROTETORAS DE PELE SINTETICA E/OU MISTA EM FORMA DE PO / PASTA E/OU PLACA</procedimento><procedimento>, BOLSA DE COLOSTOMIA COM ADESIVO MICROPORO DRENAVEL</procedimento><procedimento>, CONSULTA DE PROFISSIONAIS DE NIVEL SUPERIOR NA ATENCAO ESPECIALIZADA (EXCETO MEDICO)</procedimento><procedimento>, CUIDADOS COM ESTOMAS</procedimento>;<procedimento>  0301010048 - CONSULTA DE PROFISSIONAIS DE NIVEL SUPERIOR NA ATENCAO ESPECIALIZADA (EXCETO MEDICO) - Quantidade: 1
</procedimento><procedimento>  0301100063 - CUIDADOS COM ESTOMAS - Quantidade: 1
</procedimento><procedimento>  0701050020 - BOLSA DE COLOSTOMIA COM ADESIVO MICROPORO DRENAVEL - Quantidade: 1
</procedimento><procedimento>  0701060018 - BARREIRAS PROTETORAS DE PELE SINTETICA E/OU MISTA EM FORMA DE PO / PASTA E/OU PLACA - Quantidade: 1
</procedimento>;N;;;N;Programada;21/09/2026 10:20:01;21/09/2026 00:00:00;21/09/2026 00:00:00;35min 0s;RUA JOAO GOULART, S/N, QD25 LT39 C01, JARDIM ATLANTICO OESTE (ITAIPUACU), MARICA-RJ, CEP: 24935515  - Tel: 21985133663;
MARIA TELMA MOREIRA;False;;F;26/07/1968 00:00:00;58;702808615077162;Consulta de Enfermagem;MAURO BATISTA DE BARROS; T140 - TRAUMATISMO SUPERFICIAL DE REGIAO NAO ESPECIFICADA DO CORPO;<procedimento>, CONSULTA DE PROFISSIONAIS DE NIVEL SUPERIOR NA ATENCAO ESPECIALIZADA (EXCETO MEDICO)</procedimento><procedimento>, CURATIVO ESPECIAL</procedimento>;<procedimento>  0301010048 - CONSULTA DE PROFISSIONAIS DE NIVEL SUPERIOR NA ATENCAO ESPECIALIZADA (EXCETO MEDICO) - Quantidade: 1
</procedimento><procedimento>  0301100276 - CURATIVO ESPECIAL - Quantidade: 1
</procedimento>;N;;;N;Programada;21/09/2026 10:24:49;21/09/2026 00:00:00;21/09/2026 00:00:00;11min 28s;RUA LEONARDO JOSE ANTUNES, S/N, STE BL13 AP303, INOA (INOA), MARICA-RJ, CEP: 24943255  - Tel: 21974352744;
ALINE SANTOS PEDROSA;False;;F;03/07/1980 00:00:00;46;702105834420370;Consulta c/ Ortopedista e Traumatologista;PALMERIO NEVES DE SOUZA NETO; M713 - OUTROS CISTOS DE BOLSA SINOVIAL;<procedimento>, CONSULTA MEDICA EM ATENCAO ESPECIALIZADA</procedimento>;<procedimento>  0301010072 - CONSULTA MEDICA EM ATENCAO ESPECIALIZADA - Quantidade: 1
</procedimento>;N;;;N;Programada;21/09/2026 10:27:40;21/09/2026 00:00:00;21/09/2026 00:00:00;5min 19s;RUA MARQUES DE SAPUCAI, 160, SOBRADO, MARQUES DE MARICA, MARICA-RJ, CEP: 24904415  - Tel: 21998515423;
MARIA DE FATIMA XAVIER DE MOURA;False;;F;20/01/1950 00:00:00;76;700009966896508;Consulta c/ Cirurgiao Geral;JOSE ROBERTO BARQUETTE; K801 - CALCULOSE DA VESICULA BILIAR COM OUTRAS FORMAS DE COLECISTITE, C449 - NEOPLASIA MALIGNA DA PELE, NAO ESPECIFICADA;<procedimento>, CONSULTA MEDICA EM ATENCAO ESPECIALIZADA</procedimento>;<procedimento>  0301010072 - CONSULTA MEDICA EM ATENCAO ESPECIALIZADA - Quantidade: 1
</procedimento>;S;ULTRASSONOGRAFIA DE ABDOMEN TOTAL
;;N;Programada;21/09/2026 10:30:43;21/09/2026 00:00:00;21/09/2026 00:00:00;27min 51s;RUA FRANCISCA ROSA DA SILVA, 71, INOA, MARICA-RJ, CEP: 24943095  - Tel: 21975328320;
PAULO ALBERTO FATIGATI DE CARVALHO;False;;M;01/09/1955 00:00:00;71;700903936611897;Consulta de Enfermagem;ELAINE APARECIDA DE SOUZA; K92  - DOENCAS DO APARELHO DIGESTIVO;<procedimento>, BARREIRAS PROTETORAS DE PELE SINTETICA E/OU MISTA EM FORMA DE PO / PASTA E/OU PLACA</procedimento><procedimento>, BOLSA DE COLOSTOMIA COM ADESIVO MICROPORO DRENAVEL</procedimento><procedimento>, CONSULTA DE PROFISSIONAIS DE NIVEL SUPERIOR NA ATENCAO ESPECIALIZADA (EXCETO MEDICO)</procedimento><procedimento>, CUIDADOS COM ESTOMAS</procedimento>;<procedimento>  0301010048 - CONSULTA DE PROFISSIONAIS DE NIVEL SUPERIOR NA ATENCAO ESPECIALIZADA (EXCETO MEDICO) - Quantidade: 1
</procedimento><procedimento>  0301100063 - CUIDADOS COM ESTOMAS - Quantidade: 1
</procedimento><procedimento>  0701050020 - BOLSA DE COLOSTOMIA COM ADESIVO MICROPORO DRENAVEL - Quantidade: 1
</procedimento><procedimento>  0701060018 - BARREIRAS PROTETORAS DE PELE SINTETICA E/OU MISTA EM FORMA DE PO / PASTA E/OU PLACA - Quantidade: 1
</procedimento>;N;;;N;Programada;21/09/2026 10:30:33;21/09/2026 00:00:00;21/09/2026 00:00:00;27min 0s;RUA ARTISTA KLEBER FIGUEIRA, 01, QD 111 LT 13, ARACATIBA, MARICA-RJ, CEP: 24901625  - Tel: 21985005520;
NEUZA SAMPAIO DE SOUZA;False;;F;03/04/1938 00:00:00;88;700009127004303;Consulta c/ Cardiologista;LUCIANA FIRMINO PONCE; Z95  - PRESENCA DE IMPLANTES E ENXERTOS CARDIACOS E VASCULARES;<procedimento>, CONSULTA MEDICA EM ATENCAO ESPECIALIZADA</procedimento>;<procedimento>  0301010072 - CONSULTA MEDICA EM ATENCAO ESPECIALIZADA - Quantidade: 1
</procedimento>;S;ECOCARDIOGRAFIA TRANSTORACICA
;;N;Programada;21/09/2026 10:31:39;21/09/2026 00:00:00;21/09/2026 00:00:00;15min 30s;RUA CINQUENTA, S/N, QD 171 LT 31, JARDIM ATLANTICO CENTRAL (ITAIPUACU), MARICA-RJ, CEP: 24934560  - Tel: 21995021220;
JOAO GABRIEL DA CUNHA CARVALHO;False;;M;10/01/1979 00:00:00;47;702806113779762;Consulta c/ Ortopedista e Traumatologista;PALMERIO NEVES DE SOUZA NETO; G551 - COMPRESSOES DAS RAIZES E DOS PLEXOS NERVOSOS EM TRANSTORNOS DOS DISCOS INTERVERTEBRAIS;<procedimento>, CONSULTA MEDICA EM ATENCAO ESPECIALIZADA</procedimento>;<procedimento>  0301010072 - CONSULTA MEDICA EM ATENCAO ESPECIALIZADA - Quantidade: 1
</procedimento>;S;ELETRONEUROMIOGRAMA (ENMG)
;;N;Programada;21/09/2026 10:32:39;21/09/2026 00:00:00;21/09/2026 00:00:00;12min 49s;AVENIDA DOUTOR ANTONIO MARQUES MATHIAS, S/N, QD 468 LT 19A, JARDIM ATLANTICO OESTE (ITAIPUACU), MARICA-RJ, CEP: 24935445  - Tel: 21966198257;
MAURIZA DE MATTOS ISAIAS;False;;F;26/09/1955 00:00:00;70;704802054670944;Procedimento;MARCIA SEIXAS PEREIRA;;<procedimento>, CURATIVO ESPECIAL</procedimento>;<procedimento>  0301100276 - CURATIVO ESPECIAL - Quantidade: 1
</procedimento>;;;;;Espontanea;21/09/2026 10:40:41;21/09/2026 00:00:00;21/09/2026 00:00:00;1min 1s;ESTRADA MONTE LIBANO, S/N, SITIO 08 B CS 02, SANTA PAULA (INOA), MARICA-RJ, CEP: 24944660  - Tel: 21966511437;
EDINEIA SILVESTRE DE ALBUQUERQUE;False;;F;13/11/1962 00:00:00;63;704606167967328;Consulta de Enfermagem;LUCIANA DOS SANTOS AZEVEDO SOARES; I10  - HIPERTENSAO ESSENCIAL (PRIMARIA);<procedimento>, AFERICAO DE PRESSAO ARTERIAL</procedimento><procedimento>, AVALIACAO ANTROPOMETRICA</procedimento><procedimento>, CONSULTA DE PROFISSIONAIS DE NIVEL SUPERIOR NA ATENCAO PRIMARIA (EXCETO MEDICO)</procedimento>;<procedimento>  0101040024 - AVALIACAO ANTROPOMETRICA - Quantidade: 1
</procedimento><procedimento>  0301010030 - CONSULTA DE PROFISSIONAIS DE NIVEL SUPERIOR NA ATENCAO PRIMARIA (EXCETO MEDICO) - Quantidade: 1
</procedimento><procedimento>  0301100039 - AFERICAO DE PRESSAO ARTERIAL - Quantidade: 1
</procedimento>;N;;;N;Espontanea;21/09/2026 10:41:31;21/09/2026 00:00:00;21/09/2026 00:00:00;2min 39s;RUA SAO PAULO, 04, QD A, SAO JOSE DO IMBASSAI, MARICA-RJ, CEP: 24931540  - Tel: 51983115544;
MIZAEL RODRIGUES TORRES;False;;M;28/10/1946 00:00:00;79;704207208331486;Procedimento;MARCIA SEIXAS PEREIRA;;<procedimento>, CURATIVO ESPECIAL</procedimento>;<procedimento>  0301100276 - CURATIVO ESPECIAL - Quantidade: 1
</procedimento>;;;;;Espontanea;21/09/2026 10:43:33;21/09/2026 00:00:00;21/09/2026 00:00:00;1min 43s;RUA DUQUE DE CAXIAS, S/N, LT 19 QD 29, UBATIBA, MARICA-RJ, CEP: 24908755  - Tel: 21997097171;
CARLOS ALBERTO PEREIRA DA COSTA;False;;M;17/01/1951 00:00:00;75;700508580755352;Consulta de Enfermagem;LUCIANA DOS SANTOS AZEVEDO SOARES; I50  - INSUFICIENCIA CARDIACA;<procedimento>, AFERICAO DE PRESSAO ARTERIAL</procedimento><procedimento>, AVALIACAO ANTROPOMETRICA</procedimento><procedimento>, CONSULTA DE PROFISSIONAIS DE NIVEL SUPERIOR NA ATENCAO PRIMARIA (EXCETO MEDICO)</procedimento>;<procedimento>  0101040024 - AVALIACAO ANTROPOMETRICA - Quantidade: 1
</procedimento><procedimento>  0301010030 - CONSULTA DE PROFISSIONAIS DE NIVEL SUPERIOR NA ATENCAO PRIMARIA (EXCETO MEDICO) - Quantidade: 1
</procedimento><procedimento>  0301100039 - AFERICAO DE PRESSAO ARTERIAL - Quantidade: 1
</procedimento>;N;;;N;Espontanea;21/09/2026 10:44:18;21/09/2026 00:00:00;21/09/2026 00:00:00;1min 25s;RUA ISMAEL LUCINDO SILVA, S/N, QD76 LT10 CS01, BARROCO, MARICA-RJ, CEP: 24936570  - Tel: 21993235125;
LUIZ CARLOS DE ABREU;False;;M;03/11/1965 00:00:00;60;700808907193484;Consulta de Enfermagem;LUCIANA DOS SANTOS AZEVEDO SOARES; I50  - INSUFICIENCIA CARDIACA;<procedimento>, AFERICAO DE PRESSAO ARTERIAL</procedimento><procedimento>, AVALIACAO ANTROPOMETRICA</procedimento><procedimento>, CONSULTA DE PROFISSIONAIS DE NIVEL SUPERIOR NA ATENCAO PRIMARIA (EXCETO MEDICO)</procedimento>;<procedimento>  0101040024 - AVALIACAO ANTROPOMETRICA - Quantidade: 1
</procedimento><procedimento>  0301010030 - CONSULTA DE PROFISSIONAIS DE NIVEL SUPERIOR NA ATENCAO PRIMARIA (EXCETO MEDICO) - Quantidade: 1
</procedimento><procedimento>  0301100039 - AFERICAO DE PRESSAO ARTERIAL - Quantidade: 1
</procedimento>;N;;;N;Espontanea;21/09/2026 10:45:53;21/09/2026 00:00:00;21/09/2026 00:00:00;2min 9s;RUA JOSE DOMINGUES MOTTA, S/N, CASA, JACAROA, MARICA-RJ, CEP: 24902765  - Tel: 21998113833;
MARIA TELMA MOREIRA;False;;F;26/07/1968 00:00:00;58;702808615077162;Procedimento;MARCIA SEIXAS PEREIRA;;<procedimento>, CURATIVO ESPECIAL</procedimento>;<procedimento>  0301100276 - CURATIVO ESPECIAL - Quantidade: 1
</procedimento>;;;;;Espontanea;21/09/2026 10:45:25;21/09/2026 00:00:00;21/09/2026 00:00:00;1min 16s;RUA LEONARDO JOSE ANTUNES, S/N, STE BL13 AP303, INOA (INOA), MARICA-RJ, CEP: 24943255  - Tel: 21974352744;
JOSE ROBERTO DE SOUZA SOUTO;False;;M;28/05/1960 00:00:00;66;708107501135133;Consulta c/ Ortopedista e Traumatologista;PALMERIO NEVES DE SOUZA NETO; R522 - OUTRA DOR CRONICA;<procedimento>, CONSULTA MEDICA EM ATENCAO ESPECIALIZADA</procedimento>;<procedimento>  0301010072 - CONSULTA MEDICA EM ATENCAO ESPECIALIZADA - Quantidade: 1
</procedimento>;S;RADIOGRAFIA DE JOELHO (AP + LATERAL)
RADIOGRAFIA DE BACIA
;;N;Programada;21/09/2026 10:46:14;21/09/2026 00:00:00;21/09/2026 00:00:00;7min 14s;RUA ABRAHAO TAVARES DE MORAES, S/N, LT01 QD405, JARDIM ATLANTICO LESTE (ITAIPUACU), MARICA-RJ, CEP: 24933520  - Tel: 21989578293;
SHIRLEY MARIA FERREIRA BERNARDES;False;;F;24/03/1964 00:00:00;62;708903737157210;Consulta c/ Cardiologista;LUCIANA FIRMINO PONCE; I48  - FLUTTER E FIBRILACAO ATRIAL, I10  - HIPERTENSAO ESSENCIAL (PRIMARIA);<procedimento>, CONSULTA MEDICA EM ATENCAO ESPECIALIZADA</procedimento>;<procedimento>  0301010072 - CONSULTA MEDICA EM ATENCAO ESPECIALIZADA - Quantidade: 1
</procedimento>;S;ECOCARDIOGRAFIA TRANSESOFAGICA
ECOCARDIOGRAFIA TRANSTORACICA
;;N;Programada;21/09/2026 10:46:48;21/09/2026 00:00:00;21/09/2026 00:00:00;20min 24s;AVENIDA EUGENIO JOSE DIAS, S/N, SAO JOSE DO IMBASSAI, MARICA-RJ, CEP: 24931535  - Tel: 21967578952;
WALDEMAR LIMA RIBEIRO;False;;M;18/04/1958 00:00:00;68;702501292078940;Procedimento;MARCIA SEIXAS PEREIRA;;<procedimento>, CURATIVO ESPECIAL</procedimento>;<procedimento>  0301100276 - CURATIVO ESPECIAL - Quantidade: 1
</procedimento>;;;;;Espontanea;21/09/2026 10:47:15;21/09/2026 00:00:00;21/09/2026 00:00:00;39s;RUA UM, S/N, LT 04 QD 06 CS 01, SAO JOSE DO IMBASSAI, MARICA-RJ, CEP: 24930154  - Tel: 21982636282;
MARCELO TEIXEIRA DA SILVA;False;;M;08/05/1972 00:00:00;54;702100796948593;Procedimento;MARCIA SEIXAS PEREIRA;;<procedimento>, CURATIVO ESPECIAL</procedimento>;<procedimento>  0301100276 - CURATIVO ESPECIAL - Quantidade: 1
</procedimento>;;;;;Espontanea;21/09/2026 10:48:07;21/09/2026 00:00:00;21/09/2026 00:00:00;30s;ESTRADA CATUMBI, 30, LT 03 QD 12, CAJUEIROS (ITAIPUACU), MARICA-RJ, CEP: 24932160  - Tel: 21972541887;
EMILENE ANDRADE VIEIRA FREITAS;False;;F;31/05/1976 00:00:00;50;706008870276043;Consulta de Enfermagem;LUCIANA DOS SANTOS AZEVEDO SOARES; I10  - HIPERTENSAO ESSENCIAL (PRIMARIA);<procedimento>, AFERICAO DE PRESSAO ARTERIAL</procedimento><procedimento>, AVALIACAO ANTROPOMETRICA</procedimento><procedimento>, CONSULTA DE PROFISSIONAIS DE NIVEL SUPERIOR NA ATENCAO PRIMARIA (EXCETO MEDICO)</procedimento>;<procedimento>  0101040024 - AVALIACAO ANTROPOMETRICA - Quantidade: 1
</procedimento><procedimento>  0301010030 - CONSULTA DE PROFISSIONAIS DE NIVEL SUPERIOR NA ATENCAO PRIMARIA (EXCETO MEDICO) - Quantidade: 1
</procedimento><procedimento>  0301100039 - AFERICAO DE PRESSAO ARTERIAL - Quantidade: 1
</procedimento>;N;;;N;Espontanea;21/09/2026 10:49:23;21/09/2026 00:00:00;21/09/2026 00:00:00;1min 42s;AVENIDA JOAO BATISTA ANDRADE, S/N, LT17QD26, JACAROA, MARICA-RJ, CEP: 24903105  - Tel: 21999923792;
JORGE GONCALVES FERREIRA;False;;M;17/04/1940 00:00:00;86;706402674392886;Consulta de Enfermagem;LUCIANA DOS SANTOS AZEVEDO SOARES; I10  - HIPERTENSAO ESSENCIAL (PRIMARIA);<procedimento>, AFERICAO DE PRESSAO ARTERIAL</procedimento><procedimento>, AVALIACAO ANTROPOMETRICA</procedimento><procedimento>, CONSULTA DE PROFISSIONAIS DE NIVEL SUPERIOR NA ATENCAO PRIMARIA (EXCETO MEDICO)</procedimento>;<procedimento>  0101040024 - AVALIACAO ANTROPOMETRICA - Quantidade: 1
</procedimento><procedimento>  0301010030 - CONSULTA DE PROFISSIONAIS DE NIVEL SUPERIOR NA ATENCAO PRIMARIA (EXCETO MEDICO) - Quantidade: 1
</procedimento><procedimento>  0301100039 - AFERICAO DE PRESSAO ARTERIAL - Quantidade: 1
</procedimento>;N;;;N;Espontanea;21/09/2026 10:51:43;21/09/2026 00:00:00;21/09/2026 00:00:00;2min 23s;RUA DOS FLAMBOYANS, S/N, BARROCO (ITAIPUACU), MARICA-RJ, CEP: 24936330  - Tel: 21993630199;
MARLI DA SILVA;False;;F;09/08/1955 00:00:00;71;701200055487018;Consulta de Enfermagem;LUCIANA DOS SANTOS AZEVEDO SOARES; I10  - HIPERTENSAO ESSENCIAL (PRIMARIA);<procedimento>, AFERICAO DE PRESSAO ARTERIAL</procedimento><procedimento>, AVALIACAO ANTROPOMETRICA</procedimento><procedimento>, CONSULTA DE PROFISSIONAIS DE NIVEL SUPERIOR NA ATENCAO PRIMARIA (EXCETO MEDICO)</procedimento>;<procedimento>  0101040024 - AVALIACAO ANTROPOMETRICA - Quantidade: 1
</procedimento><procedimento>  0301010030 - CONSULTA DE PROFISSIONAIS DE NIVEL SUPERIOR NA ATENCAO PRIMARIA (EXCETO MEDICO) - Quantidade: 1
</procedimento><procedimento>  0301100039 - AFERICAO DE PRESSAO ARTERIAL - Quantidade: 1
</procedimento>;N;;;N;Espontanea;21/09/2026 10:54:01;21/09/2026 00:00:00;21/09/2026 00:00:00;1min 28s;AVENIDA NIRVANA, S/N, LT 31 QD 17, CHACARAS DE INOA (INOA), MARICA-RJ, CEP: 24940245  - Tel: 21985399923;
DENISE BAHIENSE LOPES DA CRUZ;False;;F;26/06/1965 00:00:00;61;705807472305438;Consulta de Enfermagem;LUCIANA DOS SANTOS AZEVEDO SOARES; I50  - INSUFICIENCIA CARDIACA;<procedimento>, AFERICAO DE PRESSAO ARTERIAL</procedimento><procedimento>, AVALIACAO ANTROPOMETRICA</procedimento><procedimento>, CONSULTA DE PROFISSIONAIS DE NIVEL SUPERIOR NA ATENCAO PRIMARIA (EXCETO MEDICO)</procedimento>;<procedimento>  0101040024 - AVALIACAO ANTROPOMETRICA - Quantidade: 1
</procedimento><procedimento>  0301010030 - CONSULTA DE PROFISSIONAIS DE NIVEL SUPERIOR NA ATENCAO PRIMARIA (EXCETO MEDICO) - Quantidade: 1
</procedimento><procedimento>  0301100039 - AFERICAO DE PRESSAO ARTERIAL - Quantidade: 1
</procedimento>;N;;;N;Espontanea;21/09/2026 10:56:19;21/09/2026 00:00:00;21/09/2026 00:00:00;1min 26s;RUA DAS PESCADINHAS, S/N, LT 27, CAJUEIROS (ITAIPUACU), MARICA-RJ, CEP: 24932115  - Tel: 21997032016;
ROBERTA DOS SANTOS BRUNES;False;;F;23/02/1978 00:00:00;48;708004312141223;Consulta c/ Cirurgiao Geral;JOSE ROBERTO BARQUETTE; K801 - CALCULOSE DA VESICULA BILIAR COM OUTRAS FORMAS DE COLECISTITE;<procedimento>, CONSULTA MEDICA EM ATENCAO ESPECIALIZADA</procedimento>;<procedimento>  0301010072 - CONSULTA MEDICA EM ATENCAO ESPECIALIZADA - Quantidade: 1
</procedimento>;N;;;N;Programada;21/09/2026 11:00:47;21/09/2026 00:00:00;21/09/2026 00:00:00;7min 12s;RUA ANDRELINA CARLOTA DA CONCEICAO, S/N, LT11 QDH, MUMBUCA, MARICA-RJ, CEP: 24913855  - Tel: 21987756453;
DEIZE DA SILVA VIEIRA MAFRA;False;;F;04/12/1955 00:00:00;70;703007891054672;Consulta c/ Ortopedista e Traumatologista;PALMERIO NEVES DE SOUZA NETO; R522 - OUTRA DOR CRONICA;<procedimento>, CONSULTA MEDICA EM ATENCAO ESPECIALIZADA</procedimento>;<procedimento>  0301010072 - CONSULTA MEDICA EM ATENCAO ESPECIALIZADA - Quantidade: 1
</procedimento>;S;RADIOGRAFIA DE JOELHO (AP + LATERAL)
;;N;Programada;21/09/2026 11:03:53;21/09/2026 00:00:00;21/09/2026 00:00:00;7min 21s;ESTRADA HENFIL, 68, PINDOBAS, MARICA-RJ, CEP: 24910750  - Tel: 2127516977;
CELESTINO FELICIANO GOMES;False;;M;04/04/1952 00:00:00;74;700708946200373;Consulta de Enfermagem;ELAINE APARECIDA DE SOUZA; K92  - DOENCAS DO APARELHO DIGESTIVO;<procedimento>, BARREIRAS PROTETORAS DE PELE SINTETICA E/OU MISTA EM FORMA DE PO / PASTA E/OU PLACA</procedimento><procedimento>, BOLSA DE COLOSTOMIA COM ADESIVO MICROPORO DRENAVEL</procedimento><procedimento>, CONSULTA DE PROFISSIONAIS DE NIVEL SUPERIOR NA ATENCAO ESPECIALIZADA (EXCETO MEDICO)</procedimento><procedimento>, CUIDADOS COM ESTOMAS</procedimento>;<procedimento>  0301010048 - CONSULTA DE PROFISSIONAIS DE NIVEL SUPERIOR NA ATENCAO ESPECIALIZADA (EXCETO MEDICO) - Quantidade: 1
</procedimento><procedimento>  0301100063 - CUIDADOS COM ESTOMAS - Quantidade: 1
</procedimento><procedimento>  0701050020 - BOLSA DE COLOSTOMIA COM ADESIVO MICROPORO DRENAVEL - Quantidade: 1
</procedimento><procedimento>  0701060018 - BARREIRAS PROTETORAS DE PELE SINTETICA E/OU MISTA EM FORMA DE PO / PASTA E/OU PLACA - Quantidade: 1
</procedimento>;N;;;N;Programada;21/09/2026 11:03:43;21/09/2026 00:00:00;21/09/2026 00:00:00;26min 0s;RUA AYRTON SENNA, 97, CENTRO, MARICA-RJ, CEP: 24900080  - Tel: 21964779821;
MARCOS ANTONIO DOS SANTOS COSTA;False;;F;21/03/1972 00:00:00;54;708109566328736;Consulta de Enfermagem;LUCIANA DOS SANTOS AZEVEDO SOARES; I10  - HIPERTENSAO ESSENCIAL (PRIMARIA);<procedimento>, AFERICAO DE PRESSAO ARTERIAL</procedimento><procedimento>, AVALIACAO ANTROPOMETRICA</procedimento><procedimento>, CONSULTA DE PROFISSIONAIS DE NIVEL SUPERIOR NA ATENCAO PRIMARIA (EXCETO MEDICO)</procedimento>;<procedimento>  0101040024 - AVALIACAO ANTROPOMETRICA - Quantidade: 1
</procedimento><procedimento>  0301010030 - CONSULTA DE PROFISSIONAIS DE NIVEL SUPERIOR NA ATENCAO PRIMARIA (EXCETO MEDICO) - Quantidade: 1
</procedimento><procedimento>  0301100039 - AFERICAO DE PRESSAO ARTERIAL - Quantidade: 1
</procedimento>;N;;;N;Espontanea;21/09/2026 11:05:02;21/09/2026 00:00:00;21/09/2026 00:00:00;1min 21s;RUA DAS ACACIAS, S/N, CENTRO, MARICA-RJ, CEP: 24900001  - Tel: 21971571434;
MARLI DA SILVA;False;;F;09/08/1955 00:00:00;71;701200055487018;Consulta c/ Cardiologista;LUCIANA FIRMINO PONCE; I10  - HIPERTENSAO ESSENCIAL (PRIMARIA);<procedimento>, CONSULTA MEDICA EM ATENCAO ESPECIALIZADA</procedimento>;<procedimento>  0301010072 - CONSULTA MEDICA EM ATENCAO ESPECIALIZADA - Quantidade: 1
</procedimento>;S;ECOCARDIOGRAFIA TRANSTORACICA
MONITORIZACAO AMBULATORIAL DE PRESSAO ARTERIAL (M A P A)
;;N;Programada;21/09/2026 11:06:37;21/09/2026 00:00:00;21/09/2026 00:00:00;12min 2s;AVENIDA NIRVANA, S/N, LT 31 QD 17, CHACARAS DE INOA (INOA), MARICA-RJ, CEP: 24940245  - Tel: 21985399923;
RODRIGO AURELIO DE SOUZA BARROS;False;;M;13/07/1979 00:00:00;47;700809457138888;Consulta c/ Cirurgiao Geral;JOSE ROBERTO BARQUETTE; K800 - CALCULOSE DA VESICULA BILIAR COM COLICISTITE AGUDA;<procedimento>, CONSULTA MEDICA EM ATENCAO ESPECIALIZADA</procedimento>;<procedimento>  0301010072 - CONSULTA MEDICA EM ATENCAO ESPECIALIZADA - Quantidade: 1
</procedimento>;N;;;N;Programada;21/09/2026 11:08:30;21/09/2026 00:00:00;21/09/2026 00:00:00;12min 26s;RUA JOAO JOSE ALVES, 23, CASA 02, MUMBUCA, MARICA-RJ, CEP: 24913875  - Tel: 21991991410;
JOSE DE SOUSA FERREIRA;False;;M;11/07/1956 00:00:00;70;700009408125902;Procedimento;VERONICA NASCIMENTO DA COSTA;;<procedimento>, ESCUTA INICIAL / ORIENTACAO (ACOLHIMENTO A DEMANDA ESPONTANEA)</procedimento>;<procedimento>  0301040079 - ESCUTA INICIAL / ORIENTACAO (ACOLHIMENTO A DEMANDA ESPONTANEA) - Quantidade: 1
</procedimento>;;;;;Espontanea;21/09/2026 11:15:58;21/09/2026 00:00:00;21/09/2026 00:00:00;1min 12s;AVENIDA ITAIPUACU, S/N, QD 412 LOTE 14, JARDIM ATLANTICO LESTE (ITAIPUACU), MARICA-RJ, CEP: 24933390  - Tel: 21996849024;
EDINEIA SILVESTRE DE ALBUQUERQUE;False;;F;13/11/1962 00:00:00;63;704606167967328;Procedimento;VERONICA NASCIMENTO DA COSTA;;<procedimento>, ESCUTA INICIAL / ORIENTACAO (ACOLHIMENTO A DEMANDA ESPONTANEA)</procedimento>;<procedimento>  0301040079 - ESCUTA INICIAL / ORIENTACAO (ACOLHIMENTO A DEMANDA ESPONTANEA) - Quantidade: 1
</procedimento>;;;;;Espontanea;21/09/2026 11:16:52;21/09/2026 00:00:00;21/09/2026 00:00:00;1min 9s;RUA SAO PAULO, 04, QD A, SAO JOSE DO IMBASSAI, MARICA-RJ, CEP: 24931540  - Tel: 51983115544;
JORGE GONCALVES FERREIRA;False;;M;17/04/1940 00:00:00;86;706402674392886;Procedimento;VERONICA NASCIMENTO DA COSTA;;<procedimento>, ESCUTA INICIAL / ORIENTACAO (ACOLHIMENTO A DEMANDA ESPONTANEA)</procedimento>;<procedimento>  0301040079 - ESCUTA INICIAL / ORIENTACAO (ACOLHIMENTO A DEMANDA ESPONTANEA) - Quantidade: 1
</procedimento>;;;;;Espontanea;21/09/2026 11:17:40;21/09/2026 00:00:00;21/09/2026 00:00:00;55s;RUA DOS FLAMBOYANS, S/N, BARROCO (ITAIPUACU), MARICA-RJ, CEP: 24936330  - Tel: 21993630199;
MARCELO DE AZEVEDO;False;;M;28/02/1970 00:00:00;56;701801212729078;Consulta c/ Cardiologista;LUCIANA FIRMINO PONCE; I50  - INSUFICIENCIA CARDIACA;<procedimento>, CONSULTA MEDICA EM ATENCAO ESPECIALIZADA</procedimento>;<procedimento>  0301010072 - CONSULTA MEDICA EM ATENCAO ESPECIALIZADA - Quantidade: 1
</procedimento>;S;MONITORAMENTO PELO SISTEMA HOLTER 24 HS (3 CANAIS)
;;N;Programada;21/09/2026 11:18:22;21/09/2026 00:00:00;21/09/2026 00:00:00;24min 55s;RUA DAS ACACIAS, 14, LT 14 QD C, ITAPEBA, MARICA-RJ, CEP: 24913230  - Tel: 21998342566;
NEUZA SAMPAIO DE SOUZA;False;;F;03/04/1938 00:00:00;88;700009127004303;Procedimento;VERONICA NASCIMENTO DA COSTA;;<procedimento>, ESCUTA INICIAL / ORIENTACAO (ACOLHIMENTO A DEMANDA ESPONTANEA)</procedimento>;<procedimento>  0301040079 - ESCUTA INICIAL / ORIENTACAO (ACOLHIMENTO A DEMANDA ESPONTANEA) - Quantidade: 1
</procedimento>;;;;;Espontanea;21/09/2026 11:18:33;21/09/2026 00:00:00;21/09/2026 00:00:00;56s;RUA CINQUENTA, S/N, QD 171 LT 31, JARDIM ATLANTICO CENTRAL (ITAIPUACU), MARICA-RJ, CEP: 24934560  - Tel: 21995021220;
EMILENE ANDRADE VIEIRA FREITAS;False;;F;31/05/1976 00:00:00;50;706008870276043;Procedimento;VERONICA NASCIMENTO DA COSTA;;<procedimento>, ESCUTA INICIAL / ORIENTACAO (ACOLHIMENTO A DEMANDA ESPONTANEA)</procedimento>;<procedimento>  0301040079 - ESCUTA INICIAL / ORIENTACAO (ACOLHIMENTO A DEMANDA ESPONTANEA) - Quantidade: 1
</procedimento>;;;;;Espontanea;21/09/2026 11:19:29;21/09/2026 00:00:00;21/09/2026 00:00:00;46s;AVENIDA JOAO BATISTA ANDRADE, S/N, LT17QD26, JACAROA, MARICA-RJ, CEP: 24903105  - Tel: 21999923792;
MARCELO DE AZEVEDO;False;;M;28/02/1970 00:00:00;56;701801212729078;Procedimento;VERONICA NASCIMENTO DA COSTA;;<procedimento>, ESCUTA INICIAL / ORIENTACAO (ACOLHIMENTO A DEMANDA ESPONTANEA)</procedimento>;<procedimento>  0301040079 - ESCUTA INICIAL / ORIENTACAO (ACOLHIMENTO A DEMANDA ESPONTANEA) - Quantidade: 1
</procedimento>;;;;;Espontanea;21/09/2026 11:20:38;21/09/2026 00:00:00;21/09/2026 00:00:00;54s;RUA DAS ACACIAS, 14, LT 14 QD C, ITAPEBA, MARICA-RJ, CEP: 24913230  - Tel: 21998342566;
SHIRLEY MARIA FERREIRA BERNARDES;False;;F;24/03/1964 00:00:00;62;708903737157210;Procedimento;VERONICA NASCIMENTO DA COSTA;;<procedimento>, ESCUTA INICIAL / ORIENTACAO (ACOLHIMENTO A DEMANDA ESPONTANEA)</procedimento>;<procedimento>  0301040079 - ESCUTA INICIAL / ORIENTACAO (ACOLHIMENTO A DEMANDA ESPONTANEA) - Quantidade: 1
</procedimento>;;;;;Espontanea;21/09/2026 11:21:25;21/09/2026 00:00:00;21/09/2026 00:00:00;42s;AVENIDA EUGENIO JOSE DIAS, S/N, SAO JOSE DO IMBASSAI, MARICA-RJ, CEP: 24931535  - Tel: 21967578952;
ROSA MARIA CARVALHO;False;;F;09/04/1952 00:00:00;74;705807492278932;Consulta c/ Cirurgiao Geral;JOSE ROBERTO BARQUETTE; K802 - CALCULOSE DA VESICULA BILIAR SEM COLECISTITE;<procedimento>, CONSULTA MEDICA EM ATENCAO ESPECIALIZADA</procedimento>;<procedimento>  0301010072 - CONSULTA MEDICA EM ATENCAO ESPECIALIZADA - Quantidade: 1
</procedimento>;N;;;N;Programada;21/09/2026 11:22:37;21/09/2026 00:00:00;21/09/2026 00:00:00;9min 53s;RUA DAS PERPETUAS, S/N, QD32 LT16 C1, BARROCO (ITAIPUACU), MARICA-RJ, CEP: 24936390  - Tel: 21974812636;
LUIZ CARLOS DE ABREU;False;;M;03/11/1965 00:00:00;60;700808907193484;Procedimento;VERONICA NASCIMENTO DA COSTA;;<procedimento>, ESCUTA INICIAL / ORIENTACAO (ACOLHIMENTO A DEMANDA ESPONTANEA)</procedimento>;<procedimento>  0301040079 - ESCUTA INICIAL / ORIENTACAO (ACOLHIMENTO A DEMANDA ESPONTANEA) - Quantidade: 1
</procedimento>;;;;;Espontanea;21/09/2026 11:22:28;21/09/2026 00:00:00;21/09/2026 00:00:00;44s;RUA JOSE DOMINGUES MOTTA, S/N, CASA, JACAROA, MARICA-RJ, CEP: 24902765  - Tel: 21998113833;
IRIANA LEANDRO DOS SANTOS;False;;F;15/04/1968 00:00:00;58;700404171324050;Procedimento;MARCIA DAVID;;<procedimento>, ULTRASSONOGRAFIA TRANSVAGINAL</procedimento>;<procedimento>  0205020186 - ULTRASSONOGRAFIA TRANSVAGINAL - Quantidade: 1
</procedimento>;;;;;Programada;21/09/2026 11:25:49;21/09/2026 00:00:00;21/09/2026 00:00:00;3min 12s;044 SEM RUA, 16, INOA, MARICA-RJ, CEP: 24900000  - Tel: 21984889966;
STEFANIE DOS SANTOS RANGEL DE AZEVEDO;False;;F;15/04/1999 00:00:00;27;708303288575660;Procedimento;MARCIA DAVID;;<procedimento>, ULTRASSONOGRAFIA DE APARELHO URINARIO</procedimento>;<procedimento>  0205020054 - ULTRASSONOGRAFIA DE APARELHO URINARIO - Quantidade: 1
</procedimento>;;;;;Programada;21/09/2026 11:28:36;21/09/2026 00:00:00;21/09/2026 00:00:00;1min 0s;ESTRADA PONTA NEGRA-SAMPAIO CORREIA, 8, CS 9, JACONE (PONTA NEGRA), MARICA-RJ, CEP: 24923500  - Tel: 21998992603;
HERBERT DE MESQUITA PEDROSA;False;;M;15/07/1944 00:00:00;82;704807548946848;Procedimento;MARCIA DAVID;;<procedimento>, ULTRASSONOGRAFIA TRANSVAGINAL</procedimento>;<procedimento>  0205020186 - ULTRASSONOGRAFIA TRANSVAGINAL - Quantidade: 1
</procedimento>;;;;;Programada;21/09/2026 11:29:19;21/09/2026 00:00:00;21/09/2026 00:00:00;44s;RUA VAN LERBERGUE, S/N, QD 243 LT 28, JARDIM ATLANTICO CENTRAL (ITAIPUACU), MARICA-RJ, CEP: 24934025  - Tel: 21993685193;
MARIA ROSA BARBOSA;False;;F;05/08/1948 00:00:00;78;703407783982900;Consulta c/ Ortopedista e Traumatologista;PALMERIO NEVES DE SOUZA NETO; R522 - OUTRA DOR CRONICA;<procedimento>, CONSULTA MEDICA EM ATENCAO ESPECIALIZADA</procedimento>;<procedimento>  0301010072 - CONSULTA MEDICA EM ATENCAO ESPECIALIZADA - Quantidade: 1
</procedimento>;S;RADIOGRAFIA DE ARTICULACAO TIBIO-TARSICA
;;N;Programada;21/09/2026 11:30:57;21/09/2026 00:00:00;21/09/2026 00:00:00;4min 21s;RUA GUAPORE, S/N, LT 10 QD 18, INOA (INOA), MARICA-RJ, CEP: 24943630  - Tel: 21996656778;
AILTON SULIANO DE SOUZA;False;;M;14/08/1959 00:00:00;67;706202013964961;Procedimento;MARCIA DAVID;;<procedimento>, ULTRASSONOGRAFIA DE APARELHO URINARIO</procedimento>;<procedimento>  0205020054 - ULTRASSONOGRAFIA DE APARELHO URINARIO - Quantidade: 1
</procedimento>;;;;;Programada;21/09/2026 11:30:56;21/09/2026 00:00:00;21/09/2026 00:00:00;1min 15s;RUA QUARENTA E SEIS QUADRA 141/145, 142, CASA, JARDIM ATLANTICO, MARICA-RJ, CEP: 24934330  - Tel: 21992692391;
PAULO ROBERTO DA SILVA;False;;M;14/05/1968 00:00:00;58;705006899170154;Procedimento;MARCIA DAVID;;<procedimento>, ULTRASSONOGRAFIA DE APARELHO URINARIO</procedimento>;<procedimento>  0205020054 - ULTRASSONOGRAFIA DE APARELHO URINARIO - Quantidade: 1
</procedimento>;;;;;Programada;21/09/2026 11:30:07;21/09/2026 00:00:00;21/09/2026 00:00:00;28s;RUA MARIA ROSA COUTINHO, S/N, LT14 D 41, SANTA PAULA (INOA), MARICA-RJ, CEP: 24944734  - Tel: 21976379219;
ALAINE GOMES DOS SANTOS VIEIRA;False;;F;22/08/1977 00:00:00;49;702600781063944;Procedimento;MARCIA DAVID;;<procedimento>, ULTRASSONOGRAFIA TRANSVAGINAL</procedimento>;<procedimento>  0205020186 - ULTRASSONOGRAFIA TRANSVAGINAL - Quantidade: 1
</procedimento>;;;;;Programada;21/09/2026 11:31:54;21/09/2026 00:00:00;21/09/2026 00:00:00;1min 21s;RUA CONDOR, 999, PARQUE NANCI, MARICA-RJ, CEP: 24914145  - Tel: 21995529286;
JOSIANE SANTANA DA VEIGA TEIXEIRA;False;;F;05/03/1985 00:00:00;41;708707186481691;Procedimento;MARCIA DAVID;;<procedimento>, ULTRASSONOGRAFIA TRANSVAGINAL</procedimento>;<procedimento>  0205020186 - ULTRASSONOGRAFIA TRANSVAGINAL - Quantidade: 1
</procedimento>;;;;;Programada;21/09/2026 11:32:49;21/09/2026 00:00:00;21/09/2026 00:00:00;1min 40s;ESTRADA DO CALIXTO, S/N, CALIXTO, MARICA-RJ, CEP: 24900000  - Tel: 21997092127;
ELZELI SANT ANA DE SOUZA;False;;F;24/02/1961 00:00:00;65;701208096060814;Procedimento;MARCIA DAVID;;<procedimento>, ULTRASSONOGRAFIA TRANSVAGINAL</procedimento>;<procedimento>  0205020186 - ULTRASSONOGRAFIA TRANSVAGINAL - Quantidade: 1
</procedimento>;;;;;Programada;21/09/2026 11:33:57;21/09/2026 00:00:00;21/09/2026 00:00:00;1min 17s;RUA CARLOS MAGNO LEGENTIL, S/N, ARACATIBA, MARICA-RJ, CEP: 24902055  - Tel: 21971645300;
WILLIAM DOMINGOS DOS SANTOS;False;;M;10/04/1993 00:00:00;33;700002143989606;Consulta c/ Cirurgiao Geral;JOSE ROBERTO BARQUETTE; K802 - CALCULOSE DA VESICULA BILIAR SEM COLECISTITE;<procedimento>, CONSULTA MEDICA EM ATENCAO ESPECIALIZADA</procedimento>;<procedimento>  0301010072 - CONSULTA MEDICA EM ATENCAO ESPECIALIZADA - Quantidade: 1
</procedimento>;N;;;N;Programada;21/09/2026 11:34:09;21/09/2026 00:00:00;21/09/2026 00:00:00;15min 25s;RUA JORGE ELIAS ABICALIL, S/N, LT 15 QD 15, SANTA PAULA (INOA), MARICA-RJ, CEP: 24944525  - Tel: 21998788258;
CRISTIANE DE CASTRO CHAVES DA SILVA;False;;F;22/04/1983 00:00:00;43;704506320698910;Procedimento;MARCIA DAVID;;<procedimento>, ULTRASSONOGRAFIA TRANSVAGINAL</procedimento>;<procedimento>  0205020186 - ULTRASSONOGRAFIA TRANSVAGINAL - Quantidade: 1
</procedimento>;;;;;Programada;21/09/2026 11:34:38;21/09/2026 00:00:00;21/09/2026 00:00:00;1min 3s;RUA QUATORZE, S/N, QD 22 LT484, RINCAO MIMOSO (ITAIPUACU), MARICA-RJ, CEP: 24938160  - Tel: 22997117173;
DEBORA DA SILVA DE ANDRADE;False;;F;26/11/1985 00:00:00;40;700105986399610;Consulta c/ Ortopedista e Traumatologista;PALMERIO NEVES DE SOUZA NETO; M238 - OUTROS TRANSTORNOS INTERNOS DO JOELHO;<procedimento>, CONSULTA MEDICA EM ATENCAO ESPECIALIZADA</procedimento>;<procedimento>  0301010072 - CONSULTA MEDICA EM ATENCAO ESPECIALIZADA - Quantidade: 1
</procedimento>;N;;;N;Programada;21/09/2026 11:36:15;21/09/2026 00:00:00;21/09/2026 00:00:00;9min 43s;RUA TRINTA E TRES, S/N, LT08 QD 56 CS 2, ARACATIBA, MARICA-RJ, CEP: 24901515  - Tel: 6133152425;
MARCOS ANTONIO DOS SANTOS COSTA;False;;F;21/03/1972 00:00:00;54;708109566328736;Consulta c/ Cardiologista;LUCIANA FIRMINO PONCE; I10  - HIPERTENSAO ESSENCIAL (PRIMARIA);<procedimento>, CONSULTA MEDICA EM ATENCAO ESPECIALIZADA</procedimento>;<procedimento>  0301010072 - CONSULTA MEDICA EM ATENCAO ESPECIALIZADA - Quantidade: 1
</procedimento>;S;ECOCARDIOGRAFIA TRANSTORACICA
;;N;Programada;21/09/2026 11:43:55;21/09/2026 00:00:00;21/09/2026 00:00:00;9min 20s;RUA DAS ACACIAS, S/N, CENTRO, MARICA-RJ, CEP: 24900001  - Tel: 21971571434;
DIOGO GOMES DOS SANTOS;False;;M;31/08/1981 00:00:00;45;705006631317350;Consulta c/ Cirurgiao Geral;JOSE ROBERTO BARQUETTE; K429 - HERNIA UMBILICAL SEM OBSTRUCAO OU GANGRENA;<procedimento>, CONSULTA MEDICA EM ATENCAO ESPECIALIZADA</procedimento>;<procedimento>  0301010072 - CONSULTA MEDICA EM ATENCAO ESPECIALIZADA - Quantidade: 1
</procedimento>;N;;;N;Programada;21/09/2026 11:50:50;21/09/2026 00:00:00;21/09/2026 00:00:00;8min 36s;RUA VEREADOR TUNINHO DO BIRINIGTH, S/N, QD 156 LT 07, JARDIM ATLANTICO CENTRAL (ITAIPUACU), MARICA-RJ, CEP: 24934320  - Tel: 21999811284;
STEFANIE DOS SANTOS RANGEL DE AZEVEDO;False;;F;15/04/1999 00:00:00;27;708303288575660;Procedimento;DEUSIMAR ALVES DE ARAUJO NOBRE;;<procedimento>, ESCUTA INICIAL / ORIENTACAO (ACOLHIMENTO A DEMANDA ESPONTANEA)</procedimento>;<procedimento>  0301040079 - ESCUTA INICIAL / ORIENTACAO (ACOLHIMENTO A DEMANDA ESPONTANEA) - Quantidade: 1
</procedimento>;;;;;Espontanea;21/09/2026 11:52:16;21/09/2026 00:00:00;21/09/2026 00:00:00;35s;ESTRADA PONTA NEGRA-SAMPAIO CORREIA, 8, CS 9, JACONE (PONTA NEGRA), MARICA-RJ, CEP: 24923500  - Tel: 21998992603;
IRIANA LEANDRO DOS SANTOS;False;;F;15/04/1968 00:00:00;58;700404171324050;Procedimento;DEUSIMAR ALVES DE ARAUJO NOBRE;;<procedimento>, ESCUTA INICIAL / ORIENTACAO (ACOLHIMENTO A DEMANDA ESPONTANEA)</procedimento>;<procedimento>  0301040079 - ESCUTA INICIAL / ORIENTACAO (ACOLHIMENTO A DEMANDA ESPONTANEA) - Quantidade: 1
</procedimento>;;;;;Espontanea;21/09/2026 11:54:17;21/09/2026 00:00:00;21/09/2026 00:00:00;1min 21s;044 SEM RUA, 16, INOA, MARICA-RJ, CEP: 24900000  - Tel: 21984889966;
GILDA JACINTO DE MELO;False;;F;10/09/1962 00:00:00;64;703009861964974;Consulta de Enfermagem;ELAINE APARECIDA DE SOUZA; K92  - DOENCAS DO APARELHO DIGESTIVO;<procedimento>, BARREIRAS PROTETORAS DE PELE SINTETICA E/OU MISTA EM FORMA DE PO / PASTA E/OU PLACA</procedimento><procedimento>, BOLSA DE COLOSTOMIA COM ADESIVO MICROPORO DRENAVEL</procedimento><procedimento>, CONSULTA DE PROFISSIONAIS DE NIVEL SUPERIOR NA ATENCAO ESPECIALIZADA (EXCETO MEDICO)</procedimento><procedimento>, CUIDADOS COM ESTOMAS</procedimento>;<procedimento>  0301010048 - CONSULTA DE PROFISSIONAIS DE NIVEL SUPERIOR NA ATENCAO ESPECIALIZADA (EXCETO MEDICO) - Quantidade: 1
</procedimento><procedimento>  0301100063 - CUIDADOS COM ESTOMAS - Quantidade: 1
</procedimento><procedimento>  0701050020 - BOLSA DE COLOSTOMIA COM ADESIVO MICROPORO DRENAVEL - Quantidade: 6
</procedimento><procedimento>  0701060018 - BARREIRAS PROTETORAS DE PELE SINTETICA E/OU MISTA EM FORMA DE PO / PASTA E/OU PLACA - Quantidade: 1
</procedimento>;N;;;N;Programada;21/09/2026 12:36:31;21/09/2026 00:00:00;21/09/2026 00:00:00;43min 0s;RUA ROBERTO MORLAN AUGUSTO, S/N, QD 346 LT 41, JARDIM ATLANTICO LESTE (ITAIPUACU), MARICA-RJ, CEP: 24933620  - Tel: 21986246702;
CLAUDIA VICENTE DE OLIVEIRA;False;;F;17/11/1971 00:00:00;54;709000876590413;Procedimento;DEUSIMAR ALVES DE ARAUJO NOBRE;;<procedimento>, ESCUTA INICIAL / ORIENTACAO (ACOLHIMENTO A DEMANDA ESPONTANEA)</procedimento>;<procedimento>  0301040079 - ESCUTA INICIAL / ORIENTACAO (ACOLHIMENTO A DEMANDA ESPONTANEA) - Quantidade: 1
</procedimento>;;;;;Espontanea;21/09/2026 11:56:31;21/09/2026 00:00:00;21/09/2026 00:00:00;50s;RUA BEIRA RIO, S/N, CHACARAS DE INOA (INOA), MARICA-RJ, CEP: 24940325  - Tel: 21971038547;
PAULO ROBERTO DA SILVA;False;;M;14/05/1968 00:00:00;58;705006899170154;Procedimento;DEUSIMAR ALVES DE ARAUJO NOBRE;;<procedimento>, ESCUTA INICIAL / ORIENTACAO (ACOLHIMENTO A DEMANDA ESPONTANEA)</procedimento>;<procedimento>  0301040079 - ESCUTA INICIAL / ORIENTACAO (ACOLHIMENTO A DEMANDA ESPONTANEA) - Quantidade: 1
</procedimento>;;;;;Espontanea;21/09/2026 11:58:07;21/09/2026 00:00:00;21/09/2026 00:00:00;25s;RUA MARIA ROSA COUTINHO, S/N, LT14 D 41, SANTA PAULA (INOA), MARICA-RJ, CEP: 24944734  - Tel: 21976379219;
HERBERT DE MESQUITA PEDROSA;False;;M;15/07/1944 00:00:00;82;704807548946848;Procedimento;DEUSIMAR ALVES DE ARAUJO NOBRE;;<procedimento>, ESCUTA INICIAL / ORIENTACAO (ACOLHIMENTO A DEMANDA ESPONTANEA)</procedimento>;<procedimento>  0301040079 - ESCUTA INICIAL / ORIENTACAO (ACOLHIMENTO A DEMANDA ESPONTANEA) - Quantidade: 1
</procedimento>;;;;;Espontanea;21/09/2026 11:59:34;21/09/2026 00:00:00;21/09/2026 00:00:00;1min 4s;RUA VAN LERBERGUE, S/N, QD 243 LT 28, JARDIM ATLANTICO CENTRAL (ITAIPUACU), MARICA-RJ, CEP: 24934025  - Tel: 21993685193;
WILSON GARCIA;False;;M;23/03/1939 00:00:00;87;702807601562860;Consulta de Enfermagem;ELAINE APARECIDA DE SOUZA; K92  - DOENCAS DO APARELHO DIGESTIVO;<procedimento>, BOLSA DE COLOSTOMIA COM ADESIVO MICROPORO DRENAVEL</procedimento><procedimento>, CONSULTA DE PROFISSIONAIS DE NIVEL SUPERIOR NA ATENCAO ESPECIALIZADA (EXCETO MEDICO)</procedimento>;<procedimento>  0301010048 - CONSULTA DE PROFISSIONAIS DE NIVEL SUPERIOR NA ATENCAO ESPECIALIZADA (EXCETO MEDICO) - Quantidade: 1
</procedimento><procedimento>  0701050020 - BOLSA DE COLOSTOMIA COM ADESIVO MICROPORO DRENAVEL - Quantidade: 15
</procedimento>;N;;;N;Programada;21/09/2026 14:02:53;21/09/2026 00:00:00;21/09/2026 00:00:00;2h 34min 40s;AVENIDA CARLOS MARIGHELLA, 50, INOA (INOA), MARICA-RJ, CEP: 24942275  - Tel: 21999920544;
AILTON SULIANO DE SOUZA;False;;M;14/08/1959 00:00:00;67;706202013964961;Procedimento;DEUSIMAR ALVES DE ARAUJO NOBRE;;<procedimento>, ESCUTA INICIAL / ORIENTACAO (ACOLHIMENTO A DEMANDA ESPONTANEA)</procedimento>;<procedimento>  0301040079 - ESCUTA INICIAL / ORIENTACAO (ACOLHIMENTO A DEMANDA ESPONTANEA) - Quantidade: 1
</procedimento>;;;;;Espontanea;21/09/2026 12:01:10;21/09/2026 00:00:00;21/09/2026 00:00:00;33s;RUA QUARENTA E SEIS QUADRA 141/145, 142, CASA, JARDIM ATLANTICO, MARICA-RJ, CEP: 24934330  - Tel: 21992692391;
LUCIANA CHAGAS BORGES;False;;F;23/01/1972 00:00:00;54;703403249102100;Consulta c/ Cirurgiao Geral;JOSE ROBERTO BARQUETTE; K801 - CALCULOSE DA VESICULA BILIAR COM OUTRAS FORMAS DE COLECISTITE;<procedimento>, CONSULTA MEDICA EM ATENCAO ESPECIALIZADA</procedimento>;<procedimento>  0301010072 - CONSULTA MEDICA EM ATENCAO ESPECIALIZADA - Quantidade: 1
</procedimento>;N;;;N;Programada;21/09/2026 12:04:07;21/09/2026 00:00:00;21/09/2026 00:00:00;6min 42s;RUA ROBERTO MORLAN AUGUSTO, S/N, QD 355 LOTE 06, JARDIM ATLANTICO LESTE (ITAIPUACU), MARICA-RJ, CEP: 24933620  - Tel: 21964493193;
ALAINE GOMES DOS SANTOS VIEIRA;False;;F;22/08/1977 00:00:00;49;702600781063944;Procedimento;DEUSIMAR ALVES DE ARAUJO NOBRE;;<procedimento>, ESCUTA INICIAL / ORIENTACAO (ACOLHIMENTO A DEMANDA ESPONTANEA)</procedimento>;<procedimento>  0301040079 - ESCUTA INICIAL / ORIENTACAO (ACOLHIMENTO A DEMANDA ESPONTANEA) - Quantidade: 1
</procedimento>;;;;;Espontanea;21/09/2026 12:05:08;21/09/2026 00:00:00;21/09/2026 00:00:00;29s;RUA CONDOR, 999, PARQUE NANCI, MARICA-RJ, CEP: 24914145  - Tel: 21995529286;
JOSIANE SANTANA DA VEIGA TEIXEIRA;False;;F;05/03/1985 00:00:00;41;708707186481691;Procedimento;DEUSIMAR ALVES DE ARAUJO NOBRE;;<procedimento>, ESCUTA INICIAL / ORIENTACAO (ACOLHIMENTO A DEMANDA ESPONTANEA)</procedimento>;<procedimento>  0301040079 - ESCUTA INICIAL / ORIENTACAO (ACOLHIMENTO A DEMANDA ESPONTANEA) - Quantidade: 1
</procedimento>;;;;;Espontanea;21/09/2026 12:06:30;21/09/2026 00:00:00;21/09/2026 00:00:00;52s;ESTRADA DO CALIXTO, S/N, CALIXTO, MARICA-RJ, CEP: 24900000  - Tel: 21997092127;
ELZELI SANT ANA DE SOUZA;False;;F;24/02/1961 00:00:00;65;701208096060814;Procedimento;DEUSIMAR ALVES DE ARAUJO NOBRE;;<procedimento>, ESCUTA INICIAL / ORIENTACAO (ACOLHIMENTO A DEMANDA ESPONTANEA)</procedimento>;<procedimento>  0301040079 - ESCUTA INICIAL / ORIENTACAO (ACOLHIMENTO A DEMANDA ESPONTANEA) - Quantidade: 1
</procedimento>;;;;;Espontanea;21/09/2026 12:07:53;21/09/2026 00:00:00;21/09/2026 00:00:00;1min 16s;RUA CARLOS MAGNO LEGENTIL, S/N, ARACATIBA, MARICA-RJ, CEP: 24902055  - Tel: 21971645300;
CRISTIANE DE CASTRO CHAVES DA SILVA;False;;F;22/04/1983 00:00:00;43;704506320698910;Procedimento;DEUSIMAR ALVES DE ARAUJO NOBRE;;<procedimento>, ESCUTA INICIAL / ORIENTACAO (ACOLHIMENTO A DEMANDA ESPONTANEA)</procedimento>;<procedimento>  0301040079 - ESCUTA INICIAL / ORIENTACAO (ACOLHIMENTO A DEMANDA ESPONTANEA) - Quantidade: 1
</procedimento>;;;;;Espontanea;21/09/2026 12:09:25;21/09/2026 00:00:00;21/09/2026 00:00:00;1min 1s;RUA QUATORZE, S/N, QD 22 LT484, RINCAO MIMOSO (ITAIPUACU), MARICA-RJ, CEP: 24938160  - Tel: 22997117173;
DULCE VIRGINIA DA SILVA DOS SANTOS;False;;F;01/06/1968 00:00:00;58;703405929057600;Procedimento;TATIANA PUREZA DA SILVA;;<procedimento>, ESCUTA INICIAL / ORIENTACAO (ACOLHIMENTO A DEMANDA ESPONTANEA)</procedimento>;<procedimento>  0301040079 - ESCUTA INICIAL / ORIENTACAO (ACOLHIMENTO A DEMANDA ESPONTANEA) - Quantidade: 1
</procedimento>;;;;;Espontanea;21/09/2026 12:12:20;21/09/2026 00:00:00;21/09/2026 00:00:00;31s;RUA ANTONIO RODRIGUES CORREIA, S/N, JARDIM ATLANTICO LESTE (ITAIPUACU), MARICA-RJ, CEP: 24933420  - Tel: 21970295444;
JOCELIA COSTA CARDOSO;False;;F;31/10/1960 00:00:00;65;700007076663907;Procedimento;TATIANA PUREZA DA SILVA;;<procedimento>, ESCUTA INICIAL / ORIENTACAO (ACOLHIMENTO A DEMANDA ESPONTANEA)</procedimento>;<procedimento>  0301040079 - ESCUTA INICIAL / ORIENTACAO (ACOLHIMENTO A DEMANDA ESPONTANEA) - Quantidade: 1
</procedimento>;;;;;Espontanea;21/09/2026 12:12:56;21/09/2026 00:00:00;21/09/2026 00:00:00;1min 6s;RUA CORONEL BITTENCOURT, S/N, MUMBUCA, MARICA-RJ, CEP: 24913820  - Tel: 21986559513;
CARLOS ALBERTO DE OLIVEIRA TEIXEIRA;False;;M;05/01/1974 00:00:00;52;703405782087000;Procedimento;TATIANA PUREZA DA SILVA;;<procedimento>, ESCUTA INICIAL / ORIENTACAO (ACOLHIMENTO A DEMANDA ESPONTANEA)</procedimento>;<procedimento>  0301040079 - ESCUTA INICIAL / ORIENTACAO (ACOLHIMENTO A DEMANDA ESPONTANEA) - Quantidade: 1
</procedimento>;;;;;Espontanea;21/09/2026 12:13:28;21/09/2026 00:00:00;21/09/2026 00:00:00;41s;RUA LEONARDO JOSE ANTUNES, S/N, STC BL14 AP103, INOA (INOA), MARICA-RJ, CEP: 24943255  - Tel: 21998220594;
LAUDICEA MORAES CARNEIRO;False;;F;18/09/1958 00:00:00;68;;Procedimento;TATIANA PUREZA DA SILVA;;<procedimento>, ESCUTA INICIAL / ORIENTACAO (ACOLHIMENTO A DEMANDA ESPONTANEA)</procedimento>;<procedimento>  0301040079 - ESCUTA INICIAL / ORIENTACAO (ACOLHIMENTO A DEMANDA ESPONTANEA) - Quantidade: 1
</procedimento>;;;;;Espontanea;21/09/2026 12:14:02;21/09/2026 00:00:00;21/09/2026 00:00:00;14s;RUA MANOEL CAMILO DA SILVA, S/N, JARDIM ATLANTICO LESTE (ITAIPUACU), MARICA-RJ, CEP: 24933770  - Tel: 21966326172;
MARLLON DAMASCENO PEREIRA;False;;M;05/01/2005 00:00:00;21;898005820136049;Procedimento;TATIANA PUREZA DA SILVA;;<procedimento>, ESCUTA INICIAL / ORIENTACAO (ACOLHIMENTO A DEMANDA ESPONTANEA)</procedimento>;<procedimento>  0301040079 - ESCUTA INICIAL / ORIENTACAO (ACOLHIMENTO A DEMANDA ESPONTANEA) - Quantidade: 1
</procedimento>;;;;;Espontanea;21/09/2026 12:14:34;21/09/2026 00:00:00;21/09/2026 00:00:00;50s;RUA DOIS, 15, CASA 16, JACAROA, MARICA-RJ, CEP: 24903055  - Tel: 21998360947;
SILVANA MACHADO LEANDRO RODRIGUES;False;;F;12/10/1970 00:00:00;55;702608239663449;Procedimento;TATIANA PUREZA DA SILVA;;<procedimento>, ESCUTA INICIAL / ORIENTACAO (ACOLHIMENTO A DEMANDA ESPONTANEA)</procedimento>;<procedimento>  0301040079 - ESCUTA INICIAL / ORIENTACAO (ACOLHIMENTO A DEMANDA ESPONTANEA) - Quantidade: 1
</procedimento>;;;;;Espontanea;21/09/2026 12:15:35;21/09/2026 00:00:00;21/09/2026 00:00:00;48s;RUA TRINTA E DOIS QUADRA 323/373, S/N, QD336 LT2, JARDIM ATLANTICO LESTE (ITAIPUACU), MARICA-RJ, CEP: 24933790  - Tel: 22998512688;
TATIANE TEIXEIRA DA SILVA BROCHADO;False;;F;19/08/1984 00:00:00;42;;Procedimento;TATIANA PUREZA DA SILVA;;<procedimento>, ESCUTA INICIAL / ORIENTACAO (ACOLHIMENTO A DEMANDA ESPONTANEA)</procedimento>;<procedimento>  0301040079 - ESCUTA INICIAL / ORIENTACAO (ACOLHIMENTO A DEMANDA ESPONTANEA) - Quantidade: 1
</procedimento>;;;;;Espontanea;21/09/2026 12:15:12;21/09/2026 00:00:00;21/09/2026 00:00:00;20s;RUA WALTER MUNIZ DOS SANTOS, S/N, JARDIM ATLANTICO CENTRAL (ITAIPUACU), MARICA-RJ, CEP: 24934125  - Tel: 21992843319;
PAULO RICARDO DA SILVA;False;;M;14/12/1992 00:00:00;33;702801695524660;Consulta c/ Cirurgiao Geral;JOSE ROBERTO BARQUETTE; K429 - HERNIA UMBILICAL SEM OBSTRUCAO OU GANGRENA;<procedimento>, CONSULTA MEDICA EM ATENCAO ESPECIALIZADA</procedimento>;<procedimento>  0301010072 - CONSULTA MEDICA EM ATENCAO ESPECIALIZADA - Quantidade: 1
</procedimento>;N;;;N;Programada;21/09/2026 12:18:29;21/09/2026 00:00:00;21/09/2026 00:00:00;15min 27s;AVENIDA MAYSA, S/N, LT02 QD81, CORDEIRINHO (PONTA NEGRA), MARICA-RJ, CEP: 24921736  - Tel: 21971756110;
SEBASTIAO SANTANA;False;;M;14/10/1947 00:00:00;78;706802290036028;Consulta c/ Cardiologista;LUCIANA FIRMINO PONCE; I10  - HIPERTENSAO ESSENCIAL (PRIMARIA);<procedimento>, CONSULTA MEDICA EM ATENCAO ESPECIALIZADA</procedimento>;<procedimento>  0301010072 - CONSULTA MEDICA EM ATENCAO ESPECIALIZADA - Quantidade: 1
</procedimento>;N;;;N;Programada;21/09/2026 12:24:51;21/09/2026 00:00:00;21/09/2026 00:00:00;13min 25s;AVENIDA BRAULINO VENANCIO DA COSTA, S/N, BALNEARIO BAMBUI (PONTA NEGRA), MARICA-RJ, CEP: 24920640  - Tel: 6133152425;
SILVANA MACHADO LEANDRO RODRIGUES;False;;F;12/10/1970 00:00:00;55;702608239663449;Procedimento;TATIANA PUREZA DA SILVA;;<procedimento>, ESCUTA INICIAL / ORIENTACAO (ACOLHIMENTO A DEMANDA ESPONTANEA)</procedimento>;<procedimento>  0301040079 - ESCUTA INICIAL / ORIENTACAO (ACOLHIMENTO A DEMANDA ESPONTANEA) - Quantidade: 1
</procedimento>;;;;;Espontanea;21/09/2026 12:25:26;21/09/2026 00:00:00;21/09/2026 00:00:00;1min 14s;RUA TRINTA E DOIS QUADRA 323/373, S/N, QD336 LT2, JARDIM ATLANTICO LESTE (ITAIPUACU), MARICA-RJ, CEP: 24933790  - Tel: 22998512688;
VALDEMIR BATISTA MORAIS;False;;M;02/05/1955 00:00:00;71;700107916997014;Consulta c/ Cardiologista;LUCIANA FIRMINO PONCE; I25  - DOENCA ISQUEMICA CRONICA DO CORACAO;<procedimento>, CONSULTA MEDICA EM ATENCAO ESPECIALIZADA</procedimento>;<procedimento>  0301010072 - CONSULTA MEDICA EM ATENCAO ESPECIALIZADA - Quantidade: 1
</procedimento>;S;DOSAGEM DE ANTIGENO PROSTATICO ESPECIFICO (PSA)
DOSAGEM DE CREATININA
DOSAGEM DE HORMONIO TIREOESTIMULANTE (TSH)
DOSAGEM DE ACIDO URICO
DOSAGEM DE SODIO
ECOCARDIOGRAFIA TRANSTORACICA
DOSAGEM DE COLESTEROL TOTAL
DOSAGEM DE TRIGLICERIDEOS
ANALISE DE CARACTERES FISICOS, ELEMENTOS E SEDIMENTO DA URINA
HEMOGRAMA COMPLETO
DOSAGEM DE COLESTEROL HDL
DOSAGEM DE COLESTEROL LDL
DOSAGEM DE POTASSIO
DOSAGEM DE VITAMINA B12
DOSAGEM DE TIROXINA (T4)
DOSAGEM DE 25 HIDROXIVITAMINA D
DOSAGEM DE UREIA
;;N;Programada;21/09/2026 12:40:02;21/09/2026 00:00:00;21/09/2026 00:00:00;15min 1s;RUA ELIETE ROCHA SANTOS, S/N, ARACATIBA, MARICA-RJ, CEP: 24902165  - Tel: 21998226414;
ARLINDO VIEIRA TEIXEIRA;False;;M;23/09/1962 00:00:00;63;709206269323637;Consulta de Enfermagem;MAURO BATISTA DE BARROS; T140 - TRAUMATISMO SUPERFICIAL DE REGIAO NAO ESPECIFICADA DO CORPO;<procedimento>, CONSULTA DE PROFISSIONAIS DE NIVEL SUPERIOR NA ATENCAO ESPECIALIZADA (EXCETO MEDICO)</procedimento><procedimento>, CURATIVO ESPECIAL</procedimento>;<procedimento>  0301010048 - CONSULTA DE PROFISSIONAIS DE NIVEL SUPERIOR NA ATENCAO ESPECIALIZADA (EXCETO MEDICO) - Quantidade: 1
</procedimento><procedimento>  0301100276 - CURATIVO ESPECIAL - Quantidade: 1
</procedimento>;N;;;N;Programada;21/09/2026 12:43:48;21/09/2026 00:00:00;21/09/2026 00:00:00;1h 18min 12s;RUA PAULO AFFONSO MACHADO, 16, QUADRA 02, PONTA NEGRA, MARICA-RJ, CEP: 24914340  - Tel: 21992707883;
ADRIANA SILVA DA SILVEIRA;False;;F;16/09/1993 00:00:00;33;705604455813918;Consulta c/ Cirurgiao Geral;JOSE ROBERTO BARQUETTE; K429 - HERNIA UMBILICAL SEM OBSTRUCAO OU GANGRENA;<procedimento>, CONSULTA MEDICA EM ATENCAO ESPECIALIZADA</procedimento>;<procedimento>  0301010072 - CONSULTA MEDICA EM ATENCAO ESPECIALIZADA - Quantidade: 1
</procedimento>;N;;;N;Programada;21/09/2026 12:47:17;21/09/2026 00:00:00;21/09/2026 00:00:00;10min 57s;RUA JOSE LUIS DA COSTA, S/N, FLAMENGO, MARICA-RJ, CEP: 24903645  - Tel: 21967078231;
TATILIANA CAMARGO DOS REIS;False;;F;17/03/1980 00:00:00;46;706509334998295;Procedimento;TATIANA PUREZA DA SILVA;;<procedimento>, ESCUTA INICIAL / ORIENTACAO (ACOLHIMENTO A DEMANDA ESPONTANEA)</procedimento>;<procedimento>  0301040079 - ESCUTA INICIAL / ORIENTACAO (ACOLHIMENTO A DEMANDA ESPONTANEA) - Quantidade: 1
</procedimento>;;;;;Espontanea;21/09/2026 12:48:11;21/09/2026 00:00:00;21/09/2026 00:00:00;21s;RUA X, S/N, STDBL25AP102, ITAIPUACU, MARICA-RJ, CEP: 24940653  - Tel: 21980288817;
ROSA MARIA VILELA DO NASCIMENTO;False;;F;19/02/1950 00:00:00;76;707809601920719;Consulta c/ Otorrinolaringologista;LEANDRO NOGUEIRA DE AZEVEDO; R490 - DISFONIA;<procedimento>, CONSULTA MEDICA EM ATENCAO ESPECIALIZADA</procedimento>;<procedimento>  0301010072 - CONSULTA MEDICA EM ATENCAO ESPECIALIZADA - Quantidade: 1
</procedimento>;N;;;N;Programada;21/09/2026 12:51:30;21/09/2026 00:00:00;21/09/2026 00:00:00;1min 58s;RUA ARINO DE SOUZA MATOS, S/N, LT 6 QD 8, INOA (INOA), MARICA-RJ, CEP: 24943185  - Tel: 21972152522;
TANIA MARIA FIRMINO FLORIANO;False;;F;07/09/1969 00:00:00;57;702006380759183;Consulta c/ Cardiologista;LUCIANA FIRMINO PONCE; I499 - ARRITMIA CARDIACA NAO ESPECIFICADA;<procedimento>, CONSULTA MEDICA EM ATENCAO ESPECIALIZADA</procedimento>;<procedimento>  0301010072 - CONSULTA MEDICA EM ATENCAO ESPECIALIZADA - Quantidade: 1
</procedimento>;S;MONITORAMENTO PELO SISTEMA HOLTER 24 HS (3 CANAIS)
ECOCARDIOGRAFIA TRANSTORACICA
;;N;Programada;21/09/2026 12:55:11;21/09/2026 00:00:00;21/09/2026 00:00:00;13min 40s;RUA VINTE E OITO, S/N, QD53 LT15, BARROCO (ITAIPUACU), MARICA-RJ, CEP: 24936260  - Tel: 21999476280;
ALINE SANTOS PEDROSA;False;;F;03/07/1980 00:00:00;46;702105834420370;Escuta Inicial;SILVIA GOMES DA SILVA;;<procedimento>, ESCUTA INICIAL / ORIENTACAO (ACOLHIMENTO A DEMANDA ESPONTANEA)</procedimento>;<procedimento>  0301040079 - ESCUTA INICIAL / ORIENTACAO (ACOLHIMENTO A DEMANDA ESPONTANEA) - Quantidade: 1
</procedimento>;N;;;N;Espontanea;21/09/2026 12:58:39;21/09/2026 00:00:00;21/09/2026 00:00:00;52s;RUA MARQUES DE SAPUCAI, 160, SOBRADO, MARQUES DE MARICA, MARICA-RJ, CEP: 24904415  - Tel: 21998515423;
CELITA CABRAL DE CARVALHO;False;;F;06/05/1957 00:00:00;69;709604630665474;Escuta Inicial;SILVIA GOMES DA SILVA;;<procedimento>, ESCUTA INICIAL / ORIENTACAO (ACOLHIMENTO A DEMANDA ESPONTANEA)</procedimento>;<procedimento>  0301040079 - ESCUTA INICIAL / ORIENTACAO (ACOLHIMENTO A DEMANDA ESPONTANEA) - Quantidade: 1
</procedimento>;N;;;N;Espontanea;21/09/2026 12:59:46;21/09/2026 00:00:00;21/09/2026 00:00:00;59s;RUA LINCON SILVA BRETAS, S/N, JACAROA, MARICA-RJ, CEP: 24902625  - Tel: 2196802212;
FLAVIO SILVA DOS SANTOS;False;;M;17/12/1977 00:00:00;48;702409068021726;Escuta Inicial;SILVIA GOMES DA SILVA;;<procedimento>, ESCUTA INICIAL / ORIENTACAO (ACOLHIMENTO A DEMANDA ESPONTANEA)</procedimento>;<procedimento>  0301040079 - ESCUTA INICIAL / ORIENTACAO (ACOLHIMENTO A DEMANDA ESPONTANEA) - Quantidade: 1
</procedimento>;N;;;N;Espontanea;21/09/2026 13:00:33;21/09/2026 00:00:00;21/09/2026 00:00:00;44s;RUA QUATORZE, S/N, LT 20 QD 18, SANTA PAULA (INOA), MARICA-RJ, CEP: 24944454  - Tel: 21994150971;
ANDRESSA GONZAGA FAGUNDES;False;;F;21/12/1982 00:00:00;43;706000311829043;Procedimento;RENATO ROQUE DE ANDRADE;;<procedimento>, MAMOGRAFIA BILATERAL PARA RASTREAMENTO</procedimento>;<procedimento>  0204030188 - MAMOGRAFIA BILATERAL PARA RASTREAMENTO - Quantidade: 1
</procedimento>;;;;;Espontanea;21/09/2026 15:45:11;21/09/2026 00:00:00;21/09/2026 00:00:00;0s;AVENIDA JARDEL FILHO, S/N, QD 146 LT 05 AP 101, JARDIM ATLANTICO CENTRAL (ITAIPUACU), MARICA-RJ, CEP: 24934285  - Tel: 21964123871;
BIANCA COSTA DA SILVA;False;;F;13/04/1988 00:00:00;38;704605128619429;Procedimento;SERGIO RICARDO DUARTE MOUTINHO;;<procedimento>, MONITORIZACAO AMBULATORIAL DE PRESSAO ARTERIAL (M A P A)</procedimento>;<procedimento>  0211020052 - MONITORIZACAO AMBULATORIAL DE PRESSAO ARTERIAL (M A P A) - Quantidade: 1
</procedimento>;;;;;Espontanea;21/09/2026 15:59:39;21/09/2026 00:00:00;21/09/2026 00:00:00;0s;RUA TRINTA E DOIS, S/N, QD 01 LT 02 CS2, JARDIM ATLANTICO OESTE (ITAIPUACU), MARICA-RJ, CEP: 24935430  - Tel: 21996849189;
CRISTIANE DA COSTA GUIMARAES;False;;F;10/06/1977 00:00:00;49;704307570355193;Procedimento;RENATO ROQUE DE ANDRADE;;<procedimento>, MAMOGRAFIA BILATERAL PARA RASTREAMENTO</procedimento>;<procedimento>  0204030188 - MAMOGRAFIA BILATERAL PARA RASTREAMENTO - Quantidade: 1
</procedimento>;;;;;Espontanea;21/09/2026 15:43:33;21/09/2026 00:00:00;21/09/2026 00:00:00;0s;RUA LEONARDO JOSE ANTUNES, S/N, STB BL12 AP 204, INOA (INOA), MARICA-RJ, CEP: 24943255  - Tel: 21991937300;
DARIO FAGUNDES DOS SANTOS;False;;M;12/02/1964 00:00:00;62;706702545455315;Procedimento;SERGIO RICARDO DUARTE MOUTINHO;;<procedimento>, MONITORIZACAO AMBULATORIAL DE PRESSAO ARTERIAL (M A P A)</procedimento>;<procedimento>  0211020052 - MONITORIZACAO AMBULATORIAL DE PRESSAO ARTERIAL (M A P A) - Quantidade: 1
</procedimento>;;;;;Espontanea;21/09/2026 15:56:08;21/09/2026 00:00:00;21/09/2026 00:00:00;0s;RUA HUMBERTO LOPES DA FONTOURA, 112, CENTRO, MARICA-RJ, CEP: 24900420  - Tel: 21992950136;
DEBORA CRISTINA DE AGUIAR GONCALVES;False;;F;07/01/1971 00:00:00;55;704204256983487;Procedimento;RENATO ROQUE DE ANDRADE;;<procedimento>, MAMOGRAFIA BILATERAL PARA RASTREAMENTO</procedimento>;<procedimento>  0204030188 - MAMOGRAFIA BILATERAL PARA RASTREAMENTO - Quantidade: 1
</procedimento>;;;;;Espontanea;21/09/2026 15:52:01;21/09/2026 00:00:00;21/09/2026 00:00:00;0s;AVENIDA AUREA BARBOSA, S/N, LOT 11 QD 52 CA, BALNEARIO BAMBUI (PONTA NEGRA), MARICA-RJ, CEP: 24920685  - Tel: 21981775052;
EDIR PIRES PINTO;False;;F;21/03/1961 00:00:00;65;703402231684115;Procedimento;SERGIO RICARDO DUARTE MOUTINHO;;<procedimento>, MONITORIZACAO AMBULATORIAL DE PRESSAO ARTERIAL (M A P A)</procedimento>;<procedimento>  0211020052 - MONITORIZACAO AMBULATORIAL DE PRESSAO ARTERIAL (M A P A) - Quantidade: 1
</procedimento>;;;;;Espontanea;21/09/2026 16:00:21;21/09/2026 00:00:00;21/09/2026 00:00:00;0s;RUA CARMEM MIRANDA, 83, ITAPEBA, MARICA-RJ, CEP: 24912340  - Tel: 2126372362;
EDISON DE JESUS MORGADO;False;;M;02/09/1948 00:00:00;78;708206131045745;Procedimento;LUCIANA FIRMINO PONCE;;<procedimento>, ELETROCARDIOGRAMA</procedimento>;<procedimento>  0211020036 - ELETROCARDIOGRAMA - Quantidade: 1
</procedimento>;;;;;Espontanea;21/09/2026 13:39:28;21/09/2026 00:00:00;21/09/2026 00:00:00;0s;AVENIDA OSCAR NIEMEYER, S/N, QD108 LT25B, JARDIM ATLANTICO OESTE (ITAIPUACU), MARICA-RJ, CEP: 24935450  - Tel: 21987185812;
GILBERTO SENA SANTIAGO;False;;M;12/06/1961 00:00:00;65;;Procedimento;LUCIANA FIRMINO PONCE;;<procedimento>, ELETROCARDIOGRAMA</procedimento>;<procedimento>  0211020036 - ELETROCARDIOGRAMA - Quantidade: 1
</procedimento>;;;;;Espontanea;21/09/2026 15:12:15;21/09/2026 00:00:00;21/09/2026 00:00:00;0s;RUA ALBERTO SANTOS DUMONT, S/N, CENTRO, MARICA-RJ, CEP: 24901100  - Tel: 21988984507;
GRACIELE MARIA GONCALVES;False;;F;30/05/1976 00:00:00;50;708207185728841;Procedimento;SERGIO RICARDO DUARTE MOUTINHO;;<procedimento>, MONITORAMENTO PELO SISTEMA HOLTER 24 HS (3 CANAIS)</procedimento>;<procedimento>  0211020044 - MONITORAMENTO PELO SISTEMA HOLTER 24 HS (3 CANAIS) - Quantidade: 1
</procedimento>;;;;;Espontanea;21/09/2026 15:57:54;21/09/2026 00:00:00;21/09/2026 00:00:00;0s;RUA ANTONIO RODRIGUES CORREIA, S/N, QD461 LT15, JARDIM ATLANTICO, MARICA-RJ, CEP: 24933420  - Tel: 21996193286;
HELENA FRANCISCA SALES WERNECK;False;;F;12/05/1950 00:00:00;76;702302124438210;Procedimento;SERGIO RICARDO DUARTE MOUTINHO;;<procedimento>, MONITORAMENTO PELO SISTEMA HOLTER 24 HS (3 CANAIS)</procedimento>;<procedimento>  0211020044 - MONITORAMENTO PELO SISTEMA HOLTER 24 HS (3 CANAIS) - Quantidade: 1
</procedimento>;;;;;Espontanea;21/09/2026 16:43:09;21/09/2026 00:00:00;21/09/2026 00:00:00;0s;RUA MANOEL FONSECA, S/N, LOTE09QUADRA116, JARDIM INTERLAGOS (PONTA NEGRA), MARICA-RJ, CEP: 24917075  - Tel: 21975752302;
HULDO SANTIAGO MANSO PEREIRA;False;;M;21/03/1941 00:00:00;85;701005816865997;Procedimento;LUCIANA FIRMINO PONCE;;<procedimento>, ELETROCARDIOGRAMA</procedimento>;<procedimento>  0211020036 - ELETROCARDIOGRAMA - Quantidade: 1
</procedimento>;;;;;Espontanea;21/09/2026 15:13:39;21/09/2026 00:00:00;21/09/2026 00:00:00;0s;RUA JOAO DE BARRO, 1549, APT 302, PARQUE NANCI, MARICA-RJ, CEP: 24914180  - Tel: 21987317721;
LUCIANA SOUZA DE OLIVEIRA;False;;F;31/12/1971 00:00:00;54;702607273598246;Procedimento;RENATO ROQUE DE ANDRADE;;<procedimento>, MAMOGRAFIA BILATERAL PARA RASTREAMENTO</procedimento>;<procedimento>  0204030188 - MAMOGRAFIA BILATERAL PARA RASTREAMENTO - Quantidade: 1
</procedimento>;;;;;Espontanea;21/09/2026 15:50:12;21/09/2026 00:00:00;21/09/2026 00:00:00;0s;RUA GUARAPARI, S/N, LT 07 QD 35, SAO JOSE DO IMBASSAI, MARICA-RJ, CEP: 24931105  - Tel: 21975181876;
LUCIENE SOARES DE SOUZA;False;;F;02/08/1973 00:00:00;53;898004841386892;Procedimento;RENATO ROQUE DE ANDRADE;;<procedimento>, MAMOGRAFIA BILATERAL PARA RASTREAMENTO</procedimento>;<procedimento>  0204030188 - MAMOGRAFIA BILATERAL PARA RASTREAMENTO - Quantidade: 1
</procedimento>;;;;;Espontanea;21/09/2026 15:53:44;21/09/2026 00:00:00;21/09/2026 00:00:00;0s;RUA ORESTES BARBOSA, S/N, N 278, ITAPEBA, MARICA-RJ, CEP: 24912305  - Tel: 21996297756;
MARIA ANGELICA FERREIRA DE ABREU;False;;F;02/04/1977 00:00:00;49;700004866216403;Procedimento;RENATO ROQUE DE ANDRADE;;<procedimento>, MAMOGRAFIA BILATERAL PARA RASTREAMENTO</procedimento>;<procedimento>  0204030188 - MAMOGRAFIA BILATERAL PARA RASTREAMENTO - Quantidade: 1
</procedimento>;;;;;Espontanea;21/09/2026 15:47:04;21/09/2026 00:00:00;21/09/2026 00:00:00;0s;RUA SEIS, 26, (LOT JD IMPERADOR), ITAPEBA, MARICA-RJ, CEP: 24913615  - Tel: 21999523844;
MARIA JORGINA TEIXEIRA;False;;F;13/09/1954 00:00:00;72;706503390769993;Procedimento;SERGIO RICARDO DUARTE MOUTINHO;;<procedimento>, MONITORAMENTO PELO SISTEMA HOLTER 24 HS (3 CANAIS)</procedimento>;<procedimento>  0211020044 - MONITORAMENTO PELO SISTEMA HOLTER 24 HS (3 CANAIS) - Quantidade: 1
</procedimento>;;;;;Espontanea;21/09/2026 15:57:00;21/09/2026 00:00:00;21/09/2026 00:00:00;0s;AVENIDA EUGENIO JOSE DIAS, 04, QD I, CENTRO, MARICA-RJ, CEP: 24931535  - Tel: 21996554080;
MARIA JOSE PRUDENCIO JACUA;False;;F;08/09/1948 00:00:00;78;702406517807427;Procedimento;LUCIANA FIRMINO PONCE;;<procedimento>, ELETROCARDIOGRAMA</procedimento>;<procedimento>  0211020036 - ELETROCARDIOGRAMA - Quantidade: 1
</procedimento>;;;;;Espontanea;21/09/2026 13:40:35;21/09/2026 00:00:00;21/09/2026 00:00:00;0s;RUA SESSENTA E CINCO, S/N, LOTE22 QUADRA81, GUARATIBA (PONTA NEGRA), MARICA-RJ, CEP: 24916425  - Tel: 21951000136;
RODRIGO PEREIRA;False;;M;13/10/1981 00:00:00;44;706507360304295;Procedimento;LUCIANA FIRMINO PONCE;;<procedimento>, ELETROCARDIOGRAMA</procedimento>;<procedimento>  0211020036 - ELETROCARDIOGRAMA - Quantidade: 1
</procedimento>;;;;;Espontanea;21/09/2026 13:38:07;21/09/2026 00:00:00;21/09/2026 00:00:00;0s;ESTRADA DO BANANAL, 19, CASA, BANANAL (PONTA NEGRA), MARICA-RJ, CEP: 24925300  - Tel: 21996455499;
TANIA MARIA DA ROCHA TRINDADE DOS SANTOS;False;;F;14/07/1961 00:00:00;65;706800292913822;Procedimento;RENATO ROQUE DE ANDRADE;;<procedimento>, MAMOGRAFIA BILATERAL PARA RASTREAMENTO</procedimento>;<procedimento>  0204030188 - MAMOGRAFIA BILATERAL PARA RASTREAMENTO - Quantidade: 1
</procedimento>;;;;;Espontanea;21/09/2026 15:48:36;21/09/2026 00:00:00;21/09/2026 00:00:00;0s;RUA HERONDINA RODRIGUES PEREIRA, S/N, LT2 QDD, MUMBUCA, MARICA-RJ, CEP: 24913880  - Tel: 21975989801;
TATIANA DA CONCEICAO GOMES;False;;F;11/11/1982 00:00:00;43;706002313800249;Procedimento;RENATO ROQUE DE ANDRADE;;<procedimento>, MAMOGRAFIA BILATERAL PARA RASTREAMENTO</procedimento>;<procedimento>  0204030188 - MAMOGRAFIA BILATERAL PARA RASTREAMENTO - Quantidade: 1
</procedimento>;;;;;Espontanea;21/09/2026 15:55:14;21/09/2026 00:00:00;21/09/2026 00:00:00;0s;RUA FRANCISCO GOMES DA SILVA, S/N, LT 2 QD I, MUMBUCA, MARICA-RJ, CEP: 24913840  - Tel: 21974661243;
TATILIANA CAMARGO DOS REIS;False;;F;17/03/1980 00:00:00;46;706509334998295;Procedimento;SERGIO RICARDO DUARTE MOUTINHO;;<procedimento>, MONITORAMENTO PELO SISTEMA HOLTER 24 HS (3 CANAIS)</procedimento>;<procedimento>  0211020044 - MONITORAMENTO PELO SISTEMA HOLTER 24 HS (3 CANAIS) - Quantidade: 1
</procedimento>;;;;;Espontanea;21/09/2026 12:49:01;21/09/2026 00:00:00;21/09/2026 00:00:00;0s;RUA X, S/N, STDBL25AP102, ITAIPUACU, MARICA-RJ, CEP: 24940653  - Tel: 21980288817;
TATILIANA CAMARGO DOS REIS;False;;F;17/03/1980 00:00:00;46;706509334998295;Procedimento;SERGIO RICARDO DUARTE MOUTINHO;;<procedimento>, MONITORAMENTO PELO SISTEMA HOLTER 24 HS (3 CANAIS)</procedimento>;<procedimento>  0211020044 - MONITORAMENTO PELO SISTEMA HOLTER 24 HS (3 CANAIS) - Quantidade: 1
</procedimento>;;;;;Espontanea;21/09/2026 15:58:47;21/09/2026 00:00:00;21/09/2026 00:00:00;0s;RUA X, S/N, STDBL25AP102, ITAIPUACU, MARICA-RJ, CEP: 24940653  - Tel: 21980288817;
JULIANA FERREIRA PAIVA;False;;F;23/04/1986 00:00:00;40;708504517090480;Escuta Inicial;SILVIA GOMES DA SILVA;;<procedimento>, ESCUTA INICIAL / ORIENTACAO (ACOLHIMENTO A DEMANDA ESPONTANEA)</procedimento>;<procedimento>  0301040079 - ESCUTA INICIAL / ORIENTACAO (ACOLHIMENTO A DEMANDA ESPONTANEA) - Quantidade: 1
</procedimento>;N;;;N;Espontanea;21/09/2026 13:01:21;21/09/2026 00:00:00;21/09/2026 00:00:00;33s;RUA DEMETRIA CARDOSO DA SILVA, S/N, CENTRO, MARICA-RJ, CEP: 24900230  - Tel: 21998771300;
ANGELA DA CONCEICAO;False;;F;10/12/1958 00:00:00;67;704108691893350;Consulta c/ Otorrinolaringologista;LEANDRO NOGUEIRA DE AZEVEDO; R490 - DISFONIA;<procedimento>, CONSULTA MEDICA EM ATENCAO ESPECIALIZADA</procedimento>;<procedimento>  0301010072 - CONSULTA MEDICA EM ATENCAO ESPECIALIZADA - Quantidade: 1
</procedimento>;N;;;N;Programada;21/09/2026 13:01:55;21/09/2026 00:00:00;21/09/2026 00:00:00;2min 8s;RUA GUARAPARI, S/N, LT 23 QD 36, SAO JOSE DO IMBASSAI, MARICA-RJ, CEP: 24931105  - Tel: 21998956488;
MANUEL ALVES SOARES;False;;M;26/06/1951 00:00:00;75;705004244148650;Consulta c/ Cirurgiao Geral;JOSE ROBERTO BARQUETTE; K409 - HERNIA INGUINAL UNILATERAL OU NAO ESPECIFICADA, SEM OBSTRUCAO OU GANGRENA;<procedimento>, CONSULTA MEDICA EM ATENCAO ESPECIALIZADA</procedimento>;<procedimento>  0301010072 - CONSULTA MEDICA EM ATENCAO ESPECIALIZADA - Quantidade: 1
</procedimento>;N;;;N;Programada;21/09/2026 13:01:17;21/09/2026 00:00:00;21/09/2026 00:00:00;6min 51s;RUA OITO, 215, CAJUEIROS (ITAIPUACU), MARICA-RJ, CEP: 24932385  - Tel: 22999241589;
HELIO JOSE DE SOUZA;False;;M;02/11/1960 00:00:00;65;702403083145028;Escuta Inicial;SILVIA GOMES DA SILVA;;<procedimento>, ESCUTA INICIAL / ORIENTACAO (ACOLHIMENTO A DEMANDA ESPONTANEA)</procedimento>;<procedimento>  0301040079 - ESCUTA INICIAL / ORIENTACAO (ACOLHIMENTO A DEMANDA ESPONTANEA) - Quantidade: 1
</procedimento>;N;;;N;Espontanea;21/09/2026 13:02:03;21/09/2026 00:00:00;21/09/2026 00:00:00;19s;RUA SETE, S/N, LT 15 QD 01, PONTA NEGRA (PONTA NEGRA), MARICA-RJ, CEP: 24922325  - Tel: 21999630154;
ANDERSON DA SILVA REIS;False;;M;01/02/1984 00:00:00;42;709006837878210;Escuta Inicial;SILVIA GOMES DA SILVA;;<procedimento>, ESCUTA INICIAL / ORIENTACAO (ACOLHIMENTO A DEMANDA ESPONTANEA)</procedimento>;<procedimento>  0301040079 - ESCUTA INICIAL / ORIENTACAO (ACOLHIMENTO A DEMANDA ESPONTANEA) - Quantidade: 1
</procedimento>;N;;;N;Espontanea;21/09/2026 13:03:44;21/09/2026 00:00:00;21/09/2026 00:00:00;1h 8min 18s;RUA ANTONIO EDUARDO, 229, BL A AP 101, MUMBUCA, MARICA-RJ, CEP: 24913705  - Tel: 21980505260;
HELOISA SILVA RODRIGUES;False;;F;12/02/1948 00:00:00;78;702807655859764;Escuta Inicial;SILVIA GOMES DA SILVA;;<procedimento>, ESCUTA INICIAL / ORIENTACAO (ACOLHIMENTO A DEMANDA ESPONTANEA)</procedimento>;<procedimento>  0301040079 - ESCUTA INICIAL / ORIENTACAO (ACOLHIMENTO A DEMANDA ESPONTANEA) - Quantidade: 1
</procedimento>;N;;;N;Espontanea;21/09/2026 13:03:05;21/09/2026 00:00:00;21/09/2026 00:00:00;16s;RUA RAUL ALFREDO DE ANDRADE, S/N, LT 07 QD G, CAXITO, MARICA-RJ, CEP: 24910530  - Tel: 21970245699;
JOAO GABRIEL DA CUNHA CARVALHO;False;;M;10/01/1979 00:00:00;47;702806113779762;Escuta Inicial;SILVIA GOMES DA SILVA;;<procedimento>, ESCUTA INICIAL / ORIENTACAO (ACOLHIMENTO A DEMANDA ESPONTANEA)</procedimento>;<procedimento>  0301040079 - ESCUTA INICIAL / ORIENTACAO (ACOLHIMENTO A DEMANDA ESPONTANEA) - Quantidade: 1
</procedimento>;N;;;N;Espontanea;21/09/2026 13:04:23;21/09/2026 00:00:00;21/09/2026 00:00:00;37s;AVENIDA DOUTOR ANTONIO MARQUES MATHIAS, S/N, QD 468 LT 19A, JARDIM ATLANTICO OESTE (ITAIPUACU), MARICA-RJ, CEP: 24935445  - Tel: 21966198257;
JOSE ROBERTO DE SOUZA SOUTO;False;;M;28/05/1960 00:00:00;66;708107501135133;Escuta Inicial;SILVIA GOMES DA SILVA;;<procedimento>, ESCUTA INICIAL / ORIENTACAO (ACOLHIMENTO A DEMANDA ESPONTANEA)</procedimento>;<procedimento>  0301040079 - ESCUTA INICIAL / ORIENTACAO (ACOLHIMENTO A DEMANDA ESPONTANEA) - Quantidade: 1
</procedimento>;N;;;N;Espontanea;21/09/2026 13:05:18;21/09/2026 00:00:00;21/09/2026 00:00:00;32s;RUA ABRAHAO TAVARES DE MORAES, S/N, LT01 QD405, JARDIM ATLANTICO LESTE (ITAIPUACU), MARICA-RJ, CEP: 24933520  - Tel: 21989578293;
DEBORA DA SILVA DE ANDRADE;False;;F;26/11/1985 00:00:00;40;700105986399610;Escuta Inicial;SILVIA GOMES DA SILVA;;<procedimento>, ESCUTA INICIAL / ORIENTACAO (ACOLHIMENTO A DEMANDA ESPONTANEA)</procedimento>;<procedimento>  0301040079 - ESCUTA INICIAL / ORIENTACAO (ACOLHIMENTO A DEMANDA ESPONTANEA) - Quantidade: 1
</procedimento>;N;;;N;Espontanea;21/09/2026 13:06:06;21/09/2026 00:00:00;21/09/2026 00:00:00;18s;RUA TRINTA E TRES, S/N, LT08 QD 56 CS 2, ARACATIBA, MARICA-RJ, CEP: 24901515  - Tel: 6133152425;
MARIA ROSA BARBOSA;False;;F;05/08/1948 00:00:00;78;703407783982900;Escuta Inicial;SILVIA GOMES DA SILVA;;<procedimento>, ESCUTA INICIAL / ORIENTACAO (ACOLHIMENTO A DEMANDA ESPONTANEA)</procedimento>;<procedimento>  0301040079 - ESCUTA INICIAL / ORIENTACAO (ACOLHIMENTO A DEMANDA ESPONTANEA) - Quantidade: 1
</procedimento>;N;;;N;Espontanea;21/09/2026 13:06:52;21/09/2026 00:00:00;21/09/2026 00:00:00;1min 4s;RUA GUAPORE, S/N, LT 10 QD 18, INOA (INOA), MARICA-RJ, CEP: 24943630  - Tel: 21996656778;
DEIZE DA SILVA VIEIRA MAFRA;False;;F;04/12/1955 00:00:00;70;703007891054672;Escuta Inicial;SILVIA GOMES DA SILVA;;<procedimento>, ESCUTA INICIAL / ORIENTACAO (ACOLHIMENTO A DEMANDA ESPONTANEA)</procedimento>;<procedimento>  0301040079 - ESCUTA INICIAL / ORIENTACAO (ACOLHIMENTO A DEMANDA ESPONTANEA) - Quantidade: 1
</procedimento>;N;;;N;Espontanea;21/09/2026 13:07:43;21/09/2026 00:00:00;21/09/2026 00:00:00;55s;ESTRADA HENFIL, 68, PINDOBAS, MARICA-RJ, CEP: 24910750  - Tel: 2127516977;
EDVAL COSME DA SILVA;False;;M;16/04/1961 00:00:00;65;700508523948252;Consulta c/ Cardiologista;LUCIANA FIRMINO PONCE; I25  - DOENCA ISQUEMICA CRONICA DO CORACAO;<procedimento>, CONSULTA MEDICA EM ATENCAO ESPECIALIZADA</procedimento>;<procedimento>  0301010072 - CONSULTA MEDICA EM ATENCAO ESPECIALIZADA - Quantidade: 1
</procedimento>;S;DOSAGEM DE COLESTEROL TOTAL
DOSAGEM DE TRIGLICERIDEOS
DOSAGEM DE COLESTEROL LDL
DOSAGEM DE ANTIGENO PROSTATICO ESPECIFICO (PSA)
HEMOGRAMA COMPLETO
DOSAGEM DE 25 HIDROXIVITAMINA D
DOSAGEM DE POTASSIO
DOSAGEM DE VITAMINA B12
DOSAGEM DE ACIDO URICO
DOSAGEM DE CREATININA
DOSAGEM DE UREIA
DOSAGEM DE SODIO
DOSAGEM DE HORMONIO TIREOESTIMULANTE (TSH)
DOSAGEM DE TIROXINA (T4)
DOSAGEM DE COLESTEROL HDL
ECOCARDIOGRAFIA TRANSTORACICA
;;N;Programada;21/09/2026 13:09:03;21/09/2026 00:00:00;21/09/2026 00:00:00;11min 22s;RUA DAS ACACIAS, S/N, CENTRO, MARICA-RJ, CEP: 24900001  - Tel: 21993021870;
VERA LUCIA DE LIMA;False;;F;07/01/1963 00:00:00;63;700002225294806;Consulta c/ Otorrinolaringologista;LEANDRO NOGUEIRA DE AZEVEDO; R490 - DISFONIA;<procedimento>, CONSULTA MEDICA EM ATENCAO ESPECIALIZADA</procedimento><procedimento>, VIDEOLARINGOSCOPIA</procedimento>;<procedimento>  0209040041 - VIDEOLARINGOSCOPIA - Quantidade: 1
</procedimento><procedimento>  0301010072 - CONSULTA MEDICA EM ATENCAO ESPECIALIZADA - Quantidade: 1
</procedimento>;N;;;N;Programada;21/09/2026 13:09:47;21/09/2026 00:00:00;21/09/2026 00:00:00;1min 33s;RUA CENTO E QUARENTA E SETE, S/N, LT 01 QD 211, PONTA NEGRA (PONTA NEGRA), MARICA-RJ, CEP: 24922075  - Tel: 2133761041;
ANA PAULA DA SILVA ELIAS;False;;F;23/11/1968 00:00:00;57;706105826351430;Consulta c/ Cirurgiao Geral;JOSE ROBERTO BARQUETTE; K801 - CALCULOSE DA VESICULA BILIAR COM OUTRAS FORMAS DE COLECISTITE;<procedimento>, CONSULTA MEDICA EM ATENCAO ESPECIALIZADA</procedimento>;<procedimento>  0301010072 - CONSULTA MEDICA EM ATENCAO ESPECIALIZADA - Quantidade: 1
</procedimento>;N;;;N;Programada;21/09/2026 13:09:47;21/09/2026 00:00:00;21/09/2026 00:00:00;9min 30s;RUA JOVINO DUARTE DE OLIVEIRA, S/N, CENTRO, MARICA-RJ, CEP: 24901130  - Tel: 21975951624;
MARIA GUILHERMINA NETO GONZAGA;False;;F;03/07/1945 00:00:00;81;706804205690629;Consulta c/ Otorrinolaringologista;LEANDRO NOGUEIRA DE AZEVEDO; R490 - DISFONIA;<procedimento>, CONSULTA MEDICA EM ATENCAO ESPECIALIZADA</procedimento><procedimento>, VIDEOLARINGOSCOPIA</procedimento>;<procedimento>  0209040041 - VIDEOLARINGOSCOPIA - Quantidade: 1
</procedimento><procedimento>  0301010072 - CONSULTA MEDICA EM ATENCAO ESPECIALIZADA - Quantidade: 1
</procedimento>;N;;;N;Programada;21/09/2026 13:17:57;21/09/2026 00:00:00;21/09/2026 00:00:00;4min 4s;RUA PAVAO, 1060, QUADRA 34, PARQUE NANCI, MARICA-RJ, CEP: 24914135  - Tel: 21982947681;
RITA DE FATIMA FERREIRA DOS SANTOS;False;;F;23/05/1959 00:00:00;67;705005870329952;Consulta c/ Cardiologista;LUCIANA FIRMINO PONCE; I10  - HIPERTENSAO ESSENCIAL (PRIMARIA);<procedimento>, CONSULTA MEDICA EM ATENCAO ESPECIALIZADA</procedimento>;<procedimento>  0301010072 - CONSULTA MEDICA EM ATENCAO ESPECIALIZADA - Quantidade: 1
</procedimento>;S;ULTRASSONOGRAFIA DOPPLER COLORIDO DE VASOS
;;N;Programada;21/09/2026 13:21:09;21/09/2026 00:00:00;21/09/2026 00:00:00;13min 20s;RUA IRENE RIBEIRO, S/N, JARDIM ATLANTICO LESTE (ITAIPUACU), MARICA-RJ, CEP: 24933455  - Tel: 21999370377;
JOSE LUIZ DE SOUZA;False;;M;08/08/1975 00:00:00;51;706300785623370;Consulta c/ Cirurgiao Geral;JOSE ROBERTO BARQUETTE; K429 - HERNIA UMBILICAL SEM OBSTRUCAO OU GANGRENA;<procedimento>, CONSULTA MEDICA EM ATENCAO ESPECIALIZADA</procedimento>;<procedimento>  0301010072 - CONSULTA MEDICA EM ATENCAO ESPECIALIZADA - Quantidade: 1
</procedimento>;N;;;N;Programada;21/09/2026 13:22:52;21/09/2026 00:00:00;21/09/2026 00:00:00;13min 26s;RUA DAS ACACIAS, S/N, GREEN PARK, ITAPEBA, MARICA-RJ, CEP: 24913230  - Tel: 2126093402;
MESSIA SIMONE SIQUEIRA PESSANHA;False;;F;13/06/1972 00:00:00;54;700808990325290;Procedimento;RENATO ROQUE DE ANDRADE;;<procedimento>, ULTRASSONOGRAFIA TRANSVAGINAL</procedimento>;<procedimento>  0205020186 - ULTRASSONOGRAFIA TRANSVAGINAL - Quantidade: 1
</procedimento>;;;;;Programada;21/09/2026 13:25:03;21/09/2026 00:00:00;21/09/2026 00:00:00;20s;AVENIDA JARDEL FILHO, S/N, JARDIM ATLANTICO OESTE (ITAIPUACU), MARICA-RJ, CEP: 24935405  - Tel: 21986640919;
RAIMUNDO AVELINO DA COSTA;False;;M;18/03/1953 00:00:00;73;703004806831378;Consulta c/ Cardiologista;LUCIANA FIRMINO PONCE; I10  - HIPERTENSAO ESSENCIAL (PRIMARIA);<procedimento>, CONSULTA MEDICA EM ATENCAO ESPECIALIZADA</procedimento>;<procedimento>  0301010072 - CONSULTA MEDICA EM ATENCAO ESPECIALIZADA - Quantidade: 1
</procedimento>;S;DOSAGEM DE COLESTEROL LDL
DOSAGEM DE TRIGLICERIDEOS
DOSAGEM DE ANTIGENO PROSTATICO ESPECIFICO (PSA)
DOSAGEM DE GLICOSE
DOSAGEM DE TIROXINA (T4)
DOSAGEM DE UREIA
DOSAGEM DE SODIO
DOSAGEM DE HORMONIO TIREOESTIMULANTE (TSH)
DOSAGEM DE COLESTEROL TOTAL
DOSAGEM DE 25 HIDROXIVITAMINA D
DOSAGEM DE ACIDO URICO
DOSAGEM DE POTASSIO
HEMOGRAMA COMPLETO
DOSAGEM DE COLESTEROL HDL
DOSAGEM DE CREATININA
DOSAGEM DE VITAMINA B12
ULTRASSONOGRAFIA DE APARELHO URINARIO
;;N;Programada;21/09/2026 13:35:57;21/09/2026 00:00:00;21/09/2026 00:00:00;13min 44s;RODOVIA ERNANI DO AMARAL PEIXOTO, 29696, LT 15 QD B, FLAMENGO, MARICA-RJ, CEP: 24904100  - Tel: 21986013798;
SILEIA ESTRELLA DE SIQUEIRA;False;;F;25/04/1959 00:00:00;67;700503756516555;Consulta c/ Otorrinolaringologista;LEANDRO NOGUEIRA DE AZEVEDO; R490 - DISFONIA;<procedimento>, CONSULTA MEDICA EM ATENCAO ESPECIALIZADA</procedimento><procedimento>, VIDEOLARINGOSCOPIA</procedimento>;<procedimento>  0209040041 - VIDEOLARINGOSCOPIA - Quantidade: 1
</procedimento><procedimento>  0301010072 - CONSULTA MEDICA EM ATENCAO ESPECIALIZADA - Quantidade: 1
</procedimento>;N;;;N;Programada;21/09/2026 13:35:43;21/09/2026 00:00:00;21/09/2026 00:00:00;1min 20s;AVENIDA ROBERTO SILVEIRA, 790, CASA 01, FLAMENGO, MARICA-RJ, CEP: 24903480  - Tel: 21997122225;
MARIA EDUARDA TELES GOMES;False;;F;23/03/2010 00:00:00;16;898005959572429;Consulta c/ Otorrinolaringologista;LEANDRO NOGUEIRA DE AZEVEDO; J352 - HIPERTROFIA DAS ADENOIDES;<procedimento>, CONSULTA MEDICA EM ATENCAO ESPECIALIZADA</procedimento><procedimento>, VIDEOLARINGOSCOPIA</procedimento>;<procedimento>  0209040041 - VIDEOLARINGOSCOPIA - Quantidade: 1
</procedimento><procedimento>  0301010072 - CONSULTA MEDICA EM ATENCAO ESPECIALIZADA - Quantidade: 1
</procedimento>;N;;;N;Programada;21/09/2026 13:36:31;21/09/2026 00:00:00;21/09/2026 00:00:00;1min 48s;RUA ROSALINA DA SILVA, S/N, LT 37 QD QD 34, SAO JOSE DO IMBASSAI, MARICA-RJ, CEP: 24931350  - Tel: 21984719199;
JOSILAINE DOS SANTOS LAGO FERREIRA;False;;F;25/09/1980 00:00:00;45;700701937000778;Consulta c/ Cirurgiao Geral;JOSE ROBERTO BARQUETTE; K409 - HERNIA INGUINAL UNILATERAL OU NAO ESPECIFICADA, SEM OBSTRUCAO OU GANGRENA;<procedimento>, CONSULTA MEDICA EM ATENCAO ESPECIALIZADA</procedimento>;<procedimento>  0301010072 - CONSULTA MEDICA EM ATENCAO ESPECIALIZADA - Quantidade: 1
</procedimento>;N;;;N;Programada;21/09/2026 13:37:49;21/09/2026 00:00:00;21/09/2026 00:00:00;16min 10s;RUA DARCY ROQUE DA SILVEIRA, S/N, QD486 LT 14, JARDIM ATLANTICO LESTE (ITAIPUACU), MARICA-RJ, CEP: 24933305  - Tel: 21927896000;
ELLEM CRISTINA MARINS DA SILVA;False;;F;22/01/1992 00:00:00;34;709208200093936;Consulta Medica;RENATO ROQUE DE ANDRADE; R10  - DOR ABDOMINAL E PELVICA;<procedimento>, CONSULTA MEDICA EM ATENCAO ESPECIALIZADA</procedimento><procedimento>, ULTRASSONOGRAFIA TRANSVAGINAL</procedimento>;<procedimento>  0205020186 - ULTRASSONOGRAFIA TRANSVAGINAL - Quantidade: 1
</procedimento><procedimento>  0301010072 - CONSULTA MEDICA EM ATENCAO ESPECIALIZADA - Quantidade: 1
</procedimento>;N;;;N;Programada;21/09/2026 13:38:45;21/09/2026 00:00:00;21/09/2026 00:00:00;6min 44s;RUA ANTONIO DE CASTILHO, S/N, LOTE 05 QD 16, INOA (INOA), MARICA-RJ, CEP: 24943600  - Tel: 21975702853;
RODRIGO PEREIRA;False;;M;13/10/1981 00:00:00;44;706507360304295;Procedimento;VERONICA NASCIMENTO DA COSTA;;<procedimento>, ESCUTA INICIAL / ORIENTACAO (ACOLHIMENTO A DEMANDA ESPONTANEA)</procedimento>;<procedimento>  0301040079 - ESCUTA INICIAL / ORIENTACAO (ACOLHIMENTO A DEMANDA ESPONTANEA) - Quantidade: 1
</procedimento>;;;;;Espontanea;21/09/2026 13:41:43;21/09/2026 00:00:00;21/09/2026 00:00:00;59s;ESTRADA DO BANANAL, 19, CASA, BANANAL (PONTA NEGRA), MARICA-RJ, CEP: 24925300  - Tel: 21996455499;
EDISON DE JESUS MORGADO;False;;M;02/09/1948 00:00:00;78;708206131045745;Procedimento;VERONICA NASCIMENTO DA COSTA;;<procedimento>, ESCUTA INICIAL / ORIENTACAO (ACOLHIMENTO A DEMANDA ESPONTANEA)</procedimento>;<procedimento>  0301040079 - ESCUTA INICIAL / ORIENTACAO (ACOLHIMENTO A DEMANDA ESPONTANEA) - Quantidade: 1
</procedimento>;;;;;Espontanea;21/09/2026 13:42:36;21/09/2026 00:00:00;21/09/2026 00:00:00;51s;AVENIDA OSCAR NIEMEYER, S/N, QD108 LT25B, JARDIM ATLANTICO OESTE (ITAIPUACU), MARICA-RJ, CEP: 24935450  - Tel: 21987185812;
MARIA JOSE PRUDENCIO JACUA;False;;F;08/09/1948 00:00:00;78;702406517807427;Procedimento;VERONICA NASCIMENTO DA COSTA;;<procedimento>, ESCUTA INICIAL / ORIENTACAO (ACOLHIMENTO A DEMANDA ESPONTANEA)</procedimento>;<procedimento>  0301040079 - ESCUTA INICIAL / ORIENTACAO (ACOLHIMENTO A DEMANDA ESPONTANEA) - Quantidade: 1
</procedimento>;;;;;Espontanea;21/09/2026 13:43:43;21/09/2026 00:00:00;21/09/2026 00:00:00;1min 0s;RUA SESSENTA E CINCO, S/N, LOTE22 QUADRA81, GUARATIBA (PONTA NEGRA), MARICA-RJ, CEP: 24916425  - Tel: 21951000136;
RODRIGO PEREIRA;False;;M;13/10/1981 00:00:00;44;706507360304295;Consulta c/ Cardiologista;LUCIANA FIRMINO PONCE; I50  - INSUFICIENCIA CARDIACA;<procedimento>, CONSULTA MEDICA EM ATENCAO ESPECIALIZADA</procedimento>;<procedimento>  0301010072 - CONSULTA MEDICA EM ATENCAO ESPECIALIZADA - Quantidade: 1
</procedimento>;S;ECOCARDIOGRAFIA TRANSTORACICA
;;N;Programada;21/09/2026 13:49:18;21/09/2026 00:00:00;21/09/2026 00:00:00;27min 0s;ESTRADA DO BANANAL, 19, CASA, BANANAL (PONTA NEGRA), MARICA-RJ, CEP: 24925300  - Tel: 21996455499;
FILOMENA MARIA DA LOMBA CARDOSO;False;;F;06/02/1955 00:00:00;71;707400067189774;Consulta c/ Cirurgiao Geral;JOSE ROBERTO BARQUETTE; K429 - HERNIA UMBILICAL SEM OBSTRUCAO OU GANGRENA;<procedimento>, CONSULTA MEDICA EM ATENCAO ESPECIALIZADA</procedimento>;<procedimento>  0301010072 - CONSULTA MEDICA EM ATENCAO ESPECIALIZADA - Quantidade: 1
</procedimento>;N;;;N;Programada;21/09/2026 13:54:19;21/09/2026 00:00:00;21/09/2026 00:00:00;20min 26s;RUA DOIS, S/N, PINDOBAL (PONTA NEGRA), MARICA-RJ, CEP: 24919701  - Tel: 21981612701;
LOURDELEA DA CONCEICAO SILVA;False;;F;22/08/1969 00:00:00;57;707804693505514;Consulta de Enfermagem;MAURO BATISTA DE BARROS; T140 - TRAUMATISMO SUPERFICIAL DE REGIAO NAO ESPECIFICADA DO CORPO;<procedimento>, CONSULTA DE PROFISSIONAIS DE NIVEL SUPERIOR NA ATENCAO ESPECIALIZADA (EXCETO MEDICO)</procedimento><procedimento>, CURATIVO ESPECIAL</procedimento>;<procedimento>  0301010048 - CONSULTA DE PROFISSIONAIS DE NIVEL SUPERIOR NA ATENCAO ESPECIALIZADA (EXCETO MEDICO) - Quantidade: 1
</procedimento><procedimento>  0301100276 - CURATIVO ESPECIAL - Quantidade: 1
</procedimento>;N;;;N;Programada;21/09/2026 14:02:13;21/09/2026 00:00:00;21/09/2026 00:00:00;27min 30s;ESTRADA HENFIL, S/N, 103, PINDOBAS, MARICA-RJ, CEP: 24910750  - Tel: 21985856861;
RAIMUNDO AVELINO DA COSTA;False;;M;18/03/1953 00:00:00;73;703004806831378;Escuta Inicial;SILVIA GOMES DA SILVA;;<procedimento>, AFERICAO DE PRESSAO ARTERIAL</procedimento><procedimento>, AVALIACAO ANTROPOMETRICA</procedimento><procedimento>, ESCUTA INICIAL / ORIENTACAO (ACOLHIMENTO A DEMANDA ESPONTANEA)</procedimento>;<procedimento>  0101040024 - AVALIACAO ANTROPOMETRICA - Quantidade: 1
</procedimento><procedimento>  0301040079 - ESCUTA INICIAL / ORIENTACAO (ACOLHIMENTO A DEMANDA ESPONTANEA) - Quantidade: 1
</procedimento><procedimento>  0301100039 - AFERICAO DE PRESSAO ARTERIAL - Quantidade: 1
</procedimento>;N;;;N;Espontanea;21/09/2026 14:12:03;21/09/2026 00:00:00;21/09/2026 00:00:00;1min 57s;RODOVIA ERNANI DO AMARAL PEIXOTO, 29696, LT 15 QD B, FLAMENGO, MARICA-RJ, CEP: 24904100  - Tel: 21986013798;
RITA DE FATIMA FERREIRA DOS SANTOS;False;;F;23/05/1959 00:00:00;67;705005870329952;Escuta Inicial;SILVIA GOMES DA SILVA;;<procedimento>, AFERICAO DE PRESSAO ARTERIAL</procedimento><procedimento>, AVALIACAO ANTROPOMETRICA</procedimento><procedimento>, ESCUTA INICIAL / ORIENTACAO (ACOLHIMENTO A DEMANDA ESPONTANEA)</procedimento>;<procedimento>  0101040024 - AVALIACAO ANTROPOMETRICA - Quantidade: 1
</procedimento><procedimento>  0301040079 - ESCUTA INICIAL / ORIENTACAO (ACOLHIMENTO A DEMANDA ESPONTANEA) - Quantidade: 1
</procedimento><procedimento>  0301100039 - AFERICAO DE PRESSAO ARTERIAL - Quantidade: 1
</procedimento>;N;;;N;Espontanea;21/09/2026 14:14:53;21/09/2026 00:00:00;21/09/2026 00:00:00;1min 51s;RUA IRENE RIBEIRO, S/N, JARDIM ATLANTICO LESTE (ITAIPUACU), MARICA-RJ, CEP: 24933455  - Tel: 21999370377;
ANNA LARA MUNIZ DA SILVA;False;;F;27/05/2022 00:00:00;4;700103933694314;Consulta c/ Otorrinolaringologista;LEANDRO NOGUEIRA DE AZEVEDO; J352 - HIPERTROFIA DAS ADENOIDES;<procedimento>, CONSULTA MEDICA EM ATENCAO ESPECIALIZADA</procedimento><procedimento>, VIDEOLARINGOSCOPIA</procedimento>;<procedimento>  0209040041 - VIDEOLARINGOSCOPIA - Quantidade: 1
</procedimento><procedimento>  0301010072 - CONSULTA MEDICA EM ATENCAO ESPECIALIZADA - Quantidade: 1
</procedimento>;N;;;N;Programada;21/09/2026 14:14:29;21/09/2026 00:00:00;21/09/2026 00:00:00;1min 9s;RUA CENTO E TRINTA E DOIS, S/N, LT40 QD173, BALNEARIO BAMBUI (PONTA NEGRA), MARICA-RJ, CEP: 24920740  - Tel: 21969035410;
JOSE OLINO GAMBETA LEITE;False;;M;20/06/1948 00:00:00;78;708107508025937;Consulta c/ Cirurgiao Geral;JOSE ROBERTO BARQUETTE; K409 - HERNIA INGUINAL UNILATERAL OU NAO ESPECIFICADA, SEM OBSTRUCAO OU GANGRENA;<procedimento>, CONSULTA MEDICA EM ATENCAO ESPECIALIZADA</procedimento>;<procedimento>  0301010072 - CONSULTA MEDICA EM ATENCAO ESPECIALIZADA - Quantidade: 1
</procedimento>;N;;;N;Programada;21/09/2026 14:14:49;21/09/2026 00:00:00;21/09/2026 00:00:00;13min 59s;AVENIDA BRAULINO VENANCIO DA COSTA, S/N, BAIXADA MINEIRA, BALNEARIO BAMBUI (PONTA NEGRA), MARICA-RJ, CEP: 24920640  - Tel: 21981994177;
MARIA JOSE PRUDENCIO JACUA;False;;F;08/09/1948 00:00:00;78;702406517807427;Consulta c/ Cardiologista;LUCIANA FIRMINO PONCE; I10  - HIPERTENSAO ESSENCIAL (PRIMARIA);<procedimento>, CONSULTA MEDICA EM ATENCAO ESPECIALIZADA</procedimento>;<procedimento>  0301010072 - CONSULTA MEDICA EM ATENCAO ESPECIALIZADA - Quantidade: 1
</procedimento>;S;ECOCARDIOGRAFIA TRANSTORACICA
ULTRASSONOGRAFIA DOPPLER COLORIDO DE VASOS
;;N;Programada;21/09/2026 14:16:48;21/09/2026 00:00:00;21/09/2026 00:00:00;19min 21s;RUA SESSENTA E CINCO, S/N, LOTE22 QUADRA81, GUARATIBA (PONTA NEGRA), MARICA-RJ, CEP: 24916425  - Tel: 21951000136;
EDVAL COSME DA SILVA;False;;M;16/04/1961 00:00:00;65;700508523948252;Escuta Inicial;SILVIA GOMES DA SILVA;;<procedimento>, AFERICAO DE PRESSAO ARTERIAL</procedimento><procedimento>, AVALIACAO ANTROPOMETRICA</procedimento><procedimento>, ESCUTA INICIAL / ORIENTACAO (ACOLHIMENTO A DEMANDA ESPONTANEA)</procedimento>;<procedimento>  0101040024 - AVALIACAO ANTROPOMETRICA - Quantidade: 1
</procedimento><procedimento>  0301040079 - ESCUTA INICIAL / ORIENTACAO (ACOLHIMENTO A DEMANDA ESPONTANEA) - Quantidade: 1
</procedimento><procedimento>  0301100039 - AFERICAO DE PRESSAO ARTERIAL - Quantidade: 1
</procedimento>;N;;;N;Espontanea;21/09/2026 14:16:43;21/09/2026 00:00:00;21/09/2026 00:00:00;1min 31s;RUA DAS ACACIAS, S/N, CENTRO, MARICA-RJ, CEP: 24900001  - Tel: 21993021870;
TANIA MARIA FIRMINO FLORIANO;False;;F;07/09/1969 00:00:00;57;702006380759183;Escuta Inicial;SILVIA GOMES DA SILVA;;<procedimento>, AFERICAO DE PRESSAO ARTERIAL</procedimento><procedimento>, AVALIACAO ANTROPOMETRICA</procedimento><procedimento>, ESCUTA INICIAL / ORIENTACAO (ACOLHIMENTO A DEMANDA ESPONTANEA)</procedimento>;<procedimento>  0101040024 - AVALIACAO ANTROPOMETRICA - Quantidade: 1
</procedimento><procedimento>  0301040079 - ESCUTA INICIAL / ORIENTACAO (ACOLHIMENTO A DEMANDA ESPONTANEA) - Quantidade: 1
</procedimento><procedimento>  0301100039 - AFERICAO DE PRESSAO ARTERIAL - Quantidade: 1
</procedimento>;N;;;N;Espontanea;21/09/2026 14:18:37;21/09/2026 00:00:00;21/09/2026 00:00:00;1min 36s;RUA VINTE E OITO, S/N, QD53 LT15, BARROCO (ITAIPUACU), MARICA-RJ, CEP: 24936260  - Tel: 21999476280;
VALDEMIR BATISTA MORAIS;False;;M;02/05/1955 00:00:00;71;700107916997014;Escuta Inicial;SILVIA GOMES DA SILVA;;<procedimento>, AFERICAO DE PRESSAO ARTERIAL</procedimento><procedimento>, AVALIACAO ANTROPOMETRICA</procedimento><procedimento>, ESCUTA INICIAL / ORIENTACAO (ACOLHIMENTO A DEMANDA ESPONTANEA)</procedimento>;<procedimento>  0101040024 - AVALIACAO ANTROPOMETRICA - Quantidade: 1
</procedimento><procedimento>  0301040079 - ESCUTA INICIAL / ORIENTACAO (ACOLHIMENTO A DEMANDA ESPONTANEA) - Quantidade: 1
</procedimento><procedimento>  0301100039 - AFERICAO DE PRESSAO ARTERIAL - Quantidade: 1
</procedimento>;N;;;N;Espontanea;21/09/2026 14:20:17;21/09/2026 00:00:00;21/09/2026 00:00:00;1min 34s;RUA ELIETE ROCHA SANTOS, S/N, ARACATIBA, MARICA-RJ, CEP: 24902165  - Tel: 21998226414;
CLERIO CLEVELAND VELASCO BOECHAT;False;;M;19/09/1946 00:00:00;80;700504345717655;Consulta de Enfermagem;ELAINE APARECIDA DE SOUZA; N39  - TRANSTORNOS DO TRATO URINARIO;<procedimento>, BARREIRAS PROTETORAS DE PELE SINTETICA E/OU MISTA EM FORMA DE PO / PASTA E/OU PLACA</procedimento><procedimento>, BOLSA COLETORA P/ UROSTOMIZADOS</procedimento><procedimento>, COLETOR URINARIO DE PERNA OU DE CAMA</procedimento><procedimento>, CONJUNTO DE PLACA E BOLSA PARA UROSTOMIZADOS</procedimento><procedimento>, CONSULTA DE PROFISSIONAIS DE NIVEL SUPERIOR NA ATENCAO ESPECIALIZADA (EXCETO MEDICO)</procedimento>;<procedimento>  0301010048 - CONSULTA DE PROFISSIONAIS DE NIVEL SUPERIOR NA ATENCAO ESPECIALIZADA (EXCETO MEDICO) - Quantidade: 1
</procedimento><procedimento>  0701060018 - BARREIRAS PROTETORAS DE PELE SINTETICA E/OU MISTA EM FORMA DE PO / PASTA E/OU PLACA - Quantidade: 1
</procedimento><procedimento>  0701060026 - BOLSA COLETORA P/ UROSTOMIZADOS - Quantidade: 5
</procedimento><procedimento>  0701060034 - COLETOR URINARIO DE PERNA OU DE CAMA - Quantidade: 6
</procedimento><procedimento>  0701060042 - CONJUNTO DE PLACA E BOLSA PARA UROSTOMIZADOS - Quantidade: 10
</procedimento>;N;;;N;Programada;21/09/2026 14:35:02;21/09/2026 00:00:00;21/09/2026 00:00:00;21min 0s;RUA RUA, S/N, NA, BARRA, MARICA-RJ, CEP: 24900000  - Tel: 6133152425;
RODRIGO PEREIRA;False;;M;13/10/1981 00:00:00;44;706507360304295;Escuta Inicial;SILVIA GOMES DA SILVA;;<procedimento>, AFERICAO DE PRESSAO ARTERIAL</procedimento><procedimento>, AVALIACAO ANTROPOMETRICA</procedimento><procedimento>, ESCUTA INICIAL / ORIENTACAO (ACOLHIMENTO A DEMANDA ESPONTANEA)</procedimento>;<procedimento>  0101040024 - AVALIACAO ANTROPOMETRICA - Quantidade: 1
</procedimento><procedimento>  0301040079 - ESCUTA INICIAL / ORIENTACAO (ACOLHIMENTO A DEMANDA ESPONTANEA) - Quantidade: 1
</procedimento><procedimento>  0301100039 - AFERICAO DE PRESSAO ARTERIAL - Quantidade: 1
</procedimento>;N;;;N;Espontanea;21/09/2026 14:24:47;21/09/2026 00:00:00;21/09/2026 00:00:00;2min 22s;ESTRADA DO BANANAL, 19, CASA, BANANAL (PONTA NEGRA), MARICA-RJ, CEP: 24925300  - Tel: 21996455499;
HALIA MARIA ALVES DA SILVA;False;;F;24/08/1950 00:00:00;76;707600266676193;Consulta de Enfermagem;ELAINE APARECIDA DE SOUZA; K92  - DOENCAS DO APARELHO DIGESTIVO;<procedimento>, BOLSA DE COLOSTOMIA COM ADESIVO MICROPORO DRENAVEL</procedimento><procedimento>, CONSULTA DE PROFISSIONAIS DE NIVEL SUPERIOR NA ATENCAO ESPECIALIZADA (EXCETO MEDICO)</procedimento>;<procedimento>  0301010048 - CONSULTA DE PROFISSIONAIS DE NIVEL SUPERIOR NA ATENCAO ESPECIALIZADA (EXCETO MEDICO) - Quantidade: 1
</procedimento><procedimento>  0701050020 - BOLSA DE COLOSTOMIA COM ADESIVO MICROPORO DRENAVEL - Quantidade: 10
</procedimento>;N;;;N;Programada;21/09/2026 14:41:42;21/09/2026 00:00:00;21/09/2026 00:00:00;18min 0s;RUA MIL E VINTE E NOVE, 44, VOLTA GRANDE, VOLTA REDONDA-RJ, CEP: 27211425  - Tel: 6133152425;
SEBASTIAO SANTANA;False;;M;14/10/1947 00:00:00;78;706802290036028;Escuta Inicial;SILVIA GOMES DA SILVA;;<procedimento>, AFERICAO DE PRESSAO ARTERIAL</procedimento><procedimento>, AVALIACAO ANTROPOMETRICA</procedimento><procedimento>, ESCUTA INICIAL / ORIENTACAO (ACOLHIMENTO A DEMANDA ESPONTANEA)</procedimento>;<procedimento>  0101040024 - AVALIACAO ANTROPOMETRICA - Quantidade: 1
</procedimento><procedimento>  0301040079 - ESCUTA INICIAL / ORIENTACAO (ACOLHIMENTO A DEMANDA ESPONTANEA) - Quantidade: 1
</procedimento><procedimento>  0301100039 - AFERICAO DE PRESSAO ARTERIAL - Quantidade: 1
</procedimento>;N;;;N;Espontanea;21/09/2026 14:27:54;21/09/2026 00:00:00;21/09/2026 00:00:00;2min 20s;AVENIDA BRAULINO VENANCIO DA COSTA, S/N, BALNEARIO BAMBUI (PONTA NEGRA), MARICA-RJ, CEP: 24920640  - Tel: 6133152425;
WELLINGTON LUIS MIRANDA SILVA DE SOUZA;False;;M;11/04/1983 00:00:00;43;707409094175671;Consulta c/ Cirurgiao Geral;JOSE ROBERTO BARQUETTE; K801 - CALCULOSE DA VESICULA BILIAR COM OUTRAS FORMAS DE COLECISTITE;<procedimento>, CONSULTA MEDICA EM ATENCAO ESPECIALIZADA</procedimento>;<procedimento>  0301010072 - CONSULTA MEDICA EM ATENCAO ESPECIALIZADA - Quantidade: 1
</procedimento>;N;;;N;Programada;21/09/2026 14:29:28;21/09/2026 00:00:00;21/09/2026 00:00:00;22min 12s;RUA DAS ACACIAS, 105, CENTRO, MARICA-RJ, CEP: 24900001  - Tel: 21971707982;
EDISON DE JESUS MORGADO;False;;M;02/09/1948 00:00:00;78;708206131045745;Consulta c/ Cardiologista;LUCIANA FIRMINO PONCE; I63  - INFARTO CEREBRAL;<procedimento>, CONSULTA MEDICA EM ATENCAO ESPECIALIZADA</procedimento>;<procedimento>  0301010072 - CONSULTA MEDICA EM ATENCAO ESPECIALIZADA - Quantidade: 1
</procedimento>;S;ULTRASSONOGRAFIA DOPPLER COLORIDO DE VASOS
ECOCARDIOGRAFIA TRANSTORACICA
;;N;Programada;21/09/2026 14:35:50;21/09/2026 00:00:00;21/09/2026 00:00:00;15min 38s;AVENIDA OSCAR NIEMEYER, S/N, QD108 LT25B, JARDIM ATLANTICO OESTE (ITAIPUACU), MARICA-RJ, CEP: 24935450  - Tel: 21987185812;
LOURDELEA DA CONCEICAO SILVA;False;;F;22/08/1969 00:00:00;57;707804693505514;Procedimento;MARCIA SEIXAS PEREIRA;;<procedimento>, CURATIVO ESPECIAL</procedimento>;<procedimento>  0301100276 - CURATIVO ESPECIAL - Quantidade: 1
</procedimento>;;;;;Espontanea;21/09/2026 14:40:20;21/09/2026 00:00:00;21/09/2026 00:00:00;40s;ESTRADA HENFIL, S/N, 103, PINDOBAS, MARICA-RJ, CEP: 24910750  - Tel: 21985856861;
ARLINDO VIEIRA TEIXEIRA;False;;M;23/09/1962 00:00:00;63;709206269323637;Procedimento;MARCIA SEIXAS PEREIRA;;<procedimento>, CURATIVO ESPECIAL</procedimento>;<procedimento>  0301100276 - CURATIVO ESPECIAL - Quantidade: 1
</procedimento>;;;;;Espontanea;21/09/2026 14:41:11;21/09/2026 00:00:00;21/09/2026 00:00:00;36s;RUA PAULO AFFONSO MACHADO, 16, QUADRA 02, PONTA NEGRA, MARICA-RJ, CEP: 24914340  - Tel: 21992707883;
MARCIO FERREIRA TORRES;False;;M;19/10/1967 00:00:00;58;700706909075976;Consulta c/ Fonoaudiologo;ANDREI PEREIRA DOS SANTOS; H93  - TRANSTORNOS DO OUVIDO NAO CLASSIFICADOS EM OUTRA PARTE;<procedimento>, AUDIOMETRIA TONAL LIMIAR (VIA AEREA / OSSEA)</procedimento><procedimento>, CONSULTA DE PROFISSIONAIS DE NIVEL SUPERIOR NA ATENCAO ESPECIALIZADA (EXCETO MEDICO)</procedimento><procedimento>, IMITANCIOMETRIA</procedimento><procedimento>, LOGOAUDIOMETRIA (LDV-IRF-LRF)</procedimento>;<procedimento>  0211070041 - AUDIOMETRIA TONAL LIMIAR (VIA AEREA / OSSEA) - Quantidade: 1
</procedimento><procedimento>  0211070203 - IMITANCIOMETRIA - Quantidade: 1
</procedimento><procedimento>  0211070211 - LOGOAUDIOMETRIA (LDV-IRF-LRF) - Quantidade: 1
</procedimento><procedimento>  0301010048 - CONSULTA DE PROFISSIONAIS DE NIVEL SUPERIOR NA ATENCAO ESPECIALIZADA (EXCETO MEDICO) - Quantidade: 1
</procedimento>;N;;;N;Programada;21/09/2026 14:50:20;21/09/2026 00:00:00;21/09/2026 00:00:00;1min 41s;RUA UM, S/N, QDO2LT03, RECANTO DE ITAIPUACU (ITAIPUACU), MARICA-RJ, CEP: 24937065  - Tel: 21979317715;
LUIZ GUILHERME VELOSO MAIA;False;;M;17/09/1963 00:00:00;63;705609404206415;Consulta c/ Cardiologista;LUCIANA FIRMINO PONCE; I20  - ANGINA PECTORIS;<procedimento>, CONSULTA MEDICA EM ATENCAO ESPECIALIZADA</procedimento>;<procedimento>  0301010072 - CONSULTA MEDICA EM ATENCAO ESPECIALIZADA - Quantidade: 1
</procedimento>;N;;;N;Programada;21/09/2026 14:51:23;21/09/2026 00:00:00;21/09/2026 00:00:00;14min 40s;RUA MANOEL CAMILO DA SILVA, S/N, QD399  LT28, JARDIM ATLANTICO LESTE (ITAIPUACU), MARICA-RJ, CEP: 24933535  - Tel: 21971702522;
JULIO CESAR PEREIRA DA COSTA;False;;M;24/02/1982 00:00:00;44;700802482452187;Consulta c/ Cirurgiao Geral;JOSE ROBERTO BARQUETTE; R10  - DOR ABDOMINAL E PELVICA;<procedimento>, CONSULTA MEDICA EM ATENCAO ESPECIALIZADA</procedimento>;<procedimento>  0301010072 - CONSULTA MEDICA EM ATENCAO ESPECIALIZADA - Quantidade: 1
</procedimento>;N;;;N;Programada;21/09/2026 14:55:22;21/09/2026 00:00:00;21/09/2026 00:00:00;21min 22s;RUA ARMANDO DINIZ, S/N, LOT 04 QD 00, CENTRO, MARICA-RJ, CEP: 24900235  - Tel: 21996010050;
HULDO SANTIAGO MANSO PEREIRA;False;;M;21/03/1941 00:00:00;85;701005816865997;Consulta c/ Cardiologista;LUCIANA FIRMINO PONCE; I20  - ANGINA PECTORIS;<procedimento>, CONSULTA MEDICA EM ATENCAO ESPECIALIZADA</procedimento>;<procedimento>  0301010072 - CONSULTA MEDICA EM ATENCAO ESPECIALIZADA - Quantidade: 1
</procedimento>;S;ECOCARDIOGRAFIA TRANSTORACICA
;;N;Programada;21/09/2026 15:08:31;21/09/2026 00:00:00;21/09/2026 00:00:00;12min 57s;RUA JOAO DE BARRO, 1549, APT 302, PARQUE NANCI, MARICA-RJ, CEP: 24914180  - Tel: 21987317721;
GILBERTO SENA SANTIAGO;False;;M;12/06/1961 00:00:00;65;;Procedimento;VERONICA NASCIMENTO DA COSTA;;<procedimento>, ESCUTA INICIAL / ORIENTACAO (ACOLHIMENTO A DEMANDA ESPONTANEA)</procedimento>;<procedimento>  0301040079 - ESCUTA INICIAL / ORIENTACAO (ACOLHIMENTO A DEMANDA ESPONTANEA) - Quantidade: 1
</procedimento>;;;;;Espontanea;21/09/2026 15:15:19;21/09/2026 00:00:00;21/09/2026 00:00:00;36s;RUA ALBERTO SANTOS DUMONT, S/N, CENTRO, MARICA-RJ, CEP: 24901100  - Tel: 21988984507;
HULDO SANTIAGO MANSO PEREIRA;False;;M;21/03/1941 00:00:00;85;701005816865997;Procedimento;VERONICA NASCIMENTO DA COSTA;;<procedimento>, ESCUTA INICIAL / ORIENTACAO (ACOLHIMENTO A DEMANDA ESPONTANEA)</procedimento>;<procedimento>  0301040079 - ESCUTA INICIAL / ORIENTACAO (ACOLHIMENTO A DEMANDA ESPONTANEA) - Quantidade: 1
</procedimento>;;;;;Espontanea;21/09/2026 15:16:13;21/09/2026 00:00:00;21/09/2026 00:00:00;29s;RUA JOAO DE BARRO, 1549, APT 302, PARQUE NANCI, MARICA-RJ, CEP: 24914180  - Tel: 21987317721;
GILBERTO SENA SANTIAGO;False;;M;12/06/1961 00:00:00;65;;Consulta c/ Cardiologista;LUCIANA FIRMINO PONCE; I10  - HIPERTENSAO ESSENCIAL (PRIMARIA);<procedimento>, CONSULTA MEDICA EM ATENCAO ESPECIALIZADA</procedimento>;<procedimento>  0301010072 - CONSULTA MEDICA EM ATENCAO ESPECIALIZADA - Quantidade: 1
</procedimento>;S;ULTRASSONOGRAFIA DOPPLER COLORIDO DE VASOS
MONITORIZACAO AMBULATORIAL DE PRESSAO ARTERIAL (M A P A)
;;N;Programada;21/09/2026 15:21:10;21/09/2026 00:00:00;21/09/2026 00:00:00;12min 59s;RUA ALBERTO SANTOS DUMONT, S/N, CENTRO, MARICA-RJ, CEP: 24901100  - Tel: 21988984507;
ALVARO HERMES DE AZEVEDO JUNIOR;False;;M;11/06/1963 00:00:00;63;708004385042624;Curativos;MAURO BATISTA DE BARROS;;<procedimento>, CURATIVO GRAU II C/ OU S/ DEBRIDAMENTO</procedimento>;<procedimento>  0401010015 - CURATIVO GRAU II C/ OU S/ DEBRIDAMENTO - Quantidade: 1
</procedimento>;;;;;Espontanea;21/09/2026 15:28:28;21/09/2026 00:00:00;21/09/2026 00:00:00;1min 22s;RUA PARAISO, S/N, QD 67 LT 28 CS2, JARDIM ATLANTICO OESTE (ITAIPUACU), MARICA-RJ, CEP: 24935615  - Tel: 21988912080;
ALVARO HERMES DE AZEVEDO JUNIOR;False;;M;11/06/1963 00:00:00;63;708004385042624;Procedimento;MARCIA SEIXAS PEREIRA;;<procedimento>, CURATIVO ESPECIAL</procedimento>;<procedimento>  0301100276 - CURATIVO ESPECIAL - Quantidade: 1
</procedimento>;;;;;Espontanea;21/09/2026 15:31:06;21/09/2026 00:00:00;21/09/2026 00:00:00;2min 39s;RUA PARAISO, S/N, QD 67 LT 28 CS2, JARDIM ATLANTICO OESTE (ITAIPUACU), MARICA-RJ, CEP: 24935615  - Tel: 21988912080;
ROGERIA RUAS DE CARVALHO PEREIRA;False;;F;13/01/1982 00:00:00;44;705003418995751;Escuta Inicial;SILVIA GOMES DA SILVA;;<procedimento>, ESCUTA INICIAL / ORIENTACAO (ACOLHIMENTO A DEMANDA ESPONTANEA)</procedimento>;<procedimento>  0301040079 - ESCUTA INICIAL / ORIENTACAO (ACOLHIMENTO A DEMANDA ESPONTANEA) - Quantidade: 1
</procedimento>;N;;;N;Espontanea;21/09/2026 15:33:20;21/09/2026 00:00:00;21/09/2026 00:00:00;32s;RUA CENTO E ONZE, S/N, LT 07 Q 165, BALNEARIO BAMBUI (PONTA NEGRA), MARICA-RJ, CEP: 24921050  - Tel: 21999650126;
ERNANDES FERNANDES CARVALHO;False;;M;02/07/1943 00:00:00;83;700206485077629;Consulta c/ Fonoaudiologo;ANDREI PEREIRA DOS SANTOS; H93  - TRANSTORNOS DO OUVIDO NAO CLASSIFICADOS EM OUTRA PARTE;<procedimento>, AUDIOMETRIA TONAL LIMIAR (VIA AEREA / OSSEA)</procedimento><procedimento>, CONSULTA DE PROFISSIONAIS DE NIVEL SUPERIOR NA ATENCAO ESPECIALIZADA (EXCETO MEDICO)</procedimento><procedimento>, IMITANCIOMETRIA</procedimento><procedimento>, LOGOAUDIOMETRIA (LDV-IRF-LRF)</procedimento>;<procedimento>  0211070041 - AUDIOMETRIA TONAL LIMIAR (VIA AEREA / OSSEA) - Quantidade: 1
</procedimento><procedimento>  0211070203 - IMITANCIOMETRIA - Quantidade: 1
</procedimento><procedimento>  0211070211 - LOGOAUDIOMETRIA (LDV-IRF-LRF) - Quantidade: 1
</procedimento><procedimento>  0301010048 - CONSULTA DE PROFISSIONAIS DE NIVEL SUPERIOR NA ATENCAO ESPECIALIZADA (EXCETO MEDICO) - Quantidade: 1
</procedimento>;N;;;N;Programada;21/09/2026 15:33:45;21/09/2026 00:00:00;21/09/2026 00:00:00;2min 57s;RODOVIA ERNANI DO AMARAL PEIXOTO, 15393, LT 13, INOA (INOA), MARICA-RJ, CEP: 24942375  - Tel: 21998598605;
JULIO CESAR PEREIRA DA COSTA;False;;M;24/02/1982 00:00:00;44;700802482452187;Escuta Inicial;SILVIA GOMES DA SILVA;;<procedimento>, ESCUTA INICIAL / ORIENTACAO (ACOLHIMENTO A DEMANDA ESPONTANEA)</procedimento>;<procedimento>  0301040079 - ESCUTA INICIAL / ORIENTACAO (ACOLHIMENTO A DEMANDA ESPONTANEA) - Quantidade: 1
</procedimento>;N;;;N;Espontanea;21/09/2026 15:34:12;21/09/2026 00:00:00;21/09/2026 00:00:00;27s;RUA ARMANDO DINIZ, S/N, LOT 04 QD 00, CENTRO, MARICA-RJ, CEP: 24900235  - Tel: 21996010050;
WELLINGTON LUIS MIRANDA SILVA DE SOUZA;False;;M;11/04/1983 00:00:00;43;707409094175671;Escuta Inicial;SILVIA GOMES DA SILVA;;<procedimento>, ESCUTA INICIAL / ORIENTACAO (ACOLHIMENTO A DEMANDA ESPONTANEA)</procedimento>;<procedimento>  0301040079 - ESCUTA INICIAL / ORIENTACAO (ACOLHIMENTO A DEMANDA ESPONTANEA) - Quantidade: 1
</procedimento>;N;;;N;Espontanea;21/09/2026 15:35:26;21/09/2026 00:00:00;21/09/2026 00:00:00;39s;RUA DAS ACACIAS, 105, CENTRO, MARICA-RJ, CEP: 24900001  - Tel: 21971707982;
JOSE OLINO GAMBETA LEITE;False;;M;20/06/1948 00:00:00;78;708107508025937;Escuta Inicial;SILVIA GOMES DA SILVA;;<procedimento>, ESCUTA INICIAL / ORIENTACAO (ACOLHIMENTO A DEMANDA ESPONTANEA)</procedimento>;<procedimento>  0301040079 - ESCUTA INICIAL / ORIENTACAO (ACOLHIMENTO A DEMANDA ESPONTANEA) - Quantidade: 1
</procedimento>;N;;;N;Espontanea;21/09/2026 15:36:12;21/09/2026 00:00:00;21/09/2026 00:00:00;24s;AVENIDA BRAULINO VENANCIO DA COSTA, S/N, BAIXADA MINEIRA, BALNEARIO BAMBUI (PONTA NEGRA), MARICA-RJ, CEP: 24920640  - Tel: 21981994177;
MARIA LUIZ DA SILVA;False;;F;15/10/1962 00:00:00;63;700505955497250;Consulta c/ Fonoaudiologo;ANDREI PEREIRA DOS SANTOS; H93  - TRANSTORNOS DO OUVIDO NAO CLASSIFICADOS EM OUTRA PARTE;<procedimento>, AUDIOMETRIA TONAL LIMIAR (VIA AEREA / OSSEA)</procedimento><procedimento>, CONSULTA DE PROFISSIONAIS DE NIVEL SUPERIOR NA ATENCAO ESPECIALIZADA (EXCETO MEDICO)</procedimento><procedimento>, IMITANCIOMETRIA</procedimento><procedimento>, LOGOAUDIOMETRIA (LDV-IRF-LRF)</procedimento>;<procedimento>  0211070041 - AUDIOMETRIA TONAL LIMIAR (VIA AEREA / OSSEA) - Quantidade: 1
</procedimento><procedimento>  0211070203 - IMITANCIOMETRIA - Quantidade: 1
</procedimento><procedimento>  0211070211 - LOGOAUDIOMETRIA (LDV-IRF-LRF) - Quantidade: 1
</procedimento><procedimento>  0301010048 - CONSULTA DE PROFISSIONAIS DE NIVEL SUPERIOR NA ATENCAO ESPECIALIZADA (EXCETO MEDICO) - Quantidade: 1
</procedimento>;N;;;N;Programada;21/09/2026 15:36:07;21/09/2026 00:00:00;21/09/2026 00:00:00;1min 42s;RUA LUIZ FERNANDO DOS SANTOS CAETANO, S/N, LT 12 QD 3, JACAROA, MARICA-RJ, CEP: 24903150  - Tel: 21995766616;
FILOMENA MARIA DA LOMBA CARDOSO;False;;F;06/02/1955 00:00:00;71;707400067189774;Escuta Inicial;SILVIA GOMES DA SILVA;;<procedimento>, ESCUTA INICIAL / ORIENTACAO (ACOLHIMENTO A DEMANDA ESPONTANEA)</procedimento>;<procedimento>  0301040079 - ESCUTA INICIAL / ORIENTACAO (ACOLHIMENTO A DEMANDA ESPONTANEA) - Quantidade: 1
</procedimento>;N;;;N;Espontanea;21/09/2026 15:37:00;21/09/2026 00:00:00;21/09/2026 00:00:00;12s;RUA DOIS, S/N, PINDOBAL (PONTA NEGRA), MARICA-RJ, CEP: 24919701  - Tel: 21981612701;
JOSILAINE DOS SANTOS LAGO FERREIRA;False;;F;25/09/1980 00:00:00;45;700701937000778;Escuta Inicial;SILVIA GOMES DA SILVA;;<procedimento>, ESCUTA INICIAL / ORIENTACAO (ACOLHIMENTO A DEMANDA ESPONTANEA)</procedimento>;<procedimento>  0301040079 - ESCUTA INICIAL / ORIENTACAO (ACOLHIMENTO A DEMANDA ESPONTANEA) - Quantidade: 1
</procedimento>;N;;;N;Espontanea;21/09/2026 15:37:49;21/09/2026 00:00:00;21/09/2026 00:00:00;1min 59s;RUA DARCY ROQUE DA SILVEIRA, S/N, QD486 LT 14, JARDIM ATLANTICO LESTE (ITAIPUACU), MARICA-RJ, CEP: 24933305  - Tel: 21927896000;
JAYME GUEDES PAIVA DUARTE;False;;M;12/01/1977 00:00:00;49;705406427769199;Consulta c/ Fonoaudiologo;ANDREI PEREIRA DOS SANTOS; H93  - TRANSTORNOS DO OUVIDO NAO CLASSIFICADOS EM OUTRA PARTE;<procedimento>, AUDIOMETRIA TONAL LIMIAR (VIA AEREA / OSSEA)</procedimento><procedimento>, CONSULTA DE PROFISSIONAIS DE NIVEL SUPERIOR NA ATENCAO ESPECIALIZADA (EXCETO MEDICO)</procedimento><procedimento>, IMITANCIOMETRIA</procedimento><procedimento>, LOGOAUDIOMETRIA (LDV-IRF-LRF)</procedimento>;<procedimento>  0211070041 - AUDIOMETRIA TONAL LIMIAR (VIA AEREA / OSSEA) - Quantidade: 1
</procedimento><procedimento>  0211070203 - IMITANCIOMETRIA - Quantidade: 1
</procedimento><procedimento>  0211070211 - LOGOAUDIOMETRIA (LDV-IRF-LRF) - Quantidade: 1
</procedimento><procedimento>  0301010048 - CONSULTA DE PROFISSIONAIS DE NIVEL SUPERIOR NA ATENCAO ESPECIALIZADA (EXCETO MEDICO) - Quantidade: 1
</procedimento>;N;;;N;Programada;21/09/2026 15:37:59;21/09/2026 00:00:00;21/09/2026 00:00:00;2min 37s;RUA MANOEL CAMILO DA SILVA, S/N, QD 406 LT 19, JARDIM ATLANTICO LESTE (ITAIPUACU), MARICA-RJ, CEP: 24933530  - Tel: 21964106395;
WILSON JOSE FERREIRA FILHO;False;;M;27/03/1949 00:00:00;77;709604674160270;Consulta c/ Fonoaudiologo;ANDREI PEREIRA DOS SANTOS; H93  - TRANSTORNOS DO OUVIDO NAO CLASSIFICADOS EM OUTRA PARTE;<procedimento>, AUDIOMETRIA TONAL LIMIAR (VIA AEREA / OSSEA)</procedimento><procedimento>, CONSULTA DE PROFISSIONAIS DE NIVEL SUPERIOR NA ATENCAO ESPECIALIZADA (EXCETO MEDICO)</procedimento><procedimento>, IMITANCIOMETRIA</procedimento><procedimento>, LOGOAUDIOMETRIA (LDV-IRF-LRF)</procedimento>;<procedimento>  0211070041 - AUDIOMETRIA TONAL LIMIAR (VIA AEREA / OSSEA) - Quantidade: 1
</procedimento><procedimento>  0211070203 - IMITANCIOMETRIA - Quantidade: 1
</procedimento><procedimento>  0211070211 - LOGOAUDIOMETRIA (LDV-IRF-LRF) - Quantidade: 1
</procedimento><procedimento>  0301010048 - CONSULTA DE PROFISSIONAIS DE NIVEL SUPERIOR NA ATENCAO ESPECIALIZADA (EXCETO MEDICO) - Quantidade: 1
</procedimento>;N;;;N;Programada;21/09/2026 15:39:59;21/09/2026 00:00:00;21/09/2026 00:00:00;3min 25s;RODOVIA ERNANI DO AMARAL PEIXOTO 1/99998, 02, COND APHAVILLE, INOA, MARICA-RJ, CEP: 24942375  - Tel: 21982190555;
JOSE LUIZ DE SOUZA;False;;M;08/08/1975 00:00:00;51;706300785623370;Escuta Inicial;SILVIA GOMES DA SILVA;;<procedimento>, ESCUTA INICIAL / ORIENTACAO (ACOLHIMENTO A DEMANDA ESPONTANEA)</procedimento>;<procedimento>  0301040079 - ESCUTA INICIAL / ORIENTACAO (ACOLHIMENTO A DEMANDA ESPONTANEA) - Quantidade: 1
</procedimento>;N;;;N;Espontanea;21/09/2026 15:41:05;21/09/2026 00:00:00;21/09/2026 00:00:00;21s;RUA DAS ACACIAS, S/N, GREEN PARK, ITAPEBA, MARICA-RJ, CEP: 24913230  - Tel: 2126093402;
ANA PAULA DA SILVA ELIAS;False;;F;23/11/1968 00:00:00;57;706105826351430;Escuta Inicial;SILVIA GOMES DA SILVA;;<procedimento>, ESCUTA INICIAL / ORIENTACAO (ACOLHIMENTO A DEMANDA ESPONTANEA)</procedimento>;<procedimento>  0301040079 - ESCUTA INICIAL / ORIENTACAO (ACOLHIMENTO A DEMANDA ESPONTANEA) - Quantidade: 1
</procedimento>;N;;;N;Espontanea;21/09/2026 15:42:13;21/09/2026 00:00:00;21/09/2026 00:00:00;30s;RUA JOVINO DUARTE DE OLIVEIRA, S/N, CENTRO, MARICA-RJ, CEP: 24901130  - Tel: 21975951624;
KAROLINE DA SILVA RODRIGUES;False;;F;22/03/1989 00:00:00;37;898004825831763;Consulta c/ Fonoaudiologo;ANDREI PEREIRA DOS SANTOS; H93  - TRANSTORNOS DO OUVIDO NAO CLASSIFICADOS EM OUTRA PARTE;<procedimento>, AUDIOMETRIA TONAL LIMIAR (VIA AEREA / OSSEA)</procedimento><procedimento>, CONSULTA DE PROFISSIONAIS DE NIVEL SUPERIOR NA ATENCAO ESPECIALIZADA (EXCETO MEDICO)</procedimento><procedimento>, IMITANCIOMETRIA</procedimento><procedimento>, LOGOAUDIOMETRIA (LDV-IRF-LRF)</procedimento>;<procedimento>  0211070041 - AUDIOMETRIA TONAL LIMIAR (VIA AEREA / OSSEA) - Quantidade: 1
</procedimento><procedimento>  0211070203 - IMITANCIOMETRIA - Quantidade: 1
</procedimento><procedimento>  0211070211 - LOGOAUDIOMETRIA (LDV-IRF-LRF) - Quantidade: 1
</procedimento><procedimento>  0301010048 - CONSULTA DE PROFISSIONAIS DE NIVEL SUPERIOR NA ATENCAO ESPECIALIZADA (EXCETO MEDICO) - Quantidade: 1
</procedimento>;N;;;N;Programada;21/09/2026 15:42:37;21/09/2026 00:00:00;21/09/2026 00:00:00;1min 57s;RUA GLAUBER ROCHA, 416, ITAPEBA, MARICA-RJ, CEP: 24912250  - Tel: 21983029317;
ADRIANA SILVA DA SILVEIRA;False;;F;16/09/1993 00:00:00;33;705604455813918;Escuta Inicial;SILVIA GOMES DA SILVA;;<procedimento>, ESCUTA INICIAL / ORIENTACAO (ACOLHIMENTO A DEMANDA ESPONTANEA)</procedimento>;<procedimento>  0301040079 - ESCUTA INICIAL / ORIENTACAO (ACOLHIMENTO A DEMANDA ESPONTANEA) - Quantidade: 1
</procedimento>;N;;;N;Espontanea;21/09/2026 15:43:48;21/09/2026 00:00:00;21/09/2026 00:00:00;1min 2s;RUA JOSE LUIS DA COSTA, S/N, FLAMENGO, MARICA-RJ, CEP: 24903645  - Tel: 21967078231;
MANUEL ALVES SOARES;False;;M;26/06/1951 00:00:00;75;705004244148650;Escuta Inicial;SILVIA GOMES DA SILVA;;<procedimento>, ESCUTA INICIAL / ORIENTACAO (ACOLHIMENTO A DEMANDA ESPONTANEA)</procedimento>;<procedimento>  0301040079 - ESCUTA INICIAL / ORIENTACAO (ACOLHIMENTO A DEMANDA ESPONTANEA) - Quantidade: 1
</procedimento>;N;;;N;Espontanea;21/09/2026 15:43:05;21/09/2026 00:00:00;21/09/2026 00:00:00;18s;RUA OITO, 215, CAJUEIROS (ITAIPUACU), MARICA-RJ, CEP: 24932385  - Tel: 22999241589;
PAULO RICARDO DA SILVA;False;;M;14/12/1992 00:00:00;33;702801695524660;Escuta Inicial;SILVIA GOMES DA SILVA;;<procedimento>, ESCUTA INICIAL / ORIENTACAO (ACOLHIMENTO A DEMANDA ESPONTANEA)</procedimento>;<procedimento>  0301040079 - ESCUTA INICIAL / ORIENTACAO (ACOLHIMENTO A DEMANDA ESPONTANEA) - Quantidade: 1
</procedimento>;N;;;N;Espontanea;21/09/2026 15:44:37;21/09/2026 00:00:00;21/09/2026 00:00:00;49s;AVENIDA MAYSA, S/N, LT02 QD81, CORDEIRINHO (PONTA NEGRA), MARICA-RJ, CEP: 24921736  - Tel: 21971756110;
LUCAS GOMES DA SILVA NASCIMENTO;False;;M;12/08/2022 00:00:00;4;898006299351855;Consulta c/ Fonoaudiologo;ANDREI PEREIRA DOS SANTOS; H93  - TRANSTORNOS DO OUVIDO NAO CLASSIFICADOS EM OUTRA PARTE;<procedimento>, CONSULTA DE PROFISSIONAIS DE NIVEL SUPERIOR NA ATENCAO ESPECIALIZADA (EXCETO MEDICO)</procedimento>;<procedimento>  0301010048 - CONSULTA DE PROFISSIONAIS DE NIVEL SUPERIOR NA ATENCAO ESPECIALIZADA (EXCETO MEDICO) - Quantidade: 1
</procedimento>;N;;;N;Programada;21/09/2026 15:44:07;21/09/2026 00:00:00;21/09/2026 00:00:00;1min 11s;RUA JORNALISTA LOURIVAL DUARTE, S/N, LT 01 QD J, SAO JOSE DO IMBASSAI, MARICA-RJ, CEP: 24931490  - Tel: 21972926829;
LUCIANA CHAGAS BORGES;False;;F;23/01/1972 00:00:00;54;703403249102100;Escuta Inicial;SILVIA GOMES DA SILVA;;<procedimento>, ESCUTA INICIAL / ORIENTACAO (ACOLHIMENTO A DEMANDA ESPONTANEA)</procedimento>;<procedimento>  0301040079 - ESCUTA INICIAL / ORIENTACAO (ACOLHIMENTO A DEMANDA ESPONTANEA) - Quantidade: 1
</procedimento>;N;;;N;Espontanea;21/09/2026 15:45:20;21/09/2026 00:00:00;21/09/2026 00:00:00;42s;RUA ROBERTO MORLAN AUGUSTO, S/N, QD 355 LOTE 06, JARDIM ATLANTICO LESTE (ITAIPUACU), MARICA-RJ, CEP: 24933620  - Tel: 21964493193;
JORGE GUIMARAES DOS SANTOS;False;;M;02/10/1940 00:00:00;85;705601466890215;Consulta c/ Fonoaudiologo;ANDREI PEREIRA DOS SANTOS; H93  - TRANSTORNOS DO OUVIDO NAO CLASSIFICADOS EM OUTRA PARTE;<procedimento>, CONSULTA DE PROFISSIONAIS DE NIVEL SUPERIOR NA ATENCAO ESPECIALIZADA (EXCETO MEDICO)</procedimento>;<procedimento>  0301010048 - CONSULTA DE PROFISSIONAIS DE NIVEL SUPERIOR NA ATENCAO ESPECIALIZADA (EXCETO MEDICO) - Quantidade: 1
</procedimento>;N;;;N;Programada;21/09/2026 15:45:20;21/09/2026 00:00:00;21/09/2026 00:00:00;55s;RUA EUCLIDES DOS SANTOS QUINTANILHA, 106, 106 CS11, FLAMENGO, MARICA-RJ, CEP: 24903825  - Tel: 21990348558;
DIOGO GOMES DOS SANTOS;False;;M;31/08/1981 00:00:00;45;705006631317350;Escuta Inicial;SILVIA GOMES DA SILVA;;<procedimento>, ESCUTA INICIAL / ORIENTACAO (ACOLHIMENTO A DEMANDA ESPONTANEA)</procedimento>;<procedimento>  0301040079 - ESCUTA INICIAL / ORIENTACAO (ACOLHIMENTO A DEMANDA ESPONTANEA) - Quantidade: 1
</procedimento>;N;;;N;Espontanea;21/09/2026 15:46:16;21/09/2026 00:00:00;21/09/2026 00:00:00;31s;RUA VEREADOR TUNINHO DO BIRINIGTH, S/N, QD 156 LT 07, JARDIM ATLANTICO CENTRAL (ITAIPUACU), MARICA-RJ, CEP: 24934320  - Tel: 21999811284;
MARIA DE LOURDES DA SILVA;False;;F;17/06/1952 00:00:00;74;700802467431581;Consulta c/ Fonoaudiologo;ANDREI PEREIRA DOS SANTOS; H93  - TRANSTORNOS DO OUVIDO NAO CLASSIFICADOS EM OUTRA PARTE;<procedimento>, CONSULTA DE PROFISSIONAIS DE NIVEL SUPERIOR NA ATENCAO ESPECIALIZADA (EXCETO MEDICO)</procedimento>;<procedimento>  0301010048 - CONSULTA DE PROFISSIONAIS DE NIVEL SUPERIOR NA ATENCAO ESPECIALIZADA (EXCETO MEDICO) - Quantidade: 1
</procedimento>;N;;;N;Programada;21/09/2026 15:46:06;21/09/2026 00:00:00;21/09/2026 00:00:00;58s;RUA DOS QUINTANILHAS, 706, CS 2, PEDREIRAS, MARICA-RJ, CEP: 24900155  - Tel: 22988126215;
WILLIAM DOMINGOS DOS SANTOS;False;;M;10/04/1993 00:00:00;33;700002143989606;Escuta Inicial;SILVIA GOMES DA SILVA;;<procedimento>, ESCUTA INICIAL / ORIENTACAO (ACOLHIMENTO A DEMANDA ESPONTANEA)</procedimento>;<procedimento>  0301040079 - ESCUTA INICIAL / ORIENTACAO (ACOLHIMENTO A DEMANDA ESPONTANEA) - Quantidade: 1
</procedimento>;N;;;N;Espontanea;21/09/2026 15:48:31;21/09/2026 00:00:00;21/09/2026 00:00:00;44s;RUA JORGE ELIAS ABICALIL, S/N, LT 15 QD 15, SANTA PAULA (INOA), MARICA-RJ, CEP: 24944525  - Tel: 21998788258;
ROSA MARIA CARVALHO;False;;F;09/04/1952 00:00:00;74;705807492278932;Escuta Inicial;SILVIA GOMES DA SILVA;;<procedimento>, ESCUTA INICIAL / ORIENTACAO (ACOLHIMENTO A DEMANDA ESPONTANEA)</procedimento>;<procedimento>  0301040079 - ESCUTA INICIAL / ORIENTACAO (ACOLHIMENTO A DEMANDA ESPONTANEA) - Quantidade: 1
</procedimento>;N;;;N;Espontanea;21/09/2026 15:49:27;21/09/2026 00:00:00;21/09/2026 00:00:00;44s;RUA DAS PERPETUAS, S/N, QD32 LT16 C1, BARROCO (ITAIPUACU), MARICA-RJ, CEP: 24936390  - Tel: 21974812636;
RODRIGO AURELIO DE SOUZA BARROS;False;;M;13/07/1979 00:00:00;47;700809457138888;Escuta Inicial;SILVIA GOMES DA SILVA;;<procedimento>, ESCUTA INICIAL / ORIENTACAO (ACOLHIMENTO A DEMANDA ESPONTANEA)</procedimento>;<procedimento>  0301040079 - ESCUTA INICIAL / ORIENTACAO (ACOLHIMENTO A DEMANDA ESPONTANEA) - Quantidade: 1
</procedimento>;N;;;N;Espontanea;21/09/2026 15:50:22;21/09/2026 00:00:00;21/09/2026 00:00:00;35s;RUA JOAO JOSE ALVES, 23, CASA 02, MUMBUCA, MARICA-RJ, CEP: 24913875  - Tel: 21991991410;
ROBERTA DOS SANTOS BRUNES;False;;F;23/02/1978 00:00:00;48;708004312141223;Escuta Inicial;SILVIA GOMES DA SILVA;;<procedimento>, ESCUTA INICIAL / ORIENTACAO (ACOLHIMENTO A DEMANDA ESPONTANEA)</procedimento>;<procedimento>  0301040079 - ESCUTA INICIAL / ORIENTACAO (ACOLHIMENTO A DEMANDA ESPONTANEA) - Quantidade: 1
</procedimento>;N;;;N;Espontanea;21/09/2026 15:52:04;21/09/2026 00:00:00;21/09/2026 00:00:00;14s;RUA ANDRELINA CARLOTA DA CONCEICAO, S/N, LT11 QDH, MUMBUCA, MARICA-RJ, CEP: 24913855  - Tel: 21987756453;
MARIA DE FATIMA XAVIER DE MOURA;False;;F;20/01/1950 00:00:00;76;700009966896508;Escuta Inicial;SILVIA GOMES DA SILVA;;<procedimento>, ESCUTA INICIAL / ORIENTACAO (ACOLHIMENTO A DEMANDA ESPONTANEA)</procedimento>;<procedimento>  0301040079 - ESCUTA INICIAL / ORIENTACAO (ACOLHIMENTO A DEMANDA ESPONTANEA) - Quantidade: 1
</procedimento>;N;;;N;Espontanea;21/09/2026 15:53:21;21/09/2026 00:00:00;21/09/2026 00:00:00;36s;RUA FRANCISCA ROSA DA SILVA, 71, INOA, MARICA-RJ, CEP: 24943095  - Tel: 21975328320;
RENATA VASCONCELOS COSTA;False;;F;10/12/1981 00:00:00;44;706406631673488;Escuta Inicial;SILVIA GOMES DA SILVA;;<procedimento>, ESCUTA INICIAL / ORIENTACAO (ACOLHIMENTO A DEMANDA ESPONTANEA)</procedimento>;<procedimento>  0301040079 - ESCUTA INICIAL / ORIENTACAO (ACOLHIMENTO A DEMANDA ESPONTANEA) - Quantidade: 1
</procedimento>;N;;;N;Espontanea;21/09/2026 15:54:16;21/09/2026 00:00:00;21/09/2026 00:00:00;30s;RUA JUVENAL BERNADINO DE OLIVEIRA, S/N, UBATIBA, MARICA-RJ, CEP: 24908745  - Tel: 2137314227;
SANTIAGO ISMAEL UMBRIA ALVAREZ;False;;M;23/12/2016 00:00:00;9;704600696373922;Consulta de Enfermagem;ELAINE APARECIDA DE SOUZA; K92  - DOENCAS DO APARELHO DIGESTIVO;<procedimento>, BARREIRAS PROTETORAS DE PELE SINTETICA E/OU MISTA EM FORMA DE PO / PASTA E/OU PLACA</procedimento><procedimento>, BOLSA DE COLOSTOMIA COM ADESIVO MICROPORO DRENAVEL</procedimento><procedimento>, CONSULTA DE PROFISSIONAIS DE NIVEL SUPERIOR NA ATENCAO ESPECIALIZADA (EXCETO MEDICO)</procedimento>;<procedimento>  0301010048 - CONSULTA DE PROFISSIONAIS DE NIVEL SUPERIOR NA ATENCAO ESPECIALIZADA (EXCETO MEDICO) - Quantidade: 1
</procedimento><procedimento>  0701050020 - BOLSA DE COLOSTOMIA COM ADESIVO MICROPORO DRENAVEL - Quantidade: 10
</procedimento><procedimento>  0701060018 - BARREIRAS PROTETORAS DE PELE SINTETICA E/OU MISTA EM FORMA DE PO / PASTA E/OU PLACA - Quantidade: 1
</procedimento>;N;;;N;Programada;21/09/2026 15:54:32;21/09/2026 00:00:00;21/09/2026 00:00:00;16min 0s;RUA ASSIS COELHO DA SILVA, 26, BARRA DE MARICA, MARICA-RJ, CEP: 24915570  - Tel: 21971936005;
ADRIEL ROCHA DE ARRUDA;False;;M;07/07/1985 00:00:00;41;701804261670777;Escuta Inicial;SILVIA GOMES DA SILVA;;<procedimento>, ESCUTA INICIAL / ORIENTACAO (ACOLHIMENTO A DEMANDA ESPONTANEA)</procedimento>;<procedimento>  0301040079 - ESCUTA INICIAL / ORIENTACAO (ACOLHIMENTO A DEMANDA ESPONTANEA) - Quantidade: 1
</procedimento>;N;;;N;Espontanea;21/09/2026 15:55:31;21/09/2026 00:00:00;21/09/2026 00:00:00;44s;AVENIDA JOSE FRANCISCO RANGEL E SOUZA, 18, ARACATIBA, MARICA-RJ, CEP: 24901365  - Tel: 21997141940;
DARIO FAGUNDES DOS SANTOS;False;;M;12/02/1964 00:00:00;62;706702545455315;Procedimento;TATIANA PUREZA DA SILVA;;<procedimento>, ESCUTA INICIAL / ORIENTACAO (ACOLHIMENTO A DEMANDA ESPONTANEA)</procedimento>;<procedimento>  0301040079 - ESCUTA INICIAL / ORIENTACAO (ACOLHIMENTO A DEMANDA ESPONTANEA) - Quantidade: 1
</procedimento>;;;;;Espontanea;21/09/2026 15:55:11;21/09/2026 00:00:00;21/09/2026 00:00:00;31s;RUA HUMBERTO LOPES DA FONTOURA, 112, CENTRO, MARICA-RJ, CEP: 24900420  - Tel: 21992950136;
MARIA DA SILVA DOS SANTOS;False;;F;16/08/1939 00:00:00;87;708001314321420;Escuta Inicial;SILVIA GOMES DA SILVA;;<procedimento>, ESCUTA INICIAL / ORIENTACAO (ACOLHIMENTO A DEMANDA ESPONTANEA)</procedimento>;<procedimento>  0301040079 - ESCUTA INICIAL / ORIENTACAO (ACOLHIMENTO A DEMANDA ESPONTANEA) - Quantidade: 1
</procedimento>;N;;;N;Espontanea;21/09/2026 15:56:30;21/09/2026 00:00:00;21/09/2026 00:00:00;45s;RUA DOS PROFESSORES, S/N, QD 467 LT 18, JARDIM ATLANTICO LESTE (ITAIPUACU), MARICA-RJ, CEP: 24933415  - Tel: 21967299600;
JOSE GILBERTO DA SILVA;False;;M;14/04/1959 00:00:00;67;708001337621323;Escuta Inicial;SILVIA GOMES DA SILVA;;<procedimento>, ESCUTA INICIAL / ORIENTACAO (ACOLHIMENTO A DEMANDA ESPONTANEA)</procedimento>;<procedimento>  0301040079 - ESCUTA INICIAL / ORIENTACAO (ACOLHIMENTO A DEMANDA ESPONTANEA) - Quantidade: 1
</procedimento>;N;;;N;Espontanea;21/09/2026 15:57:24;21/09/2026 00:00:00;21/09/2026 00:00:00;38s;RUA DOS QUINTANILHAS, S/N, CENTRO, MARICA-RJ, CEP: 24900155  - Tel: 21992214339;
PAULO TADEU DOS REIS;False;;M;30/01/1957 00:00:00;69;700007439077401;Consulta c/ Fonoaudiologo;ANDREI PEREIRA DOS SANTOS; H93  - TRANSTORNOS DO OUVIDO NAO CLASSIFICADOS EM OUTRA PARTE;<procedimento>, CONSULTA DE PROFISSIONAIS DE NIVEL SUPERIOR NA ATENCAO ESPECIALIZADA (EXCETO MEDICO)</procedimento>;<procedimento>  0301010048 - CONSULTA DE PROFISSIONAIS DE NIVEL SUPERIOR NA ATENCAO ESPECIALIZADA (EXCETO MEDICO) - Quantidade: 1
</procedimento>;N;;;N;Programada;21/09/2026 15:57:01;21/09/2026 00:00:00;21/09/2026 00:00:00;31s;RUA IRINEU FERREIRA PINTO, 37, CASA 01, PONTA GROSSA, MARICA-RJ, CEP: 24914345  - Tel: 21999380350;
MARCELO DE AZEVEDO;False;;M;28/02/1970 00:00:00;56;701801212729078;Escuta Inicial;SILVIA GOMES DA SILVA;;<procedimento>, AFERICAO DE PRESSAO ARTERIAL</procedimento><procedimento>, AVALIACAO ANTROPOMETRICA</procedimento><procedimento>, ESCUTA INICIAL / ORIENTACAO (ACOLHIMENTO A DEMANDA ESPONTANEA)</procedimento>;<procedimento>  0101040024 - AVALIACAO ANTROPOMETRICA - Quantidade: 1
</procedimento><procedimento>  0301040079 - ESCUTA INICIAL / ORIENTACAO (ACOLHIMENTO A DEMANDA ESPONTANEA) - Quantidade: 1
</procedimento><procedimento>  0301100039 - AFERICAO DE PRESSAO ARTERIAL - Quantidade: 1
</procedimento>;N;;;N;Espontanea;21/09/2026 15:59:14;21/09/2026 00:00:00;21/09/2026 00:00:00;1min 15s;RUA DAS ACACIAS, 14, LT 14 QD C, ITAPEBA, MARICA-RJ, CEP: 24913230  - Tel: 21998342566;
NEUZA SAMPAIO DE SOUZA;False;;F;03/04/1938 00:00:00;88;700009127004303;Escuta Inicial;SILVIA GOMES DA SILVA;;<procedimento>, AFERICAO DE PRESSAO ARTERIAL</procedimento><procedimento>, AVALIACAO ANTROPOMETRICA</procedimento><procedimento>, ESCUTA INICIAL / ORIENTACAO (ACOLHIMENTO A DEMANDA ESPONTANEA)</procedimento>;<procedimento>  0101040024 - AVALIACAO ANTROPOMETRICA - Quantidade: 1
</procedimento><procedimento>  0301040079 - ESCUTA INICIAL / ORIENTACAO (ACOLHIMENTO A DEMANDA ESPONTANEA) - Quantidade: 1
</procedimento><procedimento>  0301100039 - AFERICAO DE PRESSAO ARTERIAL - Quantidade: 1
</procedimento>;N;;;N;Espontanea;21/09/2026 16:00:52;21/09/2026 00:00:00;21/09/2026 00:00:00;1min 34s;RUA CINQUENTA, S/N, QD 171 LT 31, JARDIM ATLANTICO CENTRAL (ITAIPUACU), MARICA-RJ, CEP: 24934560  - Tel: 21995021220;
BIANCA COSTA DA SILVA;False;;F;13/04/1988 00:00:00;38;704605128619429;Procedimento;TATIANA PUREZA DA SILVA;;<procedimento>, ESCUTA INICIAL / ORIENTACAO (ACOLHIMENTO A DEMANDA ESPONTANEA)</procedimento>;<procedimento>  0301040079 - ESCUTA INICIAL / ORIENTACAO (ACOLHIMENTO A DEMANDA ESPONTANEA) - Quantidade: 1
</procedimento>;;;;;Espontanea;21/09/2026 16:01:52;21/09/2026 00:00:00;21/09/2026 00:00:00;1min 2s;RUA TRINTA E DOIS, S/N, QD 01 LT 02 CS2, JARDIM ATLANTICO OESTE (ITAIPUACU), MARICA-RJ, CEP: 24935430  - Tel: 21996849189;
EDIR PIRES PINTO;False;;F;21/03/1961 00:00:00;65;703402231684115;Procedimento;TATIANA PUREZA DA SILVA;;<procedimento>, ESCUTA INICIAL / ORIENTACAO (ACOLHIMENTO A DEMANDA ESPONTANEA)</procedimento>;<procedimento>  0301040079 - ESCUTA INICIAL / ORIENTACAO (ACOLHIMENTO A DEMANDA ESPONTANEA) - Quantidade: 1
</procedimento>;;;;;Espontanea;21/09/2026 16:01:14;21/09/2026 00:00:00;21/09/2026 00:00:00;22s;RUA CARMEM MIRANDA, 83, ITAPEBA, MARICA-RJ, CEP: 24912340  - Tel: 2126372362;
MARIA JOSE PRUDENCIO JACUA;False;;F;08/09/1948 00:00:00;78;702406517807427;Escuta Inicial;SILVIA GOMES DA SILVA;;<procedimento>, AFERICAO DE PRESSAO ARTERIAL</procedimento><procedimento>, AVALIACAO ANTROPOMETRICA</procedimento><procedimento>, ESCUTA INICIAL / ORIENTACAO (ACOLHIMENTO A DEMANDA ESPONTANEA)</procedimento>;<procedimento>  0101040024 - AVALIACAO ANTROPOMETRICA - Quantidade: 1
</procedimento><procedimento>  0301040079 - ESCUTA INICIAL / ORIENTACAO (ACOLHIMENTO A DEMANDA ESPONTANEA) - Quantidade: 1
</procedimento><procedimento>  0301100039 - AFERICAO DE PRESSAO ARTERIAL - Quantidade: 1
</procedimento>;N;;;N;Espontanea;21/09/2026 16:02:11;21/09/2026 00:00:00;21/09/2026 00:00:00;56s;RUA SESSENTA E CINCO, S/N, LOTE22 QUADRA81, GUARATIBA (PONTA NEGRA), MARICA-RJ, CEP: 24916425  - Tel: 21951000136;
GILBERTO SENA SANTIAGO;False;;M;12/06/1961 00:00:00;65;;Escuta Inicial;SILVIA GOMES DA SILVA;;<procedimento>, AFERICAO DE PRESSAO ARTERIAL</procedimento><procedimento>, AVALIACAO ANTROPOMETRICA</procedimento><procedimento>, ESCUTA INICIAL / ORIENTACAO (ACOLHIMENTO A DEMANDA ESPONTANEA)</procedimento>;<procedimento>  0101040024 - AVALIACAO ANTROPOMETRICA - Quantidade: 1
</procedimento><procedimento>  0301040079 - ESCUTA INICIAL / ORIENTACAO (ACOLHIMENTO A DEMANDA ESPONTANEA) - Quantidade: 1
</procedimento><procedimento>  0301100039 - AFERICAO DE PRESSAO ARTERIAL - Quantidade: 1
</procedimento>;N;;;N;Espontanea;21/09/2026 16:03:29;21/09/2026 00:00:00;21/09/2026 00:00:00;1min 14s;RUA ALBERTO SANTOS DUMONT, S/N, CENTRO, MARICA-RJ, CEP: 24901100  - Tel: 21988984507;
HULDO SANTIAGO MANSO PEREIRA;False;;M;21/03/1941 00:00:00;85;701005816865997;Escuta Inicial;SILVIA GOMES DA SILVA;;<procedimento>, AFERICAO DE PRESSAO ARTERIAL</procedimento><procedimento>, AVALIACAO ANTROPOMETRICA</procedimento><procedimento>, ESCUTA INICIAL / ORIENTACAO (ACOLHIMENTO A DEMANDA ESPONTANEA)</procedimento>;<procedimento>  0101040024 - AVALIACAO ANTROPOMETRICA - Quantidade: 1
</procedimento><procedimento>  0301040079 - ESCUTA INICIAL / ORIENTACAO (ACOLHIMENTO A DEMANDA ESPONTANEA) - Quantidade: 1
</procedimento><procedimento>  0301100039 - AFERICAO DE PRESSAO ARTERIAL - Quantidade: 1
</procedimento>;N;;;N;Espontanea;21/09/2026 16:04:57;21/09/2026 00:00:00;21/09/2026 00:00:00;1min 43s;RUA JOAO DE BARRO, 1549, APT 302, PARQUE NANCI, MARICA-RJ, CEP: 24914180  - Tel: 21987317721;
LUIZ GUILHERME VELOSO MAIA;False;;M;17/09/1963 00:00:00;63;705609404206415;Escuta Inicial;SILVIA GOMES DA SILVA;;<procedimento>, AFERICAO DE PRESSAO ARTERIAL</procedimento><procedimento>, AVALIACAO ANTROPOMETRICA</procedimento><procedimento>, ESCUTA INICIAL / ORIENTACAO (ACOLHIMENTO A DEMANDA ESPONTANEA)</procedimento>;<procedimento>  0101040024 - AVALIACAO ANTROPOMETRICA - Quantidade: 1
</procedimento><procedimento>  0301040079 - ESCUTA INICIAL / ORIENTACAO (ACOLHIMENTO A DEMANDA ESPONTANEA) - Quantidade: 1
</procedimento><procedimento>  0301100039 - AFERICAO DE PRESSAO ARTERIAL - Quantidade: 1
</procedimento>;N;;;N;Espontanea;21/09/2026 16:06:21;21/09/2026 00:00:00;21/09/2026 00:00:00;1min 22s;RUA MANOEL CAMILO DA SILVA, S/N, QD399  LT28, JARDIM ATLANTICO LESTE (ITAIPUACU), MARICA-RJ, CEP: 24933535  - Tel: 21971702522;
EDISON DE JESUS MORGADO;False;;M;02/09/1948 00:00:00;78;708206131045745;Escuta Inicial;SILVIA GOMES DA SILVA;;<procedimento>, AFERICAO DE PRESSAO ARTERIAL</procedimento><procedimento>, AVALIACAO ANTROPOMETRICA</procedimento><procedimento>, ESCUTA INICIAL / ORIENTACAO (ACOLHIMENTO A DEMANDA ESPONTANEA)</procedimento>;<procedimento>  0101040024 - AVALIACAO ANTROPOMETRICA - Quantidade: 1
</procedimento><procedimento>  0301040079 - ESCUTA INICIAL / ORIENTACAO (ACOLHIMENTO A DEMANDA ESPONTANEA) - Quantidade: 1
</procedimento><procedimento>  0301100039 - AFERICAO DE PRESSAO ARTERIAL - Quantidade: 1
</procedimento>;N;;;N;Espontanea;21/09/2026 16:07:56;21/09/2026 00:00:00;21/09/2026 00:00:00;1min 46s;AVENIDA OSCAR NIEMEYER, S/N, QD108 LT25B, JARDIM ATLANTICO OESTE (ITAIPUACU), MARICA-RJ, CEP: 24935450  - Tel: 21987185812;
ARY MICAS;False;;M;01/02/1937 00:00:00;89;704100177147772;Consulta de Enfermagem;ELAINE APARECIDA DE SOUZA; K92  - DOENCAS DO APARELHO DIGESTIVO;;;N;;;N;Programada;21/09/2026 16:34:04;21/09/2026 00:00:00;21/09/2026 00:00:00;26min 0s;RUA DEZ, S/N, QD 18 LT 1A CS3, SAO JOSE DO IMBASSAI, MARICA-RJ, CEP: 24930640  - Tel: 21971076241;
JANETE DA SILVA SANTOS;False;;F;13/05/1947 00:00:00;79;706502301193496;Consulta de Enfermagem;ELAINE APARECIDA DE SOUZA; K92  - DOENCAS DO APARELHO DIGESTIVO;<procedimento>, BARREIRAS PROTETORAS DE PELE SINTETICA E/OU MISTA EM FORMA DE PO / PASTA E/OU PLACA</procedimento><procedimento>, BOLSA DE COLOSTOMIA COM ADESIVO MICROPORO DRENAVEL</procedimento><procedimento>, CONSULTA DE PROFISSIONAIS DE NIVEL SUPERIOR NA ATENCAO ESPECIALIZADA (EXCETO MEDICO)</procedimento>;<procedimento>  0301010048 - CONSULTA DE PROFISSIONAIS DE NIVEL SUPERIOR NA ATENCAO ESPECIALIZADA (EXCETO MEDICO) - Quantidade: 1
</procedimento><procedimento>  0701050020 - BOLSA DE COLOSTOMIA COM ADESIVO MICROPORO DRENAVEL - Quantidade: 15
</procedimento><procedimento>  0701060018 - BARREIRAS PROTETORAS DE PELE SINTETICA E/OU MISTA EM FORMA DE PO / PASTA E/OU PLACA - Quantidade: 1
</procedimento>;N;;;N;Programada;21/09/2026 16:54:12;21/09/2026 00:00:00;21/09/2026 00:00:00;18min 0s;RUA DAS ACACIAS, 580, QD11 LT B, CENTRO, MARICA-RJ, CEP: 24900001  - Tel: 21980131808;
HELENA FRANCISCA SALES WERNECK;False;;F;12/05/1950 00:00:00;76;702302124438210;Procedimento;TATIANA PUREZA DA SILVA;;<procedimento>, ESCUTA INICIAL / ORIENTACAO (ACOLHIMENTO A DEMANDA ESPONTANEA)</procedimento>;<procedimento>  0301040079 - ESCUTA INICIAL / ORIENTACAO (ACOLHIMENTO A DEMANDA ESPONTANEA) - Quantidade: 1
</procedimento>;;;;;Espontanea;21/09/2026 16:42:21;21/09/2026 00:00:00;21/09/2026 00:00:00;30s;RUA MANOEL FONSECA, S/N, LOTE09QUADRA116, JARDIM INTERLAGOS (PONTA NEGRA), MARICA-RJ, CEP: 24917075  - Tel: 21975752302;
