recurso;sistema;manual;ramo_ser;recurso_catalogo;pareamento;secao;tipo;texto_original;idade_min;idade_max;sexo;pergunta;documento;fonte
ALERGOLOGIA PEDIATRIA;SER;CRECE;AmbulatorioEstadual;CONSULTA EM ALERGOLOGIA - PEDIATRIA;celula;inclusao;NaoDedutivel;Anafilaxia;;;;Anafilaxia;;CRECE p.12
ALERGOLOGIA PEDIATRIA;SER;CRECE;AmbulatorioEstadual;CONSULTA EM ALERGOLOGIA - PEDIATRIA;celula;inclusao;NaoDedutivel;Urticária e angioedema agudos e crônicos com fator etiológico desconhecido;;;;Urticária e angioedema agudos e crônicos com fator etiológico desconhecido;;CRECE p.12
ALERGOLOGIA PEDIATRIA;SER;CRECE;AmbulatorioEstadual;CONSULTA EM ALERGOLOGIA - PEDIATRIA;celula;inclusao;Dedutivel;Rinite alérgica persistente de crianças entre 2 a 12 anos;2;12;;;;CRECE p.12
ALERGOLOGIA PEDIATRIA;SER;CRECE;AmbulatorioEstadual;CONSULTA EM ALERGOLOGIA - PEDIATRIA;celula;inclusao;Dedutivel;Asma brônquica persistente de crianças entre 2 a 12 anos;2;12;;;;CRECE p.12
ALERGOLOGIA PEDIATRIA;SER;CRECE;AmbulatorioEstadual;CONSULTA EM ALERGOLOGIA - PEDIATRIA;celula;inclusao;NaoDedutivel;Dermatite atópica moderada a grave;;;;Dermatite atópica moderada a grave;;CRECE p.12
ALERGOLOGIA PEDIATRIA;SER;CRECE;AmbulatorioEstadual;CONSULTA EM ALERGOLOGIA - PEDIATRIA;celula;inclusao;NaoDedutivel;Alergia alimentar;;;;Alergia alimentar;;CRECE p.12
ALERGOLOGIA PEDIATRIA;SER;CRECE;AmbulatorioEstadual;CONSULTA EM ALERGOLOGIA - PEDIATRIA;celula;inclusao;NaoDedutivel;Sinusites frequentes;;;;Sinusites frequentes;;CRECE p.12
ALERGOLOGIA PEDIATRIA;SER;CRECE;AmbulatorioEstadual;CONSULTA EM ALERGOLOGIA - PEDIATRIA;celula;inclusao;NaoDedutivel;Asma grave - crises frequentes (mais de cinco por ano);;;;Asma grave - crises frequentes (mais de cinco por ano);;CRECE p.12
ALERGOLOGIA PEDIATRIA;SER;CRECE;AmbulatorioEstadual;CONSULTA EM ALERGOLOGIA - PEDIATRIA;celula;inclusao;NaoDedutivel;Internações - atendimento de emergência;;;;Internações - atendimento de emergência;;CRECE p.12
ALERGOLOGIA PEDIATRIA;SER;CRECE;AmbulatorioEstadual;CONSULTA EM ALERGOLOGIA - PEDIATRIA;celula;inclusao;NaoDedutivel;Prejuízo na Escola - dificuldades em exercícios e esportes;;;;Prejuízo na Escola - dificuldades em exercícios e esportes;;CRECE p.12
ALERGOLOGIA PEDIATRIA;SER;CRECE;AmbulatorioEstadual;CONSULTA EM ALERGOLOGIA - PEDIATRIA;celula;inclusao;Dedutivel;Lactentes sibilante - até 2 anos de idade;;2;;;;CRECE p.12
ALERGOLOGIA PEDIATRIA;SER;CRECE;AmbulatorioEstadual;CONSULTA EM ALERGOLOGIA - PEDIATRIA;celula;inclusao;NaoDedutivel;Urticária crônica e angioedema com mais de 6 semanas de duração;;;;Urticária crônica e angioedema com mais de 6 semanas de duração;;CRECE p.12
ALERGOLOGIA PEDIATRIA;SER;CRECE;AmbulatorioEstadual;CONSULTA EM ALERGOLOGIA - PEDIATRIA;celula;inclusao;NaoDedutivel;Dermatite atópica grave com infecção secundária, grande extensão e prejuízo estético;;;;Dermatite atópica grave com infecção secundária, grande extensão e prejuízo estético;;CRECE p.12
ALERGOLOGIA PEDIATRIA;SER;CRECE;AmbulatorioEstadual;CONSULTA EM ALERGOLOGIA - PEDIATRIA;celula;inclusao;NaoDedutivel;Dermatite de contato extensa e sem etiologia definida;;;;Dermatite de contato extensa e sem etiologia definida;;CRECE p.12
ALERGOLOGIA PEDIATRIA;SER;CRECE;AmbulatorioEstadual;CONSULTA EM ALERGOLOGIA - PEDIATRIA;celula;inclusao;NaoDedutivel;Alergia alimentar com reações sistêmicas graves;;;;Alergia alimentar com reações sistêmicas graves;;CRECE p.12
ALERGOLOGIA PEDIATRIA;SER;CRECE;AmbulatorioEstadual;CONSULTA EM ALERGOLOGIA - PEDIATRIA;celula;inclusao;NaoDedutivel;Reações adversas a drogas com sintomas sistêmicos graves;;;;Reações adversas a drogas com sintomas sistêmicos graves;;CRECE p.12
ALERGOLOGIA PEDIATRIA;SER;CRECE;AmbulatorioEstadual;CONSULTA EM ALERGOLOGIA - PEDIATRIA;celula;inclusao;NaoDedutivel;Reação grave a picada de inseto com reação sistêmica ou reaccao local importante ou infecções secundárias e cicatrizes;;;;Reação grave a picada de inseto com reação sistêmica ou reaccao local importante ou infecções secundárias e cicatrizes;;CRECE p.12
ALERGOLOGIA PEDIATRIA;SER;CRECE;AmbulatorioEstadual;CONSULTA EM ALERGOLOGIA - PEDIATRIA;celula;inclusao;NaoDedutivel;"Imunodeficiência primária- suspeita se tiver: Pneumonia de repetição (mais de 2 no último ano); infecções de repetição (mais de 8 no último ano)";;;;"Imunodeficiência primária- suspeita se tiver: Pneumonia de repetição (mais de 2 no último ano); infecções de repetição (mais de 8 no último ano)";;CRECE p.12
ALERGOLOGIA PEDIATRIA;SER;CRECE;AmbulatorioEstadual;CONSULTA EM ALERGOLOGIA - PEDIATRIA;celula;inclusao;NaoDedutivel;Otite, sinusite e etc. com abscessos de repetição;;;;Otite, sinusite e etc. com abscessos de repetição;;CRECE p.12
ALERGOLOGIA PEDIATRIA;SER;CRECE;AmbulatorioEstadual;CONSULTA EM ALERGOLOGIA - PEDIATRIA;celula;inclusao;NaoDedutivel;Reações adversas a BCG;;;;Reações adversas a BCG;;CRECE p.12
ALERGOLOGIA PEDIATRIA;SER;CRECE;AmbulatorioEstadual;CONSULTA EM ALERGOLOGIA - PEDIATRIA;celula;inclusao;NaoDedutivel;Monilíase oral por mais de 2 meses (sapinho);;;;Monilíase oral por mais de 2 meses (sapinho);;CRECE p.12
ALERGOLOGIA PEDIATRIA;SER;CRECE;AmbulatorioEstadual;CONSULTA EM ALERGOLOGIA - PEDIATRIA;celula;inclusao;NaoDedutivel;História de imunodeficiência familiar;;;;História de imunodeficiência familiar;;CRECE p.12
ALERGOLOGIA PEDIATRIA;SER;CRECE;AmbulatorioEstadual;CONSULTA EM ALERGOLOGIA - PEDIATRIA;celula;inclusao;NaoDedutivel;Infecções sistêmicas graves (sepse, meningite, etc.);;;;Infecções sistêmicas graves (sepse, meningite, etc.);;CRECE p.12
ALERGOLOGIA PEDIATRIA;SER;CRECE;AmbulatorioEstadual;CONSULTA EM ALERGOLOGIA - PEDIATRIA;celula;inclusao;NaoDedutivel;do prestador (unidade executante);;;;do prestador (unidade executante);;CRECE p.12
ALERGOLOGIA PEDIATRIA;SER;CRECE;AmbulatorioEstadual;CONSULTA EM ALERGOLOGIA - PEDIATRIA;celula;exclusao;NaoDedutivel;Lactente sibilante;;;;Lactente sibilante;;CRECE p.12
ALERGOLOGIA PEDIATRIA;SER;CRECE;AmbulatorioEstadual;CONSULTA EM ALERGOLOGIA - PEDIATRIA;celula;exclusao;NaoDedutivel;Dermatite de contato extensa;;;;Dermatite de contato extensa;;CRECE p.12
ALERGOLOGIA PEDIATRIA;SER;CRECE;AmbulatorioEstadual;CONSULTA EM ALERGOLOGIA - PEDIATRIA;celula;exclusao;NaoDedutivel;Alergia alimentar com sintomas sistêmicos graves;;;;Alergia alimentar com sintomas sistêmicos graves;;CRECE p.12
ALERGOLOGIA PEDIATRIA;SER;CRECE;AmbulatorioEstadual;CONSULTA EM ALERGOLOGIA - PEDIATRIA;celula;exclusao;NaoDedutivel;Imunodeficiência primária (todas - incluindo angioedema hereditário) e secundárias;;;;Imunodeficiência primária (todas - incluindo angioedema hereditário) e secundárias;;CRECE p.12
ALERGOLOGIA PEDIATRIA;SER;CRECE;AmbulatorioEstadual;CONSULTA EM ALERGOLOGIA - PEDIATRIA;celula;exclusao;NaoDedutivel;Investigação de Imunidade;;;;Investigação de Imunidade;;CRECE p.12
ALERGOLOGIA PEDIATRIA;SER;CRECE;AmbulatorioEstadual;CONSULTA EM ALERGOLOGIA - PEDIATRIA;celula;exclusao;NaoDedutivel;Reação a medicamentos;;;;Reação a medicamentos;;CRECE p.12
ALERGOLOGIA PEDIATRIA;SER;CRECE;AmbulatorioEstadual;CONSULTA EM ALERGOLOGIA - PEDIATRIA;celula;exclusao;NaoDedutivel;Observar os;;;;Observar os;;CRECE p.12
ALERGOLOGIA PEDIATRIA;SER;CRECE;AmbulatorioEstadual;CONSULTA EM ALERGOLOGIA - PEDIATRIA;celula;exclusao;NaoDedutivel;de cada prestador e faixa etária para atendimento;;;;de cada prestador e faixa etária para atendimento;;CRECE p.12
ANGIOLOGIA;SER;CRECE;AmbulatorioEstadual;CONSULTA EM ANGIOLOGIA;celula;inclusao;NaoDedutivel;Doença arterial periférica;;;;Doença arterial periférica;;CRECE p.13
ANGIOLOGIA;SER;CRECE;AmbulatorioEstadual;CONSULTA EM ANGIOLOGIA;celula;inclusao;NaoDedutivel;Claudicação intermitente;;;;Claudicação intermitente;;CRECE p.13
ANGIOLOGIA;SER;CRECE;AmbulatorioEstadual;CONSULTA EM ANGIOLOGIA;celula;inclusao;NaoDedutivel;Ausência de pulsos arteriais;;;;Ausência de pulsos arteriais;;CRECE p.13
ANGIOLOGIA;SER;CRECE;AmbulatorioEstadual;CONSULTA EM ANGIOLOGIA;celula;inclusao;NaoDedutivel;Varizes essenciais ou IVC (sem úlcera);;;;Varizes essenciais ou IVC (sem úlcera);;CRECE p.13
ANGIOLOGIA;SER;CRECE;AmbulatorioEstadual;CONSULTA EM ANGIOLOGIA;celula;inclusao;NaoDedutivel;Linfedema (edema linfático);;;;Linfedema (edema linfático);;CRECE p.13
ANGIOLOGIA;SER;CRECE;AmbulatorioEstadual;CONSULTA EM ANGIOLOGIA;celula;inclusao;NaoDedutivel;Elefantíase;;;;Elefantíase;;CRECE p.13
ANGIOLOGIA;SER;CRECE;AmbulatorioEstadual;CONSULTA EM ANGIOLOGIA;celula;inclusao;NaoDedutivel;Angiodisplasia (má formação vascular);;;;Angiodisplasia (má formação vascular);;CRECE p.13
ANGIOLOGIA;SER;CRECE;AmbulatorioEstadual;CONSULTA EM ANGIOLOGIA;celula;inclusao;NaoDedutivel;Síndrome do desfiladeiro cérvico-torácico;;;;Síndrome do desfiladeiro cérvico-torácico;;CRECE p.13
ANGIOLOGIA;SER;CRECE;AmbulatorioEstadual;CONSULTA EM ANGIOLOGIA;celula;inclusao;NaoDedutivel;Artrite de Takayuasu;;;;Artrite de Takayuasu;;CRECE p.13
ANGIOLOGIA;SER;CRECE;AmbulatorioEstadual;CONSULTA EM ANGIOLOGIA;celula;inclusao;NaoDedutivel;Doença de Behcet;;;;Doença de Behcet;;CRECE p.13
ANGIOLOGIA;SER;CRECE;AmbulatorioEstadual;CONSULTA EM ANGIOLOGIA;celula;inclusao;NaoDedutivel;do prestador (unidade executante);;;;do prestador (unidade executante);;CRECE p.13
ANGIOLOGIA;SER;CRECE;AmbulatorioEstadual;CONSULTA EM ANGIOLOGIA;celula;exclusao;NaoDedutivel;Pacientes com feridas nas pernas;;;;Pacientes com feridas nas pernas;;CRECE p.13
ANGIOLOGIA;SER;CRECE;AmbulatorioEstadual;CONSULTA EM ANGIOLOGIA;celula;exclusao;NaoDedutivel;Observar os;;;;Observar os;;CRECE p.13
ANGIOLOGIA;SER;CRECE;AmbulatorioEstadual;CONSULTA EM ANGIOLOGIA;celula;exclusao;NaoDedutivel;de cada prestador e faixa etária para atendimento;;;;de cada prestador e faixa etária para atendimento;;CRECE p.13
CARDIOLOGIA PEDIATRIA;SER;CRECE;AmbulatorioEstadual;CONSULTA EM CARDIOLOGIA - PEDIATRIA;celula;inclusao;NaoDedutivel;Investigação diagnóstica de “Sopro Cardíaco”;;;;Investigação diagnóstica de “Sopro Cardíaco”;;CRECE p.14
CARDIOLOGIA PEDIATRIA;SER;CRECE;AmbulatorioEstadual;CONSULTA EM CARDIOLOGIA - PEDIATRIA;celula;inclusao;NaoDedutivel;Investigação de Cianose. Investigação de arritmia cardíaca detectada através do exame cardiovascular anormal e/ou eletrocardiograma suspeito;;;;Investigação de Cianose. Investigação de arritmia cardíaca detectada através do exame cardiovascular anormal e/ou eletrocardiograma suspeito;;CRECE p.14
CARDIOLOGIA PEDIATRIA;SER;CRECE;AmbulatorioEstadual;CONSULTA EM CARDIOLOGIA - PEDIATRIA;celula;inclusao;NaoDedutivel;Investigação diagnóstica de Insuficiência Cardíaca;;;;Investigação diagnóstica de Insuficiência Cardíaca;;CRECE p.14
CARDIOLOGIA PEDIATRIA;SER;CRECE;AmbulatorioEstadual;CONSULTA EM CARDIOLOGIA - PEDIATRIA;celula;inclusao;NaoDedutivel;Avaliação cardiológica nas síndromes genéticas, com diagnóstico confirmado;;;;Avaliação cardiológica nas síndromes genéticas, com diagnóstico confirmado;;CRECE p.14
CARDIOLOGIA PEDIATRIA;SER;CRECE;AmbulatorioEstadual;CONSULTA EM CARDIOLOGIA - PEDIATRIA;celula;inclusao;NaoDedutivel;Casos suspeitos de Doenças Reumáticas;;;;Casos suspeitos de Doenças Reumáticas;;CRECE p.14
CARDIOLOGIA PEDIATRIA;SER;CRECE;AmbulatorioEstadual;CONSULTA EM CARDIOLOGIA - PEDIATRIA;celula;inclusao;NaoDedutivel;Investigação diagnóstica de Síncope;;;;Investigação diagnóstica de Síncope;;CRECE p.14
CARDIOLOGIA PEDIATRIA;SER;CRECE;AmbulatorioEstadual;CONSULTA EM CARDIOLOGIA - PEDIATRIA;celula;inclusao;NaoDedutivel;Investigação de dor torácica na infância e na adolescência;;;;Investigação de dor torácica na infância e na adolescência;;CRECE p.14
CARDIOLOGIA PEDIATRIA;SER;CRECE;AmbulatorioEstadual;CONSULTA EM CARDIOLOGIA - PEDIATRIA;celula;inclusao;Documental;Inserir Ecocardiograma com laudo, se houver;;;;;Inserir Ecocardiograma com laudo, se houver;CRECE p.14
CARDIOLOGIA PEDIATRIA;SER;CRECE;AmbulatorioEstadual;CONSULTA EM CARDIOLOGIA - PEDIATRIA;celula;inclusao;Documental;Inserir todos os últimos exames realizados anteriormente (Laboratorial, Radiografia, etc);;;;;Inserir todos os últimos exames realizados anteriormente (Laboratorial, Radiografia, etc);CRECE p.14
CARDIOLOGIA PEDIATRIA;SER;CRECE;AmbulatorioEstadual;CONSULTA EM CARDIOLOGIA - PEDIATRIA;celula;inclusao;NaoDedutivel;do prestador (Unidade executante);;;;do prestador (Unidade executante);;CRECE p.14
CARDIOLOGIA PEDIATRIA;SER;CRECE;AmbulatorioEstadual;CONSULTA EM CARDIOLOGIA - PEDIATRIA;celula;exclusao;NaoDedutivel;Não marcar Risco Cirúrgico sem antecedentes de cardiopatias;;;;Não marcar Risco Cirúrgico sem antecedentes de cardiopatias;;CRECE p.14
CARDIOLOGIA PEDIATRIA;SER;CRECE;AmbulatorioEstadual;CONSULTA EM CARDIOLOGIA - PEDIATRIA;celula;exclusao;NaoDedutivel;Avaliação cardiológica para academias ou atividades físicas em crianças saudáveis. OBS: A avaliação cardiológica clínica para prática de esporte deve ser feita pela pediatria e somente encaminhados os pacientes para a cardiologia pediátrica nos casos de suspeita de cardiopatia congênita - arritmia ou historia familiar de morte súbita;;;;Avaliação cardiológica para academias ou atividades físicas em crianças saudáveis. OBS: A avaliação cardiológica clínica para prática de esporte deve ser feita pela pediatria e somente encaminhados os pacientes para a cardiologia pediátrica nos casos de suspeita de cardiopatia congênita - arritmia ou historia familiar de morte súbita;;CRECE p.14
CARDIOLOGIA PEDIATRIA;SER;CRECE;AmbulatorioEstadual;CONSULTA EM CARDIOLOGIA - PEDIATRIA;celula;exclusao;NaoDedutivel;Observar os;;;;Observar os;;CRECE p.14
CARDIOLOGIA PEDIATRIA;SER;CRECE;AmbulatorioEstadual;CONSULTA EM CARDIOLOGIA - PEDIATRIA;celula;exclusao;NaoDedutivel;de cada prestador e faixa etária para atendimento;;;;de cada prestador e faixa etária para atendimento;;CRECE p.14
CARDIOLOGIA - INSUFICIÊNCIA CARDÍACA;SER;CRECE;AmbulatorioEstadual;CONSULTA EM CARDIOLOGIA - INSUFICIENCIA CARDIACA;composto;inclusao;NaoDedutivel;Pacientes com mais de 18 anos com diagnóstico de Insuficiência Cardíaca, apresentando Fração de Ejeção no Ecocardiograma (menor) < - 40%;;;;Pacientes com mais de 18 anos com diagnóstico de Insuficiência Cardíaca, apresentando Fração de Ejeção no Ecocardiograma (menor) < - 40%;;CRECE p.15
CARDIOLOGIA - INSUFICIÊNCIA CARDÍACA;SER;CRECE;AmbulatorioEstadual;CONSULTA EM CARDIOLOGIA - INSUFICIENCIA CARDIACA;composto;inclusao;Documental;Inserir Ecocardiograma realizado há menos de 6 meses;;;;;Inserir Ecocardiograma realizado há menos de 6 meses;CRECE p.15
CARDIOLOGIA - INSUFICIÊNCIA CARDÍACA;SER;CRECE;AmbulatorioEstadual;CONSULTA EM CARDIOLOGIA - INSUFICIENCIA CARDIACA;composto;inclusao;NaoDedutivel;Observar os;;;;Observar os;;CRECE p.15
CARDIOLOGIA - INSUFICIÊNCIA CARDÍACA;SER;CRECE;AmbulatorioEstadual;CONSULTA EM CARDIOLOGIA - INSUFICIENCIA CARDIACA;composto;inclusao;NaoDedutivel;de cada prestador (Unidade executante);;;;de cada prestador (Unidade executante);;CRECE p.15
CARDIOLOGIA - INSUFICIÊNCIA CARDÍACA;SER;CRECE;AmbulatorioEstadual;CONSULTA EM CARDIOLOGIA - INSUFICIENCIA CARDIACA;composto;exclusao;NaoDedutivel;Pacientes com indicação de Cirurgia de Troca Valvar Cardíaca ou Revascularização Miocárdica e Pacientes sem exames que comprovem a presença de Insuficiência Cardíaca Grave;;;;Pacientes com indicação de Cirurgia de Troca Valvar Cardíaca ou Revascularização Miocárdica e Pacientes sem exames que comprovem a presença de Insuficiência Cardíaca Grave;;CRECE p.15
CARDIOLOGIA - INSUFICIÊNCIA CARDÍACA;SER;CRECE;AmbulatorioEstadual;CONSULTA EM CARDIOLOGIA - INSUFICIENCIA CARDIACA;composto;exclusao;NaoDedutivel;Observar os;;;;Observar os;;CRECE p.15
CARDIOLOGIA - INSUFICIÊNCIA CARDÍACA;SER;CRECE;AmbulatorioEstadual;CONSULTA EM CARDIOLOGIA - INSUFICIENCIA CARDIACA;composto;exclusao;NaoDedutivel;de cada prestador e faixa etária para atendimento;;;;de cada prestador e faixa etária para atendimento;;CRECE p.15
CIRURGIA GERAL - APARELHO DIGESTÓRIO;SER;CRECE;AmbulatorioEstadual;;SEM_PAR;inclusao;NaoDedutivel;Observar se há necessidade de apresentação de exames complementares definidos pelo prestador;;;;Observar se há necessidade de apresentação de exames complementares definidos pelo prestador;;CRECE p.50
CIRURGIA GERAL - APARELHO DIGESTÓRIO;SER;CRECE;AmbulatorioEstadual;;SEM_PAR;inclusao;NaoDedutivel;Pacientes que apresentem determinadas patologias, como;;;;Pacientes que apresentem determinadas patologias, como;;CRECE p.50
CIRURGIA GERAL - APARELHO DIGESTÓRIO;SER;CRECE;AmbulatorioEstadual;;SEM_PAR;inclusao;NaoDedutivel;"Pacientes que apresentem determinadas patologias, como: Câncer de estômago;";;;;"Pacientes que apresentem determinadas patologias, como: Câncer de estômago;";;CRECE p.50
CIRURGIA GERAL - APARELHO DIGESTÓRIO;SER;CRECE;AmbulatorioEstadual;;SEM_PAR;inclusao;NaoDedutivel;"Pacientes que apresentem determinadas patologias, como: Úlcera de estômago e tumores benignos;";;;;"Pacientes que apresentem determinadas patologias, como: Úlcera de estômago e tumores benignos;";;CRECE p.50
CIRURGIA GERAL - APARELHO DIGESTÓRIO;SER;CRECE;AmbulatorioEstadual;;SEM_PAR;inclusao;NaoDedutivel;"Pacientes que apresentem determinadas patologias, como: Patologias do intestino delgado;";;;;"Pacientes que apresentem determinadas patologias, como: Patologias do intestino delgado;";;CRECE p.50
CIRURGIA GERAL - APARELHO DIGESTÓRIO;SER;CRECE;AmbulatorioEstadual;;SEM_PAR;inclusao;NaoDedutivel;"Pacientes que apresentem determinadas patologias, como: Câncer de cólon;";;;;"Pacientes que apresentem determinadas patologias, como: Câncer de cólon;";;CRECE p.50
CIRURGIA GERAL - APARELHO DIGESTÓRIO;SER;CRECE;AmbulatorioEstadual;;SEM_PAR;inclusao;NaoDedutivel;"Pacientes que apresentem determinadas patologias, como: Doença diverticular do cólon;";;;;"Pacientes que apresentem determinadas patologias, como: Doença diverticular do cólon;";;CRECE p.50
CIRURGIA GERAL - APARELHO DIGESTÓRIO;SER;CRECE;AmbulatorioEstadual;;SEM_PAR;inclusao;NaoDedutivel;"Pacientes que apresentem determinadas patologias, como: Megacólon e Doença de Crohn;";;;;"Pacientes que apresentem determinadas patologias, como: Megacólon e Doença de Crohn;";;CRECE p.50
CIRURGIA GERAL - APARELHO DIGESTÓRIO;SER;CRECE;AmbulatorioEstadual;;SEM_PAR;inclusao;NaoDedutivel;Pacientes que apresentem determinadas patologias, como: Entre outras condições;;;;Pacientes que apresentem determinadas patologias, como: Entre outras condições;;CRECE p.50
CIRURGIA GERAL - APARELHO DIGESTÓRIO;SER;CRECE;AmbulatorioEstadual;;SEM_PAR;inclusao;NaoDedutivel;Observar os;;;;Observar os;;CRECE p.50
CIRURGIA GERAL - APARELHO DIGESTÓRIO;SER;CRECE;AmbulatorioEstadual;;SEM_PAR;inclusao;NaoDedutivel;do paciente de acordo com cada prestador;;;;do paciente de acordo com cada prestador;;CRECE p.50
CIRURGIA GERAL - APARELHO DIGESTÓRIO;SER;CRECE;AmbulatorioEstadual;;SEM_PAR;exclusao;NaoDedutivel;Observar os;;;;Observar os;;CRECE p.50
CIRURGIA GERAL - APARELHO DIGESTÓRIO;SER;CRECE;AmbulatorioEstadual;;SEM_PAR;exclusao;NaoDedutivel;de cada prestador e faixa etária para atendimento;;;;de cada prestador e faixa etária para atendimento;;CRECE p.50
CIRURGIA GERAL - ESÔFAGO;SER;CRECE;AmbulatorioEstadual;CONSULTA EM CIRURGIA GERAL - ESOFAGO;composto;inclusao;NaoDedutivel;Observar se há necessidade de apresentação de exames complementares definidos pelo prestador;;;;Observar se há necessidade de apresentação de exames complementares definidos pelo prestador;;CRECE p.50
CIRURGIA GERAL - ESÔFAGO;SER;CRECE;AmbulatorioEstadual;CONSULTA EM CIRURGIA GERAL - ESOFAGO;composto;inclusao;NaoDedutivel;Pacientes que apresentem determinadas patologias, como;;;;Pacientes que apresentem determinadas patologias, como;;CRECE p.50
CIRURGIA GERAL - ESÔFAGO;SER;CRECE;AmbulatorioEstadual;CONSULTA EM CIRURGIA GERAL - ESOFAGO;composto;inclusao;NaoDedutivel;"Pacientes que apresentem determinadas patologias, como: Doença do refluxo gastroesofágico;";;;;"Pacientes que apresentem determinadas patologias, como: Doença do refluxo gastroesofágico;";;CRECE p.50
CIRURGIA GERAL - ESÔFAGO;SER;CRECE;AmbulatorioEstadual;CONSULTA EM CIRURGIA GERAL - ESOFAGO;composto;inclusao;NaoDedutivel;"Pacientes que apresentem determinadas patologias, como: Úlceras, Acalasia e Divertículos;";;;;"Pacientes que apresentem determinadas patologias, como: Úlceras, Acalasia e Divertículos;";;CRECE p.50
CIRURGIA GERAL - ESÔFAGO;SER;CRECE;AmbulatorioEstadual;CONSULTA EM CIRURGIA GERAL - ESOFAGO;composto;inclusao;NaoDedutivel;"Pacientes que apresentem determinadas patologias, como: Não respondem satisfatoriamente ao tratamento clínico, inclusive, aqueles com manifestações atípicas cujo refluxo foi devidamente comprovado;";;;;"Pacientes que apresentem determinadas patologias, como: Não respondem satisfatoriamente ao tratamento clínico, inclusive, aqueles com manifestações atípicas cujo refluxo foi devidamente comprovado;";;CRECE p.50
CIRURGIA GERAL - ESÔFAGO;SER;CRECE;AmbulatorioEstadual;CONSULTA EM CIRURGIA GERAL - ESOFAGO;composto;inclusao;NaoDedutivel;"Pacientes que apresentem determinadas patologias, como: Esôfago de barret, Esteatose, Úlcera e sangramento esofágico;";;;;"Pacientes que apresentem determinadas patologias, como: Esôfago de barret, Esteatose, Úlcera e sangramento esofágico;";;CRECE p.50
CIRURGIA GERAL - ESÔFAGO;SER;CRECE;AmbulatorioEstadual;CONSULTA EM CIRURGIA GERAL - ESOFAGO;composto;inclusao;NaoDedutivel;Pacientes que apresentem determinadas patologias, como: Entre outras condições;;;;Pacientes que apresentem determinadas patologias, como: Entre outras condições;;CRECE p.50
CIRURGIA GERAL - ESÔFAGO;SER;CRECE;AmbulatorioEstadual;CONSULTA EM CIRURGIA GERAL - ESOFAGO;composto;inclusao;NaoDedutivel;Observar os;;;;Observar os;;CRECE p.50
CIRURGIA GERAL - ESÔFAGO;SER;CRECE;AmbulatorioEstadual;CONSULTA EM CIRURGIA GERAL - ESOFAGO;composto;inclusao;NaoDedutivel;do paciente de acordo com cada prestador;;;;do paciente de acordo com cada prestador;;CRECE p.50
CIRURGIA GERAL - ESÔFAGO;SER;CRECE;AmbulatorioEstadual;CONSULTA EM CIRURGIA GERAL - ESOFAGO;composto;exclusao;NaoDedutivel;Observar os;;;;Observar os;;CRECE p.50
CIRURGIA GERAL - ESÔFAGO;SER;CRECE;AmbulatorioEstadual;CONSULTA EM CIRURGIA GERAL - ESOFAGO;composto;exclusao;NaoDedutivel;de cada prestador e faixa etária para atendimento;;;;de cada prestador e faixa etária para atendimento;;CRECE p.50
CIRURGIA GERAL - GERAL;SER;CRECE;AmbulatorioEstadual;;SEM_PAR;inclusao;NaoDedutivel;As vagas ofertadas são exclusivamente para pacientes com patologias cirúrgicas,;;;;As vagas ofertadas são exclusivamente para pacientes com patologias cirúrgicas,;;CRECE p.52
CIRURGIA GERAL - GERAL;SER;CRECE;AmbulatorioEstadual;;SEM_PAR;inclusao;NaoDedutivel;do paciente de acordo com cada prestador;;;;do paciente de acordo com cada prestador;;CRECE p.52
CIRURGIA GERAL - GERAL;SER;CRECE;AmbulatorioEstadual;;SEM_PAR;inclusao;NaoDedutivel;Observar se há necessidade de apresentação de exames complementares definidos pelo prestador;;;;Observar se há necessidade de apresentação de exames complementares definidos pelo prestador;;CRECE p.52
CIRURGIA GERAL - GERAL;SER;CRECE;AmbulatorioEstadual;;SEM_PAR;exclusao;NaoDedutivel;Observar os;;;;Observar os;;CRECE p.52
CIRURGIA GERAL - GERAL;SER;CRECE;AmbulatorioEstadual;;SEM_PAR;exclusao;NaoDedutivel;de cada prestador e faixa etária para atendimento;;;;de cada prestador e faixa etária para atendimento;;CRECE p.52
CIRURGIA GERAL - PARTES MOLES;SER;CRECE;AmbulatorioEstadual;CONSULTA EM CIRURGIA GERAL - PARTES MOLES;composto;inclusao;NaoDedutivel;Observar se há necessidade de apresentação de exames complementares definidos pelo prestador;;;;Observar se há necessidade de apresentação de exames complementares definidos pelo prestador;;CRECE p.51
CIRURGIA GERAL - PARTES MOLES;SER;CRECE;AmbulatorioEstadual;CONSULTA EM CIRURGIA GERAL - PARTES MOLES;composto;inclusao;NaoDedutivel;Pacientes que apresentam lesões de pele benignas;;;;Pacientes que apresentam lesões de pele benignas;;CRECE p.51
CIRURGIA GERAL - PARTES MOLES;SER;CRECE;AmbulatorioEstadual;CONSULTA EM CIRURGIA GERAL - PARTES MOLES;composto;inclusao;NaoDedutivel;Observar os;;;;Observar os;;CRECE p.51
CIRURGIA GERAL - PARTES MOLES;SER;CRECE;AmbulatorioEstadual;CONSULTA EM CIRURGIA GERAL - PARTES MOLES;composto;inclusao;NaoDedutivel;do paciente de acordo com cada prestador;;;;do paciente de acordo com cada prestador;;CRECE p.51
CIRURGIA GERAL - PARTES MOLES;SER;CRECE;AmbulatorioEstadual;CONSULTA EM CIRURGIA GERAL - PARTES MOLES;composto;exclusao;NaoDedutivel;Lesões malignas;;;;Lesões malignas;;CRECE p.51
CIRURGIA GERAL - PARTES MOLES;SER;CRECE;AmbulatorioEstadual;CONSULTA EM CIRURGIA GERAL - PARTES MOLES;composto;exclusao;NaoDedutivel;Observar os;;;;Observar os;;CRECE p.51
CIRURGIA GERAL - PARTES MOLES;SER;CRECE;AmbulatorioEstadual;CONSULTA EM CIRURGIA GERAL - PARTES MOLES;composto;exclusao;NaoDedutivel;de cada prestador e faixa etária para atendimento;;;;de cada prestador e faixa etária para atendimento;;CRECE p.51
CIRURGIA GERAL - PÂNCREAS;SER;CRECE;AmbulatorioEstadual;CONSULTA EM CIRURGIA GERAL - PANCREAS;composto;inclusao;NaoDedutivel;As vagas ofertadas são exclusivamente para pacientes com patologias cirúrgicas de pâncreas;;;;As vagas ofertadas são exclusivamente para pacientes com patologias cirúrgicas de pâncreas;;CRECE p.51
CIRURGIA GERAL - PÂNCREAS;SER;CRECE;AmbulatorioEstadual;CONSULTA EM CIRURGIA GERAL - PANCREAS;composto;inclusao;NaoDedutivel;Observar se há necessidade de apresentação de exames complementares definidos pelo prestador;;;;Observar se há necessidade de apresentação de exames complementares definidos pelo prestador;;CRECE p.51
CIRURGIA GERAL - PÂNCREAS;SER;CRECE;AmbulatorioEstadual;CONSULTA EM CIRURGIA GERAL - PANCREAS;composto;inclusao;NaoDedutivel;Observar os;;;;Observar os;;CRECE p.51
CIRURGIA GERAL - PÂNCREAS;SER;CRECE;AmbulatorioEstadual;CONSULTA EM CIRURGIA GERAL - PANCREAS;composto;inclusao;NaoDedutivel;do paciente de acordo com o prestador;;;;do paciente de acordo com o prestador;;CRECE p.51
CIRURGIA GERAL - PÂNCREAS;SER;CRECE;AmbulatorioEstadual;CONSULTA EM CIRURGIA GERAL - PANCREAS;composto;exclusao;NaoDedutivel;Observar os;;;;Observar os;;CRECE p.51
CIRURGIA GERAL - PÂNCREAS;SER;CRECE;AmbulatorioEstadual;CONSULTA EM CIRURGIA GERAL - PANCREAS;composto;exclusao;NaoDedutivel;do prestador e faixa etária para atendimento;;;;do prestador e faixa etária para atendimento;;CRECE p.51
CIRURGIA GERAL - TIREOIDE;SER;CRECE;AmbulatorioEstadual;;SEM_PAR;inclusao;NaoDedutivel;As vagas ofertadas são exclusivamente para pacientes com patologias cirúrgicas de tireoide;;;;As vagas ofertadas são exclusivamente para pacientes com patologias cirúrgicas de tireoide;;CRECE p.52
CIRURGIA GERAL - TIREOIDE;SER;CRECE;AmbulatorioEstadual;;SEM_PAR;inclusao;NaoDedutivel;Observar se há necessidade de apresentação de exames complementares definidos pelo prestador;;;;Observar se há necessidade de apresentação de exames complementares definidos pelo prestador;;CRECE p.52
CIRURGIA GERAL - TIREOIDE;SER;CRECE;AmbulatorioEstadual;;SEM_PAR;inclusao;NaoDedutivel;Observar os;;;;Observar os;;CRECE p.52
CIRURGIA GERAL - TIREOIDE;SER;CRECE;AmbulatorioEstadual;;SEM_PAR;inclusao;NaoDedutivel;do paciente de acordo com cada prestador;;;;do paciente de acordo com cada prestador;;CRECE p.52
CIRURGIA GERAL - TIREOIDE;SER;CRECE;AmbulatorioEstadual;;SEM_PAR;exclusao;NaoDedutivel;Observar os;;;;Observar os;;CRECE p.52
CIRURGIA GERAL - TIREOIDE;SER;CRECE;AmbulatorioEstadual;;SEM_PAR;exclusao;NaoDedutivel;de cada prestador e faixa etária para atendimento;;;;de cada prestador e faixa etária para atendimento;;CRECE p.52
CIRURGIA GERAL - VESÍCULA;SER;CRECE;AmbulatorioEstadual;CONSULTA EM CIRURGIA GERAL - VESICULA;composto;inclusao;NaoDedutivel;As vagas ofertadas são exclusivamente para pacientes com patologias cirúrgicas de vesícula;;;;As vagas ofertadas são exclusivamente para pacientes com patologias cirúrgicas de vesícula;;CRECE p.52
CIRURGIA GERAL - VESÍCULA;SER;CRECE;AmbulatorioEstadual;CONSULTA EM CIRURGIA GERAL - VESICULA;composto;inclusao;NaoDedutivel;Observar se há necessidade de apresentação de exames complementares definidos pelo prestador;;;;Observar se há necessidade de apresentação de exames complementares definidos pelo prestador;;CRECE p.52
CIRURGIA GERAL - VESÍCULA;SER;CRECE;AmbulatorioEstadual;CONSULTA EM CIRURGIA GERAL - VESICULA;composto;inclusao;NaoDedutivel;Pacientes que apresentem determinadas patologias, como;;;;Pacientes que apresentem determinadas patologias, como;;CRECE p.52
CIRURGIA GERAL - VESÍCULA;SER;CRECE;AmbulatorioEstadual;CONSULTA EM CIRURGIA GERAL - VESICULA;composto;inclusao;NaoDedutivel;"Pacientes que apresentem determinadas patologias, como: Colelitíase na vigência de sintomas ou assintomáticos com história prévia de complicações (colecistite, colangite e/ou pancreatite);";;;;"Pacientes que apresentem determinadas patologias, como: Colelitíase na vigência de sintomas ou assintomáticos com história prévia de complicações (colecistite, colangite e/ou pancreatite);";;CRECE p.52
CIRURGIA GERAL - VESÍCULA;SER;CRECE;AmbulatorioEstadual;CONSULTA EM CIRURGIA GERAL - VESICULA;composto;inclusao;NaoDedutivel;"Pacientes que apresentem determinadas patologias, como: Coledocolitíase;";;;;"Pacientes que apresentem determinadas patologias, como: Coledocolitíase;";;CRECE p.52
CIRURGIA GERAL - VESÍCULA;SER;CRECE;AmbulatorioEstadual;CONSULTA EM CIRURGIA GERAL - VESICULA;composto;inclusao;NaoDedutivel;"Pacientes que apresentem determinadas patologias, como: Cisto de Colédoco;";;;;"Pacientes que apresentem determinadas patologias, como: Cisto de Colédoco;";;CRECE p.52
CIRURGIA GERAL - VESÍCULA;SER;CRECE;AmbulatorioEstadual;CONSULTA EM CIRURGIA GERAL - VESICULA;composto;inclusao;NaoDedutivel;Pacientes que apresentem determinadas patologias, como: Pólipo de vesícula;;;;Pacientes que apresentem determinadas patologias, como: Pólipo de vesícula;;CRECE p.52
CIRURGIA GERAL - VESÍCULA;SER;CRECE;AmbulatorioEstadual;CONSULTA EM CIRURGIA GERAL - VESICULA;composto;inclusao;NaoDedutivel;Observar os;;;;Observar os;;CRECE p.52
CIRURGIA GERAL - VESÍCULA;SER;CRECE;AmbulatorioEstadual;CONSULTA EM CIRURGIA GERAL - VESICULA;composto;inclusao;NaoDedutivel;do paciente de acordo com cada prestador;;;;do paciente de acordo com cada prestador;;CRECE p.52
CIRURGIA GERAL - VESÍCULA;SER;CRECE;AmbulatorioEstadual;CONSULTA EM CIRURGIA GERAL - VESICULA;composto;exclusao;NaoDedutivel;Observar os;;;;Observar os;;CRECE p.52
CIRURGIA GERAL - VESÍCULA;SER;CRECE;AmbulatorioEstadual;CONSULTA EM CIRURGIA GERAL - VESICULA;composto;exclusao;NaoDedutivel;de cada prestador e faixa etária para atendimento;;;;de cada prestador e faixa etária para atendimento;;CRECE p.52
CIRURGIA PEDIÁTRICA;SER;CRECE;AmbulatorioEstadual;CONSULTA EM CIRURGIA PEDIATRICA;celula;inclusao;NaoDedutivel;As vagas ofertadas são exclusivamente para pacientes com patologias cirúrgicas,;;;;As vagas ofertadas são exclusivamente para pacientes com patologias cirúrgicas,;;CRECE p.52
CIRURGIA PEDIÁTRICA;SER;CRECE;AmbulatorioEstadual;CONSULTA EM CIRURGIA PEDIATRICA;celula;inclusao;NaoDedutivel;do paciente de acordo com cada prestador;;;;do paciente de acordo com cada prestador;;CRECE p.52
CIRURGIA PEDIÁTRICA;SER;CRECE;AmbulatorioEstadual;CONSULTA EM CIRURGIA PEDIATRICA;celula;exclusao;NaoDedutivel;Observar os;;;;Observar os;;CRECE p.52
CIRURGIA PEDIÁTRICA;SER;CRECE;AmbulatorioEstadual;CONSULTA EM CIRURGIA PEDIATRICA;celula;exclusao;NaoDedutivel;de cada prestador e faixa etária para atendimento;;;;de cada prestador e faixa etária para atendimento;;CRECE p.52
CIRURGIA REPARADORA;SER;CRECE;AmbulatorioEstadual;;SEM_PAR;inclusao;NaoDedutivel;Observar os;;;;Observar os;;CRECE p.54
CIRURGIA REPARADORA;SER;CRECE;AmbulatorioEstadual;;SEM_PAR;inclusao;NaoDedutivel;do paciente de acordo com cada prestador;;;;do paciente de acordo com cada prestador;;CRECE p.54
CIRURGIA REPARADORA;SER;CRECE;AmbulatorioEstadual;;SEM_PAR;inclusao;NaoDedutivel;Realizado triagem para verificar se o paciente atende aos critérios mínimos para realização de cirurgia reparadora;;;;Realizado triagem para verificar se o paciente atende aos critérios mínimos para realização de cirurgia reparadora;;CRECE p.54
CIRURGIA REPARADORA;SER;CRECE;AmbulatorioEstadual;;SEM_PAR;exclusao;NaoDedutivel;Observar os;;;;Observar os;;CRECE p.54
CIRURGIA REPARADORA;SER;CRECE;AmbulatorioEstadual;;SEM_PAR;exclusao;NaoDedutivel;de cada prestador e faixa etária para atendimento;;;;de cada prestador e faixa etária para atendimento;;CRECE p.54
CIRURGIA TORÁCICA;SER;CRECE;AmbulatorioEstadual;CONSULTA EM CIRURGIA TORACICA;celula;inclusao;NaoDedutivel;Observar os;;;;Observar os;;CRECE p.53
CIRURGIA TORÁCICA;SER;CRECE;AmbulatorioEstadual;CONSULTA EM CIRURGIA TORACICA;celula;inclusao;NaoDedutivel;do paciente de acordo com cada prestador;;;;do paciente de acordo com cada prestador;;CRECE p.53
CIRURGIA TORÁCICA;SER;CRECE;AmbulatorioEstadual;CONSULTA EM CIRURGIA TORACICA;celula;exclusao;NaoDedutivel;Observar os;;;;Observar os;;CRECE p.53
CIRURGIA TORÁCICA;SER;CRECE;AmbulatorioEstadual;CONSULTA EM CIRURGIA TORACICA;celula;exclusao;NaoDedutivel;de cada prestador e faixa etária para atendimento;;;;de cada prestador e faixa etária para atendimento;;CRECE p.53
CIRURGIA VASCULAR;SER;CRECE;AmbulatorioEstadual;;SEM_PAR;inclusao;NaoDedutivel;Observar os;;;;Observar os;;CRECE p.53
CIRURGIA VASCULAR;SER;CRECE;AmbulatorioEstadual;;SEM_PAR;inclusao;NaoDedutivel;do paciente de acordo com cada prestador;;;;do paciente de acordo com cada prestador;;CRECE p.53
CIRURGIA VASCULAR;SER;CRECE;AmbulatorioEstadual;;SEM_PAR;inclusao;NaoDedutivel;Pacientes que apresentam determinadas patologias, como;;;;Pacientes que apresentam determinadas patologias, como;;CRECE p.53
CIRURGIA VASCULAR;SER;CRECE;AmbulatorioEstadual;;SEM_PAR;inclusao;NaoDedutivel;Pacientes que apresentam determinadas patologias, como: Doenças vasculares sem feridas (Varizes sintomáticas refratárias ao tratamento conservador, tromboses) e Fístulas Arteriovenosas (FAV);;;;Pacientes que apresentam determinadas patologias, como: Doenças vasculares sem feridas (Varizes sintomáticas refratárias ao tratamento conservador, tromboses) e Fístulas Arteriovenosas (FAV);;CRECE p.53
CIRURGIA VASCULAR;SER;CRECE;AmbulatorioEstadual;;SEM_PAR;exclusao;NaoDedutivel;Observar os;;;;Observar os;;CRECE p.53
CIRURGIA VASCULAR;SER;CRECE;AmbulatorioEstadual;;SEM_PAR;exclusao;NaoDedutivel;de cada prestador e faixa etária para atendimento;;;;de cada prestador e faixa etária para atendimento;;CRECE p.53
CLÍNICA MÉDICA - CLÍNICA DA DOR;SER;CRECE;AmbulatorioEstadual;CONSULTA EM CLINICA MEDICA - CLINICA DE DOR;composto;inclusao;NaoDedutivel;Pacientes com Dor Crônica há mais de 06 meses;;;;Pacientes com Dor Crônica há mais de 06 meses;;CRECE p.15
CLÍNICA MÉDICA - CLÍNICA DA DOR;SER;CRECE;AmbulatorioEstadual;CONSULTA EM CLINICA MEDICA - CLINICA DE DOR;composto;inclusao;NaoDedutivel;Observar os;;;;Observar os;;CRECE p.15
CLÍNICA MÉDICA - CLÍNICA DA DOR;SER;CRECE;AmbulatorioEstadual;CONSULTA EM CLINICA MEDICA - CLINICA DE DOR;composto;inclusao;NaoDedutivel;de cada prestador (Unidade executante);;;;de cada prestador (Unidade executante);;CRECE p.15
CLÍNICA MÉDICA - CLÍNICA DA DOR;SER;CRECE;AmbulatorioEstadual;CONSULTA EM CLINICA MEDICA - CLINICA DE DOR;composto;exclusao;NaoDedutivel;Pacientes oncológicos;;;;Pacientes oncológicos;;CRECE p.15
CLÍNICA MÉDICA - CLÍNICA DA DOR;SER;CRECE;AmbulatorioEstadual;CONSULTA EM CLINICA MEDICA - CLINICA DE DOR;composto;exclusao;NaoDedutivel;Observar os;;;;Observar os;;CRECE p.15
CLÍNICA MÉDICA - CLÍNICA DA DOR;SER;CRECE;AmbulatorioEstadual;CONSULTA EM CLINICA MEDICA - CLINICA DE DOR;composto;exclusao;NaoDedutivel;de cada prestador e faixa etária para atendimento;;;;de cada prestador e faixa etária para atendimento;;CRECE p.15
CLÍNICA MÉDICA - DOENÇAS RARAS;SER;CRECE;AmbulatorioEstadual;Ambulatório 1ª vez - Clinica medica - Doenças Raras;composto;inclusao;NaoDedutivel;Pacientes para acompanhamento clínico e investigação de Doenças Raras ou de difícil diagnóstico;;;;Pacientes para acompanhamento clínico e investigação de Doenças Raras ou de difícil diagnóstico;;CRECE p.15
CLÍNICA MÉDICA - DOENÇAS RARAS;SER;CRECE;AmbulatorioEstadual;Ambulatório 1ª vez - Clinica medica - Doenças Raras;composto;inclusao;NaoDedutivel;Observar os;;;;Observar os;;CRECE p.15
CLÍNICA MÉDICA - DOENÇAS RARAS;SER;CRECE;AmbulatorioEstadual;Ambulatório 1ª vez - Clinica medica - Doenças Raras;composto;inclusao;NaoDedutivel;do paciente de acordo com cada prestador;;;;do paciente de acordo com cada prestador;;CRECE p.15
CLÍNICA MÉDICA - DOENÇAS RARAS;SER;CRECE;AmbulatorioEstadual;Ambulatório 1ª vez - Clinica medica - Doenças Raras;composto;exclusao;NaoDedutivel;Observar os;;;;Observar os;;CRECE p.15
CLÍNICA MÉDICA - DOENÇAS RARAS;SER;CRECE;AmbulatorioEstadual;Ambulatório 1ª vez - Clinica medica - Doenças Raras;composto;exclusao;NaoDedutivel;de cada prestador e faixa etária para atendimento;;;;de cada prestador e faixa etária para atendimento;;CRECE p.15
COLOPROCTOLOGIA - DOENÇAS RARAS;SER;CRECE;AmbulatorioEstadual;CONSULTA EM COLOPROCTOLOGIA;secao;inclusao;NaoDedutivel;Recursos Requisitos necessários COLOPROCTOLOGIA;;;;Recursos Requisitos necessários COLOPROCTOLOGIA;;CRECE p.16
COLOPROCTOLOGIA - DOENÇAS RARAS;SER;CRECE;AmbulatorioEstadual;CONSULTA EM COLOPROCTOLOGIA;secao;inclusao;NaoDedutivel;Doenças anorretais benignas (Doenças Hemorroidais, Fissura Anal, Fístulas e Abscessos, Incontinência Fecal);;;;Doenças anorretais benignas (Doenças Hemorroidais, Fissura Anal, Fístulas e Abscessos, Incontinência Fecal);;CRECE p.16
COLOPROCTOLOGIA - DOENÇAS RARAS;SER;CRECE;AmbulatorioEstadual;CONSULTA EM COLOPROCTOLOGIA;secao;inclusao;NaoDedutivel;Observar os;;;;Observar os;;CRECE p.16
COLOPROCTOLOGIA - DOENÇAS RARAS;SER;CRECE;AmbulatorioEstadual;CONSULTA EM COLOPROCTOLOGIA;secao;inclusao;NaoDedutivel;do paciente de acordo com cada prestador (Unidade executante);;;;do paciente de acordo com cada prestador (Unidade executante);;CRECE p.16
COLOPROCTOLOGIA - DOENÇAS RARAS;SER;CRECE;AmbulatorioEstadual;CONSULTA EM COLOPROCTOLOGIA;secao;exclusao;NaoDedutivel;Neoplasias anais e colorretais (benignas, malignas e de comportamento incerto);;;;Neoplasias anais e colorretais (benignas, malignas e de comportamento incerto);;CRECE p.16
COLOPROCTOLOGIA - DOENÇAS RARAS;SER;CRECE;AmbulatorioEstadual;CONSULTA EM COLOPROCTOLOGIA;secao;exclusao;NaoDedutivel;Colostomias e ileostomias (fechamento ou reconstrução de trânsito intestinal);;;;Colostomias e ileostomias (fechamento ou reconstrução de trânsito intestinal);;CRECE p.16
COLOPROCTOLOGIA - DOENÇAS RARAS;SER;CRECE;AmbulatorioEstadual;CONSULTA EM COLOPROCTOLOGIA;secao;exclusao;NaoDedutivel;Doença inflamatória intestinal (Doença de Crohn e retocolite ulcerativa);;;;Doença inflamatória intestinal (Doença de Crohn e retocolite ulcerativa);;CRECE p.16
COLOPROCTOLOGIA - DOENÇAS RARAS;SER;CRECE;AmbulatorioEstadual;CONSULTA EM COLOPROCTOLOGIA;secao;exclusao;NaoDedutivel;Observar os;;;;Observar os;;CRECE p.16
COLOPROCTOLOGIA - DOENÇAS RARAS;SER;CRECE;AmbulatorioEstadual;CONSULTA EM COLOPROCTOLOGIA;secao;exclusao;NaoDedutivel;de cada prestador e faixa etária para atendimento. 4.1.7. DERMATOLOGIA;;;;de cada prestador e faixa etária para atendimento. 4.1.7. DERMATOLOGIA;;CRECE p.16
CONSULTA DE ENFERMAGEM - ATENDIMENTO MULTIPROFISSIONAL – OBESIDADE GRAVE;SER;CRECE;AmbulatorioEstadual;;SEM_PAR;inclusao;NaoDedutivel;Será realizada triagem para verificar se o paciente atende aos critérios mínimos para realização de exercícios e se apresentam problemas psiquiátricos que necessitem acompanhamento específico;;;;Será realizada triagem para verificar se o paciente atende aos critérios mínimos para realização de exercícios e se apresentam problemas psiquiátricos que necessitem acompanhamento específico;;CRECE p.11
CONSULTA DE ENFERMAGEM - ATENDIMENTO MULTIPROFISSIONAL – OBESIDADE GRAVE;SER;CRECE;AmbulatorioEstadual;;SEM_PAR;inclusao;NaoDedutivel;Todos são orientados a manterem seu acompanhamento médico habitual;;;;Todos são orientados a manterem seu acompanhamento médico habitual;;CRECE p.11
CONSULTA DE ENFERMAGEM - ATENDIMENTO MULTIPROFISSIONAL – OBESIDADE GRAVE;SER;CRECE;AmbulatorioEstadual;;SEM_PAR;inclusao;NaoDedutivel;e exclusão do prestador (Unidade executante);;;;e exclusão do prestador (Unidade executante);;CRECE p.11
CONSULTA DE ENFERMAGEM - CONSULTA DE ENFERMAGEM NA ATENÇÃO ESPECIALIZADA – PÉ DIABÉTICO;SER;CRECE;AmbulatorioEstadual;;SEM_PAR;inclusao;NaoDedutivel;Indivíduos com lesão do pé diabético segundo sistema de Classificação de Ferida Diabética da Universidade do Texas – ESTÁGIO A (grau I, grau II e grau III) e pós amputação com deiscência de sutura;;;;Indivíduos com lesão do pé diabético segundo sistema de Classificação de Ferida Diabética da Universidade do Texas – ESTÁGIO A (grau I, grau II e grau III) e pós amputação com deiscência de sutura;;CRECE p.11
CONSULTA DE ENFERMAGEM - CONSULTA DE ENFERMAGEM NA ATENÇÃO ESPECIALIZADA – PÉ DIABÉTICO;SER;CRECE;AmbulatorioEstadual;;SEM_PAR;inclusao;NaoDedutivel;do prestador (unidade executante);;;;do prestador (unidade executante);;CRECE p.11
CONSULTA DE ENFERMAGEM - CONSULTA DE ENFERMAGEM NA ATENÇÃO ESPECIALIZADA – PÉ DIABÉTICO;SER;CRECE;AmbulatorioEstadual;;SEM_PAR;exclusao;NaoDedutivel;Indivíduos com lesão do pé diabético ESTÁGIOS B, C e D segundo Sistema de Classificação de Ferida Diabética da Universidade do Texas;;;;Indivíduos com lesão do pé diabético ESTÁGIOS B, C e D segundo Sistema de Classificação de Ferida Diabética da Universidade do Texas;;CRECE p.11
CONSULTA DE ENFERMAGEM - CONSULTA DE ENFERMAGEM NA ATENÇÃO ESPECIALIZADA – PÉ DIABÉTICO;SER;CRECE;AmbulatorioEstadual;;SEM_PAR;exclusao;NaoDedutivel;Observar os;;;;Observar os;;CRECE p.11
CONSULTA DE ENFERMAGEM - CONSULTA DE ENFERMAGEM NA ATENÇÃO ESPECIALIZADA – PÉ DIABÉTICO;SER;CRECE;AmbulatorioEstadual;;SEM_PAR;exclusao;NaoDedutivel;de cada prestador e faixa etária para atendimento;;;;de cada prestador e faixa etária para atendimento;;CRECE p.11
CONSULTA DE ENFERMAGEM - CONSULTA EM ENFERMAGEM NA ATENÇÃO ESPECIALIZADA PARA AVALIAÇÃO DE LESÕES DE PELE;SER;CRECE;AmbulatorioEstadual;;SEM_PAR;inclusao;NaoDedutivel;Indivíduos com adesão adequada ao plano terapêutico e que não respondam ao tratamento com as coberturas primárias disponíveis na grade da rede de atenção primária à saúde do estado do RJ;;;;Indivíduos com adesão adequada ao plano terapêutico e que não respondam ao tratamento com as coberturas primárias disponíveis na grade da rede de atenção primária à saúde do estado do RJ;;CRECE p.11
CONSULTA DE ENFERMAGEM - CONSULTA EM ENFERMAGEM NA ATENÇÃO ESPECIALIZADA PARA AVALIAÇÃO DE LESÕES DE PELE;SER;CRECE;AmbulatorioEstadual;;SEM_PAR;inclusao;NaoDedutivel;Pacientes com queimaduras grau I e II COM sedação para analgesia;;;;Pacientes com queimaduras grau I e II COM sedação para analgesia;;CRECE p.11
CONSULTA DE ENFERMAGEM - CONSULTA EM ENFERMAGEM NA ATENÇÃO ESPECIALIZADA PARA AVALIAÇÃO DE LESÕES DE PELE;SER;CRECE;AmbulatorioEstadual;;SEM_PAR;inclusao;NaoDedutivel;Lesão por pressão;;;;Lesão por pressão;;CRECE p.11
CONSULTA DE ENFERMAGEM - CONSULTA EM ENFERMAGEM NA ATENÇÃO ESPECIALIZADA PARA AVALIAÇÃO DE LESÕES DE PELE;SER;CRECE;AmbulatorioEstadual;;SEM_PAR;inclusao;NaoDedutivel;Feridas cirúrgicas;;;;Feridas cirúrgicas;;CRECE p.11
CONSULTA DE ENFERMAGEM - CONSULTA EM ENFERMAGEM NA ATENÇÃO ESPECIALIZADA PARA AVALIAÇÃO DE LESÕES DE PELE;SER;CRECE;AmbulatorioEstadual;;SEM_PAR;inclusao;NaoDedutivel;Deiscência de suturas;;;;Deiscência de suturas;;CRECE p.11
CONSULTA DE ENFERMAGEM - CONSULTA EM ENFERMAGEM NA ATENÇÃO ESPECIALIZADA PARA AVALIAÇÃO DE LESÕES DE PELE;SER;CRECE;AmbulatorioEstadual;;SEM_PAR;inclusao;NaoDedutivel;Feridas traumáticas e úlceras venosas. Obs.: pacientes com úlceras venosas já em acompanhamento na atenção primária quando não há 100% de cura em 12 semanas ou pelo menos redução de 70% em 18 semanas;;;;Feridas traumáticas e úlceras venosas. Obs.: pacientes com úlceras venosas já em acompanhamento na atenção primária quando não há 100% de cura em 12 semanas ou pelo menos redução de 70% em 18 semanas;;CRECE p.11
CONSULTA DE ENFERMAGEM - CONSULTA EM ENFERMAGEM NA ATENÇÃO ESPECIALIZADA PARA AVALIAÇÃO DE LESÕES DE PELE;SER;CRECE;AmbulatorioEstadual;;SEM_PAR;inclusao;NaoDedutivel;do prestador (unidade executante);;;;do prestador (unidade executante);;CRECE p.11
CONSULTA DE ENFERMAGEM - CONSULTA EM ENFERMAGEM NA ATENÇÃO ESPECIALIZADA PARA AVALIAÇÃO DE LESÕES DE PELE;SER;CRECE;AmbulatorioEstadual;;SEM_PAR;exclusao;NaoDedutivel;Queimaduras grau I e II SEM sedação para analgesia;;;;Queimaduras grau I e II SEM sedação para analgesia;;CRECE p.11
CONSULTA DE ENFERMAGEM - CONSULTA EM ENFERMAGEM NA ATENÇÃO ESPECIALIZADA PARA AVALIAÇÃO DE LESÕES DE PELE;SER;CRECE;AmbulatorioEstadual;;SEM_PAR;exclusao;NaoDedutivel;Queimaduras de grau III;;;;Queimaduras de grau III;;CRECE p.11
CONSULTA DE ENFERMAGEM - CONSULTA EM ENFERMAGEM NA ATENÇÃO ESPECIALIZADA PARA AVALIAÇÃO DE LESÕES DE PELE;SER;CRECE;AmbulatorioEstadual;;SEM_PAR;exclusao;NaoDedutivel;Lesão maligna;;;;Lesão maligna;;CRECE p.11
CONSULTA DE ENFERMAGEM - CONSULTA EM ENFERMAGEM NA ATENÇÃO ESPECIALIZADA PARA AVALIAÇÃO DE LESÕES DE PELE;SER;CRECE;AmbulatorioEstadual;;SEM_PAR;exclusao;NaoDedutivel;Úlceras arteriais;;;;Úlceras arteriais;;CRECE p.11
CONSULTA DE ENFERMAGEM - CONSULTA EM ENFERMAGEM NA ATENÇÃO ESPECIALIZADA PARA AVALIAÇÃO DE LESÕES DE PELE;SER;CRECE;AmbulatorioEstadual;;SEM_PAR;exclusao;NaoDedutivel;Lesões infectadas;;;;Lesões infectadas;;CRECE p.11
CONSULTA DE ENFERMAGEM - CONSULTA EM ENFERMAGEM NA ATENÇÃO ESPECIALIZADA PARA AVALIAÇÃO DE LESÕES DE PELE;SER;CRECE;AmbulatorioEstadual;;SEM_PAR;exclusao;NaoDedutivel;"Dermatite atópica; impetigo; pênfigo; lesões psoriáticas e respostas alérgicas a tratamentos prévios";;;;"Dermatite atópica; impetigo; pênfigo; lesões psoriáticas e respostas alérgicas a tratamentos prévios";;CRECE p.11
CONSULTA DE ENFERMAGEM - CONSULTA EM ENFERMAGEM NA ATENÇÃO ESPECIALIZADA PARA AVALIAÇÃO DE LESÕES DE PELE;SER;CRECE;AmbulatorioEstadual;;SEM_PAR;exclusao;NaoDedutivel;Observar os;;;;Observar os;;CRECE p.11
CONSULTA DE ENFERMAGEM - CONSULTA EM ENFERMAGEM NA ATENÇÃO ESPECIALIZADA PARA AVALIAÇÃO DE LESÕES DE PELE;SER;CRECE;AmbulatorioEstadual;;SEM_PAR;exclusao;NaoDedutivel;de cada prestador e faixa etária para atendimento;;;;de cada prestador e faixa etária para atendimento;;CRECE p.11
DERMATOLOGIA - DOENÇAS RARAS;SER;CRECE;AmbulatorioEstadual;CONSULTA EM DERMATOLOGIA;secao;inclusao;NaoDedutivel;Recursos Requisitos necessários GERAL;;;;Recursos Requisitos necessários GERAL;;CRECE p.16
DERMATOLOGIA - DOENÇAS RARAS;SER;CRECE;AmbulatorioEstadual;CONSULTA EM DERMATOLOGIA;secao;inclusao;NaoDedutivel;Pacientes portadores de dermatoses infecciosas (bacterianas - virais - fúngicas e outras);;;;Pacientes portadores de dermatoses infecciosas (bacterianas - virais - fúngicas e outras);;CRECE p.16
DERMATOLOGIA - DOENÇAS RARAS;SER;CRECE;AmbulatorioEstadual;CONSULTA EM DERMATOLOGIA;secao;inclusao;NaoDedutivel;Pacientes portadores de dermatoses alérgicas (Ex.: dermatite atópica);;;;Pacientes portadores de dermatoses alérgicas (Ex.: dermatite atópica);;CRECE p.16
DERMATOLOGIA - DOENÇAS RARAS;SER;CRECE;AmbulatorioEstadual;CONSULTA EM DERMATOLOGIA;secao;inclusao;NaoDedutivel;Pacientes portadores de dermatoses inflamatórias, como psoríase, vitiligo, acne e hidradenite;;;;Pacientes portadores de dermatoses inflamatórias, como psoríase, vitiligo, acne e hidradenite;;CRECE p.16
DERMATOLOGIA - DOENÇAS RARAS;SER;CRECE;AmbulatorioEstadual;CONSULTA EM DERMATOLOGIA;secao;inclusao;NaoDedutivel;Pacientes portadores de dermatoses de causa imunológica e autoimunes;;;;Pacientes portadores de dermatoses de causa imunológica e autoimunes;;CRECE p.16
DERMATOLOGIA - DOENÇAS RARAS;SER;CRECE;AmbulatorioEstadual;CONSULTA EM DERMATOLOGIA;secao;inclusao;NaoDedutivel;Pacientes com Carcinoma Basocelular, Carcinoma Espinocelular e Melanoma;;;;Pacientes com Carcinoma Basocelular, Carcinoma Espinocelular e Melanoma;;CRECE p.16
DERMATOLOGIA - DOENÇAS RARAS;SER;CRECE;AmbulatorioEstadual;CONSULTA EM DERMATOLOGIA;secao;inclusao;NaoDedutivel;Dermatoses pediátricas;;;;Dermatoses pediátricas;;CRECE p.16
DERMATOLOGIA - DOENÇAS RARAS;SER;CRECE;AmbulatorioEstadual;CONSULTA EM DERMATOLOGIA;secao;inclusao;NaoDedutivel;Doenças sexualmente transmissíveis;;;;Doenças sexualmente transmissíveis;;CRECE p.16
DERMATOLOGIA - DOENÇAS RARAS;SER;CRECE;AmbulatorioEstadual;CONSULTA EM DERMATOLOGIA;secao;inclusao;NaoDedutivel;Genodermatoses;;;;Genodermatoses;;CRECE p.16
DERMATOLOGIA - DOENÇAS RARAS;SER;CRECE;AmbulatorioEstadual;CONSULTA EM DERMATOLOGIA;secao;inclusao;NaoDedutivel;Tumores cutâneos benignos e malignos;;;;Tumores cutâneos benignos e malignos;;CRECE p.16
DERMATOLOGIA - DOENÇAS RARAS;SER;CRECE;AmbulatorioEstadual;CONSULTA EM DERMATOLOGIA;secao;inclusao;NaoDedutivel;Pacientes com queixas de imperfeições na pele;;;;Pacientes com queixas de imperfeições na pele;;CRECE p.16
DERMATOLOGIA - DOENÇAS RARAS;SER;CRECE;AmbulatorioEstadual;CONSULTA EM DERMATOLOGIA;secao;inclusao;NaoDedutivel;Observar os;;;;Observar os;;CRECE p.16
DERMATOLOGIA - DOENÇAS RARAS;SER;CRECE;AmbulatorioEstadual;CONSULTA EM DERMATOLOGIA;secao;inclusao;NaoDedutivel;do paciente de acordo com cada prestador;;;;do paciente de acordo com cada prestador;;CRECE p.16
DERMATOLOGIA - DOENÇAS RARAS;SER;CRECE;AmbulatorioEstadual;CONSULTA EM DERMATOLOGIA;secao;exclusao;NaoDedutivel;Observar os;;;;Observar os;;CRECE p.16
DERMATOLOGIA - DOENÇAS RARAS;SER;CRECE;AmbulatorioEstadual;CONSULTA EM DERMATOLOGIA;secao;exclusao;NaoDedutivel;de cada prestador e faixa etária para atendimento. BIÓPSIA DE PELE;;;;de cada prestador e faixa etária para atendimento. BIÓPSIA DE PELE;;CRECE p.16
DERMATOLOGIA - DOENÇAS RARAS;SER;CRECE;AmbulatorioEstadual;CONSULTA EM DERMATOLOGIA;secao;inclusao;NaoDedutivel;Eletrocoagulação de lesão cutânea;;;;Eletrocoagulação de lesão cutânea;;CRECE p.16
DERMATOLOGIA - DOENÇAS RARAS;SER;CRECE;AmbulatorioEstadual;CONSULTA EM DERMATOLOGIA;secao;inclusao;NaoDedutivel;Exérese de tumor de pele/cisto sebáceo/lipoma;;;;Exérese de tumor de pele/cisto sebáceo/lipoma;;CRECE p.16
DERMATOLOGIA - DOENÇAS RARAS;SER;CRECE;AmbulatorioEstadual;CONSULTA EM DERMATOLOGIA;secao;inclusao;NaoDedutivel;Retirada de lesão por shaving;;;;Retirada de lesão por shaving;;CRECE p.16
DERMATOLOGIA - DOENÇAS RARAS;SER;CRECE;AmbulatorioEstadual;CONSULTA EM DERMATOLOGIA;secao;inclusao;NaoDedutivel;Fulguração/cauterização química de lesões cutâneas;;;;Fulguração/cauterização química de lesões cutâneas;;CRECE p.16
DERMATOLOGIA - DOENÇAS RARAS;SER;CRECE;AmbulatorioEstadual;CONSULTA EM DERMATOLOGIA;secao;exclusao;NaoDedutivel;Observar os;;;;Observar os;;CRECE p.16
DERMATOLOGIA - DOENÇAS RARAS;SER;CRECE;AmbulatorioEstadual;CONSULTA EM DERMATOLOGIA;secao;exclusao;NaoDedutivel;de cada prestador e faixa etária para atendimento;;;;de cada prestador e faixa etária para atendimento;;CRECE p.16
DERMATOLOGIA - HANSENÍASE COMPLICADA;SER;CRECE;AmbulatorioEstadual;CONSULTA EM DERMATOLOGIA;secao;inclusao;NaoDedutivel;Casos suspeitos de difícil confirmação;;;;Casos suspeitos de difícil confirmação;;CRECE p.17
DERMATOLOGIA - HANSENÍASE COMPLICADA;SER;CRECE;AmbulatorioEstadual;CONSULTA EM DERMATOLOGIA;secao;inclusao;NaoDedutivel;Pacientes em Tratamento para Hanseníase com quadros reacionais hansênicos de difícil controle: Reações adversas às drogas utilizadas na poliquimioterapia;;;;Pacientes em Tratamento para Hanseníase com quadros reacionais hansênicos de difícil controle: Reações adversas às drogas utilizadas na poliquimioterapia;;CRECE p.17
DERMATOLOGIA - HANSENÍASE COMPLICADA;SER;CRECE;AmbulatorioEstadual;CONSULTA EM DERMATOLOGIA;secao;inclusao;NaoDedutivel;Pacientes em alta terapêutica (PQT): Quadros reacionais pós-tratamento de difícil controle e suspeita de recidiva;;;;Pacientes em alta terapêutica (PQT): Quadros reacionais pós-tratamento de difícil controle e suspeita de recidiva;;CRECE p.17
DERMATOLOGIA - HANSENÍASE COMPLICADA;SER;CRECE;AmbulatorioEstadual;CONSULTA EM DERMATOLOGIA;secao;inclusao;NaoDedutivel;Observar os;;;;Observar os;;CRECE p.17
DERMATOLOGIA - HANSENÍASE COMPLICADA;SER;CRECE;AmbulatorioEstadual;CONSULTA EM DERMATOLOGIA;secao;inclusao;NaoDedutivel;do paciente de acordo com cada prestador;;;;do paciente de acordo com cada prestador;;CRECE p.17
DERMATOLOGIA - HANSENÍASE COMPLICADA;SER;CRECE;AmbulatorioEstadual;CONSULTA EM DERMATOLOGIA;secao;exclusao;NaoDedutivel;Pacientes com diagnóstico confirmado e acompanhamentos regulares de casos simples;;;;Pacientes com diagnóstico confirmado e acompanhamentos regulares de casos simples;;CRECE p.17
DERMATOLOGIA - HANSENÍASE COMPLICADA;SER;CRECE;AmbulatorioEstadual;CONSULTA EM DERMATOLOGIA;secao;exclusao;NaoDedutivel;Pacientes com boa evolução de hanseníase e/ou da reação hansênica;;;;Pacientes com boa evolução de hanseníase e/ou da reação hansênica;;CRECE p.17
DERMATOLOGIA - HANSENÍASE COMPLICADA;SER;CRECE;AmbulatorioEstadual;CONSULTA EM DERMATOLOGIA;secao;exclusao;NaoDedutivel;Pacientes apenas para simples avaliação de alta terapêutica;;;;Pacientes apenas para simples avaliação de alta terapêutica;;CRECE p.17
DERMATOLOGIA - HANSENÍASE COMPLICADA;SER;CRECE;AmbulatorioEstadual;CONSULTA EM DERMATOLOGIA;secao;exclusao;NaoDedutivel;Observar os;;;;Observar os;;CRECE p.17
DERMATOLOGIA - HANSENÍASE COMPLICADA;SER;CRECE;AmbulatorioEstadual;CONSULTA EM DERMATOLOGIA;secao;exclusao;NaoDedutivel;de cada prestador e faixa etária para atendimento;;;;de cada prestador e faixa etária para atendimento;;CRECE p.17
DERMATOLOGIA - PEDIATRIA HEMANGIOMAS;SER;CRECE;AmbulatorioEstadual;CONSULTA EM DERMATOLOGIA;secao;inclusao;NaoDedutivel;Hemangioma Plano Cavernoso e Tuberoso;;;;Hemangioma Plano Cavernoso e Tuberoso;;CRECE p.17
DERMATOLOGIA - PEDIATRIA HEMANGIOMAS;SER;CRECE;AmbulatorioEstadual;CONSULTA EM DERMATOLOGIA;secao;inclusao;NaoDedutivel;Malformações vasculares, arteriovenosas, capilares;;;;Malformações vasculares, arteriovenosas, capilares;;CRECE p.17
DERMATOLOGIA - PEDIATRIA HEMANGIOMAS;SER;CRECE;AmbulatorioEstadual;CONSULTA EM DERMATOLOGIA;secao;inclusao;NaoDedutivel;Síndromes: Sturge-Weber, Kasabatt-Merritt, Nevus Azul, Osler-Rendu-Weber, Klippel-Trenanay e Mafucci;;;;Síndromes: Sturge-Weber, Kasabatt-Merritt, Nevus Azul, Osler-Rendu-Weber, Klippel-Trenanay e Mafucci;;CRECE p.17
DERMATOLOGIA - PEDIATRIA HEMANGIOMAS;SER;CRECE;AmbulatorioEstadual;CONSULTA EM DERMATOLOGIA;secao;exclusao;NaoDedutivel;Observar os;;;;Observar os;;CRECE p.17
DERMATOLOGIA - PEDIATRIA HEMANGIOMAS;SER;CRECE;AmbulatorioEstadual;CONSULTA EM DERMATOLOGIA;secao;exclusao;NaoDedutivel;de cada prestador e faixa etária para atendimento;;;;de cada prestador e faixa etária para atendimento;;CRECE p.17
DERMATOLOGIA - PEQUENOS PROCEDIMENTOS;SER;CRECE;AmbulatorioEstadual;CONSULTA EM DERMATOLOGIA - PEQUENOS PROCEDIMENTOS;composto;inclusao;NaoDedutivel;Pacientes portadores de doenças dermatológicas para esclarecimento diagnóstico (inclusive com necessidade de biópsia);;;;Pacientes portadores de doenças dermatológicas para esclarecimento diagnóstico (inclusive com necessidade de biópsia);;CRECE p.17
DERMATOLOGIA - PEQUENOS PROCEDIMENTOS;SER;CRECE;AmbulatorioEstadual;CONSULTA EM DERMATOLOGIA - PEQUENOS PROCEDIMENTOS;composto;inclusao;NaoDedutivel;Realização de procedimentos cirúrgicos como eletrocoagulação de pequenas lesões e cauterização química;;;;Realização de procedimentos cirúrgicos como eletrocoagulação de pequenas lesões e cauterização química;;CRECE p.17
DERMATOLOGIA - PEQUENOS PROCEDIMENTOS;SER;CRECE;AmbulatorioEstadual;CONSULTA EM DERMATOLOGIA - PEQUENOS PROCEDIMENTOS;composto;inclusao;NaoDedutivel;Observar os;;;;Observar os;;CRECE p.17
DERMATOLOGIA - PEQUENOS PROCEDIMENTOS;SER;CRECE;AmbulatorioEstadual;CONSULTA EM DERMATOLOGIA - PEQUENOS PROCEDIMENTOS;composto;inclusao;NaoDedutivel;do paciente de acordo com cada prestador;;;;do paciente de acordo com cada prestador;;CRECE p.17
DERMATOLOGIA - PEQUENOS PROCEDIMENTOS;SER;CRECE;AmbulatorioEstadual;CONSULTA EM DERMATOLOGIA - PEQUENOS PROCEDIMENTOS;composto;exclusao;NaoDedutivel;Observar os;;;;Observar os;;CRECE p.17
DERMATOLOGIA - PEQUENOS PROCEDIMENTOS;SER;CRECE;AmbulatorioEstadual;CONSULTA EM DERMATOLOGIA - PEQUENOS PROCEDIMENTOS;composto;exclusao;NaoDedutivel;e faixa etária do paciente de cada prestador;;;;e faixa etária do paciente de cada prestador;;CRECE p.17
DERMATOLOGIA - PSORÍASE;SER;CRECE;AmbulatorioEstadual;CONSULTA EM DERMATOLOGIA - PSORIASE;composto;inclusao;NaoDedutivel;Pacientes com diagnóstico confirmado de Psoríase e com laudo histopatológico;;;;Pacientes com diagnóstico confirmado de Psoríase e com laudo histopatológico;;CRECE p.18
DERMATOLOGIA - PSORÍASE;SER;CRECE;AmbulatorioEstadual;CONSULTA EM DERMATOLOGIA - PSORIASE;composto;inclusao;NaoDedutivel;Observar os;;;;Observar os;;CRECE p.18
DERMATOLOGIA - PSORÍASE;SER;CRECE;AmbulatorioEstadual;CONSULTA EM DERMATOLOGIA - PSORIASE;composto;inclusao;NaoDedutivel;do paciente de acordo com cada prestador;;;;do paciente de acordo com cada prestador;;CRECE p.18
DERMATOLOGIA - PSORÍASE;SER;CRECE;AmbulatorioEstadual;CONSULTA EM DERMATOLOGIA - PSORIASE;composto;exclusao;NaoDedutivel;Qualquer patologia que não seja Psoríase;;;;Qualquer patologia que não seja Psoríase;;CRECE p.18
DERMATOLOGIA - PSORÍASE;SER;CRECE;AmbulatorioEstadual;CONSULTA EM DERMATOLOGIA - PSORIASE;composto;exclusao;NaoDedutivel;Observar os;;;;Observar os;;CRECE p.18
DERMATOLOGIA - PSORÍASE;SER;CRECE;AmbulatorioEstadual;CONSULTA EM DERMATOLOGIA - PSORIASE;composto;exclusao;NaoDedutivel;de cada prestador;;;;de cada prestador;;CRECE p.18
ENDOCRINOLOGIA - ADOLESCENTE DIABETES;SER;CRECE;AmbulatorioEstadual;CONSULTA EM ENDOCRINOLOGIA - ADOLESCENTE - DIABETES;composto;inclusao;Dedutivel;Pacientes portadores de Diabetes Mellitus, com idade a partir de 12 anos até 17 anos, 11 meses e 29 dias;12;17;;;;CRECE p.18
ENDOCRINOLOGIA - ADOLESCENTE DIABETES;SER;CRECE;AmbulatorioEstadual;CONSULTA EM ENDOCRINOLOGIA - ADOLESCENTE - DIABETES;composto;exclusao;NaoDedutivel;Observar os;;;;Observar os;;CRECE p.18
ENDOCRINOLOGIA - ADOLESCENTE DIABETES;SER;CRECE;AmbulatorioEstadual;CONSULTA EM ENDOCRINOLOGIA - ADOLESCENTE - DIABETES;composto;exclusao;NaoDedutivel;de cada prestador e faixa etária para atendimento;;;;de cada prestador e faixa etária para atendimento;;CRECE p.18
ENDOCRINOLOGIA - DIABETES GESTACIONAL;SER;CRECE;AmbulatorioEstadual;;SEM_PAR;inclusao;NaoDedutivel;Observar os;;;;Observar os;;CRECE p.18
ENDOCRINOLOGIA - DIABETES GESTACIONAL;SER;CRECE;AmbulatorioEstadual;;SEM_PAR;inclusao;NaoDedutivel;do paciente de acordo com cada prestador;;;;do paciente de acordo com cada prestador;;CRECE p.18
ENDOCRINOLOGIA - DIABETES GESTACIONAL;SER;CRECE;AmbulatorioEstadual;;SEM_PAR;exclusao;NaoDedutivel;Observar os;;;;Observar os;;CRECE p.18
ENDOCRINOLOGIA - DIABETES GESTACIONAL;SER;CRECE;AmbulatorioEstadual;;SEM_PAR;exclusao;NaoDedutivel;de cada prestador e faixa etária para atendimento;;;;de cada prestador e faixa etária para atendimento;;CRECE p.18
ENDOCRINOLOGIA - DIABETES MELLITUS TIPO I;SER;CRECE;AmbulatorioEstadual;CONSULTA EM ENDOCRINOLOGIA - DIABETES MELLITUS TIPO I;composto;inclusao;NaoDedutivel;Paciente portador de Diabetes Mellitus tipo 1 de difícil controle - SEM ACOMPANHAMENTO em outro serviço especializado;;;;Paciente portador de Diabetes Mellitus tipo 1 de difícil controle - SEM ACOMPANHAMENTO em outro serviço especializado;;CRECE p.20
ENDOCRINOLOGIA - DIABETES MELLITUS TIPO I;SER;CRECE;AmbulatorioEstadual;CONSULTA EM ENDOCRINOLOGIA - DIABETES MELLITUS TIPO I;composto;exclusao;NaoDedutivel;Observar os;;;;Observar os;;CRECE p.20
ENDOCRINOLOGIA - DIABETES MELLITUS TIPO I;SER;CRECE;AmbulatorioEstadual;CONSULTA EM ENDOCRINOLOGIA - DIABETES MELLITUS TIPO I;composto;exclusao;NaoDedutivel;de cada prestador e faixa etária para atendimento;;;;de cada prestador e faixa etária para atendimento;;CRECE p.20
ENDOCRINOLOGIA - DIABETES MELLITUS TIPO I;SER;CRECE;AmbulatorioEstadual;CONSULTA EM ENDOCRINOLOGIA - DIABETES MELLITUS TIPO I;composto;exclusao;NaoDedutivel;Paciente em acompanhamento em outro serviço especializado;;;;Paciente em acompanhamento em outro serviço especializado;;CRECE p.20
ENDOCRINOLOGIA - DIABETES TIPO 2;SER;CRECE;AmbulatorioEstadual;;SEM_PAR;inclusao;NaoDedutivel;Pacientes portadores de Diabetes Tipo 2 não controlada com 2 drogas orais mais 1 dose de insulina basal ao dia, sem acompanhamento de outro serviço especializado;;;;Pacientes portadores de Diabetes Tipo 2 não controlada com 2 drogas orais mais 1 dose de insulina basal ao dia, sem acompanhamento de outro serviço especializado;;CRECE p.18
ENDOCRINOLOGIA - DIABETES TIPO 2;SER;CRECE;AmbulatorioEstadual;;SEM_PAR;inclusao;NaoDedutivel;Observar os;;;;Observar os;;CRECE p.18
ENDOCRINOLOGIA - DIABETES TIPO 2;SER;CRECE;AmbulatorioEstadual;;SEM_PAR;inclusao;NaoDedutivel;do paciente de acordo com cada prestador;;;;do paciente de acordo com cada prestador;;CRECE p.18
ENDOCRINOLOGIA - DIABETES TIPO 2;SER;CRECE;AmbulatorioEstadual;;SEM_PAR;exclusao;NaoDedutivel;Observar os;;;;Observar os;;CRECE p.18
ENDOCRINOLOGIA - DIABETES TIPO 2;SER;CRECE;AmbulatorioEstadual;;SEM_PAR;exclusao;NaoDedutivel;de cada prestador e faixa etária para atendimento;;;;de cada prestador e faixa etária para atendimento;;CRECE p.18
ENDOCRINOLOGIA - DISLEPIDEMIA;SER;CRECE;AmbulatorioEstadual;;SEM_PAR;inclusao;NaoDedutivel;Portadores de Hipercolesterolemia familiar;;;;Portadores de Hipercolesterolemia familiar;;CRECE p.19
ENDOCRINOLOGIA - DISLEPIDEMIA;SER;CRECE;AmbulatorioEstadual;;SEM_PAR;inclusao;NaoDedutivel;Portadores de Hipercolesterolemia familiar: LDL- Colesterol acima 200 mg/dl, Triglicerídeos acima de 500 mg/dl ou HDL- Colesterol abaixo de 20 mg/dl;;;;Portadores de Hipercolesterolemia familiar: LDL- Colesterol acima 200 mg/dl, Triglicerídeos acima de 500 mg/dl ou HDL- Colesterol abaixo de 20 mg/dl;;CRECE p.19
ENDOCRINOLOGIA - DISLEPIDEMIA;SER;CRECE;AmbulatorioEstadual;;SEM_PAR;inclusao;NaoDedutivel;Portadores de Hipercolesterolemia familiar: Crianças com LDL- C maior 160 mg/dl ou Triglicerídeos acima de 200 mg/dl;;;;Portadores de Hipercolesterolemia familiar: Crianças com LDL- C maior 160 mg/dl ou Triglicerídeos acima de 200 mg/dl;;CRECE p.19
ENDOCRINOLOGIA - DISLEPIDEMIA;SER;CRECE;AmbulatorioEstadual;;SEM_PAR;inclusao;NaoDedutivel;Pacientes com risco alto ou muito alto incapazes de atingir a meta de LDL - Colesterol (70 mg/dl ou 50 mg/dl - respectivamente) com o tratamento Hipolipemiante instituído;;;;Pacientes com risco alto ou muito alto incapazes de atingir a meta de LDL - Colesterol (70 mg/dl ou 50 mg/dl - respectivamente) com o tratamento Hipolipemiante instituído;;CRECE p.19
ENDOCRINOLOGIA - DISLEPIDEMIA;SER;CRECE;AmbulatorioEstadual;;SEM_PAR;exclusao;NaoDedutivel;Observar os;;;;Observar os;;CRECE p.19
ENDOCRINOLOGIA - DISLEPIDEMIA;SER;CRECE;AmbulatorioEstadual;;SEM_PAR;exclusao;NaoDedutivel;de cada prestador e faixa etária para atendimento;;;;de cada prestador e faixa etária para atendimento;;CRECE p.19
ENDOCRINOLOGIA - DOENÇAS DO OVÁRIO;SER;CRECE;AmbulatorioEstadual;CONSULTA EM ENDOCRINOLOGIA - DOENCAS DO OVARIO;composto;inclusao;Dedutivel;Reposição hormonal feminina pós-menopausa;;;F;;;CRECE p.19
ENDOCRINOLOGIA - DOENÇAS DO OVÁRIO;SER;CRECE;AmbulatorioEstadual;CONSULTA EM ENDOCRINOLOGIA - DOENCAS DO OVARIO;composto;inclusao;NaoDedutivel;Infertilidade;;;;Infertilidade;;CRECE p.19
ENDOCRINOLOGIA - DOENÇAS DO OVÁRIO;SER;CRECE;AmbulatorioEstadual;CONSULTA EM ENDOCRINOLOGIA - DOENCAS DO OVARIO;composto;inclusao;NaoDedutivel;Síndrome dos ovários policísticos;;;;Síndrome dos ovários policísticos;;CRECE p.19
ENDOCRINOLOGIA - DOENÇAS DO OVÁRIO;SER;CRECE;AmbulatorioEstadual;CONSULTA EM ENDOCRINOLOGIA - DOENCAS DO OVARIO;composto;inclusao;NaoDedutivel;Hirsutismo - Aumento dos pelos corporais (face, tórax, abdome, etc.);;;;Hirsutismo - Aumento dos pelos corporais (face, tórax, abdome, etc.);;CRECE p.19
ENDOCRINOLOGIA - DOENÇAS DO OVÁRIO;SER;CRECE;AmbulatorioEstadual;CONSULTA EM ENDOCRINOLOGIA - DOENCAS DO OVARIO;composto;inclusao;NaoDedutivel;Amenorreia primária ou secundária – Pacientes sem menarca após os 13 anos ou sem menstruação por mais de 3 meses já avaliados pela Ginecologia;;;;Amenorreia primária ou secundária – Pacientes sem menarca após os 13 anos ou sem menstruação por mais de 3 meses já avaliados pela Ginecologia;;CRECE p.19
ENDOCRINOLOGIA - DOENÇAS DO OVÁRIO;SER;CRECE;AmbulatorioEstadual;CONSULTA EM ENDOCRINOLOGIA - DOENCAS DO OVARIO;composto;inclusao;NaoDedutivel;Hipogonadismo – Pacientes com deficiência dos hormônios femininos;;;;Hipogonadismo – Pacientes com deficiência dos hormônios femininos;;CRECE p.19
ENDOCRINOLOGIA - DOENÇAS DO OVÁRIO;SER;CRECE;AmbulatorioEstadual;CONSULTA EM ENDOCRINOLOGIA - DOENCAS DO OVARIO;composto;inclusao;NaoDedutivel;Observar os;;;;Observar os;;CRECE p.19
ENDOCRINOLOGIA - DOENÇAS DO OVÁRIO;SER;CRECE;AmbulatorioEstadual;CONSULTA EM ENDOCRINOLOGIA - DOENCAS DO OVARIO;composto;inclusao;NaoDedutivel;do paciente de acordo com cada prestador;;;;do paciente de acordo com cada prestador;;CRECE p.19
ENDOCRINOLOGIA - DOENÇAS DO OVÁRIO;SER;CRECE;AmbulatorioEstadual;CONSULTA EM ENDOCRINOLOGIA - DOENCAS DO OVARIO;composto;exclusao;NaoDedutivel;Observar os;;;;Observar os;;CRECE p.19
ENDOCRINOLOGIA - DOENÇAS DO OVÁRIO;SER;CRECE;AmbulatorioEstadual;CONSULTA EM ENDOCRINOLOGIA - DOENCAS DO OVARIO;composto;exclusao;NaoDedutivel;de cada prestador e faixa etária para atendimento;;;;de cada prestador e faixa etária para atendimento;;CRECE p.19
ENDOCRINOLOGIA - DOENÇAS OSTEOMETABÓLICAS;SER;CRECE;AmbulatorioEstadual;CONSULTA EM ENDOCRINOLOGIA - DOENCAS OSTEOMETABOLICAS;composto;inclusao;NaoDedutivel;Observar os;;;;Observar os;;CRECE p.21
ENDOCRINOLOGIA - DOENÇAS OSTEOMETABÓLICAS;SER;CRECE;AmbulatorioEstadual;CONSULTA EM ENDOCRINOLOGIA - DOENCAS OSTEOMETABOLICAS;composto;inclusao;NaoDedutivel;e faixa etária do paciente de acordo com cada prestador;;;;e faixa etária do paciente de acordo com cada prestador;;CRECE p.21
ENDOCRINOLOGIA - DOENÇAS OSTEOMETABÓLICAS;SER;CRECE;AmbulatorioEstadual;CONSULTA EM ENDOCRINOLOGIA - DOENCAS OSTEOMETABOLICAS;composto;inclusao;NaoDedutivel;Pacientes apresentando;;;;Pacientes apresentando;;CRECE p.21
ENDOCRINOLOGIA - DOENÇAS OSTEOMETABÓLICAS;SER;CRECE;AmbulatorioEstadual;CONSULTA EM ENDOCRINOLOGIA - DOENCAS OSTEOMETABOLICAS;composto;inclusao;NaoDedutivel;Pacientes apresentando: Hiperparatireoidismo;;;;Pacientes apresentando: Hiperparatireoidismo;;CRECE p.21
ENDOCRINOLOGIA - DOENÇAS OSTEOMETABÓLICAS;SER;CRECE;AmbulatorioEstadual;CONSULTA EM ENDOCRINOLOGIA - DOENCAS OSTEOMETABOLICAS;composto;inclusao;NaoDedutivel;Pacientes apresentando: Hipoparatireoidismo/Pseudohipoparatireoidismo – níveis de cálcio reduzidos;;;;Pacientes apresentando: Hipoparatireoidismo/Pseudohipoparatireoidismo – níveis de cálcio reduzidos;;CRECE p.21
ENDOCRINOLOGIA - DOENÇAS OSTEOMETABÓLICAS;SER;CRECE;AmbulatorioEstadual;CONSULTA EM ENDOCRINOLOGIA - DOENCAS OSTEOMETABOLICAS;composto;inclusao;NaoDedutivel;Pacientes apresentando: Hipercalcemias (Exceto ligadas a doença renal ou malignidade);;;;Pacientes apresentando: Hipercalcemias (Exceto ligadas a doença renal ou malignidade);;CRECE p.21
ENDOCRINOLOGIA - DOENÇAS OSTEOMETABÓLICAS;SER;CRECE;AmbulatorioEstadual;CONSULTA EM ENDOCRINOLOGIA - DOENCAS OSTEOMETABOLICAS;composto;inclusao;NaoDedutivel;Pacientes apresentando: Nefrolitíase de repetição (bilateral);;;;Pacientes apresentando: Nefrolitíase de repetição (bilateral);;CRECE p.21
ENDOCRINOLOGIA - DOENÇAS OSTEOMETABÓLICAS;SER;CRECE;AmbulatorioEstadual;CONSULTA EM ENDOCRINOLOGIA - DOENCAS OSTEOMETABOLICAS;composto;inclusao;NaoDedutivel;Pacientes apresentando: Osteoporose (Densitometria óssea com T score maior que -2,5 desvios padrão, com ou sem fratura prévia;;;;Pacientes apresentando: Osteoporose (Densitometria óssea com T score maior que -2,5 desvios padrão, com ou sem fratura prévia;;CRECE p.21
ENDOCRINOLOGIA - DOENÇAS OSTEOMETABÓLICAS;SER;CRECE;AmbulatorioEstadual;CONSULTA EM ENDOCRINOLOGIA - DOENCAS OSTEOMETABOLICAS;composto;inclusao;NaoDedutivel;Pacientes apresentando: Doença de Paget;;;;Pacientes apresentando: Doença de Paget;;CRECE p.21
ENDOCRINOLOGIA - DOENÇAS OSTEOMETABÓLICAS;SER;CRECE;AmbulatorioEstadual;CONSULTA EM ENDOCRINOLOGIA - DOENCAS OSTEOMETABOLICAS;composto;inclusao;NaoDedutivel;Pacientes apresentando: Osteogênese Imperfeita;;;;Pacientes apresentando: Osteogênese Imperfeita;;CRECE p.21
ENDOCRINOLOGIA - DOENÇAS OSTEOMETABÓLICAS;SER;CRECE;AmbulatorioEstadual;CONSULTA EM ENDOCRINOLOGIA - DOENCAS OSTEOMETABOLICAS;composto;inclusao;NaoDedutivel;Pacientes apresentando: Raquitismo e Osteomalacia;;;;Pacientes apresentando: Raquitismo e Osteomalacia;;CRECE p.21
ENDOCRINOLOGIA - DOENÇAS OSTEOMETABÓLICAS;SER;CRECE;AmbulatorioEstadual;CONSULTA EM ENDOCRINOLOGIA - DOENCAS OSTEOMETABOLICAS;composto;exclusao;NaoDedutivel;Observar os;;;;Observar os;;CRECE p.21
ENDOCRINOLOGIA - DOENÇAS OSTEOMETABÓLICAS;SER;CRECE;AmbulatorioEstadual;CONSULTA EM ENDOCRINOLOGIA - DOENCAS OSTEOMETABOLICAS;composto;exclusao;NaoDedutivel;de cada prestador e faixa etária para atendimento;;;;de cada prestador e faixa etária para atendimento;;CRECE p.21
ENDOCRINOLOGIA - GESTANTE (EXCETO DIABETES);SER;CRECE;AmbulatorioEstadual;CONSULTA EM ENDOCRINOLOGIA - GESTANTE (EXCETO DIABETES);composto;inclusao;Dedutivel;Pacientes grávidas portadoras de doenças endócrinas, exceto diabetes;;;F;;;CRECE p.19
ENDOCRINOLOGIA - GESTANTE (EXCETO DIABETES);SER;CRECE;AmbulatorioEstadual;CONSULTA EM ENDOCRINOLOGIA - GESTANTE (EXCETO DIABETES);composto;exclusao;NaoDedutivel;Observar os;;;;Observar os;;CRECE p.19
ENDOCRINOLOGIA - GESTANTE (EXCETO DIABETES);SER;CRECE;AmbulatorioEstadual;CONSULTA EM ENDOCRINOLOGIA - GESTANTE (EXCETO DIABETES);composto;exclusao;NaoDedutivel;de cada prestador e faixa etária para atendimento;;;;de cada prestador e faixa etária para atendimento;;CRECE p.19
ENDOCRINOLOGIA - HIPÓFISE / ADRENAL;SER;CRECE;AmbulatorioEstadual;CONSULTA EM ENDOCRINOLOGIA - HIPOFISE/ADRENAL;composto;inclusao;NaoDedutivel;HIPÓFISE: Hiperprolactinemia: Galactorréia e/ou amenorréia com história de o prolactina elevada;;;;HIPÓFISE: Hiperprolactinemia: Galactorréia e/ou amenorréia com história de o prolactina elevada;;CRECE p.19
ENDOCRINOLOGIA - HIPÓFISE / ADRENAL;SER;CRECE;AmbulatorioEstadual;CONSULTA EM ENDOCRINOLOGIA - HIPOFISE/ADRENAL;composto;inclusao;NaoDedutivel;HIPÓFISE: Síndrome de Cushing: Níveis de cortisol elevados ou investigação de hipercortisolismo em pacientes com clínica sugestiva (estrias violáceas, o hipertensão arterial, diabetes mellitus, osteoporose, etc.);;;;HIPÓFISE: Síndrome de Cushing: Níveis de cortisol elevados ou investigação de hipercortisolismo em pacientes com clínica sugestiva (estrias violáceas, o hipertensão arterial, diabetes mellitus, osteoporose, etc.);;CRECE p.19
ENDOCRINOLOGIA - HIPÓFISE / ADRENAL;SER;CRECE;AmbulatorioEstadual;CONSULTA EM ENDOCRINOLOGIA - HIPOFISE/ADRENAL;composto;inclusao;NaoDedutivel;HIPÓFISE: Pan-hipopituitarismo: Investigação de deficiência de hormônios hipofisários (cortisol baixo, amenorreia, níveis de testosterona reduzidos, etc.);;;;HIPÓFISE: Pan-hipopituitarismo: Investigação de deficiência de hormônios hipofisários (cortisol baixo, amenorreia, níveis de testosterona reduzidos, etc.);;CRECE p.19
ENDOCRINOLOGIA - HIPÓFISE / ADRENAL;SER;CRECE;AmbulatorioEstadual;CONSULTA EM ENDOCRINOLOGIA - HIPOFISE/ADRENAL;composto;inclusao;NaoDedutivel;HIPÓFISE: Acromegalia: Níveis elevados de IGF-1 e hormônio de crescimento com alterações em face e extremidades;;;;HIPÓFISE: Acromegalia: Níveis elevados de IGF-1 e hormônio de crescimento com alterações em face e extremidades;;CRECE p.19
ENDOCRINOLOGIA - HIPÓFISE / ADRENAL;SER;CRECE;AmbulatorioEstadual;CONSULTA EM ENDOCRINOLOGIA - HIPOFISE/ADRENAL;composto;inclusao;NaoDedutivel;HIPÓFISE: Incidentalomahipofisário ou sela vazia: massas ou cistos ou aspecto de sela vazia na região da sela turca em exames de imagem;;;;HIPÓFISE: Incidentalomahipofisário ou sela vazia: massas ou cistos ou aspecto de sela vazia na região da sela turca em exames de imagem;;CRECE p.19
ENDOCRINOLOGIA - HIPÓFISE / ADRENAL;SER;CRECE;AmbulatorioEstadual;CONSULTA EM ENDOCRINOLOGIA - HIPOFISE/ADRENAL;composto;inclusao;NaoDedutivel;HIPÓFISE: História de apoplexia hipofisária;;;;HIPÓFISE: História de apoplexia hipofisária;;CRECE p.19
ENDOCRINOLOGIA - HIPÓFISE / ADRENAL;SER;CRECE;AmbulatorioEstadual;CONSULTA EM ENDOCRINOLOGIA - HIPOFISE/ADRENAL;composto;inclusao;NaoDedutivel;HIPÓFISE: Diabetes insípidus: produção de urina e sede excessivas, afastadas outras causas comuns de poliúria ( Diabetes Mellitus);;;;HIPÓFISE: Diabetes insípidus: produção de urina e sede excessivas, afastadas outras causas comuns de poliúria ( Diabetes Mellitus);;CRECE p.19
ENDOCRINOLOGIA - HIPÓFISE / ADRENAL;SER;CRECE;AmbulatorioEstadual;CONSULTA EM ENDOCRINOLOGIA - HIPOFISE/ADRENAL;composto;inclusao;NaoDedutivel;HIPÓFISE: Pós-operatório de cirurgia hipofisária;;;;HIPÓFISE: Pós-operatório de cirurgia hipofisária;;CRECE p.19
ENDOCRINOLOGIA - HIPÓFISE / ADRENAL;SER;CRECE;AmbulatorioEstadual;CONSULTA EM ENDOCRINOLOGIA - HIPOFISE/ADRENAL;composto;inclusao;NaoDedutivel;SUPRA RENAL;;;;SUPRA RENAL;;CRECE p.19
ENDOCRINOLOGIA - HIPÓFISE / ADRENAL;SER;CRECE;AmbulatorioEstadual;CONSULTA EM ENDOCRINOLOGIA - HIPOFISE/ADRENAL;composto;inclusao;NaoDedutivel;SUPRA RENAL: Insuficiência Adrenal: fraqueza, níveis de sódio reduzidos, eosinófilos aumentados, hipotensão;;;;SUPRA RENAL: Insuficiência Adrenal: fraqueza, níveis de sódio reduzidos, eosinófilos aumentados, hipotensão;;CRECE p.19
ENDOCRINOLOGIA - HIPÓFISE / ADRENAL;SER;CRECE;AmbulatorioEstadual;CONSULTA EM ENDOCRINOLOGIA - HIPOFISE/ADRENAL;composto;inclusao;NaoDedutivel;SUPRA RENAL: Hiperplasia Adrenal Congênita;;;;SUPRA RENAL: Hiperplasia Adrenal Congênita;;CRECE p.19
ENDOCRINOLOGIA - HIPÓFISE / ADRENAL;SER;CRECE;AmbulatorioEstadual;CONSULTA EM ENDOCRINOLOGIA - HIPOFISE/ADRENAL;composto;inclusao;NaoDedutivel;SUPRA RENAL: Investigação de massas adrenais;;;;SUPRA RENAL: Investigação de massas adrenais;;CRECE p.19
ENDOCRINOLOGIA - HIPÓFISE / ADRENAL;SER;CRECE;AmbulatorioEstadual;CONSULTA EM ENDOCRINOLOGIA - HIPOFISE/ADRENAL;composto;inclusao;NaoDedutivel;SUPRA RENAL: Hiperaldosteronismo;;;;SUPRA RENAL: Hiperaldosteronismo;;CRECE p.19
ENDOCRINOLOGIA - HIPÓFISE / ADRENAL;SER;CRECE;AmbulatorioEstadual;CONSULTA EM ENDOCRINOLOGIA - HIPOFISE/ADRENAL;composto;inclusao;NaoDedutivel;SUPRA RENAL: Hipertensão arterial em uso de 4 anti-hipertensivos ou 3 anti- hipertensivos sem controle, podendo estar associado a hipocalemia;;;;SUPRA RENAL: Hipertensão arterial em uso de 4 anti-hipertensivos ou 3 anti- hipertensivos sem controle, podendo estar associado a hipocalemia;;CRECE p.19
ENDOCRINOLOGIA - HIPÓFISE / ADRENAL;SER;CRECE;AmbulatorioEstadual;CONSULTA EM ENDOCRINOLOGIA - HIPOFISE/ADRENAL;composto;inclusao;NaoDedutivel;SUPRA RENAL: Feocromocitoma;;;;SUPRA RENAL: Feocromocitoma;;CRECE p.19
ENDOCRINOLOGIA - HIPÓFISE / ADRENAL;SER;CRECE;AmbulatorioEstadual;CONSULTA EM ENDOCRINOLOGIA - HIPOFISE/ADRENAL;composto;inclusao;NaoDedutivel;SUPRA RENAL: Hipertensão em paroxismos, cefaleia, palpitações, etc;;;;SUPRA RENAL: Hipertensão em paroxismos, cefaleia, palpitações, etc;;CRECE p.19
ENDOCRINOLOGIA - HIPÓFISE / ADRENAL;SER;CRECE;AmbulatorioEstadual;CONSULTA EM ENDOCRINOLOGIA - HIPOFISE/ADRENAL;composto;inclusao;NaoDedutivel;SUPRA RENAL: Observar os;;;;SUPRA RENAL: Observar os;;CRECE p.19
ENDOCRINOLOGIA - HIPÓFISE / ADRENAL;SER;CRECE;AmbulatorioEstadual;CONSULTA EM ENDOCRINOLOGIA - HIPOFISE/ADRENAL;composto;inclusao;NaoDedutivel;do paciente de acordo com cada prestador;;;;do paciente de acordo com cada prestador;;CRECE p.19
ENDOCRINOLOGIA - HIPÓFISE / ADRENAL;SER;CRECE;AmbulatorioEstadual;CONSULTA EM ENDOCRINOLOGIA - HIPOFISE/ADRENAL;composto;exclusao;NaoDedutivel;Observar os;;;;Observar os;;CRECE p.19
ENDOCRINOLOGIA - HIPÓFISE / ADRENAL;SER;CRECE;AmbulatorioEstadual;CONSULTA EM ENDOCRINOLOGIA - HIPOFISE/ADRENAL;composto;exclusao;NaoDedutivel;de cada prestador e faixa etária para atendimento;;;;de cada prestador e faixa etária para atendimento;;CRECE p.19
ENDOCRINOLOGIA - OBESIDADE ADOLESCENTE;SER;CRECE;AmbulatorioEstadual;;SEM_PAR;inclusao;NaoDedutivel;Paciente portador de obesidade grave com IMC maior que 35, apresentando intolerância a glicose e/ou dislipidemia e/ou resistência insulínica;;;;Paciente portador de obesidade grave com IMC maior que 35, apresentando intolerância a glicose e/ou dislipidemia e/ou resistência insulínica;;CRECE p.20
ENDOCRINOLOGIA - OBESIDADE ADOLESCENTE;SER;CRECE;AmbulatorioEstadual;;SEM_PAR;inclusao;NaoDedutivel;Observar os;;;;Observar os;;CRECE p.20
ENDOCRINOLOGIA - OBESIDADE ADOLESCENTE;SER;CRECE;AmbulatorioEstadual;;SEM_PAR;inclusao;NaoDedutivel;e faixa etária do paciente de acordo com cada prestador;;;;e faixa etária do paciente de acordo com cada prestador;;CRECE p.20
ENDOCRINOLOGIA - OBESIDADE ADOLESCENTE;SER;CRECE;AmbulatorioEstadual;;SEM_PAR;exclusao;NaoDedutivel;Observar os;;;;Observar os;;CRECE p.20
ENDOCRINOLOGIA - OBESIDADE ADOLESCENTE;SER;CRECE;AmbulatorioEstadual;;SEM_PAR;exclusao;NaoDedutivel;de cada prestador e faixa etária para atendimento;;;;de cada prestador e faixa etária para atendimento;;CRECE p.20
ENDOCRINOLOGIA - PEDIATRIA DIABETES;SER;CRECE;AmbulatorioEstadual;CONSULTA EM ENDOCRINOLOGIA - PEDIATRICA DIABETES;composto;inclusao;NaoDedutivel;Diabete Mellitus Tipo 1;;;;Diabete Mellitus Tipo 1;;CRECE p.21
ENDOCRINOLOGIA - PEDIATRIA DIABETES;SER;CRECE;AmbulatorioEstadual;CONSULTA EM ENDOCRINOLOGIA - PEDIATRICA DIABETES;composto;inclusao;NaoDedutivel;Diabete Mellitus Pós-Transplante;;;;Diabete Mellitus Pós-Transplante;;CRECE p.21
ENDOCRINOLOGIA - PEDIATRIA DIABETES;SER;CRECE;AmbulatorioEstadual;CONSULTA EM ENDOCRINOLOGIA - PEDIATRICA DIABETES;composto;inclusao;NaoDedutivel;Diabete Mellitus Tipo 2;;;;Diabete Mellitus Tipo 2;;CRECE p.21
ENDOCRINOLOGIA - PEDIATRIA DIABETES;SER;CRECE;AmbulatorioEstadual;CONSULTA EM ENDOCRINOLOGIA - PEDIATRICA DIABETES;composto;inclusao;NaoDedutivel;Glicemia de Jejum alterada (glicemia > 99mg/dl);;;;Glicemia de Jejum alterada (glicemia > 99mg/dl);;CRECE p.21
ENDOCRINOLOGIA - PEDIATRIA DIABETES;SER;CRECE;AmbulatorioEstadual;CONSULTA EM ENDOCRINOLOGIA - PEDIATRICA DIABETES;composto;inclusao;NaoDedutivel;Intolerância a Glicose (com teste oral de intolerância a glicose alterado TOTG alterado);;;;Intolerância a Glicose (com teste oral de intolerância a glicose alterado TOTG alterado);;CRECE p.21
ENDOCRINOLOGIA - PEDIATRIA DIABETES;SER;CRECE;AmbulatorioEstadual;CONSULTA EM ENDOCRINOLOGIA - PEDIATRICA DIABETES;composto;inclusao;NaoDedutivel;Observar os;;;;Observar os;;CRECE p.21
ENDOCRINOLOGIA - PEDIATRIA DIABETES;SER;CRECE;AmbulatorioEstadual;CONSULTA EM ENDOCRINOLOGIA - PEDIATRICA DIABETES;composto;inclusao;NaoDedutivel;e faixa etária do paciente de acordo com cada prestador;;;;e faixa etária do paciente de acordo com cada prestador;;CRECE p.21
ENDOCRINOLOGIA - PEDIATRIA DIABETES;SER;CRECE;AmbulatorioEstadual;CONSULTA EM ENDOCRINOLOGIA - PEDIATRICA DIABETES;composto;exclusao;NaoDedutivel;Observar os;;;;Observar os;;CRECE p.21
ENDOCRINOLOGIA - PEDIATRIA DIABETES;SER;CRECE;AmbulatorioEstadual;CONSULTA EM ENDOCRINOLOGIA - PEDIATRICA DIABETES;composto;exclusao;NaoDedutivel;de cada prestador e faixa etária para atendimento;;;;de cada prestador e faixa etária para atendimento;;CRECE p.21
ENDOCRINOLOGIA - PÓS-BARIÁTRICA;SER;CRECE;AmbulatorioEstadual;CONSULTA ENDOCRINOLOGIA PÓS BARIÁTRICA;composto;inclusao;NaoDedutivel;Pacientes já submetidos à Cirurgia Bariátrica, independente da técnica e tempo de cirurgia, para acompanhamento clínico pós-cirúrgico;;;;Pacientes já submetidos à Cirurgia Bariátrica, independente da técnica e tempo de cirurgia, para acompanhamento clínico pós-cirúrgico;;CRECE p.22
ENDOCRINOLOGIA - PÓS-BARIÁTRICA;SER;CRECE;AmbulatorioEstadual;CONSULTA ENDOCRINOLOGIA PÓS BARIÁTRICA;composto;exclusao;NaoDedutivel;Observar os;;;;Observar os;;CRECE p.22
ENDOCRINOLOGIA - PÓS-BARIÁTRICA;SER;CRECE;AmbulatorioEstadual;CONSULTA ENDOCRINOLOGIA PÓS BARIÁTRICA;composto;exclusao;NaoDedutivel;do prestador e faixa etária para atendimento;;;;do prestador e faixa etária para atendimento;;CRECE p.22
ENDOCRINOLOGIA - SÍNDROME METABÓLICA;SER;CRECE;AmbulatorioEstadual;CONSULTA EM ENDOCRINOLOGIA - SINDROME METABOLICA;composto;inclusao;NaoDedutivel;Pacientes com Distúrbios Endócrinos;;;;Pacientes com Distúrbios Endócrinos;;CRECE p.21
ENDOCRINOLOGIA - SÍNDROME METABÓLICA;SER;CRECE;AmbulatorioEstadual;CONSULTA EM ENDOCRINOLOGIA - SINDROME METABOLICA;composto;inclusao;NaoDedutivel;Paciente com Hipertensão Arterial, Diabetes, Obesidade (IMC < 35) e níveis de colesterol elevados;;;;Paciente com Hipertensão Arterial, Diabetes, Obesidade (IMC < 35) e níveis de colesterol elevados;;CRECE p.21
ENDOCRINOLOGIA - SÍNDROME METABÓLICA;SER;CRECE;AmbulatorioEstadual;CONSULTA EM ENDOCRINOLOGIA - SINDROME METABOLICA;composto;inclusao;Dedutivel;Pacientes a partir de 18 anos;18;;;;;CRECE p.21
ENDOCRINOLOGIA - SÍNDROME METABÓLICA;SER;CRECE;AmbulatorioEstadual;CONSULTA EM ENDOCRINOLOGIA - SINDROME METABOLICA;composto;inclusao;NaoDedutivel;Observar os;;;;Observar os;;CRECE p.21
ENDOCRINOLOGIA - SÍNDROME METABÓLICA;SER;CRECE;AmbulatorioEstadual;CONSULTA EM ENDOCRINOLOGIA - SINDROME METABOLICA;composto;inclusao;NaoDedutivel;e faixa etária do paciente de acordo com cada prestador;;;;e faixa etária do paciente de acordo com cada prestador;;CRECE p.21
ENDOCRINOLOGIA - SÍNDROME METABÓLICA;SER;CRECE;AmbulatorioEstadual;CONSULTA EM ENDOCRINOLOGIA - SINDROME METABOLICA;composto;exclusao;NaoDedutivel;Observar os;;;;Observar os;;CRECE p.21
ENDOCRINOLOGIA - SÍNDROME METABÓLICA;SER;CRECE;AmbulatorioEstadual;CONSULTA EM ENDOCRINOLOGIA - SINDROME METABOLICA;composto;exclusao;NaoDedutivel;de cada prestador e faixa etária para atendimento;;;;de cada prestador e faixa etária para atendimento;;CRECE p.21
ENDOCRINOLOGIA - TIREOIDE;SER;CRECE;AmbulatorioEstadual;CONSULTA EM ENDOCRINOLOGIA - TIREOIDE;composto;inclusao;NaoDedutivel;Observar os;;;;Observar os;;CRECE p.22
ENDOCRINOLOGIA - TIREOIDE;SER;CRECE;AmbulatorioEstadual;CONSULTA EM ENDOCRINOLOGIA - TIREOIDE;composto;inclusao;NaoDedutivel;e faixa etária do paciente de acordo com cada prestador;;;;e faixa etária do paciente de acordo com cada prestador;;CRECE p.22
ENDOCRINOLOGIA - TIREOIDE;SER;CRECE;AmbulatorioEstadual;CONSULTA EM ENDOCRINOLOGIA - TIREOIDE;composto;inclusao;NaoDedutivel;Pacientes apresentando as seguintes alterações;;;;Pacientes apresentando as seguintes alterações;;CRECE p.22
ENDOCRINOLOGIA - TIREOIDE;SER;CRECE;AmbulatorioEstadual;CONSULTA EM ENDOCRINOLOGIA - TIREOIDE;composto;inclusao;NaoDedutivel;Pacientes apresentando as seguintes alterações: Tireoidite aguda (bacteriana/fúngica) e subaguda confirmadas;;;;Pacientes apresentando as seguintes alterações: Tireoidite aguda (bacteriana/fúngica) e subaguda confirmadas;;CRECE p.22
ENDOCRINOLOGIA - TIREOIDE;SER;CRECE;AmbulatorioEstadual;CONSULTA EM ENDOCRINOLOGIA - TIREOIDE;composto;inclusao;NaoDedutivel;"Pacientes apresentando as seguintes alterações: Hipertireoidismo (doença de graves - bócio nodular tóxico) sem tratamento, Bócio uni ou multinodular atóxico com nódulos: hipoecóicos maiores de 1 cm; isoecóico, mistos e hiperecóico > - 1 - 5 cm; císticos acima de 3 cm";;;;"Pacientes apresentando as seguintes alterações: Hipertireoidismo (doença de graves - bócio nodular tóxico) sem tratamento, Bócio uni ou multinodular atóxico com nódulos: hipoecóicos maiores de 1 cm; isoecóico, mistos e hiperecóico > - 1 - 5 cm; císticos acima de 3 cm";;CRECE p.22
ENDOCRINOLOGIA - TIREOIDE;SER;CRECE;AmbulatorioEstadual;CONSULTA EM ENDOCRINOLOGIA - TIREOIDE;composto;inclusao;NaoDedutivel;Pacientes apresentando as seguintes alterações: Nódulos maiores que 01 cm. (Obs.: levar exames para consulta, caso tenha);;;;Pacientes apresentando as seguintes alterações: Nódulos maiores que 01 cm. (Obs.: levar exames para consulta, caso tenha);;CRECE p.22
ENDOCRINOLOGIA - TIREOIDE;SER;CRECE;AmbulatorioEstadual;CONSULTA EM ENDOCRINOLOGIA - TIREOIDE;composto;exclusao;NaoDedutivel;Observar os;;;;Observar os;;CRECE p.22
ENDOCRINOLOGIA - TIREOIDE;SER;CRECE;AmbulatorioEstadual;CONSULTA EM ENDOCRINOLOGIA - TIREOIDE;composto;exclusao;NaoDedutivel;de cada prestador;;;;de cada prestador;;CRECE p.22
ENDOCRINOLOGIA - TIREOIDE;SER;CRECE;AmbulatorioEstadual;CONSULTA EM ENDOCRINOLOGIA - TIREOIDE;composto;exclusao;NaoDedutivel;Investigação de disfunção tireoidiana (Hiper e Hipotireoidismo);;;;Investigação de disfunção tireoidiana (Hiper e Hipotireoidismo);;CRECE p.22
ENDOCRINOLOGIA - TIREOIDE;SER;CRECE;AmbulatorioEstadual;CONSULTA EM ENDOCRINOLOGIA - TIREOIDE;composto;exclusao;NaoDedutivel;Hipotireoidismo;;;;Hipotireoidismo;;CRECE p.22
ENDOCRINOLOGIA - TIREOIDE;SER;CRECE;AmbulatorioEstadual;CONSULTA EM ENDOCRINOLOGIA - TIREOIDE;composto;exclusao;NaoDedutivel;Tireoidite de Hashimoto;;;;Tireoidite de Hashimoto;;CRECE p.22
ENDOCRINOLOGIA - TIREOIDE;SER;CRECE;AmbulatorioEstadual;CONSULTA EM ENDOCRINOLOGIA - TIREOIDE;composto;exclusao;NaoDedutivel;Nódulos menores de 1 cm: hipoecóicos - isoecóico e hiperecóico;;;;Nódulos menores de 1 cm: hipoecóicos - isoecóico e hiperecóico;;CRECE p.22
ENDOCRINOLOGIA - TIREOIDE;SER;CRECE;AmbulatorioEstadual;CONSULTA EM ENDOCRINOLOGIA - TIREOIDE;composto;exclusao;NaoDedutivel;Nódulos císticos < - 3cm;;;;Nódulos císticos < - 3cm;;CRECE p.22
FISIATRIA;SER;CRECE;AmbulatorioEstadual;CONSULTA EM FISIATRIA;celula;inclusao;Dedutivel;Pacientes acima de 60 anos;60;;;;;CRECE p.23
FISIATRIA;SER;CRECE;AmbulatorioEstadual;CONSULTA EM FISIATRIA;celula;inclusao;NaoDedutivel;Pacientes portadores das seguintes alterações;;;;Pacientes portadores das seguintes alterações;;CRECE p.23
FISIATRIA;SER;CRECE;AmbulatorioEstadual;CONSULTA EM FISIATRIA;celula;inclusao;NaoDedutivel;Pacientes portadores das seguintes alterações: Cervicalgias;;;;Pacientes portadores das seguintes alterações: Cervicalgias;;CRECE p.23
FISIATRIA;SER;CRECE;AmbulatorioEstadual;CONSULTA EM FISIATRIA;celula;inclusao;NaoDedutivel;Pacientes portadores das seguintes alterações: Tendinopatias de Quervain;;;;Pacientes portadores das seguintes alterações: Tendinopatias de Quervain;;CRECE p.23
FISIATRIA;SER;CRECE;AmbulatorioEstadual;CONSULTA EM FISIATRIA;celula;inclusao;NaoDedutivel;Pacientes portadores das seguintes alterações: Dedo em Gatilho;;;;Pacientes portadores das seguintes alterações: Dedo em Gatilho;;CRECE p.23
FISIATRIA;SER;CRECE;AmbulatorioEstadual;CONSULTA EM FISIATRIA;celula;inclusao;NaoDedutivel;Pacientes portadores das seguintes alterações: Ombro doloroso;;;;Pacientes portadores das seguintes alterações: Ombro doloroso;;CRECE p.23
FISIATRIA;SER;CRECE;AmbulatorioEstadual;CONSULTA EM FISIATRIA;celula;inclusao;NaoDedutivel;Pacientes portadores das seguintes alterações: Esporão de calcâneo;;;;Pacientes portadores das seguintes alterações: Esporão de calcâneo;;CRECE p.23
FISIATRIA;SER;CRECE;AmbulatorioEstadual;CONSULTA EM FISIATRIA;celula;inclusao;NaoDedutivel;Pacientes portadores das seguintes alterações: Paralisia facial periférica;;;;Pacientes portadores das seguintes alterações: Paralisia facial periférica;;CRECE p.23
FISIATRIA;SER;CRECE;AmbulatorioEstadual;CONSULTA EM FISIATRIA;celula;inclusao;NaoDedutivel;Pacientes portadores das seguintes alterações: Lombalgia de origem vertebral;;;;Pacientes portadores das seguintes alterações: Lombalgia de origem vertebral;;CRECE p.23
FISIATRIA;SER;CRECE;AmbulatorioEstadual;CONSULTA EM FISIATRIA;celula;inclusao;NaoDedutivel;Observar os;;;;Observar os;;CRECE p.23
FISIATRIA;SER;CRECE;AmbulatorioEstadual;CONSULTA EM FISIATRIA;celula;inclusao;NaoDedutivel;e faixa etária do paciente de acordo com cada prestador;;;;e faixa etária do paciente de acordo com cada prestador;;CRECE p.23
FISIATRIA;SER;CRECE;AmbulatorioEstadual;CONSULTA EM FISIATRIA;celula;exclusao;NaoDedutivel;Neoplasias (benignas, malignas e de comportamento incerto);;;;Neoplasias (benignas, malignas e de comportamento incerto);;CRECE p.23
FISIATRIA;SER;CRECE;AmbulatorioEstadual;CONSULTA EM FISIATRIA;celula;exclusao;NaoDedutivel;Infecções urinárias;;;;Infecções urinárias;;CRECE p.23
FISIATRIA;SER;CRECE;AmbulatorioEstadual;CONSULTA EM FISIATRIA;celula;exclusao;NaoDedutivel;Observar os;;;;Observar os;;CRECE p.23
FISIATRIA;SER;CRECE;AmbulatorioEstadual;CONSULTA EM FISIATRIA;celula;exclusao;NaoDedutivel;de cada prestador e faixa etária para atendimento;;;;de cada prestador e faixa etária para atendimento;;CRECE p.23
FISIOTERAPIA;SER;CRECE;AmbulatorioEstadual;;SEM_PAR;inclusao;NaoDedutivel;Pacientes portadores das seguintes alterações;;;;Pacientes portadores das seguintes alterações;;CRECE p.23
FISIOTERAPIA;SER;CRECE;AmbulatorioEstadual;;SEM_PAR;inclusao;NaoDedutivel;Pacientes portadores das seguintes alterações: Pacientes em reabilitação cardíaca - pulmonar e neurológica;;;;Pacientes portadores das seguintes alterações: Pacientes em reabilitação cardíaca - pulmonar e neurológica;;CRECE p.23
FISIOTERAPIA;SER;CRECE;AmbulatorioEstadual;;SEM_PAR;inclusao;NaoDedutivel;Pacientes portadores das seguintes alterações: Pacientes em fisioterapia respiratória (adulto e infantil);;;;Pacientes portadores das seguintes alterações: Pacientes em fisioterapia respiratória (adulto e infantil);;CRECE p.23
FISIOTERAPIA;SER;CRECE;AmbulatorioEstadual;;SEM_PAR;inclusao;Dedutivel;Pacientes portadores das seguintes alterações: Fisioterapia em uroginecologia (somente usuários adultos do sexo masculino, incontinência urinária de esforço, urgência miccional e incontinência mista, pós-operatório de próstata);;;M;;;CRECE p.23
FISIOTERAPIA;SER;CRECE;AmbulatorioEstadual;;SEM_PAR;inclusao;NaoDedutivel;Observar os;;;;Observar os;;CRECE p.23
FISIOTERAPIA;SER;CRECE;AmbulatorioEstadual;;SEM_PAR;inclusao;NaoDedutivel;e faixa etária do paciente de acordo com cada prestador;;;;e faixa etária do paciente de acordo com cada prestador;;CRECE p.23
FISIOTERAPIA;SER;CRECE;AmbulatorioEstadual;;SEM_PAR;exclusao;NaoDedutivel;Pacientes queimados ou amputados;;;;Pacientes queimados ou amputados;;CRECE p.23
FISIOTERAPIA;SER;CRECE;AmbulatorioEstadual;;SEM_PAR;exclusao;NaoDedutivel;Observar os;;;;Observar os;;CRECE p.23
FISIOTERAPIA;SER;CRECE;AmbulatorioEstadual;;SEM_PAR;exclusao;NaoDedutivel;de cada prestador e faixa etária para atendimento;;;;de cada prestador e faixa etária para atendimento;;CRECE p.23
GASTROENTEROLOGIA - DOENÇA INFLAMATÓRIA;SER;CRECE;AmbulatorioEstadual;CONSULTA EM GASTROENTEROLOGIA;secao;inclusao;Dedutivel;Critério Atendimento exclusivamente para maiores de 18 anos;18;;;;;CRECE p.25
GASTROENTEROLOGIA - DOENÇA INFLAMATÓRIA;SER;CRECE;AmbulatorioEstadual;CONSULTA EM GASTROENTEROLOGIA;secao;inclusao;NaoDedutivel;É obrigatório encaminhamento médico preenchido, assinado e carimbado pelo médico solicitante;;;;É obrigatório encaminhamento médico preenchido, assinado e carimbado pelo médico solicitante;;CRECE p.25
GASTROENTEROLOGIA - DOENÇA INFLAMATÓRIA;SER;CRECE;AmbulatorioEstadual;CONSULTA EM GASTROENTEROLOGIA;secao;inclusao;NaoDedutivel;Pacientes que apresentam as seguintes alterações;;;;Pacientes que apresentam as seguintes alterações;;CRECE p.25
GASTROENTEROLOGIA - DOENÇA INFLAMATÓRIA;SER;CRECE;AmbulatorioEstadual;CONSULTA EM GASTROENTEROLOGIA;secao;inclusao;NaoDedutivel;Doença de Crohn (CID K50.0 e K50.1);;;;Doença de Crohn (CID K50.0 e K50.1);;CRECE p.25
GASTROENTEROLOGIA - DOENÇA INFLAMATÓRIA;SER;CRECE;AmbulatorioEstadual;CONSULTA EM GASTROENTEROLOGIA;secao;inclusao;NaoDedutivel;Retocolite Ulcerativa (CID K51.1);;;;Retocolite Ulcerativa (CID K51.1);;CRECE p.25
GASTROENTEROLOGIA - DOENÇA INFLAMATÓRIA;SER;CRECE;AmbulatorioEstadual;CONSULTA EM GASTROENTEROLOGIA;secao;inclusao;NaoDedutivel;Colite Indeterminada (CID K50.8);;;;Colite Indeterminada (CID K50.8);;CRECE p.25
GASTROENTEROLOGIA - DOENÇA INFLAMATÓRIA;SER;CRECE;AmbulatorioEstadual;CONSULTA EM GASTROENTEROLOGIA;secao;inclusao;NaoDedutivel;Observar os;;;;Observar os;;CRECE p.25
GASTROENTEROLOGIA - DOENÇA INFLAMATÓRIA;SER;CRECE;AmbulatorioEstadual;CONSULTA EM GASTROENTEROLOGIA;secao;inclusao;NaoDedutivel;e faixa etária do paciente de acordo com cada prestador;;;;e faixa etária do paciente de acordo com cada prestador;;CRECE p.25
GASTROENTEROLOGIA - DOENÇA INFLAMATÓRIA;SER;CRECE;AmbulatorioEstadual;CONSULTA EM GASTROENTEROLOGIA;secao;exclusao;NaoDedutivel;Quadro sindrômicos SEM diagnóstico de Doença Inflamatório Intestinal (DII), outras formas de colite e outras doenças do Trato Intestinal (TI) alto e baixo;;;;Quadro sindrômicos SEM diagnóstico de Doença Inflamatório Intestinal (DII), outras formas de colite e outras doenças do Trato Intestinal (TI) alto e baixo;;CRECE p.25
GASTROENTEROLOGIA - DOENÇA INFLAMATÓRIA;SER;CRECE;AmbulatorioEstadual;CONSULTA EM GASTROENTEROLOGIA;secao;exclusao;NaoDedutivel;Pacientes ainda em investigação de quadros sindrômicos, NÃO diagnosticados com Doença II;;;;Pacientes ainda em investigação de quadros sindrômicos, NÃO diagnosticados com Doença II;;CRECE p.25
GASTROENTEROLOGIA - DOENÇA INFLAMATÓRIA;SER;CRECE;AmbulatorioEstadual;CONSULTA EM GASTROENTEROLOGIA;secao;exclusao;NaoDedutivel;Observar os;;;;Observar os;;CRECE p.25
GASTROENTEROLOGIA - DOENÇA INFLAMATÓRIA;SER;CRECE;AmbulatorioEstadual;CONSULTA EM GASTROENTEROLOGIA;secao;exclusao;NaoDedutivel;de cada prestador e faixa etária para atendimento;;;;de cada prestador e faixa etária para atendimento;;CRECE p.25
GASTROENTEROLOGIA - GASTROSTOMIA (INTERNADOS);SER;CRECE;AmbulatorioEstadual;CONSULTA EM GASTROENTEROLOGIA - GASTROSTOMIA - INTERNADOS;composto;inclusao;NaoDedutivel;É obrigatório encaminhamento médico preenchido, assinado e carimbado pelo médico solicitante;;;;É obrigatório encaminhamento médico preenchido, assinado e carimbado pelo médico solicitante;;CRECE p.25
GASTROENTEROLOGIA - GASTROSTOMIA (INTERNADOS);SER;CRECE;AmbulatorioEstadual;CONSULTA EM GASTROENTEROLOGIA - GASTROSTOMIA - INTERNADOS;composto;inclusao;NaoDedutivel;O paciente deve possuir o risco cirúrgico liberado para o procedimento;;;;O paciente deve possuir o risco cirúrgico liberado para o procedimento;;CRECE p.25
GASTROENTEROLOGIA - GASTROSTOMIA (INTERNADOS);SER;CRECE;AmbulatorioEstadual;CONSULTA EM GASTROENTEROLOGIA - GASTROSTOMIA - INTERNADOS;composto;inclusao;NaoDedutivel;Os exames laboratoriais do paciente devem ter sido realizados nos últimos 15 dias: hemograma completo, creatina, TAP e PTT);;;;Os exames laboratoriais do paciente devem ter sido realizados nos últimos 15 dias: hemograma completo, creatina, TAP e PTT);;CRECE p.25
GASTROENTEROLOGIA - GASTROSTOMIA (INTERNADOS);SER;CRECE;AmbulatorioEstadual;CONSULTA EM GASTROENTEROLOGIA - GASTROSTOMIA - INTERNADOS;composto;inclusao;NaoDedutivel;O paciente deve estar obrigatoriamente internado em outra unidade de saúde e deve ser encaminhado por ambulância com médico;;;;O paciente deve estar obrigatoriamente internado em outra unidade de saúde e deve ser encaminhado por ambulância com médico;;CRECE p.25
GASTROENTEROLOGIA - GASTROSTOMIA (INTERNADOS);SER;CRECE;AmbulatorioEstadual;CONSULTA EM GASTROENTEROLOGIA - GASTROSTOMIA - INTERNADOS;composto;exclusao;NaoDedutivel;Pacientes que já possuem gastrostomia;;;;Pacientes que já possuem gastrostomia;;CRECE p.25
GASTROENTEROLOGIA - GASTROSTOMIA (INTERNADOS);SER;CRECE;AmbulatorioEstadual;CONSULTA EM GASTROENTEROLOGIA - GASTROSTOMIA - INTERNADOS;composto;exclusao;NaoDedutivel;Observar os;;;;Observar os;;CRECE p.25
GASTROENTEROLOGIA - GASTROSTOMIA (INTERNADOS);SER;CRECE;AmbulatorioEstadual;CONSULTA EM GASTROENTEROLOGIA - GASTROSTOMIA - INTERNADOS;composto;exclusao;NaoDedutivel;de cada prestador e faixa etária para atendimento;;;;de cada prestador e faixa etária para atendimento;;CRECE p.25
GASTROENTEROLOGIA - GERAL;SER;CRECE;AmbulatorioEstadual;CONSULTA EM GASTROENTEROLOGIA;secao;inclusao;NaoDedutivel;Pacientes que apresentam as seguintes alterações;;;;Pacientes que apresentam as seguintes alterações;;CRECE p.24
GASTROENTEROLOGIA - GERAL;SER;CRECE;AmbulatorioEstadual;CONSULTA EM GASTROENTEROLOGIA;secao;inclusao;NaoDedutivel;Pacientes que apresentam as seguintes alterações: Epigastralgia refratária ao uso de inibidor de bomba de prótons;;;;Pacientes que apresentam as seguintes alterações: Epigastralgia refratária ao uso de inibidor de bomba de prótons;;CRECE p.24
GASTROENTEROLOGIA - GERAL;SER;CRECE;AmbulatorioEstadual;CONSULTA EM GASTROENTEROLOGIA;secao;inclusao;NaoDedutivel;Pacientes que apresentam as seguintes alterações: Úlcera péptica que persiste após controle endoscópico (realizado 8 a 12 semanas após início do tratamento) e/ou complicada (passado de hemorragia e/ou estenose);;;;Pacientes que apresentam as seguintes alterações: Úlcera péptica que persiste após controle endoscópico (realizado 8 a 12 semanas após início do tratamento) e/ou complicada (passado de hemorragia e/ou estenose);;CRECE p.24
GASTROENTEROLOGIA - GERAL;SER;CRECE;AmbulatorioEstadual;CONSULTA EM GASTROENTEROLOGIA;secao;inclusao;NaoDedutivel;Pacientes que apresentam as seguintes alterações: Doença do Refluxo Gastroesofágico (DRGE) com manifestações típicas e/ou associada à hérnia hiatal e refratária ao tratamento otimizado por 3 meses;;;;Pacientes que apresentam as seguintes alterações: Doença do Refluxo Gastroesofágico (DRGE) com manifestações típicas e/ou associada à hérnia hiatal e refratária ao tratamento otimizado por 3 meses;;CRECE p.24
GASTROENTEROLOGIA - GERAL;SER;CRECE;AmbulatorioEstadual;CONSULTA EM GASTROENTEROLOGIA;secao;inclusao;NaoDedutivel;Pacientes que apresentam as seguintes alterações: DRGE com esofagite grau C ou D de Los Angeles e/ou complicada com úlcera;;;;Pacientes que apresentam as seguintes alterações: DRGE com esofagite grau C ou D de Los Angeles e/ou complicada com úlcera;;CRECE p.24
GASTROENTEROLOGIA - GERAL;SER;CRECE;AmbulatorioEstadual;CONSULTA EM GASTROENTEROLOGIA;secao;inclusao;NaoDedutivel;Pacientes que apresentam as seguintes alterações: Estenose péptica e/ou esôfago de Barrett;;;;Pacientes que apresentam as seguintes alterações: Estenose péptica e/ou esôfago de Barrett;;CRECE p.24
GASTROENTEROLOGIA - GERAL;SER;CRECE;AmbulatorioEstadual;CONSULTA EM GASTROENTEROLOGIA;secao;inclusao;NaoDedutivel;Pacientes que apresentam as seguintes alterações: Queixas otorrinolaringológicas (pigarro, rouquidão, globus cervical, faringite de repetição) com investigação inicial sugestiva de DRGE e de difícil tratamento;;;;Pacientes que apresentam as seguintes alterações: Queixas otorrinolaringológicas (pigarro, rouquidão, globus cervical, faringite de repetição) com investigação inicial sugestiva de DRGE e de difícil tratamento;;CRECE p.24
GASTROENTEROLOGIA - GERAL;SER;CRECE;AmbulatorioEstadual;CONSULTA EM GASTROENTEROLOGIA;secao;inclusao;NaoDedutivel;Pacientes que apresentam as seguintes alterações: Queixas respiratórias (tosse crônica, asma de início recente, pneumonias de Repetição, fibrose pulmonar idiopática) cuja investigação inicial sugira DRGE;;;;Pacientes que apresentam as seguintes alterações: Queixas respiratórias (tosse crônica, asma de início recente, pneumonias de Repetição, fibrose pulmonar idiopática) cuja investigação inicial sugira DRGE;;CRECE p.24
GASTROENTEROLOGIA - GERAL;SER;CRECE;AmbulatorioEstadual;CONSULTA EM GASTROENTEROLOGIA;secao;inclusao;NaoDedutivel;Pacientes que apresentam as seguintes alterações: Esofagites infeciosas;;;;Pacientes que apresentam as seguintes alterações: Esofagites infeciosas;;CRECE p.24
GASTROENTEROLOGIA - GERAL;SER;CRECE;AmbulatorioEstadual;CONSULTA EM GASTROENTEROLOGIA;secao;inclusao;NaoDedutivel;Pacientes que apresentam as seguintes alterações: Esofagites secundárias a doenças dermatológicas;;;;Pacientes que apresentam as seguintes alterações: Esofagites secundárias a doenças dermatológicas;;CRECE p.24
GASTROENTEROLOGIA - GERAL;SER;CRECE;AmbulatorioEstadual;CONSULTA EM GASTROENTEROLOGIA;secao;inclusao;NaoDedutivel;Pacientes que apresentam as seguintes alterações: Pancreatite crônica;;;;Pacientes que apresentam as seguintes alterações: Pancreatite crônica;;CRECE p.24
GASTROENTEROLOGIA - GERAL;SER;CRECE;AmbulatorioEstadual;CONSULTA EM GASTROENTEROLOGIA;secao;inclusao;NaoDedutivel;Pacientes que apresentam as seguintes alterações: Lesões nodulares ou císticas do pâncreas;;;;Pacientes que apresentam as seguintes alterações: Lesões nodulares ou císticas do pâncreas;;CRECE p.24
GASTROENTEROLOGIA - GERAL;SER;CRECE;AmbulatorioEstadual;CONSULTA EM GASTROENTEROLOGIA;secao;inclusao;NaoDedutivel;Pacientes que apresentam as seguintes alterações: Fibrose cística;;;;Pacientes que apresentam as seguintes alterações: Fibrose cística;;CRECE p.24
GASTROENTEROLOGIA - GERAL;SER;CRECE;AmbulatorioEstadual;CONSULTA EM GASTROENTEROLOGIA;secao;inclusao;NaoDedutivel;Pacientes que apresentam as seguintes alterações: Diarréia crônica (> 4 semanas com exame parasitológico negativo);;;;Pacientes que apresentam as seguintes alterações: Diarréia crônica (> 4 semanas com exame parasitológico negativo);;CRECE p.24
GASTROENTEROLOGIA - GERAL;SER;CRECE;AmbulatorioEstadual;CONSULTA EM GASTROENTEROLOGIA;secao;inclusao;NaoDedutivel;Pacientes que apresentam as seguintes alterações: Constipação sem melhora após 12 semanas de tratamento na Atenção Primária em Saúde;;;;Pacientes que apresentam as seguintes alterações: Constipação sem melhora após 12 semanas de tratamento na Atenção Primária em Saúde;;CRECE p.24
GASTROENTEROLOGIA - GERAL;SER;CRECE;AmbulatorioEstadual;CONSULTA EM GASTROENTEROLOGIA;secao;inclusao;NaoDedutivel;Pacientes que apresentam as seguintes alterações: Doença celíaca;;;;Pacientes que apresentam as seguintes alterações: Doença celíaca;;CRECE p.24
GASTROENTEROLOGIA - GERAL;SER;CRECE;AmbulatorioEstadual;CONSULTA EM GASTROENTEROLOGIA;secao;inclusao;NaoDedutivel;Pacientes que apresentam as seguintes alterações: Colite microscópica;;;;Pacientes que apresentam as seguintes alterações: Colite microscópica;;CRECE p.24
GASTROENTEROLOGIA - GERAL;SER;CRECE;AmbulatorioEstadual;CONSULTA EM GASTROENTEROLOGIA;secao;inclusao;NaoDedutivel;Pacientes que apresentam as seguintes alterações: Pólipos de cólon, exceto: pólipos hiperplásicos menores do que 10 mm localizados no reto ou sigmoide - 1 a 2 adenomas tubulares menores do que 10 mm;;;;Pacientes que apresentam as seguintes alterações: Pólipos de cólon, exceto: pólipos hiperplásicos menores do que 10 mm localizados no reto ou sigmoide - 1 a 2 adenomas tubulares menores do que 10 mm;;CRECE p.24
GASTROENTEROLOGIA - GERAL;SER;CRECE;AmbulatorioEstadual;CONSULTA EM GASTROENTEROLOGIA;secao;inclusao;NaoDedutivel;Pacientes que apresentam as seguintes alterações: Tumores neuroendócrinos gastrointestinais;;;;Pacientes que apresentam as seguintes alterações: Tumores neuroendócrinos gastrointestinais;;CRECE p.24
GASTROENTEROLOGIA - GERAL;SER;CRECE;AmbulatorioEstadual;CONSULTA EM GASTROENTEROLOGIA;secao;inclusao;NaoDedutivel;Pacientes que apresentam as seguintes alterações: Sangramento gastrointestinal/anemia ferropriva de origem obscura - Doenças do peritônio;;;;Pacientes que apresentam as seguintes alterações: Sangramento gastrointestinal/anemia ferropriva de origem obscura - Doenças do peritônio;;CRECE p.24
GASTROENTEROLOGIA - GERAL;SER;CRECE;AmbulatorioEstadual;CONSULTA EM GASTROENTEROLOGIA;secao;inclusao;NaoDedutivel;Observar os;;;;Observar os;;CRECE p.24
GASTROENTEROLOGIA - GERAL;SER;CRECE;AmbulatorioEstadual;CONSULTA EM GASTROENTEROLOGIA;secao;inclusao;NaoDedutivel;e faixa etária do paciente de acordo com cada prestador;;;;e faixa etária do paciente de acordo com cada prestador;;CRECE p.24
GASTROENTEROLOGIA - GERAL;SER;CRECE;AmbulatorioEstadual;CONSULTA EM GASTROENTEROLOGIA;secao;exclusao;NaoDedutivel;Observar os;;;;Observar os;;CRECE p.24
GASTROENTEROLOGIA - GERAL;SER;CRECE;AmbulatorioEstadual;CONSULTA EM GASTROENTEROLOGIA;secao;exclusao;NaoDedutivel;de cada prestador e faixa etária para atendimento;;;;de cada prestador e faixa etária para atendimento;;CRECE p.24
GASTROENTEROLOGIA - HEPATOLOGIA;SER;CRECE;AmbulatorioEstadual;CONSULTA EM GASTROENTEROLOGIA - HEPATOLOGIA;composto;inclusao;NaoDedutivel;Pacientes que apresentam as seguintes alterações;;;;Pacientes que apresentam as seguintes alterações;;CRECE p.26
GASTROENTEROLOGIA - HEPATOLOGIA;SER;CRECE;AmbulatorioEstadual;CONSULTA EM GASTROENTEROLOGIA - HEPATOLOGIA;composto;inclusao;NaoDedutivel;Esquistossomose hepatoesplênica;;;;Esquistossomose hepatoesplênica;;CRECE p.26
GASTROENTEROLOGIA - HEPATOLOGIA;SER;CRECE;AmbulatorioEstadual;CONSULTA EM GASTROENTEROLOGIA - HEPATOLOGIA;composto;inclusao;NaoDedutivel;Hepatite autoimune;;;;Hepatite autoimune;;CRECE p.26
GASTROENTEROLOGIA - HEPATOLOGIA;SER;CRECE;AmbulatorioEstadual;CONSULTA EM GASTROENTEROLOGIA - HEPATOLOGIA;composto;inclusao;NaoDedutivel;Hepatite B Crônica;;;;Hepatite B Crônica;;CRECE p.26
GASTROENTEROLOGIA - HEPATOLOGIA;SER;CRECE;AmbulatorioEstadual;CONSULTA EM GASTROENTEROLOGIA - HEPATOLOGIA;composto;inclusao;NaoDedutivel;Doença gordurosa não alcoólica-hepática;;;;Doença gordurosa não alcoólica-hepática;;CRECE p.26
GASTROENTEROLOGIA - HEPATOLOGIA;SER;CRECE;AmbulatorioEstadual;CONSULTA EM GASTROENTEROLOGIA - HEPATOLOGIA;composto;inclusao;NaoDedutivel;Síndromes colestáticas crônicas;;;;Síndromes colestáticas crônicas;;CRECE p.26
GASTROENTEROLOGIA - HEPATOLOGIA;SER;CRECE;AmbulatorioEstadual;CONSULTA EM GASTROENTEROLOGIA - HEPATOLOGIA;composto;inclusao;NaoDedutivel;Hepatopatias a esclarecer;;;;Hepatopatias a esclarecer;;CRECE p.26
GASTROENTEROLOGIA - HEPATOLOGIA;SER;CRECE;AmbulatorioEstadual;CONSULTA EM GASTROENTEROLOGIA - HEPATOLOGIA;composto;inclusao;NaoDedutivel;Hepatites agudas;;;;Hepatites agudas;;CRECE p.26
GASTROENTEROLOGIA - HEPATOLOGIA;SER;CRECE;AmbulatorioEstadual;CONSULTA EM GASTROENTEROLOGIA - HEPATOLOGIA;composto;inclusao;NaoDedutivel;Observar os;;;;Observar os;;CRECE p.26
GASTROENTEROLOGIA - HEPATOLOGIA;SER;CRECE;AmbulatorioEstadual;CONSULTA EM GASTROENTEROLOGIA - HEPATOLOGIA;composto;inclusao;NaoDedutivel;de cada prestador e faixa etária para atendimento;;;;de cada prestador e faixa etária para atendimento;;CRECE p.26
GASTROENTEROLOGIA - HEPATOLOGIA;SER;CRECE;AmbulatorioEstadual;CONSULTA EM GASTROENTEROLOGIA - HEPATOLOGIA;composto;exclusao;NaoDedutivel;Observar os;;;;Observar os;;CRECE p.26
GASTROENTEROLOGIA - HEPATOLOGIA;SER;CRECE;AmbulatorioEstadual;CONSULTA EM GASTROENTEROLOGIA - HEPATOLOGIA;composto;exclusao;NaoDedutivel;de cada prestador e faixa etária para atendimento;;;;de cada prestador e faixa etária para atendimento;;CRECE p.26
GASTROENTEROLOGIA - PEDIATRA;SER;CRECE;AmbulatorioEstadual;CONSULTA EM GASTROENTEROLOGIA;composto;inclusao;NaoDedutivel;Pacientes com suspeita de alergia alimentar que apresentem sintomas digestivos (vômitos, diarreia, sangramento nas fezes, etc.);;;;Pacientes com suspeita de alergia alimentar que apresentem sintomas digestivos (vômitos, diarreia, sangramento nas fezes, etc.);;CRECE p.26
GASTROENTEROLOGIA - PEDIATRA;SER;CRECE;AmbulatorioEstadual;CONSULTA EM GASTROENTEROLOGIA;composto;inclusao;NaoDedutivel;Baixa estatura desde que tenham sido previamente avaliados pelo setor de endocrinologia;;;;Baixa estatura desde que tenham sido previamente avaliados pelo setor de endocrinologia;;CRECE p.26
GASTROENTEROLOGIA - PEDIATRA;SER;CRECE;AmbulatorioEstadual;CONSULTA EM GASTROENTEROLOGIA;composto;inclusao;NaoDedutivel;Constipação crônica não responsiva ao tratamento inicial proposto pelo Pediatra Geral;;;;Constipação crônica não responsiva ao tratamento inicial proposto pelo Pediatra Geral;;CRECE p.26
GASTROENTEROLOGIA - PEDIATRA;SER;CRECE;AmbulatorioEstadual;CONSULTA EM GASTROENTEROLOGIA;composto;inclusao;NaoDedutivel;Todos aqueles com encoprese;;;;Todos aqueles com encoprese;;CRECE p.26
GASTROENTEROLOGIA - PEDIATRA;SER;CRECE;AmbulatorioEstadual;CONSULTA EM GASTROENTEROLOGIA;composto;inclusao;NaoDedutivel;Diarreia com duração superior a 01 mês e exame parasitológico negativo;;;;Diarreia com duração superior a 01 mês e exame parasitológico negativo;;CRECE p.26
GASTROENTEROLOGIA - PEDIATRA;SER;CRECE;AmbulatorioEstadual;CONSULTA EM GASTROENTEROLOGIA;composto;inclusao;NaoDedutivel;Dor abdominal com duração superior a 02 meses e/ou pelo menos 3 episódios recorrentes num período de 02 meses, com exame parasitológico negativo;;;;Dor abdominal com duração superior a 02 meses e/ou pelo menos 3 episódios recorrentes num período de 02 meses, com exame parasitológico negativo;;CRECE p.26
GASTROENTEROLOGIA - PEDIATRA;SER;CRECE;AmbulatorioEstadual;CONSULTA EM GASTROENTEROLOGIA;composto;inclusao;NaoDedutivel;Dor epigástrica ou gastrite não responsiva ao tratamento com antagonista H2 e com exame parasitológico negativo;;;;Dor epigástrica ou gastrite não responsiva ao tratamento com antagonista H2 e com exame parasitológico negativo;;CRECE p.26
GASTROENTEROLOGIA - PEDIATRA;SER;CRECE;AmbulatorioEstadual;CONSULTA EM GASTROENTEROLOGIA;composto;inclusao;NaoDedutivel;Fibrose cística com comprometimento do trato digestivo;;;;Fibrose cística com comprometimento do trato digestivo;;CRECE p.26
GASTROENTEROLOGIA - PEDIATRA;SER;CRECE;AmbulatorioEstadual;CONSULTA EM GASTROENTEROLOGIA;composto;inclusao;NaoDedutivel;Todos os pacientes com hemorragia digestiva alta ou baixa;;;;Todos os pacientes com hemorragia digestiva alta ou baixa;;CRECE p.26
GASTROENTEROLOGIA - PEDIATRA;SER;CRECE;AmbulatorioEstadual;CONSULTA EM GASTROENTEROLOGIA;composto;inclusao;NaoDedutivel;Hepatites desde que tenham IgM negativo para Hepatite A ou IgM positivo para Hepatite A por período superior a 2 meses;;;;Hepatites desde que tenham IgM negativo para Hepatite A ou IgM positivo para Hepatite A por período superior a 2 meses;;CRECE p.26
GASTROENTEROLOGIA - PEDIATRA;SER;CRECE;AmbulatorioEstadual;CONSULTA EM GASTROENTEROLOGIA;composto;inclusao;NaoDedutivel;Hepatoesplenomegalia;;;;Hepatoesplenomegalia;;CRECE p.26
GASTROENTEROLOGIA - PEDIATRA;SER;CRECE;AmbulatorioEstadual;CONSULTA EM GASTROENTEROLOGIA;composto;inclusao;NaoDedutivel;Hipertensão porta;;;;Hipertensão porta;;CRECE p.26
GASTROENTEROLOGIA - PEDIATRA;SER;CRECE;AmbulatorioEstadual;CONSULTA EM GASTROENTEROLOGIA;composto;inclusao;NaoDedutivel;Icterícia;;;;Icterícia;;CRECE p.26
GASTROENTEROLOGIA - PEDIATRA;SER;CRECE;AmbulatorioEstadual;CONSULTA EM GASTROENTEROLOGIA;composto;inclusao;NaoDedutivel;Icterícia: Todos os pacientes com aumento de bilirrubina direta;;;;Icterícia: Todos os pacientes com aumento de bilirrubina direta;;CRECE p.26
GASTROENTEROLOGIA - PEDIATRA;SER;CRECE;AmbulatorioEstadual;CONSULTA EM GASTROENTEROLOGIA;composto;inclusao;NaoDedutivel;Icterícia: Criancas > - 2 anos com aumento de bilirrubina indireta;;;;Icterícia: Criancas > - 2 anos com aumento de bilirrubina indireta;;CRECE p.26
GASTROENTEROLOGIA - PEDIATRA;SER;CRECE;AmbulatorioEstadual;CONSULTA EM GASTROENTEROLOGIA;composto;inclusao;Documental;Litíase biliar (Apresentar ultrassonografia abdominal;;;;;Litíase biliar (Apresentar ultrassonografia abdominal;CRECE p.26
GASTROENTEROLOGIA - PEDIATRA;SER;CRECE;AmbulatorioEstadual;CONSULTA EM GASTROENTEROLOGIA;composto;inclusao;NaoDedutivel;Refluxo gastroesofágico;;;;Refluxo gastroesofágico;;CRECE p.26
GASTROENTEROLOGIA - PEDIATRA;SER;CRECE;AmbulatorioEstadual;CONSULTA EM GASTROENTEROLOGIA;composto;inclusao;Dedutivel;Refluxo gastroesofágico: Todos os pacientes maiores de 2 anos;2;;;;;CRECE p.26
GASTROENTEROLOGIA - PEDIATRA;SER;CRECE;AmbulatorioEstadual;CONSULTA EM GASTROENTEROLOGIA;composto;inclusao;Dedutivel;Refluxo gastroesofágico: Pacientes menores de 2 anos que apresentam algum dos sintomas como anemia não responsiva a reposição ferro, deficit ponderal, irritabilidade, hemorragia digestiva, sintomas respiratórios recorrentes, recusa alimentar, vômitos persistentes com mais de 10 dias de duração e / ou vômitos recorrentes;;2;;;;CRECE p.26
GASTROENTEROLOGIA - PEDIATRA;SER;CRECE;AmbulatorioEstadual;CONSULTA EM GASTROENTEROLOGIA;composto;inclusao;NaoDedutivel;Observar os;;;;Observar os;;CRECE p.26
GASTROENTEROLOGIA - PEDIATRA;SER;CRECE;AmbulatorioEstadual;CONSULTA EM GASTROENTEROLOGIA;composto;inclusao;NaoDedutivel;e faixa etária do paciente de acordo com cada prestador;;;;e faixa etária do paciente de acordo com cada prestador;;CRECE p.26
GASTROENTEROLOGIA - PEDIATRA;SER;CRECE;AmbulatorioEstadual;CONSULTA EM GASTROENTEROLOGIA;composto;exclusao;NaoDedutivel;Observar os;;;;Observar os;;CRECE p.26
GASTROENTEROLOGIA - PEDIATRA;SER;CRECE;AmbulatorioEstadual;CONSULTA EM GASTROENTEROLOGIA;composto;exclusao;NaoDedutivel;de cada prestador e faixa etária para atendimento;;;;de cada prestador e faixa etária para atendimento;;CRECE p.26
GERIATRIA;SER;CRECE;AmbulatorioEstadual;;SEM_PAR;inclusao;Dedutivel;Pacientes acima de 60 anos;60;;;;;CRECE p.27
GERIATRIA;SER;CRECE;AmbulatorioEstadual;;SEM_PAR;inclusao;NaoDedutivel;Pacientes que apresentem;;;;Pacientes que apresentem;;CRECE p.27
GERIATRIA;SER;CRECE;AmbulatorioEstadual;;SEM_PAR;inclusao;NaoDedutivel;Pacientes que apresentem: Alzheimer;;;;Pacientes que apresentem: Alzheimer;;CRECE p.27
GERIATRIA;SER;CRECE;AmbulatorioEstadual;;SEM_PAR;inclusao;NaoDedutivel;Pacientes que apresentem: Parkinson;;;;Pacientes que apresentem: Parkinson;;CRECE p.27
GERIATRIA;SER;CRECE;AmbulatorioEstadual;;SEM_PAR;inclusao;NaoDedutivel;Pacientes que apresentem: AVC Recente;;;;Pacientes que apresentem: AVC Recente;;CRECE p.27
GERIATRIA;SER;CRECE;AmbulatorioEstadual;;SEM_PAR;inclusao;NaoDedutivel;Pacientes que apresentem: Depressão e demência;;;;Pacientes que apresentem: Depressão e demência;;CRECE p.27
GERIATRIA;SER;CRECE;AmbulatorioEstadual;;SEM_PAR;inclusao;NaoDedutivel;Pacientes que apresentem: Desequilíbrio e quedas frequentes;;;;Pacientes que apresentem: Desequilíbrio e quedas frequentes;;CRECE p.27
GERIATRIA;SER;CRECE;AmbulatorioEstadual;;SEM_PAR;inclusao;NaoDedutivel;Observar os;;;;Observar os;;CRECE p.27
GERIATRIA;SER;CRECE;AmbulatorioEstadual;;SEM_PAR;inclusao;NaoDedutivel;do paciente de acordo com cada prestador;;;;do paciente de acordo com cada prestador;;CRECE p.27
GERIATRIA;SER;CRECE;AmbulatorioEstadual;;SEM_PAR;exclusao;NaoDedutivel;Observar os;;;;Observar os;;CRECE p.27
GERIATRIA;SER;CRECE;AmbulatorioEstadual;;SEM_PAR;exclusao;NaoDedutivel;de cada prestador e faixa etária para atendimento;;;;de cada prestador e faixa etária para atendimento;;CRECE p.27
GINECOLOGIA - CIRURGIA DE BAIXO E MÉDIO RISCO;SER;CRECE;AmbulatorioEstadual;CONSULTA EM GINECOLOGIA - CIRURGIA DE BAIXO E MEDIO RISCO;composto;inclusao;NaoDedutivel;Pacientes com indicação cirúrgica para resolução das seguintes patologias;;;;Pacientes com indicação cirúrgica para resolução das seguintes patologias;;CRECE p.27
GINECOLOGIA - CIRURGIA DE BAIXO E MÉDIO RISCO;SER;CRECE;AmbulatorioEstadual;CONSULTA EM GINECOLOGIA - CIRURGIA DE BAIXO E MEDIO RISCO;composto;inclusao;NaoDedutivel;Pacientes com indicação cirúrgica para resolução das seguintes patologias: Miomatose uterina;;;;Pacientes com indicação cirúrgica para resolução das seguintes patologias: Miomatose uterina;;CRECE p.27
GINECOLOGIA - CIRURGIA DE BAIXO E MÉDIO RISCO;SER;CRECE;AmbulatorioEstadual;CONSULTA EM GINECOLOGIA - CIRURGIA DE BAIXO E MEDIO RISCO;composto;inclusao;NaoDedutivel;Pacientes com indicação cirúrgica para resolução das seguintes patologias: Massas anexiais benignas;;;;Pacientes com indicação cirúrgica para resolução das seguintes patologias: Massas anexiais benignas;;CRECE p.27
GINECOLOGIA - CIRURGIA DE BAIXO E MÉDIO RISCO;SER;CRECE;AmbulatorioEstadual;CONSULTA EM GINECOLOGIA - CIRURGIA DE BAIXO E MEDIO RISCO;composto;inclusao;NaoDedutivel;Pacientes com indicação cirúrgica para resolução das seguintes patologias: Sangramento uterino anormal;;;;Pacientes com indicação cirúrgica para resolução das seguintes patologias: Sangramento uterino anormal;;CRECE p.27
GINECOLOGIA - CIRURGIA DE BAIXO E MÉDIO RISCO;SER;CRECE;AmbulatorioEstadual;CONSULTA EM GINECOLOGIA - CIRURGIA DE BAIXO E MEDIO RISCO;composto;inclusao;NaoDedutivel;Pacientes com indicação cirúrgica para resolução das seguintes patologias: Adenomiose;;;;Pacientes com indicação cirúrgica para resolução das seguintes patologias: Adenomiose;;CRECE p.27
GINECOLOGIA - CIRURGIA DE BAIXO E MÉDIO RISCO;SER;CRECE;AmbulatorioEstadual;CONSULTA EM GINECOLOGIA - CIRURGIA DE BAIXO E MEDIO RISCO;composto;inclusao;NaoDedutivel;Observar os;;;;Observar os;;CRECE p.27
GINECOLOGIA - CIRURGIA DE BAIXO E MÉDIO RISCO;SER;CRECE;AmbulatorioEstadual;CONSULTA EM GINECOLOGIA - CIRURGIA DE BAIXO E MEDIO RISCO;composto;inclusao;NaoDedutivel;do paciente de acordo com cada prestador;;;;do paciente de acordo com cada prestador;;CRECE p.27
GINECOLOGIA - CIRURGIA DE BAIXO E MÉDIO RISCO;SER;CRECE;AmbulatorioEstadual;CONSULTA EM GINECOLOGIA - CIRURGIA DE BAIXO E MEDIO RISCO;composto;exclusao;NaoDedutivel;Pacientes portadores de Tumores Malignos Ginecológicos, Pólipos Endometriais, Endometriose Pélvica ou de Parede, Patologias da Vulva ou Cervicais, Distúrbios do Assoalho Pélvico e/ou Incontinência Urinária;;;;Pacientes portadores de Tumores Malignos Ginecológicos, Pólipos Endometriais, Endometriose Pélvica ou de Parede, Patologias da Vulva ou Cervicais, Distúrbios do Assoalho Pélvico e/ou Incontinência Urinária;;CRECE p.27
GINECOLOGIA - CIRURGIA DE BAIXO E MÉDIO RISCO;SER;CRECE;AmbulatorioEstadual;CONSULTA EM GINECOLOGIA - CIRURGIA DE BAIXO E MEDIO RISCO;composto;exclusao;NaoDedutivel;Observar os;;;;Observar os;;CRECE p.27
GINECOLOGIA - CIRURGIA DE BAIXO E MÉDIO RISCO;SER;CRECE;AmbulatorioEstadual;CONSULTA EM GINECOLOGIA - CIRURGIA DE BAIXO E MEDIO RISCO;composto;exclusao;NaoDedutivel;de cada prestador para atendimento;;;;de cada prestador para atendimento;;CRECE p.27
GINECOLOGIA - CIRURGIA POR VIDEOLAPAROSCOPIA;SER;CRECE;AmbulatorioEstadual;;SEM_PAR;inclusao;NaoDedutivel;Pacientes que apresentem condições de acordo com os;;;;Pacientes que apresentem condições de acordo com os;;CRECE p.29
GINECOLOGIA - CIRURGIA POR VIDEOLAPAROSCOPIA;SER;CRECE;AmbulatorioEstadual;;SEM_PAR;inclusao;NaoDedutivel;de cada prestador;;;;de cada prestador;;CRECE p.29
GINECOLOGIA - CIRURGIA POR VIDEOLAPAROSCOPIA;SER;CRECE;AmbulatorioEstadual;;SEM_PAR;exclusao;NaoDedutivel;Observar os;;;;Observar os;;CRECE p.29
GINECOLOGIA - CIRURGIA POR VIDEOLAPAROSCOPIA;SER;CRECE;AmbulatorioEstadual;;SEM_PAR;exclusao;NaoDedutivel;de cada prestador e faixa etária para atendimento;;;;de cada prestador e faixa etária para atendimento;;CRECE p.29
GINECOLOGIA - ENDOCRINOLOGIA;SER;CRECE;AmbulatorioEstadual;CONSULTA EM GINECOLOGIA - ENDOCRINOLOGIA;composto;inclusao;NaoDedutivel;Pacientes apresentando as seguintes patologias;;;;Pacientes apresentando as seguintes patologias;;CRECE p.29
GINECOLOGIA - ENDOCRINOLOGIA;SER;CRECE;AmbulatorioEstadual;CONSULTA EM GINECOLOGIA - ENDOCRINOLOGIA;composto;inclusao;NaoDedutivel;Pacientes apresentando as seguintes patologias: Síndrome do Ovário Policístico;;;;Pacientes apresentando as seguintes patologias: Síndrome do Ovário Policístico;;CRECE p.29
GINECOLOGIA - ENDOCRINOLOGIA;SER;CRECE;AmbulatorioEstadual;CONSULTA EM GINECOLOGIA - ENDOCRINOLOGIA;composto;inclusao;NaoDedutivel;Pacientes apresentando as seguintes patologias: Puberdade precoce e tardia;;;;Pacientes apresentando as seguintes patologias: Puberdade precoce e tardia;;CRECE p.29
GINECOLOGIA - ENDOCRINOLOGIA;SER;CRECE;AmbulatorioEstadual;CONSULTA EM GINECOLOGIA - ENDOCRINOLOGIA;composto;inclusao;NaoDedutivel;Pacientes apresentando as seguintes patologias: Hiperprolactinemia/Galactorréia;;;;Pacientes apresentando as seguintes patologias: Hiperprolactinemia/Galactorréia;;CRECE p.29
GINECOLOGIA - ENDOCRINOLOGIA;SER;CRECE;AmbulatorioEstadual;CONSULTA EM GINECOLOGIA - ENDOCRINOLOGIA;composto;inclusao;NaoDedutivel;Pacientes apresentando as seguintes patologias: Síndrome do climatério;;;;Pacientes apresentando as seguintes patologias: Síndrome do climatério;;CRECE p.29
GINECOLOGIA - ENDOCRINOLOGIA;SER;CRECE;AmbulatorioEstadual;CONSULTA EM GINECOLOGIA - ENDOCRINOLOGIA;composto;inclusao;NaoDedutivel;Pacientes apresentando as seguintes patologias: Menopausa precoce e tardia;;;;Pacientes apresentando as seguintes patologias: Menopausa precoce e tardia;;CRECE p.29
GINECOLOGIA - ENDOCRINOLOGIA;SER;CRECE;AmbulatorioEstadual;CONSULTA EM GINECOLOGIA - ENDOCRINOLOGIA;composto;inclusao;Dedutivel;Pacientes apresentando as seguintes patologias: Ginecologia da adolescência (a partir de 11 anos de idade);11;;;;;CRECE p.29
GINECOLOGIA - ENDOCRINOLOGIA;SER;CRECE;AmbulatorioEstadual;CONSULTA EM GINECOLOGIA - ENDOCRINOLOGIA;composto;inclusao;NaoDedutivel;Pacientes apresentando as seguintes patologias: Irregularidade menstrual;;;;Pacientes apresentando as seguintes patologias: Irregularidade menstrual;;CRECE p.29
GINECOLOGIA - ENDOCRINOLOGIA;SER;CRECE;AmbulatorioEstadual;CONSULTA EM GINECOLOGIA - ENDOCRINOLOGIA;composto;inclusao;NaoDedutivel;Observar os;;;;Observar os;;CRECE p.29
GINECOLOGIA - ENDOCRINOLOGIA;SER;CRECE;AmbulatorioEstadual;CONSULTA EM GINECOLOGIA - ENDOCRINOLOGIA;composto;inclusao;NaoDedutivel;do paciente de acordo com cada prestador;;;;do paciente de acordo com cada prestador;;CRECE p.29
GINECOLOGIA - ENDOCRINOLOGIA;SER;CRECE;AmbulatorioEstadual;CONSULTA EM GINECOLOGIA - ENDOCRINOLOGIA;composto;exclusao;NaoDedutivel;Observar os;;;;Observar os;;CRECE p.29
GINECOLOGIA - ENDOCRINOLOGIA;SER;CRECE;AmbulatorioEstadual;CONSULTA EM GINECOLOGIA - ENDOCRINOLOGIA;composto;exclusao;NaoDedutivel;de cada prestador e faixa etária para atendimento;;;;de cada prestador e faixa etária para atendimento;;CRECE p.29
GINECOLOGIA - ENDOMETRIOSE;SER;CRECE;AmbulatorioEstadual;CONSULTA EM GINECOLOGIA - ENDOMETRIOSE;composto;inclusao;Documental;Apresentar na consulta os exames de RNM pélvica, USG transvaginal, Preventivo e encaminhamento médico com o diagnóstico de endometriose;;;;;Apresentar na consulta os exames de RNM pélvica, USG transvaginal, Preventivo e encaminhamento médico com o diagnóstico de endometriose;CRECE p.28
GINECOLOGIA - ENDOMETRIOSE;SER;CRECE;AmbulatorioEstadual;CONSULTA EM GINECOLOGIA - ENDOMETRIOSE;composto;inclusao;NaoDedutivel;Observar os;;;;Observar os;;CRECE p.28
GINECOLOGIA - ENDOMETRIOSE;SER;CRECE;AmbulatorioEstadual;CONSULTA EM GINECOLOGIA - ENDOMETRIOSE;composto;inclusao;NaoDedutivel;do paciente de acordo com cada prestador;;;;do paciente de acordo com cada prestador;;CRECE p.28
GINECOLOGIA - ENDOMETRIOSE;SER;CRECE;AmbulatorioEstadual;CONSULTA EM GINECOLOGIA - ENDOMETRIOSE;composto;exclusao;NaoDedutivel;Observar os;;;;Observar os;;CRECE p.28
GINECOLOGIA - ENDOMETRIOSE;SER;CRECE;AmbulatorioEstadual;CONSULTA EM GINECOLOGIA - ENDOMETRIOSE;composto;exclusao;NaoDedutivel;de cada prestador e faixa etária para atendimento;;;;de cada prestador e faixa etária para atendimento;;CRECE p.28
GINECOLOGIA - HITEROSCOPIA DIAGNÓSTICA;SER;CRECE;AmbulatorioEstadual;;SEM_PAR;inclusao;Documental;Apresentar os resultados dos exames de Colpocitologia oncótica (Preventivo) com validade de 12 meses, USG transvaginal com validade de 6 meses;;;;;Apresentar os resultados dos exames de Colpocitologia oncótica (Preventivo) com validade de 12 meses, USG transvaginal com validade de 6 meses;CRECE p.28
GINECOLOGIA - HITEROSCOPIA DIAGNÓSTICA;SER;CRECE;AmbulatorioEstadual;;SEM_PAR;inclusao;NaoDedutivel;Pacientes que apresentem queixas de sangramento, de dor pélvica e infertilidade;;;;Pacientes que apresentem queixas de sangramento, de dor pélvica e infertilidade;;CRECE p.28
GINECOLOGIA - HITEROSCOPIA DIAGNÓSTICA;SER;CRECE;AmbulatorioEstadual;;SEM_PAR;inclusao;NaoDedutivel;Observar os;;;;Observar os;;CRECE p.28
GINECOLOGIA - HITEROSCOPIA DIAGNÓSTICA;SER;CRECE;AmbulatorioEstadual;;SEM_PAR;inclusao;NaoDedutivel;do paciente de acordo com cada prestador;;;;do paciente de acordo com cada prestador;;CRECE p.28
GINECOLOGIA - HITEROSCOPIA DIAGNÓSTICA;SER;CRECE;AmbulatorioEstadual;;SEM_PAR;exclusao;NaoDedutivel;Observar os;;;;Observar os;;CRECE p.28
GINECOLOGIA - HITEROSCOPIA DIAGNÓSTICA;SER;CRECE;AmbulatorioEstadual;;SEM_PAR;exclusao;NaoDedutivel;de cada prestador e faixa etária para atendimento;;;;de cada prestador e faixa etária para atendimento;;CRECE p.28
GINECOLOGIA - INFANTOPUERPERAL;SER;CRECE;AmbulatorioEstadual;;SEM_PAR;inclusao;NaoDedutivel;Pacientes que apresentem condições de acordo com os;;;;Pacientes que apresentem condições de acordo com os;;CRECE p.30
GINECOLOGIA - INFANTOPUERPERAL;SER;CRECE;AmbulatorioEstadual;;SEM_PAR;inclusao;NaoDedutivel;de cada prestador;;;;de cada prestador;;CRECE p.30
GINECOLOGIA - INFANTOPUERPERAL;SER;CRECE;AmbulatorioEstadual;;SEM_PAR;exclusao;NaoDedutivel;Observar os;;;;Observar os;;CRECE p.30
GINECOLOGIA - INFANTOPUERPERAL;SER;CRECE;AmbulatorioEstadual;;SEM_PAR;exclusao;NaoDedutivel;de cada prestador e faixa etária para atendimento;;;;de cada prestador e faixa etária para atendimento;;CRECE p.30
GINECOLOGIA - INFERTILIDADE;SER;CRECE;AmbulatorioEstadual;CONSULTA EM GINECOLOGIA INFERTILIDADE;composto;inclusao;NaoDedutivel;Pacientes apresentando as seguintes condições;;;;Pacientes apresentando as seguintes condições;;CRECE p.30
GINECOLOGIA - INFERTILIDADE;SER;CRECE;AmbulatorioEstadual;CONSULTA EM GINECOLOGIA INFERTILIDADE;composto;inclusao;NaoDedutivel;Pacientes apresentando as seguintes condições: Casais com diagnóstico de infertilidade conjugal para investigação da etiologia ou para proposta de tratamentos com base em diagnósticos previamente realizados;;;;Pacientes apresentando as seguintes condições: Casais com diagnóstico de infertilidade conjugal para investigação da etiologia ou para proposta de tratamentos com base em diagnósticos previamente realizados;;CRECE p.30
GINECOLOGIA - INFERTILIDADE;SER;CRECE;AmbulatorioEstadual;CONSULTA EM GINECOLOGIA INFERTILIDADE;composto;inclusao;Dedutivel;Pacientes apresentando as seguintes condições: História de infertilidade (primária ou secundária) há mais de 1 ano se mulher com menos de 35 anos, ou 6 meses se mais de 35 anos;;;F;;;CRECE p.30
GINECOLOGIA - INFERTILIDADE;SER;CRECE;AmbulatorioEstadual;CONSULTA EM GINECOLOGIA INFERTILIDADE;composto;inclusao;NaoDedutivel;Observar os;;;;Observar os;;CRECE p.30
GINECOLOGIA - INFERTILIDADE;SER;CRECE;AmbulatorioEstadual;CONSULTA EM GINECOLOGIA INFERTILIDADE;composto;inclusao;NaoDedutivel;do paciente de acordo com cada prestador;;;;do paciente de acordo com cada prestador;;CRECE p.30
GINECOLOGIA - INFERTILIDADE;SER;CRECE;AmbulatorioEstadual;CONSULTA EM GINECOLOGIA INFERTILIDADE;composto;exclusao;NaoDedutivel;Observar os;;;;Observar os;;CRECE p.30
GINECOLOGIA - INFERTILIDADE;SER;CRECE;AmbulatorioEstadual;CONSULTA EM GINECOLOGIA INFERTILIDADE;composto;exclusao;NaoDedutivel;de cada prestador e faixa etária para atendimento;;;;de cada prestador e faixa etária para atendimento;;CRECE p.30
GINECOLOGIA - MASTOLOGIA;SER;CRECE;AmbulatorioEstadual;CONSULTA EM MASTOLOGIA;celula;inclusao;NaoDedutivel;Pacientes que apresentem exames de mamografia com BI-RADS 4 ou BI-RADS 5;;;;Pacientes que apresentem exames de mamografia com BI-RADS 4 ou BI-RADS 5;;CRECE p.28
GINECOLOGIA - MASTOLOGIA;SER;CRECE;AmbulatorioEstadual;CONSULTA EM MASTOLOGIA;celula;inclusao;NaoDedutivel;Observar os;;;;Observar os;;CRECE p.28
GINECOLOGIA - MASTOLOGIA;SER;CRECE;AmbulatorioEstadual;CONSULTA EM MASTOLOGIA;celula;inclusao;NaoDedutivel;do paciente de acordo com cada prestador;;;;do paciente de acordo com cada prestador;;CRECE p.28
GINECOLOGIA - MASTOLOGIA;SER;CRECE;AmbulatorioEstadual;CONSULTA EM MASTOLOGIA;celula;exclusao;NaoDedutivel;Observar os;;;;Observar os;;CRECE p.28
GINECOLOGIA - MASTOLOGIA;SER;CRECE;AmbulatorioEstadual;CONSULTA EM MASTOLOGIA;celula;exclusao;NaoDedutivel;de cada prestador e faixa etária para atendimento;;;;de cada prestador e faixa etária para atendimento;;CRECE p.28
GINECOLOGIA - PATOLOGIA CERVICAL;SER;CRECE;AmbulatorioEstadual;CONSULTA EM GINECOLOGIA - PATOLOGIA CERVICAL;composto;inclusao;NaoDedutivel;Pacientes apresentando alterações citológicas de acordo com as diretrizes para rastreamento do câncer do colo do útero MS/INCA 2011;;;;Pacientes apresentando alterações citológicas de acordo com as diretrizes para rastreamento do câncer do colo do útero MS/INCA 2011;;CRECE p.30
GINECOLOGIA - PATOLOGIA CERVICAL;SER;CRECE;AmbulatorioEstadual;CONSULTA EM GINECOLOGIA - PATOLOGIA CERVICAL;composto;inclusao;NaoDedutivel;Observar os;;;;Observar os;;CRECE p.30
GINECOLOGIA - PATOLOGIA CERVICAL;SER;CRECE;AmbulatorioEstadual;CONSULTA EM GINECOLOGIA - PATOLOGIA CERVICAL;composto;inclusao;NaoDedutivel;do paciente de acordo com cada prestador;;;;do paciente de acordo com cada prestador;;CRECE p.30
GINECOLOGIA - PATOLOGIA CERVICAL;SER;CRECE;AmbulatorioEstadual;CONSULTA EM GINECOLOGIA - PATOLOGIA CERVICAL;composto;exclusao;NaoDedutivel;Observar os;;;;Observar os;;CRECE p.30
GINECOLOGIA - PATOLOGIA CERVICAL;SER;CRECE;AmbulatorioEstadual;CONSULTA EM GINECOLOGIA - PATOLOGIA CERVICAL;composto;exclusao;NaoDedutivel;de cada prestador e faixa etária para atendimento;;;;de cada prestador e faixa etária para atendimento;;CRECE p.30
GINECOLOGIA - PATOLOGIA DA VULVA;SER;CRECE;AmbulatorioEstadual;CONSULTA EM GINECOLOGIA - PATOLOGIA VULVA;composto;inclusao;NaoDedutivel;Pacientes que apresentem lesões na vulva, verruga vulvar, úlceras vulvares, hipercromia, hipocromia, suspeita de líquen, suspeita de câncer vulvar, etc;;;;Pacientes que apresentem lesões na vulva, verruga vulvar, úlceras vulvares, hipercromia, hipocromia, suspeita de líquen, suspeita de câncer vulvar, etc;;CRECE p.28
GINECOLOGIA - PATOLOGIA DA VULVA;SER;CRECE;AmbulatorioEstadual;CONSULTA EM GINECOLOGIA - PATOLOGIA VULVA;composto;inclusao;NaoDedutivel;Observar os;;;;Observar os;;CRECE p.28
GINECOLOGIA - PATOLOGIA DA VULVA;SER;CRECE;AmbulatorioEstadual;CONSULTA EM GINECOLOGIA - PATOLOGIA VULVA;composto;inclusao;NaoDedutivel;do paciente de acordo com cada prestador;;;;do paciente de acordo com cada prestador;;CRECE p.28
GINECOLOGIA - PATOLOGIA DA VULVA;SER;CRECE;AmbulatorioEstadual;CONSULTA EM GINECOLOGIA - PATOLOGIA VULVA;composto;exclusao;NaoDedutivel;Observar os;;;;Observar os;;CRECE p.28
GINECOLOGIA - PATOLOGIA DA VULVA;SER;CRECE;AmbulatorioEstadual;CONSULTA EM GINECOLOGIA - PATOLOGIA VULVA;composto;exclusao;NaoDedutivel;de cada prestador e faixa etária para atendimento;;;;de cada prestador e faixa etária para atendimento;;CRECE p.28
GINECOLOGIA - URODINÂMICA;SER;CRECE;AmbulatorioEstadual;CONSULTA EM GINECOLOGIA URODINAMICA;composto;inclusao;NaoDedutivel;Pacientes apresentando sintomas urinários (incontinência urinária, frequência, urgência, nictúria, enurese) avaliadas pelo Ginecologista Geral com indicação de Estudo Urodinâmico;;;;Pacientes apresentando sintomas urinários (incontinência urinária, frequência, urgência, nictúria, enurese) avaliadas pelo Ginecologista Geral com indicação de Estudo Urodinâmico;;CRECE p.31
GINECOLOGIA - URODINÂMICA;SER;CRECE;AmbulatorioEstadual;CONSULTA EM GINECOLOGIA URODINAMICA;composto;inclusao;NaoDedutivel;Possuir exame de urina (EAS+Urinocultura) negativo para infecção urinária com intervalo máximo de acordo com o prestador, anterior ao estudo urodinâmico;;;;Possuir exame de urina (EAS+Urinocultura) negativo para infecção urinária com intervalo máximo de acordo com o prestador, anterior ao estudo urodinâmico;;CRECE p.31
GINECOLOGIA - URODINÂMICA;SER;CRECE;AmbulatorioEstadual;CONSULTA EM GINECOLOGIA URODINAMICA;composto;inclusao;NaoDedutivel;do Estudo Urodinâmico;;;;do Estudo Urodinâmico;;CRECE p.31
GINECOLOGIA - URODINÂMICA;SER;CRECE;AmbulatorioEstadual;CONSULTA EM GINECOLOGIA URODINAMICA;composto;inclusao;NaoDedutivel;do Estudo Urodinâmico: Antes de qualquer tratamento cirúrgico para incontinência urinária de esforço (IUE);;;;do Estudo Urodinâmico: Antes de qualquer tratamento cirúrgico para incontinência urinária de esforço (IUE);;CRECE p.31
GINECOLOGIA - URODINÂMICA;SER;CRECE;AmbulatorioEstadual;CONSULTA EM GINECOLOGIA URODINAMICA;composto;inclusao;NaoDedutivel;do Estudo Urodinâmico: Insucesso em cirurgia prévia para IUE;;;;do Estudo Urodinâmico: Insucesso em cirurgia prévia para IUE;;CRECE p.31
GINECOLOGIA - URODINÂMICA;SER;CRECE;AmbulatorioEstadual;CONSULTA EM GINECOLOGIA URODINAMICA;composto;inclusao;NaoDedutivel;do Estudo Urodinâmico: Insucesso no tratamento medicamentoso da incontinência Urinária;;;;do Estudo Urodinâmico: Insucesso no tratamento medicamentoso da incontinência Urinária;;CRECE p.31
GINECOLOGIA - URODINÂMICA;SER;CRECE;AmbulatorioEstadual;CONSULTA EM GINECOLOGIA URODINAMICA;composto;inclusao;NaoDedutivel;Observar os;;;;Observar os;;CRECE p.31
GINECOLOGIA - URODINÂMICA;SER;CRECE;AmbulatorioEstadual;CONSULTA EM GINECOLOGIA URODINAMICA;composto;inclusao;NaoDedutivel;do paciente de acordo com cada prestador;;;;do paciente de acordo com cada prestador;;CRECE p.31
GINECOLOGIA - URODINÂMICA;SER;CRECE;AmbulatorioEstadual;CONSULTA EM GINECOLOGIA URODINAMICA;composto;exclusao;NaoDedutivel;Observar os;;;;Observar os;;CRECE p.31
GINECOLOGIA - URODINÂMICA;SER;CRECE;AmbulatorioEstadual;CONSULTA EM GINECOLOGIA URODINAMICA;composto;exclusao;NaoDedutivel;de cada prestador e faixa etária para atendimento;;;;de cada prestador e faixa etária para atendimento;;CRECE p.31
GINECOLOGIA - UROGINECOLOGIA;SER;CRECE;AmbulatorioEstadual;CONSULTA EM GINECOLOGIA - UROGINECOLOGIA;composto;inclusao;NaoDedutivel;Pacientes que apresentem condições de acordo com os;;;;Pacientes que apresentem condições de acordo com os;;CRECE p.29
GINECOLOGIA - UROGINECOLOGIA;SER;CRECE;AmbulatorioEstadual;CONSULTA EM GINECOLOGIA - UROGINECOLOGIA;composto;inclusao;NaoDedutivel;de cada prestador;;;;de cada prestador;;CRECE p.29
GINECOLOGIA - UROGINECOLOGIA;SER;CRECE;AmbulatorioEstadual;CONSULTA EM GINECOLOGIA - UROGINECOLOGIA;composto;exclusao;NaoDedutivel;Observar os;;;;Observar os;;CRECE p.29
GINECOLOGIA - UROGINECOLOGIA;SER;CRECE;AmbulatorioEstadual;CONSULTA EM GINECOLOGIA - UROGINECOLOGIA;composto;exclusao;NaoDedutivel;de cada prestador e faixa etária para atendimento;;;;de cada prestador e faixa etária para atendimento;;CRECE p.29
HEPATOLOGIA - HEPATITE CRÔNICA C;SER;CRECE;AmbulatorioEstadual;CONSULTA EM HEPATOLOGIA - HEPATITE CRONICA C;composto;inclusao;NaoDedutivel;Pacientes portadores de Hepatite C Crônica, sem cirrose hepática descompensada;;;;Pacientes portadores de Hepatite C Crônica, sem cirrose hepática descompensada;;CRECE p.31
HEPATOLOGIA - HEPATITE CRÔNICA C;SER;CRECE;AmbulatorioEstadual;CONSULTA EM HEPATOLOGIA - HEPATITE CRONICA C;composto;inclusao;NaoDedutivel;Hepatite C Aguda;;;;Hepatite C Aguda;;CRECE p.31
HEPATOLOGIA - HEPATITE CRÔNICA C;SER;CRECE;AmbulatorioEstadual;CONSULTA EM HEPATOLOGIA - HEPATITE CRONICA C;composto;inclusao;NaoDedutivel;Observar os;;;;Observar os;;CRECE p.31
HEPATOLOGIA - HEPATITE CRÔNICA C;SER;CRECE;AmbulatorioEstadual;CONSULTA EM HEPATOLOGIA - HEPATITE CRONICA C;composto;inclusao;NaoDedutivel;do paciente de acordo com cada prestador;;;;do paciente de acordo com cada prestador;;CRECE p.31
HEPATOLOGIA - HEPATITE CRÔNICA C;SER;CRECE;AmbulatorioEstadual;CONSULTA EM HEPATOLOGIA - HEPATITE CRONICA C;composto;exclusao;NaoDedutivel;Observar os;;;;Observar os;;CRECE p.31
HEPATOLOGIA - HEPATITE CRÔNICA C;SER;CRECE;AmbulatorioEstadual;CONSULTA EM HEPATOLOGIA - HEPATITE CRONICA C;composto;exclusao;NaoDedutivel;de cada prestador e faixa etária para atendimento;;;;de cada prestador e faixa etária para atendimento;;CRECE p.31
HOMEOPATIA - ESCLEROSE MÚLTIPLA;SER;CRECE;AmbulatorioEstadual;;SEM_PAR;inclusao;NaoDedutivel;Recursos Requisitos necessários HOMEOPATIA;;;;Recursos Requisitos necessários HOMEOPATIA;;CRECE p.35
HOMEOPATIA - ESCLEROSE MÚLTIPLA;SER;CRECE;AmbulatorioEstadual;;SEM_PAR;inclusao;NaoDedutivel;Pacientes que apresentem condições de acordo com os;;;;Pacientes que apresentem condições de acordo com os;;CRECE p.35
HOMEOPATIA - ESCLEROSE MÚLTIPLA;SER;CRECE;AmbulatorioEstadual;;SEM_PAR;inclusao;NaoDedutivel;de cada prestador;;;;de cada prestador;;CRECE p.35
HOMEOPATIA - ESCLEROSE MÚLTIPLA;SER;CRECE;AmbulatorioEstadual;;SEM_PAR;exclusao;NaoDedutivel;Observar os;;;;Observar os;;CRECE p.35
HOMEOPATIA - ESCLEROSE MÚLTIPLA;SER;CRECE;AmbulatorioEstadual;;SEM_PAR;exclusao;NaoDedutivel;de cada prestador e faixa etária para atendimento. HOMEOPATIA INFANTIL;;;;de cada prestador e faixa etária para atendimento. HOMEOPATIA INFANTIL;;CRECE p.35
HOMEOPATIA - ESCLEROSE MÚLTIPLA;SER;CRECE;AmbulatorioEstadual;;SEM_PAR;inclusao;NaoDedutivel;Pacientes que apresentem condições de acordo com os;;;;Pacientes que apresentem condições de acordo com os;;CRECE p.35
HOMEOPATIA - ESCLEROSE MÚLTIPLA;SER;CRECE;AmbulatorioEstadual;;SEM_PAR;inclusao;NaoDedutivel;de cada prestador;;;;de cada prestador;;CRECE p.35
HOMEOPATIA - ESCLEROSE MÚLTIPLA;SER;CRECE;AmbulatorioEstadual;;SEM_PAR;exclusao;NaoDedutivel;Observar os;;;;Observar os;;CRECE p.35
HOMEOPATIA - ESCLEROSE MÚLTIPLA;SER;CRECE;AmbulatorioEstadual;;SEM_PAR;exclusao;NaoDedutivel;de cada prestador e faixa etária para atendimento;;;;de cada prestador e faixa etária para atendimento;;CRECE p.35
INFECTOLOGIA - COINFECÇÃO AIDS/HEPATITE C;SER;CRECE;AmbulatorioEstadual;;SEM_PAR;inclusao;NaoDedutivel;Pacientes que apresentem infecções pelo vírus da Hepatite C e HIV;;;;Pacientes que apresentem infecções pelo vírus da Hepatite C e HIV;;CRECE p.36
INFECTOLOGIA - COINFECÇÃO AIDS/HEPATITE C;SER;CRECE;AmbulatorioEstadual;;SEM_PAR;inclusao;NaoDedutivel;Observar critérios de faixa etária de inclusão de cada prestador;;;;Observar critérios de faixa etária de inclusão de cada prestador;;CRECE p.36
INFECTOLOGIA - COINFECÇÃO AIDS/HEPATITE C;SER;CRECE;AmbulatorioEstadual;;SEM_PAR;exclusao;NaoDedutivel;Observar os;;;;Observar os;;CRECE p.36
INFECTOLOGIA - COINFECÇÃO AIDS/HEPATITE C;SER;CRECE;AmbulatorioEstadual;;SEM_PAR;exclusao;NaoDedutivel;de cada prestador e faixa etária para atendimento;;;;de cada prestador e faixa etária para atendimento;;CRECE p.36
INFECTOLOGIA - COINFECÇÃO AIDS/HEPATITE C;SER;CRECE;AmbulatorioEstadual;;SEM_PAR;exclusao;NaoDedutivel;Não atendem pacientes com Hepatite B;;;;Não atendem pacientes com Hepatite B;;CRECE p.36
INFECTOLOGIA - COINFECÇÃO AIDS/HEPATITE C;SER;CRECE;AmbulatorioEstadual;;SEM_PAR;exclusao;NaoDedutivel;Não atendem pacientes com infecção isolada por Hepatite C ou por HIV;;;;Não atendem pacientes com infecção isolada por Hepatite C ou por HIV;;CRECE p.36
NEFROLOGIA - GERAL;SER;CRECE;AmbulatorioEstadual;CONSULTA EM NEFROLOGIA - GERAL;composto;inclusao;NaoDedutivel;Pacientes que apresentem condições de acordo com os;;;;Pacientes que apresentem condições de acordo com os;;CRECE p.36
NEFROLOGIA - GERAL;SER;CRECE;AmbulatorioEstadual;CONSULTA EM NEFROLOGIA - GERAL;composto;inclusao;NaoDedutivel;de cada prestador;;;;de cada prestador;;CRECE p.36
NEFROLOGIA - GERAL;SER;CRECE;AmbulatorioEstadual;CONSULTA EM NEFROLOGIA - GERAL;composto;exclusao;NaoDedutivel;Observar os;;;;Observar os;;CRECE p.36
NEFROLOGIA - GERAL;SER;CRECE;AmbulatorioEstadual;CONSULTA EM NEFROLOGIA - GERAL;composto;exclusao;NaoDedutivel;de cada prestador e faixa etária para atendimento. PEDIATRIA;;;;de cada prestador e faixa etária para atendimento. PEDIATRIA;;CRECE p.36
NEFROLOGIA - GERAL;SER;CRECE;AmbulatorioEstadual;CONSULTA EM NEFROLOGIA - GERAL;composto;inclusao;NaoDedutivel;Pacientes que apresentem condições de acordo com os;;;;Pacientes que apresentem condições de acordo com os;;CRECE p.36
NEFROLOGIA - GERAL;SER;CRECE;AmbulatorioEstadual;CONSULTA EM NEFROLOGIA - GERAL;composto;inclusao;NaoDedutivel;de cada prestador;;;;de cada prestador;;CRECE p.36
NEFROLOGIA - GERAL;SER;CRECE;AmbulatorioEstadual;CONSULTA EM NEFROLOGIA - GERAL;composto;exclusao;NaoDedutivel;Observar os;;;;Observar os;;CRECE p.36
NEFROLOGIA - GERAL;SER;CRECE;AmbulatorioEstadual;CONSULTA EM NEFROLOGIA - GERAL;composto;exclusao;NaoDedutivel;de cada prestador e faixa etária para atendimento;;;;de cada prestador e faixa etária para atendimento;;CRECE p.36
NEUROLOGIA - DISTÚRBIOS DO MOVIMENTO;SER;CRECE;AmbulatorioEstadual;CONSULTA EM NEUROLOGIA;secao;inclusao;NaoDedutivel;Pacientes que apresentem problemas neurológicos caracterizados por movimentos involuntários que podem ocorrer de maneira contínua ou episódica, tais como;;;;Pacientes que apresentem problemas neurológicos caracterizados por movimentos involuntários que podem ocorrer de maneira contínua ou episódica, tais como;;CRECE p.32
NEUROLOGIA - DISTÚRBIOS DO MOVIMENTO;SER;CRECE;AmbulatorioEstadual;CONSULTA EM NEUROLOGIA;secao;inclusao;NaoDedutivel;Doença de Parkinson (CID G20);;;;Doença de Parkinson (CID G20);;CRECE p.32
NEUROLOGIA - DISTÚRBIOS DO MOVIMENTO;SER;CRECE;AmbulatorioEstadual;CONSULTA EM NEUROLOGIA;secao;inclusao;NaoDedutivel;Tremor essencial;;;;Tremor essencial;;CRECE p.32
NEUROLOGIA - DISTÚRBIOS DO MOVIMENTO;SER;CRECE;AmbulatorioEstadual;CONSULTA EM NEUROLOGIA;secao;inclusao;NaoDedutivel;Síndrome Corticobasal (SCB);;;;Síndrome Corticobasal (SCB);;CRECE p.32
NEUROLOGIA - DISTÚRBIOS DO MOVIMENTO;SER;CRECE;AmbulatorioEstadual;CONSULTA EM NEUROLOGIA;secao;inclusao;NaoDedutivel;Doença de Huntington (DHQ);;;;Doença de Huntington (DHQ);;CRECE p.32
NEUROLOGIA - DISTÚRBIOS DO MOVIMENTO;SER;CRECE;AmbulatorioEstadual;CONSULTA EM NEUROLOGIA;secao;inclusao;NaoDedutivel;Mioclonia;;;;Mioclonia;;CRECE p.32
NEUROLOGIA - DISTÚRBIOS DO MOVIMENTO;SER;CRECE;AmbulatorioEstadual;CONSULTA EM NEUROLOGIA;secao;inclusao;NaoDedutivel;Paralisia supranuclear progressiva;;;;Paralisia supranuclear progressiva;;CRECE p.32
NEUROLOGIA - DISTÚRBIOS DO MOVIMENTO;SER;CRECE;AmbulatorioEstadual;CONSULTA EM NEUROLOGIA;secao;inclusao;NaoDedutivel;Observar os;;;;Observar os;;CRECE p.32
NEUROLOGIA - DISTÚRBIOS DO MOVIMENTO;SER;CRECE;AmbulatorioEstadual;CONSULTA EM NEUROLOGIA;secao;inclusao;NaoDedutivel;do paciente de acordo com cada prestador;;;;do paciente de acordo com cada prestador;;CRECE p.32
NEUROLOGIA - DISTÚRBIOS DO MOVIMENTO;SER;CRECE;AmbulatorioEstadual;CONSULTA EM NEUROLOGIA;secao;exclusao;NaoDedutivel;Observar os;;;;Observar os;;CRECE p.32
NEUROLOGIA - DISTÚRBIOS DO MOVIMENTO;SER;CRECE;AmbulatorioEstadual;CONSULTA EM NEUROLOGIA;secao;exclusao;NaoDedutivel;de cada prestador e faixa etária para atendimento;;;;de cada prestador e faixa etária para atendimento;;CRECE p.32
NEUROLOGIA - DOENÇA DO NEURÔNIO MOTOR;SER;CRECE;AmbulatorioEstadual;CONSULTA EM NEUROLOGIA;secao;inclusao;NaoDedutivel;Pacientes que apresentem síndromes clínicas com características próprias, tais como;;;;Pacientes que apresentem síndromes clínicas com características próprias, tais como;;CRECE p.32
NEUROLOGIA - DOENÇA DO NEURÔNIO MOTOR;SER;CRECE;AmbulatorioEstadual;CONSULTA EM NEUROLOGIA;secao;inclusao;NaoDedutivel;Epilepsia;;;;Epilepsia;;CRECE p.32
NEUROLOGIA - DOENÇA DO NEURÔNIO MOTOR;SER;CRECE;AmbulatorioEstadual;CONSULTA EM NEUROLOGIA;secao;inclusao;NaoDedutivel;Doença de Parkinson;;;;Doença de Parkinson;;CRECE p.32
NEUROLOGIA - DOENÇA DO NEURÔNIO MOTOR;SER;CRECE;AmbulatorioEstadual;CONSULTA EM NEUROLOGIA;secao;inclusao;NaoDedutivel;Distonias;;;;Distonias;;CRECE p.32
NEUROLOGIA - DOENÇA DO NEURÔNIO MOTOR;SER;CRECE;AmbulatorioEstadual;CONSULTA EM NEUROLOGIA;secao;inclusao;NaoDedutivel;Paralisia facial periférica;;;;Paralisia facial periférica;;CRECE p.32
NEUROLOGIA - DOENÇA DO NEURÔNIO MOTOR;SER;CRECE;AmbulatorioEstadual;CONSULTA EM NEUROLOGIA;secao;inclusao;NaoDedutivel;Cisticercose;;;;Cisticercose;;CRECE p.32
NEUROLOGIA - DOENÇA DO NEURÔNIO MOTOR;SER;CRECE;AmbulatorioEstadual;CONSULTA EM NEUROLOGIA;secao;inclusao;NaoDedutivel;Miastenia gravis.e outras miopatias;;;;Miastenia gravis.e outras miopatias;;CRECE p.32
NEUROLOGIA - DOENÇA DO NEURÔNIO MOTOR;SER;CRECE;AmbulatorioEstadual;CONSULTA EM NEUROLOGIA;secao;inclusao;NaoDedutivel;Hidrocefalia;;;;Hidrocefalia;;CRECE p.32
NEUROLOGIA - DOENÇA DO NEURÔNIO MOTOR;SER;CRECE;AmbulatorioEstadual;CONSULTA EM NEUROLOGIA;secao;inclusao;NaoDedutivel;Síndromes demenciais;;;;Síndromes demenciais;;CRECE p.32
NEUROLOGIA - DOENÇA DO NEURÔNIO MOTOR;SER;CRECE;AmbulatorioEstadual;CONSULTA EM NEUROLOGIA;secao;inclusao;NaoDedutivel;Esclerose múltipla;;;;Esclerose múltipla;;CRECE p.32
NEUROLOGIA - DOENÇA DO NEURÔNIO MOTOR;SER;CRECE;AmbulatorioEstadual;CONSULTA EM NEUROLOGIA;secao;inclusao;NaoDedutivel;Observar os;;;;Observar os;;CRECE p.32
NEUROLOGIA - DOENÇA DO NEURÔNIO MOTOR;SER;CRECE;AmbulatorioEstadual;CONSULTA EM NEUROLOGIA;secao;inclusao;NaoDedutivel;do paciente de acordo com cada prestador;;;;do paciente de acordo com cada prestador;;CRECE p.32
NEUROLOGIA - DOENÇA DO NEURÔNIO MOTOR;SER;CRECE;AmbulatorioEstadual;CONSULTA EM NEUROLOGIA;secao;exclusao;NaoDedutivel;Observar os;;;;Observar os;;CRECE p.32
NEUROLOGIA - DOENÇA DO NEURÔNIO MOTOR;SER;CRECE;AmbulatorioEstadual;CONSULTA EM NEUROLOGIA;secao;exclusao;NaoDedutivel;de cada prestador e faixa etária para atendimento;;;;de cada prestador e faixa etária para atendimento;;CRECE p.32
NEUROLOGIA - DOENÇAS NEUROMUSCULARES;SER;CRECE;AmbulatorioEstadual;Consulta em Neurologia- Doenças Neuromusculares;composto;inclusao;NaoDedutivel;Pacientes que apresentem doenças do nervo periférico e muscular;;;;Pacientes que apresentem doenças do nervo periférico e muscular;;CRECE p.33
NEUROLOGIA - DOENÇAS NEUROMUSCULARES;SER;CRECE;AmbulatorioEstadual;Consulta em Neurologia- Doenças Neuromusculares;composto;inclusao;NaoDedutivel;Observar os;;;;Observar os;;CRECE p.33
NEUROLOGIA - DOENÇAS NEUROMUSCULARES;SER;CRECE;AmbulatorioEstadual;Consulta em Neurologia- Doenças Neuromusculares;composto;inclusao;NaoDedutivel;do paciente de acordo com cada prestador;;;;do paciente de acordo com cada prestador;;CRECE p.33
NEUROLOGIA - DOENÇAS NEUROMUSCULARES;SER;CRECE;AmbulatorioEstadual;Consulta em Neurologia- Doenças Neuromusculares;composto;exclusao;NaoDedutivel;Observar os;;;;Observar os;;CRECE p.33
NEUROLOGIA - DOENÇAS NEUROMUSCULARES;SER;CRECE;AmbulatorioEstadual;Consulta em Neurologia- Doenças Neuromusculares;composto;exclusao;NaoDedutivel;de cada prestador e faixa etária para atendimento;;;;de cada prestador e faixa etária para atendimento;;CRECE p.33
NEUROLOGIA - ESCLEROSE MÚLTIPLA;SER;CRECE;AmbulatorioEstadual;CONSULTA EM NEUROLOGIA - ESCLEROSE MULTIPLA;composto;inclusao;NaoDedutivel;Pacientes que apresentem suspeita de patologia desmielinizante, como;;;;Pacientes que apresentem suspeita de patologia desmielinizante, como;;CRECE p.34
NEUROLOGIA - ESCLEROSE MÚLTIPLA;SER;CRECE;AmbulatorioEstadual;CONSULTA EM NEUROLOGIA - ESCLEROSE MULTIPLA;composto;inclusao;NaoDedutivel;Pacientes que apresentem suspeita de patologia desmielinizante, como: Esclerose múltipla;;;;Pacientes que apresentem suspeita de patologia desmielinizante, como: Esclerose múltipla;;CRECE p.34
NEUROLOGIA - ESCLEROSE MÚLTIPLA;SER;CRECE;AmbulatorioEstadual;CONSULTA EM NEUROLOGIA - ESCLEROSE MULTIPLA;composto;inclusao;NaoDedutivel;Pacientes que apresentem suspeita de patologia desmielinizante, como: Neuromielite Óptica (NMO);;;;Pacientes que apresentem suspeita de patologia desmielinizante, como: Neuromielite Óptica (NMO);;CRECE p.34
NEUROLOGIA - ESCLEROSE MÚLTIPLA;SER;CRECE;AmbulatorioEstadual;CONSULTA EM NEUROLOGIA - ESCLEROSE MULTIPLA;composto;inclusao;NaoDedutivel;Pacientes que apresentem suspeita de patologia desmielinizante, como: Encefalomielite aguda disseminada (ADEM);;;;Pacientes que apresentem suspeita de patologia desmielinizante, como: Encefalomielite aguda disseminada (ADEM);;CRECE p.34
NEUROLOGIA - ESCLEROSE MÚLTIPLA;SER;CRECE;AmbulatorioEstadual;CONSULTA EM NEUROLOGIA - ESCLEROSE MULTIPLA;composto;inclusao;NaoDedutivel;Pacientes que apresentem condições de acordo com os;;;;Pacientes que apresentem condições de acordo com os;;CRECE p.34
NEUROLOGIA - ESCLEROSE MÚLTIPLA;SER;CRECE;AmbulatorioEstadual;CONSULTA EM NEUROLOGIA - ESCLEROSE MULTIPLA;composto;inclusao;NaoDedutivel;de cada prestador;;;;de cada prestador;;CRECE p.34
NEUROLOGIA - ESCLEROSE MÚLTIPLA;SER;CRECE;AmbulatorioEstadual;CONSULTA EM NEUROLOGIA - ESCLEROSE MULTIPLA;composto;exclusao;NaoDedutivel;Observar os;;;;Observar os;;CRECE p.34
NEUROLOGIA - ESCLEROSE MÚLTIPLA;SER;CRECE;AmbulatorioEstadual;CONSULTA EM NEUROLOGIA - ESCLEROSE MULTIPLA;composto;exclusao;NaoDedutivel;de cada prestador e faixa etária para atendimento;;;;de cada prestador e faixa etária para atendimento;;CRECE p.34
NEUROLOGIA - GERAL;SER;CRECE;AmbulatorioEstadual;CONSULTA EM NEUROLOGIA;secao;inclusao;NaoDedutivel;Pacientes que apresentem condições de acordo com os;;;;Pacientes que apresentem condições de acordo com os;;CRECE p.34
NEUROLOGIA - GERAL;SER;CRECE;AmbulatorioEstadual;CONSULTA EM NEUROLOGIA;secao;inclusao;NaoDedutivel;de cada prestador;;;;de cada prestador;;CRECE p.34
NEUROLOGIA - GERAL;SER;CRECE;AmbulatorioEstadual;CONSULTA EM NEUROLOGIA;secao;exclusao;NaoDedutivel;Observar os;;;;Observar os;;CRECE p.34
NEUROLOGIA - GERAL;SER;CRECE;AmbulatorioEstadual;CONSULTA EM NEUROLOGIA;secao;exclusao;NaoDedutivel;de cada prestador e faixa etária para atendimento;;;;de cada prestador e faixa etária para atendimento;;CRECE p.34
NEUROLOGIA - PEDIATRIA EPILEPSIA;SER;CRECE;AmbulatorioEstadual;CONSULTA EM NEUROLOGIA - PEDIATRIA - EPILEPSIA;composto;inclusao;NaoDedutivel;Observar os;;;;Observar os;;CRECE p.33
NEUROLOGIA - PEDIATRIA EPILEPSIA;SER;CRECE;AmbulatorioEstadual;CONSULTA EM NEUROLOGIA - PEDIATRIA - EPILEPSIA;composto;inclusao;NaoDedutivel;do paciente de acordo com cada prestador;;;;do paciente de acordo com cada prestador;;CRECE p.33
NEUROLOGIA - PEDIATRIA EPILEPSIA;SER;CRECE;AmbulatorioEstadual;CONSULTA EM NEUROLOGIA - PEDIATRIA - EPILEPSIA;composto;exclusao;NaoDedutivel;Observar os;;;;Observar os;;CRECE p.33
NEUROLOGIA - PEDIATRIA EPILEPSIA;SER;CRECE;AmbulatorioEstadual;CONSULTA EM NEUROLOGIA - PEDIATRIA - EPILEPSIA;composto;exclusao;NaoDedutivel;de cada prestador e faixa etária para atendimento;;;;de cada prestador e faixa etária para atendimento;;CRECE p.33
NEUROLOGIA - TOXINA BOTULÍNICA;SER;CRECE;AmbulatorioEstadual;CONSULTA EM NEUROLOGIA;secao;inclusao;NaoDedutivel;Pacientes portadores de doenças benignas do trato genital para tratamento cirúrgico;;;;Pacientes portadores de doenças benignas do trato genital para tratamento cirúrgico;;CRECE p.34
NEUROLOGIA - TOXINA BOTULÍNICA;SER;CRECE;AmbulatorioEstadual;CONSULTA EM NEUROLOGIA;secao;inclusao;NaoDedutivel;Pacientes portadores de doenças benignas da pelve para tratamento cirúrgico;;;;Pacientes portadores de doenças benignas da pelve para tratamento cirúrgico;;CRECE p.34
NEUROLOGIA - TOXINA BOTULÍNICA;SER;CRECE;AmbulatorioEstadual;CONSULTA EM NEUROLOGIA;secao;inclusao;NaoDedutivel;Observar as condições apresentadas pelos pacientes de acordo com os;;;;Observar as condições apresentadas pelos pacientes de acordo com os;;CRECE p.34
NEUROLOGIA - TOXINA BOTULÍNICA;SER;CRECE;AmbulatorioEstadual;CONSULTA EM NEUROLOGIA;secao;inclusao;NaoDedutivel;de cada prestador;;;;de cada prestador;;CRECE p.34
NEUROLOGIA - TOXINA BOTULÍNICA;SER;CRECE;AmbulatorioEstadual;CONSULTA EM NEUROLOGIA;secao;exclusao;NaoDedutivel;Observar os;;;;Observar os;;CRECE p.34
NEUROLOGIA - TOXINA BOTULÍNICA;SER;CRECE;AmbulatorioEstadual;CONSULTA EM NEUROLOGIA;secao;exclusao;NaoDedutivel;de cada prestador e faixa etária para atendimento;;;;de cada prestador e faixa etária para atendimento;;CRECE p.34
ODONTOLOGIA - CIRURGIA ORAL MENOR;SER;CRECE;AmbulatorioEstadual;CONSULTA EM ODONTOLOGIA - CIRURGIA ORAL MENOR;composto;inclusao;Documental;Inserir no SER o encaminhamento do Cirurgião-Dentista com a descrição clara e detalhada do caso e exames radiográficos anteriores;;;;;Inserir no SER o encaminhamento do Cirurgião-Dentista com a descrição clara e detalhada do caso e exames radiográficos anteriores;CRECE p.47
ODONTOLOGIA - CIRURGIA ORAL MENOR;SER;CRECE;AmbulatorioEstadual;CONSULTA EM ODONTOLOGIA - CIRURGIA ORAL MENOR;composto;inclusao;NaoDedutivel;Pacientes que apresentam necessidade cirúrgica para tratamento das seguintes condições;;;;Pacientes que apresentam necessidade cirúrgica para tratamento das seguintes condições;;CRECE p.47
ODONTOLOGIA - CIRURGIA ORAL MENOR;SER;CRECE;AmbulatorioEstadual;CONSULTA EM ODONTOLOGIA - CIRURGIA ORAL MENOR;composto;inclusao;NaoDedutivel;"Dentes inclusos, retidos ou impactados;";;;;"Dentes inclusos, retidos ou impactados;";;CRECE p.47
ODONTOLOGIA - CIRURGIA ORAL MENOR;SER;CRECE;AmbulatorioEstadual;CONSULTA EM ODONTOLOGIA - CIRURGIA ORAL MENOR;composto;inclusao;NaoDedutivel;"Cirurgia de sisos;";;;;"Cirurgia de sisos;";;CRECE p.47
ODONTOLOGIA - CIRURGIA ORAL MENOR;SER;CRECE;AmbulatorioEstadual;CONSULTA EM ODONTOLOGIA - CIRURGIA ORAL MENOR;composto;inclusao;NaoDedutivel;"Dentes supranumerários;";;;;"Dentes supranumerários;";;CRECE p.47
ODONTOLOGIA - CIRURGIA ORAL MENOR;SER;CRECE;AmbulatorioEstadual;CONSULTA EM ODONTOLOGIA - CIRURGIA ORAL MENOR;composto;inclusao;NaoDedutivel;"Hiperplasias ou regularização de rebordo;";;;;"Hiperplasias ou regularização de rebordo;";;CRECE p.47
ODONTOLOGIA - CIRURGIA ORAL MENOR;SER;CRECE;AmbulatorioEstadual;CONSULTA EM ODONTOLOGIA - CIRURGIA ORAL MENOR;composto;inclusao;NaoDedutivel;"Excisão de cálculo salivar;";;;;"Excisão de cálculo salivar;";;CRECE p.47
ODONTOLOGIA - CIRURGIA ORAL MENOR;SER;CRECE;AmbulatorioEstadual;CONSULTA EM ODONTOLOGIA - CIRURGIA ORAL MENOR;composto;inclusao;NaoDedutivel;"Remoção de cistos e corpos estranhos;";;;;"Remoção de cistos e corpos estranhos;";;CRECE p.47
ODONTOLOGIA - CIRURGIA ORAL MENOR;SER;CRECE;AmbulatorioEstadual;CONSULTA EM ODONTOLOGIA - CIRURGIA ORAL MENOR;composto;inclusao;NaoDedutivel;Frenectomias;;;;Frenectomias;;CRECE p.47
ODONTOLOGIA - CIRURGIA ORAL MENOR;SER;CRECE;AmbulatorioEstadual;CONSULTA EM ODONTOLOGIA - CIRURGIA ORAL MENOR;composto;inclusao;NaoDedutivel;Observar os;;;;Observar os;;CRECE p.47
ODONTOLOGIA - CIRURGIA ORAL MENOR;SER;CRECE;AmbulatorioEstadual;CONSULTA EM ODONTOLOGIA - CIRURGIA ORAL MENOR;composto;inclusao;NaoDedutivel;do paciente de acordo com cada prestador;;;;do paciente de acordo com cada prestador;;CRECE p.47
ODONTOLOGIA - CIRURGIA ORAL MENOR;SER;CRECE;AmbulatorioEstadual;CONSULTA EM ODONTOLOGIA - CIRURGIA ORAL MENOR;composto;exclusao;NaoDedutivel;Observar os;;;;Observar os;;CRECE p.47
ODONTOLOGIA - CIRURGIA ORAL MENOR;SER;CRECE;AmbulatorioEstadual;CONSULTA EM ODONTOLOGIA - CIRURGIA ORAL MENOR;composto;exclusao;NaoDedutivel;de cada prestador e faixa etária para atendimento;;;;de cada prestador e faixa etária para atendimento;;CRECE p.47
ODONTOLOGIA - ENDODONTIA;SER;CRECE;AmbulatorioEstadual;CONSULTA EM ODONTOLOGIA - ENDODONTIA;composto;inclusao;Documental;Inserir no SER o encaminhamento do Cirurgião-Dentista com a descrição clara e detalhada do caso e exames radiográficos anteriores;;;;;Inserir no SER o encaminhamento do Cirurgião-Dentista com a descrição clara e detalhada do caso e exames radiográficos anteriores;CRECE p.47
ODONTOLOGIA - ENDODONTIA;SER;CRECE;AmbulatorioEstadual;CONSULTA EM ODONTOLOGIA - ENDODONTIA;composto;inclusao;NaoDedutivel;Pacientes que apresentam enfermidades da polpa dentária e infecção radicular com necessidade de tratamento endodôntico (Canal) em dentes permanentes com estrutura coronária que permita isolamento absoluto e posterior restauração do elemento dentário;;;;Pacientes que apresentam enfermidades da polpa dentária e infecção radicular com necessidade de tratamento endodôntico (Canal) em dentes permanentes com estrutura coronária que permita isolamento absoluto e posterior restauração do elemento dentário;;CRECE p.47
ODONTOLOGIA - ENDODONTIA;SER;CRECE;AmbulatorioEstadual;CONSULTA EM ODONTOLOGIA - ENDODONTIA;composto;inclusao;NaoDedutivel;Tratamentos endodônticos em 3ºs molares (sisos) serão realizados apenas nos casos em que o siso seja pilar para Prótese Parcial Removível ou que tenha migrado e esteja em função com o antagonista;;;;Tratamentos endodônticos em 3ºs molares (sisos) serão realizados apenas nos casos em que o siso seja pilar para Prótese Parcial Removível ou que tenha migrado e esteja em função com o antagonista;;CRECE p.47
ODONTOLOGIA - ENDODONTIA;SER;CRECE;AmbulatorioEstadual;CONSULTA EM ODONTOLOGIA - ENDODONTIA;composto;inclusao;NaoDedutivel;Observar os;;;;Observar os;;CRECE p.47
ODONTOLOGIA - ENDODONTIA;SER;CRECE;AmbulatorioEstadual;CONSULTA EM ODONTOLOGIA - ENDODONTIA;composto;inclusao;NaoDedutivel;do paciente de acordo com cada prestador;;;;do paciente de acordo com cada prestador;;CRECE p.47
ODONTOLOGIA - ENDODONTIA;SER;CRECE;AmbulatorioEstadual;CONSULTA EM ODONTOLOGIA - ENDODONTIA;composto;exclusao;NaoDedutivel;Observar os;;;;Observar os;;CRECE p.47
ODONTOLOGIA - ENDODONTIA;SER;CRECE;AmbulatorioEstadual;CONSULTA EM ODONTOLOGIA - ENDODONTIA;composto;exclusao;NaoDedutivel;de cada prestador e faixa etária para atendimento;;;;de cada prestador e faixa etária para atendimento;;CRECE p.47
ODONTOLOGIA - ESTOMATOLOGIA;SER;CRECE;AmbulatorioEstadual;CONSULTA EM ODONTOLOGIA - ESTOMATOLOGIA;composto;inclusao;Documental;Inserir no SER o encaminhamento do Cirurgião-Dentista com a descrição clara e detalhada do caso e exames radiográficos anteriores;;;;;Inserir no SER o encaminhamento do Cirurgião-Dentista com a descrição clara e detalhada do caso e exames radiográficos anteriores;CRECE p.48
ODONTOLOGIA - ESTOMATOLOGIA;SER;CRECE;AmbulatorioEstadual;CONSULTA EM ODONTOLOGIA - ESTOMATOLOGIA;composto;inclusao;NaoDedutivel;Pacientes que apresentam necessidade de diagnóstico e biópsia para as seguintes lesões na região maxilofacial;;;;Pacientes que apresentam necessidade de diagnóstico e biópsia para as seguintes lesões na região maxilofacial;;CRECE p.48
ODONTOLOGIA - ESTOMATOLOGIA;SER;CRECE;AmbulatorioEstadual;CONSULTA EM ODONTOLOGIA - ESTOMATOLOGIA;composto;inclusao;NaoDedutivel;"Lesões que não cicatrizam em 15 dias na cavidade oral;";;;;"Lesões que não cicatrizam em 15 dias na cavidade oral;";;CRECE p.48
ODONTOLOGIA - ESTOMATOLOGIA;SER;CRECE;AmbulatorioEstadual;CONSULTA EM ODONTOLOGIA - ESTOMATOLOGIA;composto;inclusao;NaoDedutivel;"Tumefação, massa ou tumoração não especificadas na cavidade oral;";;;;"Tumefação, massa ou tumoração não especificadas na cavidade oral;";;CRECE p.48
ODONTOLOGIA - ESTOMATOLOGIA;SER;CRECE;AmbulatorioEstadual;CONSULTA EM ODONTOLOGIA - ESTOMATOLOGIA;composto;inclusao;NaoDedutivel;"Doenças da língua, lábio e da mucosa oral;";;;;"Doenças da língua, lábio e da mucosa oral;";;CRECE p.48
ODONTOLOGIA - ESTOMATOLOGIA;SER;CRECE;AmbulatorioEstadual;CONSULTA EM ODONTOLOGIA - ESTOMATOLOGIA;composto;inclusao;NaoDedutivel;"Líquen plano, Estomatites e lesões correlatas;";;;;"Líquen plano, Estomatites e lesões correlatas;";;CRECE p.48
ODONTOLOGIA - ESTOMATOLOGIA;SER;CRECE;AmbulatorioEstadual;CONSULTA EM ODONTOLOGIA - ESTOMATOLOGIA;composto;inclusao;NaoDedutivel;"Doença de glândulas salivares;";;;;"Doença de glândulas salivares;";;CRECE p.48
ODONTOLOGIA - ESTOMATOLOGIA;SER;CRECE;AmbulatorioEstadual;CONSULTA EM ODONTOLOGIA - ESTOMATOLOGIA;composto;inclusao;NaoDedutivel;"Cistos da região bucal;";;;;"Cistos da região bucal;";;CRECE p.48
ODONTOLOGIA - ESTOMATOLOGIA;SER;CRECE;AmbulatorioEstadual;CONSULTA EM ODONTOLOGIA - ESTOMATOLOGIA;composto;inclusao;NaoDedutivel;"Halitose;";;;;"Halitose;";;CRECE p.48
ODONTOLOGIA - ESTOMATOLOGIA;SER;CRECE;AmbulatorioEstadual;CONSULTA EM ODONTOLOGIA - ESTOMATOLOGIA;composto;inclusao;NaoDedutivel;"Hiperplasia irritativa da mucosa oral;";;;;"Hiperplasia irritativa da mucosa oral;";;CRECE p.48
ODONTOLOGIA - ESTOMATOLOGIA;SER;CRECE;AmbulatorioEstadual;CONSULTA EM ODONTOLOGIA - ESTOMATOLOGIA;composto;inclusao;NaoDedutivel;"Leucoplasia e outras afecções do epitélio oral;";;;;"Leucoplasia e outras afecções do epitélio oral;";;CRECE p.48
ODONTOLOGIA - ESTOMATOLOGIA;SER;CRECE;AmbulatorioEstadual;CONSULTA EM ODONTOLOGIA - ESTOMATOLOGIA;composto;inclusao;NaoDedutivel;Xerostomia, queimação e ardência bucal;;;;Xerostomia, queimação e ardência bucal;;CRECE p.48
ODONTOLOGIA - ESTOMATOLOGIA;SER;CRECE;AmbulatorioEstadual;CONSULTA EM ODONTOLOGIA - ESTOMATOLOGIA;composto;inclusao;NaoDedutivel;Observar os;;;;Observar os;;CRECE p.48
ODONTOLOGIA - ESTOMATOLOGIA;SER;CRECE;AmbulatorioEstadual;CONSULTA EM ODONTOLOGIA - ESTOMATOLOGIA;composto;inclusao;NaoDedutivel;do paciente de acordo com cada prestador;;;;do paciente de acordo com cada prestador;;CRECE p.48
ODONTOLOGIA - ESTOMATOLOGIA;SER;CRECE;AmbulatorioEstadual;CONSULTA EM ODONTOLOGIA - ESTOMATOLOGIA;composto;exclusao;NaoDedutivel;Observar os;;;;Observar os;;CRECE p.48
ODONTOLOGIA - ESTOMATOLOGIA;SER;CRECE;AmbulatorioEstadual;CONSULTA EM ODONTOLOGIA - ESTOMATOLOGIA;composto;exclusao;NaoDedutivel;de cada prestador e faixa etária para atendimento;;;;de cada prestador e faixa etária para atendimento;;CRECE p.48
ODONTOLOGIA - FRENECTOMIA LINGUAL;SER;CRECE;AmbulatorioEstadual;;SEM_PAR;inclusao;Documental;Inserir no SER o encaminhamento com a descrição do caso e o resultado do Teste realizado pelo Fonoaudiólogo, Pediatra ou Cirurgião-Dentista;;;;;Inserir no SER o encaminhamento com a descrição do caso e o resultado do Teste realizado pelo Fonoaudiólogo, Pediatra ou Cirurgião-Dentista;CRECE p.49
ODONTOLOGIA - FRENECTOMIA LINGUAL;SER;CRECE;AmbulatorioEstadual;;SEM_PAR;inclusao;NaoDedutivel;Pacientes, com até 3 meses de idade, que apresentam diagnóstico de anguiloglossia com dificuldade na amamentação;;;;Pacientes, com até 3 meses de idade, que apresentam diagnóstico de anguiloglossia com dificuldade na amamentação;;CRECE p.49
ODONTOLOGIA - FRENECTOMIA LINGUAL;SER;CRECE;AmbulatorioEstadual;;SEM_PAR;inclusao;NaoDedutivel;Observar os;;;;Observar os;;CRECE p.49
ODONTOLOGIA - FRENECTOMIA LINGUAL;SER;CRECE;AmbulatorioEstadual;;SEM_PAR;inclusao;NaoDedutivel;do paciente de acordo com cada prestador;;;;do paciente de acordo com cada prestador;;CRECE p.49
ODONTOLOGIA - FRENECTOMIA LINGUAL;SER;CRECE;AmbulatorioEstadual;;SEM_PAR;exclusao;NaoDedutivel;Observar os;;;;Observar os;;CRECE p.49
ODONTOLOGIA - FRENECTOMIA LINGUAL;SER;CRECE;AmbulatorioEstadual;;SEM_PAR;exclusao;NaoDedutivel;de cada prestador e faixa etária para atendimento;;;;de cada prestador e faixa etária para atendimento;;CRECE p.49
ODONTOLOGIA - OUTRAS ESPECIALIDADES (GRUPO/RADIOGRAFIA PANORÂMICA);SER;CRECE;AmbulatorioEstadual;;SEM_PAR;inclusao;Documental;"Inserir no SER Pacientes com solicitação/pedido, assinado pelo Cirurgião-Dentista, de Radiografia Panorâmica de face; devendo conter no pedido a região a ser pesquisada e a finalidade do exame";;;;;"Inserir no SER Pacientes com solicitação/pedido, assinado pelo Cirurgião-Dentista, de Radiografia Panorâmica de face; devendo conter no pedido a região a ser pesquisada e a finalidade do exame";CRECE p.49
ODONTOLOGIA - OUTRAS ESPECIALIDADES (GRUPO/RADIOGRAFIA PANORÂMICA);SER;CRECE;AmbulatorioEstadual;;SEM_PAR;inclusao;Documental;Paciente deve apresentar o pedido no dia;;;;;Paciente deve apresentar o pedido no dia;CRECE p.49
ODONTOLOGIA - OUTRAS ESPECIALIDADES (GRUPO/RADIOGRAFIA PANORÂMICA);SER;CRECE;AmbulatorioEstadual;;SEM_PAR;inclusao;NaoDedutivel;Observar os;;;;Observar os;;CRECE p.49
ODONTOLOGIA - OUTRAS ESPECIALIDADES (GRUPO/RADIOGRAFIA PANORÂMICA);SER;CRECE;AmbulatorioEstadual;;SEM_PAR;inclusao;NaoDedutivel;do paciente de acordo com cada prestador;;;;do paciente de acordo com cada prestador;;CRECE p.49
ODONTOLOGIA - OUTRAS ESPECIALIDADES (GRUPO/RADIOGRAFIA PANORÂMICA);SER;CRECE;AmbulatorioEstadual;;SEM_PAR;exclusao;NaoDedutivel;Observar os;;;;Observar os;;CRECE p.49
ODONTOLOGIA - OUTRAS ESPECIALIDADES (GRUPO/RADIOGRAFIA PANORÂMICA);SER;CRECE;AmbulatorioEstadual;;SEM_PAR;exclusao;NaoDedutivel;de cada prestador e faixa etária para atendimento;;;;de cada prestador e faixa etária para atendimento;;CRECE p.49
ODONTOLOGIA - PACIENTES PORTADORES DE COMPROMETIMENTO NEUROLÓGICO;SER;CRECE;AmbulatorioEstadual;;SEM_PAR;inclusao;Documental;Inserir no SER o encaminhamento do Cirurgião-Dentista com a descrição clara e detalhada do caso e exames radiográficos anteriores;;;;;Inserir no SER o encaminhamento do Cirurgião-Dentista com a descrição clara e detalhada do caso e exames radiográficos anteriores;CRECE p.48
ODONTOLOGIA - PACIENTES PORTADORES DE COMPROMETIMENTO NEUROLÓGICO;SER;CRECE;AmbulatorioEstadual;;SEM_PAR;inclusao;NaoDedutivel;Pacientes portadores de comprometimento neurológico, como;;;;Pacientes portadores de comprometimento neurológico, como;;CRECE p.48
ODONTOLOGIA - PACIENTES PORTADORES DE COMPROMETIMENTO NEUROLÓGICO;SER;CRECE;AmbulatorioEstadual;;SEM_PAR;inclusao;NaoDedutivel;"Pacientes portadores de comprometimento neurológico, como: Deficiência mental;";;;;"Pacientes portadores de comprometimento neurológico, como: Deficiência mental;";;CRECE p.48
ODONTOLOGIA - PACIENTES PORTADORES DE COMPROMETIMENTO NEUROLÓGICO;SER;CRECE;AmbulatorioEstadual;;SEM_PAR;inclusao;NaoDedutivel;"Pacientes portadores de comprometimento neurológico, como: Esquizofrênica;";;;;"Pacientes portadores de comprometimento neurológico, como: Esquizofrênica;";;CRECE p.48
ODONTOLOGIA - PACIENTES PORTADORES DE COMPROMETIMENTO NEUROLÓGICO;SER;CRECE;AmbulatorioEstadual;;SEM_PAR;inclusao;NaoDedutivel;"Pacientes portadores de comprometimento neurológico, como: Transtorno psicótico e neuróptico;";;;;"Pacientes portadores de comprometimento neurológico, como: Transtorno psicótico e neuróptico;";;CRECE p.48
ODONTOLOGIA - PACIENTES PORTADORES DE COMPROMETIMENTO NEUROLÓGICO;SER;CRECE;AmbulatorioEstadual;;SEM_PAR;inclusao;NaoDedutivel;"Pacientes portadores de comprometimento neurológico, como: Transtorno bipolar, depressivo, fobia, pânico;";;;;"Pacientes portadores de comprometimento neurológico, como: Transtorno bipolar, depressivo, fobia, pânico;";;CRECE p.48
ODONTOLOGIA - PACIENTES PORTADORES DE COMPROMETIMENTO NEUROLÓGICO;SER;CRECE;AmbulatorioEstadual;;SEM_PAR;inclusao;NaoDedutivel;"Pacientes portadores de comprometimento neurológico, como: Hiperatividade;";;;;"Pacientes portadores de comprometimento neurológico, como: Hiperatividade;";;CRECE p.48
ODONTOLOGIA - PACIENTES PORTADORES DE COMPROMETIMENTO NEUROLÓGICO;SER;CRECE;AmbulatorioEstadual;;SEM_PAR;inclusao;NaoDedutivel;"Pacientes portadores de comprometimento neurológico, como: Paralisia cerebral;";;;;"Pacientes portadores de comprometimento neurológico, como: Paralisia cerebral;";;CRECE p.48
ODONTOLOGIA - PACIENTES PORTADORES DE COMPROMETIMENTO NEUROLÓGICO;SER;CRECE;AmbulatorioEstadual;;SEM_PAR;inclusao;NaoDedutivel;"Pacientes portadores de comprometimento neurológico, como: Síndrome de Down, West, Rett;";;;;"Pacientes portadores de comprometimento neurológico, como: Síndrome de Down, West, Rett;";;CRECE p.48
ODONTOLOGIA - PACIENTES PORTADORES DE COMPROMETIMENTO NEUROLÓGICO;SER;CRECE;AmbulatorioEstadual;;SEM_PAR;inclusao;NaoDedutivel;"Pacientes portadores de comprometimento neurológico, como: Epidermólise bolhose;";;;;"Pacientes portadores de comprometimento neurológico, como: Epidermólise bolhose;";;CRECE p.48
ODONTOLOGIA - PACIENTES PORTADORES DE COMPROMETIMENTO NEUROLÓGICO;SER;CRECE;AmbulatorioEstadual;;SEM_PAR;inclusao;NaoDedutivel;"Pacientes portadores de comprometimento neurológico, como: Eplepsia;";;;;"Pacientes portadores de comprometimento neurológico, como: Eplepsia;";;CRECE p.48
ODONTOLOGIA - PACIENTES PORTADORES DE COMPROMETIMENTO NEUROLÓGICO;SER;CRECE;AmbulatorioEstadual;;SEM_PAR;inclusao;NaoDedutivel;"Pacientes portadores de comprometimento neurológico, como: Parkinson;";;;;"Pacientes portadores de comprometimento neurológico, como: Parkinson;";;CRECE p.48
ODONTOLOGIA - PACIENTES PORTADORES DE COMPROMETIMENTO NEUROLÓGICO;SER;CRECE;AmbulatorioEstadual;;SEM_PAR;inclusao;NaoDedutivel;"Pacientes portadores de comprometimento neurológico, como: Alzheimer;";;;;"Pacientes portadores de comprometimento neurológico, como: Alzheimer;";;CRECE p.48
ODONTOLOGIA - PACIENTES PORTADORES DE COMPROMETIMENTO NEUROLÓGICO;SER;CRECE;AmbulatorioEstadual;;SEM_PAR;inclusao;NaoDedutivel;"Pacientes portadores de comprometimento neurológico, como: Microcefalia;";;;;"Pacientes portadores de comprometimento neurológico, como: Microcefalia;";;CRECE p.48
ODONTOLOGIA - PACIENTES PORTADORES DE COMPROMETIMENTO NEUROLÓGICO;SER;CRECE;AmbulatorioEstadual;;SEM_PAR;inclusao;NaoDedutivel;"Pacientes portadores de comprometimento neurológico, como: Hidrocefalia;";;;;"Pacientes portadores de comprometimento neurológico, como: Hidrocefalia;";;CRECE p.48
ODONTOLOGIA - PACIENTES PORTADORES DE COMPROMETIMENTO NEUROLÓGICO;SER;CRECE;AmbulatorioEstadual;;SEM_PAR;inclusao;NaoDedutivel;"Pacientes portadores de comprometimento neurológico, como: Encefalopatia;";;;;"Pacientes portadores de comprometimento neurológico, como: Encefalopatia;";;CRECE p.48
ODONTOLOGIA - PACIENTES PORTADORES DE COMPROMETIMENTO NEUROLÓGICO;SER;CRECE;AmbulatorioEstadual;;SEM_PAR;inclusao;NaoDedutivel;Pacientes portadores de comprometimento neurológico, como: Síndrome Congênita do Zika Vírus;;;;Pacientes portadores de comprometimento neurológico, como: Síndrome Congênita do Zika Vírus;;CRECE p.48
ODONTOLOGIA - PACIENTES PORTADORES DE COMPROMETIMENTO NEUROLÓGICO;SER;CRECE;AmbulatorioEstadual;;SEM_PAR;inclusao;NaoDedutivel;Observar os;;;;Observar os;;CRECE p.48
ODONTOLOGIA - PACIENTES PORTADORES DE COMPROMETIMENTO NEUROLÓGICO;SER;CRECE;AmbulatorioEstadual;;SEM_PAR;inclusao;NaoDedutivel;do paciente de acordo com cada prestador;;;;do paciente de acordo com cada prestador;;CRECE p.48
ODONTOLOGIA - PACIENTES PORTADORES DE COMPROMETIMENTO NEUROLÓGICO;SER;CRECE;AmbulatorioEstadual;;SEM_PAR;exclusao;NaoDedutivel;Observar os;;;;Observar os;;CRECE p.48
ODONTOLOGIA - PACIENTES PORTADORES DE COMPROMETIMENTO NEUROLÓGICO;SER;CRECE;AmbulatorioEstadual;;SEM_PAR;exclusao;NaoDedutivel;de cada prestador e faixa etária para atendimento;;;;de cada prestador e faixa etária para atendimento;;CRECE p.48
ODONTOLOGIA - PACIENTES PORTADORES DE NECESSIDADES ESPECIAIS;SER;CRECE;AmbulatorioEstadual;;SEM_PAR;inclusao;Documental;Inserir no SER o encaminhamento do Cirurgião-Dentista com a descrição clara e detalhada do caso e exames radiográficos anteriores;;;;;Inserir no SER o encaminhamento do Cirurgião-Dentista com a descrição clara e detalhada do caso e exames radiográficos anteriores;CRECE p.48
ODONTOLOGIA - PACIENTES PORTADORES DE NECESSIDADES ESPECIAIS;SER;CRECE;AmbulatorioEstadual;;SEM_PAR;inclusao;NaoDedutivel;Pacientes portadores de necessidades especiais, como;;;;Pacientes portadores de necessidades especiais, como;;CRECE p.48
ODONTOLOGIA - PACIENTES PORTADORES DE NECESSIDADES ESPECIAIS;SER;CRECE;AmbulatorioEstadual;;SEM_PAR;inclusao;NaoDedutivel;"Pacientes portadores de necessidades especiais, como: Pacientes com doenças sistêmicas;";;;;"Pacientes portadores de necessidades especiais, como: Pacientes com doenças sistêmicas;";;CRECE p.48
ODONTOLOGIA - PACIENTES PORTADORES DE NECESSIDADES ESPECIAIS;SER;CRECE;AmbulatorioEstadual;;SEM_PAR;inclusao;NaoDedutivel;"Pacientes portadores de necessidades especiais, como: Cardiopatias;";;;;"Pacientes portadores de necessidades especiais, como: Cardiopatias;";;CRECE p.48
ODONTOLOGIA - PACIENTES PORTADORES DE NECESSIDADES ESPECIAIS;SER;CRECE;AmbulatorioEstadual;;SEM_PAR;inclusao;NaoDedutivel;"Pacientes portadores de necessidades especiais, como: Doenças pulmonares crônicas;";;;;"Pacientes portadores de necessidades especiais, como: Doenças pulmonares crônicas;";;CRECE p.48
ODONTOLOGIA - PACIENTES PORTADORES DE NECESSIDADES ESPECIAIS;SER;CRECE;AmbulatorioEstadual;;SEM_PAR;inclusao;NaoDedutivel;"Pacientes portadores de necessidades especiais, como: Nefropatias;";;;;"Pacientes portadores de necessidades especiais, como: Nefropatias;";;CRECE p.48
ODONTOLOGIA - PACIENTES PORTADORES DE NECESSIDADES ESPECIAIS;SER;CRECE;AmbulatorioEstadual;;SEM_PAR;inclusao;NaoDedutivel;"Pacientes portadores de necessidades especiais, como: Doenças reumatológicas;";;;;"Pacientes portadores de necessidades especiais, como: Doenças reumatológicas;";;CRECE p.48
ODONTOLOGIA - PACIENTES PORTADORES DE NECESSIDADES ESPECIAIS;SER;CRECE;AmbulatorioEstadual;;SEM_PAR;inclusao;NaoDedutivel;"Pacientes portadores de necessidades especiais, como: Antecedente de acidente vascular cerebral há menos de 6 meses;";;;;"Pacientes portadores de necessidades especiais, como: Antecedente de acidente vascular cerebral há menos de 6 meses;";;CRECE p.48
ODONTOLOGIA - PACIENTES PORTADORES DE NECESSIDADES ESPECIAIS;SER;CRECE;AmbulatorioEstadual;;SEM_PAR;inclusao;NaoDedutivel;"Pacientes portadores de necessidades especiais, como: Insuficiência hepática/renal;";;;;"Pacientes portadores de necessidades especiais, como: Insuficiência hepática/renal;";;CRECE p.48
ODONTOLOGIA - PACIENTES PORTADORES DE NECESSIDADES ESPECIAIS;SER;CRECE;AmbulatorioEstadual;;SEM_PAR;inclusao;NaoDedutivel;"Pacientes portadores de necessidades especiais, como: Transplantados;";;;;"Pacientes portadores de necessidades especiais, como: Transplantados;";;CRECE p.48
ODONTOLOGIA - PACIENTES PORTADORES DE NECESSIDADES ESPECIAIS;SER;CRECE;AmbulatorioEstadual;;SEM_PAR;inclusao;NaoDedutivel;"Pacientes portadores de necessidades especiais, como: Irradiados de cabeça e pescoço e/ou complicação de quimioterapia;";;;;"Pacientes portadores de necessidades especiais, como: Irradiados de cabeça e pescoço e/ou complicação de quimioterapia;";;CRECE p.48
ODONTOLOGIA - PACIENTES PORTADORES DE NECESSIDADES ESPECIAIS;SER;CRECE;AmbulatorioEstadual;;SEM_PAR;inclusao;NaoDedutivel;"Pacientes portadores de necessidades especiais, como: Problemas hematológicos;";;;;"Pacientes portadores de necessidades especiais, como: Problemas hematológicos;";;CRECE p.48
ODONTOLOGIA - PACIENTES PORTADORES DE NECESSIDADES ESPECIAIS;SER;CRECE;AmbulatorioEstadual;;SEM_PAR;inclusao;NaoDedutivel;"Pacientes portadores de necessidades especiais, como: Transtornos alimentares (anorexia – bulimia);";;;;"Pacientes portadores de necessidades especiais, como: Transtornos alimentares (anorexia – bulimia);";;CRECE p.48
ODONTOLOGIA - PACIENTES PORTADORES DE NECESSIDADES ESPECIAIS;SER;CRECE;AmbulatorioEstadual;;SEM_PAR;inclusao;NaoDedutivel;Pacientes portadores de necessidades especiais, como: Transtorno por uso de drogas;;;;Pacientes portadores de necessidades especiais, como: Transtorno por uso de drogas;;CRECE p.48
ODONTOLOGIA - PACIENTES PORTADORES DE NECESSIDADES ESPECIAIS;SER;CRECE;AmbulatorioEstadual;;SEM_PAR;inclusao;NaoDedutivel;Observar os;;;;Observar os;;CRECE p.48
ODONTOLOGIA - PACIENTES PORTADORES DE NECESSIDADES ESPECIAIS;SER;CRECE;AmbulatorioEstadual;;SEM_PAR;inclusao;NaoDedutivel;do paciente de acordo com cada prestador;;;;do paciente de acordo com cada prestador;;CRECE p.48
ODONTOLOGIA - PACIENTES PORTADORES DE NECESSIDADES ESPECIAIS;SER;CRECE;AmbulatorioEstadual;;SEM_PAR;exclusao;NaoDedutivel;Observar os;;;;Observar os;;CRECE p.48
ODONTOLOGIA - PACIENTES PORTADORES DE NECESSIDADES ESPECIAIS;SER;CRECE;AmbulatorioEstadual;;SEM_PAR;exclusao;NaoDedutivel;de cada prestador e faixa etária para atendimento;;;;de cada prestador e faixa etária para atendimento;;CRECE p.48
ODONTOLOGIA - RECONSTRUTORA;SER;CRECE;AmbulatorioEstadual;;SEM_PAR;inclusao;NaoDedutivel;Recursos Requisitos necessários CIRURGIA BUCOMAXILOFACIAL (Traumas, fraturas, reconstruções, cistos e tumores);;;;Recursos Requisitos necessários CIRURGIA BUCOMAXILOFACIAL (Traumas, fraturas, reconstruções, cistos e tumores);;CRECE p.46
ODONTOLOGIA - RECONSTRUTORA;SER;CRECE;AmbulatorioEstadual;;SEM_PAR;inclusao;Documental;Inserir no SER o encaminhamento do Cirurgião-Dentista com a descrição clara e detalhada do caso e exames radiográficos anteriores;;;;;Inserir no SER o encaminhamento do Cirurgião-Dentista com a descrição clara e detalhada do caso e exames radiográficos anteriores;CRECE p.46
ODONTOLOGIA - RECONSTRUTORA;SER;CRECE;AmbulatorioEstadual;;SEM_PAR;inclusao;NaoDedutivel;Pacientes que apresentam determinadas necessidades cirúrgicas;;;;Pacientes que apresentam determinadas necessidades cirúrgicas;;CRECE p.46
ODONTOLOGIA - RECONSTRUTORA;SER;CRECE;AmbulatorioEstadual;;SEM_PAR;inclusao;NaoDedutivel;"Pacientes que apresentam determinadas necessidades cirúrgicas: Traumatologia complexa maxilofacial para tratamento de traumas e fraturas através da reconstrução dos ossos da face;";;;;"Pacientes que apresentam determinadas necessidades cirúrgicas: Traumatologia complexa maxilofacial para tratamento de traumas e fraturas através da reconstrução dos ossos da face;";;CRECE p.46
ODONTOLOGIA - RECONSTRUTORA;SER;CRECE;AmbulatorioEstadual;;SEM_PAR;inclusao;NaoDedutivel;"Pacientes que apresentam determinadas necessidades cirúrgicas: Cirurgia para patologias dos maxilares para tratamento de cistos e tumores diagnosticados e com indicação cirúrgica;";;;;"Pacientes que apresentam determinadas necessidades cirúrgicas: Cirurgia para patologias dos maxilares para tratamento de cistos e tumores diagnosticados e com indicação cirúrgica;";;CRECE p.46
ODONTOLOGIA - RECONSTRUTORA;SER;CRECE;AmbulatorioEstadual;;SEM_PAR;inclusao;NaoDedutivel;"Pacientes que apresentam determinadas necessidades cirúrgicas: Cirurgias reconstrutivas com utilização de enxertos autógenos e placas de reconstrução;";;;;"Pacientes que apresentam determinadas necessidades cirúrgicas: Cirurgias reconstrutivas com utilização de enxertos autógenos e placas de reconstrução;";;CRECE p.46
ODONTOLOGIA - RECONSTRUTORA;SER;CRECE;AmbulatorioEstadual;;SEM_PAR;inclusao;NaoDedutivel;"Pacientes que apresentam determinadas necessidades cirúrgicas: Tratamento de sequelas em geral (Trauma, tumores, deformidades);";;;;"Pacientes que apresentam determinadas necessidades cirúrgicas: Tratamento de sequelas em geral (Trauma, tumores, deformidades);";;CRECE p.46
ODONTOLOGIA - RECONSTRUTORA;SER;CRECE;AmbulatorioEstadual;;SEM_PAR;inclusao;NaoDedutivel;"Pacientes que apresentam determinadas necessidades cirúrgicas: Tratamento de infecção oral e maxilofacial severa;";;;;"Pacientes que apresentam determinadas necessidades cirúrgicas: Tratamento de infecção oral e maxilofacial severa;";;CRECE p.46
ODONTOLOGIA - RECONSTRUTORA;SER;CRECE;AmbulatorioEstadual;;SEM_PAR;inclusao;NaoDedutivel;Pacientes que apresentam determinadas necessidades cirúrgicas: Cirurgia pré-protética avançada;;;;Pacientes que apresentam determinadas necessidades cirúrgicas: Cirurgia pré-protética avançada;;CRECE p.46
ODONTOLOGIA - RECONSTRUTORA;SER;CRECE;AmbulatorioEstadual;;SEM_PAR;inclusao;NaoDedutivel;Observar os;;;;Observar os;;CRECE p.46
ODONTOLOGIA - RECONSTRUTORA;SER;CRECE;AmbulatorioEstadual;;SEM_PAR;inclusao;NaoDedutivel;do paciente de acordo com cada prestador;;;;do paciente de acordo com cada prestador;;CRECE p.46
ODONTOLOGIA - RECONSTRUTORA;SER;CRECE;AmbulatorioEstadual;;SEM_PAR;exclusao;NaoDedutivel;Observar os;;;;Observar os;;CRECE p.46
ODONTOLOGIA - RECONSTRUTORA;SER;CRECE;AmbulatorioEstadual;;SEM_PAR;exclusao;NaoDedutivel;de cada prestador e faixa etária para atendimento. CIRURGIA BUCOMAXILOFACIAL (Cirurgia da ATM);;;;de cada prestador e faixa etária para atendimento. CIRURGIA BUCOMAXILOFACIAL (Cirurgia da ATM);;CRECE p.46
ODONTOLOGIA - RECONSTRUTORA;SER;CRECE;AmbulatorioEstadual;;SEM_PAR;inclusao;Documental;Inserir no SER o encaminhamento do Cirurgião-Dentista com a descrição clara e detalhada do caso e exames radiográficos anteriores;;;;;Inserir no SER o encaminhamento do Cirurgião-Dentista com a descrição clara e detalhada do caso e exames radiográficos anteriores;CRECE p.46
ODONTOLOGIA - RECONSTRUTORA;SER;CRECE;AmbulatorioEstadual;;SEM_PAR;inclusao;NaoDedutivel;Pacientes que apresentam determinadas necessidades cirúrgicas na Articulação Temporomandibular (ATM);;;;Pacientes que apresentam determinadas necessidades cirúrgicas na Articulação Temporomandibular (ATM);;CRECE p.46
ODONTOLOGIA - RECONSTRUTORA;SER;CRECE;AmbulatorioEstadual;;SEM_PAR;inclusao;NaoDedutivel;"Neuropatias Orofaciais;";;;;"Neuropatias Orofaciais;";;CRECE p.46
ODONTOLOGIA - RECONSTRUTORA;SER;CRECE;AmbulatorioEstadual;;SEM_PAR;inclusao;NaoDedutivel;Reconstrução protética total da ATM;;;;Reconstrução protética total da ATM;;CRECE p.46
ODONTOLOGIA - RECONSTRUTORA;SER;CRECE;AmbulatorioEstadual;;SEM_PAR;inclusao;NaoDedutivel;Observar os;;;;Observar os;;CRECE p.46
ODONTOLOGIA - RECONSTRUTORA;SER;CRECE;AmbulatorioEstadual;;SEM_PAR;inclusao;NaoDedutivel;do paciente de acordo com cada prestador;;;;do paciente de acordo com cada prestador;;CRECE p.46
ODONTOLOGIA - RECONSTRUTORA;SER;CRECE;AmbulatorioEstadual;;SEM_PAR;exclusao;NaoDedutivel;Observar os;;;;Observar os;;CRECE p.46
ODONTOLOGIA - RECONSTRUTORA;SER;CRECE;AmbulatorioEstadual;;SEM_PAR;exclusao;NaoDedutivel;de cada prestador e faixa etária para atendimento. CIRURGIA ORTOGNÁTICA (Cirurgia da ATM);;;;de cada prestador e faixa etária para atendimento. CIRURGIA ORTOGNÁTICA (Cirurgia da ATM);;CRECE p.46
ODONTOLOGIA - RECONSTRUTORA;SER;CRECE;AmbulatorioEstadual;;SEM_PAR;inclusao;Documental;Inserir no SER o encaminhamento do Cirurgião-Dentista com a descrição clara e detalhada do caso e exames radiográficos anteriores;;;;;Inserir no SER o encaminhamento do Cirurgião-Dentista com a descrição clara e detalhada do caso e exames radiográficos anteriores;CRECE p.46
ODONTOLOGIA - RECONSTRUTORA;SER;CRECE;AmbulatorioEstadual;;SEM_PAR;inclusao;NaoDedutivel;Pacientes que apresentam alterações congênitas de crescimento facial com necessidade de tratamento cirúrgico de deformidades maxilofaciais;;;;Pacientes que apresentam alterações congênitas de crescimento facial com necessidade de tratamento cirúrgico de deformidades maxilofaciais;;CRECE p.46
ODONTOLOGIA - RECONSTRUTORA;SER;CRECE;AmbulatorioEstadual;;SEM_PAR;inclusao;NaoDedutivel;Observar os;;;;Observar os;;CRECE p.46
ODONTOLOGIA - RECONSTRUTORA;SER;CRECE;AmbulatorioEstadual;;SEM_PAR;inclusao;NaoDedutivel;do paciente de acordo com cada prestador;;;;do paciente de acordo com cada prestador;;CRECE p.46
ODONTOLOGIA - RECONSTRUTORA;SER;CRECE;AmbulatorioEstadual;;SEM_PAR;exclusao;NaoDedutivel;Observar os;;;;Observar os;;CRECE p.46
ODONTOLOGIA - RECONSTRUTORA;SER;CRECE;AmbulatorioEstadual;;SEM_PAR;exclusao;NaoDedutivel;de cada prestador e faixa etária para atendimento;;;;de cada prestador e faixa etária para atendimento;;CRECE p.46
ODONTOLOGIA - TOMOGRAFIA COMPUTADORIZADA CONE BEAN (MEDICINA NUCLEAR);SER;CRECE;AmbulatorioEstadual;;SEM_PAR;inclusao;Documental;"Inserir no SER Pacientes com solicitação/pedido, assinado pelo Cirurgião-Dentista, de Tomografia Computadorizada; devendo conter no pedido a região a ser pesquisada e a finalidade do exame";;;;;"Inserir no SER Pacientes com solicitação/pedido, assinado pelo Cirurgião-Dentista, de Tomografia Computadorizada; devendo conter no pedido a região a ser pesquisada e a finalidade do exame";CRECE p.49
ODONTOLOGIA - TOMOGRAFIA COMPUTADORIZADA CONE BEAN (MEDICINA NUCLEAR);SER;CRECE;AmbulatorioEstadual;;SEM_PAR;inclusao;Documental;Paciente deve apresentar o pedido no dia do exame;;;;;Paciente deve apresentar o pedido no dia do exame;CRECE p.49
ODONTOLOGIA - TOMOGRAFIA COMPUTADORIZADA CONE BEAN (MEDICINA NUCLEAR);SER;CRECE;AmbulatorioEstadual;;SEM_PAR;inclusao;NaoDedutivel;Observar os;;;;Observar os;;CRECE p.49
ODONTOLOGIA - TOMOGRAFIA COMPUTADORIZADA CONE BEAN (MEDICINA NUCLEAR);SER;CRECE;AmbulatorioEstadual;;SEM_PAR;inclusao;NaoDedutivel;do paciente de acordo com cada prestador;;;;do paciente de acordo com cada prestador;;CRECE p.49
ODONTOLOGIA - TOMOGRAFIA COMPUTADORIZADA CONE BEAN (MEDICINA NUCLEAR);SER;CRECE;AmbulatorioEstadual;;SEM_PAR;exclusao;NaoDedutivel;Observar os;;;;Observar os;;CRECE p.49
ODONTOLOGIA - TOMOGRAFIA COMPUTADORIZADA CONE BEAN (MEDICINA NUCLEAR);SER;CRECE;AmbulatorioEstadual;;SEM_PAR;exclusao;NaoDedutivel;de cada prestador e faixa etária para atendimento;;;;de cada prestador e faixa etária para atendimento;;CRECE p.49
OFTALMOLOGIA - CIRURGIA DE CATARATA;SER;CRECE;AmbulatorioEstadual;CONSULTA EM OFTALMOLOGIA - CIRURGIA DE CATARATA;composto;inclusao;NaoDedutivel;Observar os;;;;Observar os;;CRECE p.38
OFTALMOLOGIA - CIRURGIA DE CATARATA;SER;CRECE;AmbulatorioEstadual;CONSULTA EM OFTALMOLOGIA - CIRURGIA DE CATARATA;composto;inclusao;NaoDedutivel;do paciente de acordo com cada prestador;;;;do paciente de acordo com cada prestador;;CRECE p.38
OFTALMOLOGIA - CIRURGIA DE CATARATA;SER;CRECE;AmbulatorioEstadual;CONSULTA EM OFTALMOLOGIA - CIRURGIA DE CATARATA;composto;exclusao;NaoDedutivel;Observar os;;;;Observar os;;CRECE p.38
OFTALMOLOGIA - CIRURGIA DE CATARATA;SER;CRECE;AmbulatorioEstadual;CONSULTA EM OFTALMOLOGIA - CIRURGIA DE CATARATA;composto;exclusao;NaoDedutivel;de cada prestador e faixa etária para atendimento;;;;de cada prestador e faixa etária para atendimento;;CRECE p.38
OFTALMOLOGIA - CÓRNEA;SER;CRECE;AmbulatorioEstadual;CONSULTA EM OFTALMOLOGIA - CORNEA;composto;inclusao;NaoDedutivel;Observar os;;;;Observar os;;CRECE p.38
OFTALMOLOGIA - CÓRNEA;SER;CRECE;AmbulatorioEstadual;CONSULTA EM OFTALMOLOGIA - CORNEA;composto;inclusao;NaoDedutivel;do paciente de acordo com cada prestador;;;;do paciente de acordo com cada prestador;;CRECE p.38
OFTALMOLOGIA - CÓRNEA;SER;CRECE;AmbulatorioEstadual;CONSULTA EM OFTALMOLOGIA - CORNEA;composto;exclusao;NaoDedutivel;Observar os;;;;Observar os;;CRECE p.38
OFTALMOLOGIA - CÓRNEA;SER;CRECE;AmbulatorioEstadual;CONSULTA EM OFTALMOLOGIA - CORNEA;composto;exclusao;NaoDedutivel;de cada prestador e faixa etária para atendimento;;;;de cada prestador e faixa etária para atendimento;;CRECE p.38
OFTALMOLOGIA - ESTRABISMO;SER;CRECE;AmbulatorioEstadual;CONSULTA EM OFTALMOLOGIA - ESTRABISMO;composto;inclusao;NaoDedutivel;Observar os;;;;Observar os;;CRECE p.38
OFTALMOLOGIA - ESTRABISMO;SER;CRECE;AmbulatorioEstadual;CONSULTA EM OFTALMOLOGIA - ESTRABISMO;composto;inclusao;NaoDedutivel;do paciente de acordo com cada prestador;;;;do paciente de acordo com cada prestador;;CRECE p.38
OFTALMOLOGIA - ESTRABISMO;SER;CRECE;AmbulatorioEstadual;CONSULTA EM OFTALMOLOGIA - ESTRABISMO;composto;exclusao;NaoDedutivel;Observar os;;;;Observar os;;CRECE p.38
OFTALMOLOGIA - ESTRABISMO;SER;CRECE;AmbulatorioEstadual;CONSULTA EM OFTALMOLOGIA - ESTRABISMO;composto;exclusao;NaoDedutivel;de cada prestador e faixa etária para atendimento;;;;de cada prestador e faixa etária para atendimento;;CRECE p.38
OFTALMOLOGIA - GERAL;SER;CRECE;AmbulatorioEstadual;CONSULTA EM OFTALMOLOGIA - GERAL;composto;inclusao;NaoDedutivel;Observar os;;;;Observar os;;CRECE p.38
OFTALMOLOGIA - GERAL;SER;CRECE;AmbulatorioEstadual;CONSULTA EM OFTALMOLOGIA - GERAL;composto;inclusao;NaoDedutivel;do paciente de acordo com cada prestador;;;;do paciente de acordo com cada prestador;;CRECE p.38
OFTALMOLOGIA - GERAL;SER;CRECE;AmbulatorioEstadual;CONSULTA EM OFTALMOLOGIA - GERAL;composto;exclusao;NaoDedutivel;Observar os;;;;Observar os;;CRECE p.38
OFTALMOLOGIA - GERAL;SER;CRECE;AmbulatorioEstadual;CONSULTA EM OFTALMOLOGIA - GERAL;composto;exclusao;NaoDedutivel;de cada prestador e faixa etária para atendimento;;;;de cada prestador e faixa etária para atendimento;;CRECE p.38
OFTALMOLOGIA - GLAUCOMA;SER;CRECE;AmbulatorioEstadual;CONSULTA EM OFTALMOLOGIA - GLAUCOMA;composto;inclusao;NaoDedutivel;Observar os;;;;Observar os;;CRECE p.39
OFTALMOLOGIA - GLAUCOMA;SER;CRECE;AmbulatorioEstadual;CONSULTA EM OFTALMOLOGIA - GLAUCOMA;composto;inclusao;NaoDedutivel;do paciente de acordo com cada prestador;;;;do paciente de acordo com cada prestador;;CRECE p.39
OFTALMOLOGIA - GLAUCOMA;SER;CRECE;AmbulatorioEstadual;CONSULTA EM OFTALMOLOGIA - GLAUCOMA;composto;exclusao;NaoDedutivel;Observar os;;;;Observar os;;CRECE p.39
OFTALMOLOGIA - GLAUCOMA;SER;CRECE;AmbulatorioEstadual;CONSULTA EM OFTALMOLOGIA - GLAUCOMA;composto;exclusao;NaoDedutivel;de cada prestador e faixa etária para atendimento;;;;de cada prestador e faixa etária para atendimento;;CRECE p.39
OFTALMOLOGIA - PLÁSTICA OCULAR;SER;CRECE;AmbulatorioEstadual;;SEM_PAR;inclusao;NaoDedutivel;Observar os;;;;Observar os;;CRECE p.38
OFTALMOLOGIA - PLÁSTICA OCULAR;SER;CRECE;AmbulatorioEstadual;;SEM_PAR;inclusao;NaoDedutivel;do paciente de acordo com cada prestador;;;;do paciente de acordo com cada prestador;;CRECE p.38
OFTALMOLOGIA - PLÁSTICA OCULAR;SER;CRECE;AmbulatorioEstadual;;SEM_PAR;exclusao;NaoDedutivel;Observar os;;;;Observar os;;CRECE p.38
OFTALMOLOGIA - PLÁSTICA OCULAR;SER;CRECE;AmbulatorioEstadual;;SEM_PAR;exclusao;NaoDedutivel;de cada prestador e faixa etária para atendimento;;;;de cada prestador e faixa etária para atendimento;;CRECE p.38
OFTALMOLOGIA - RETINA GERAL;SER;CRECE;AmbulatorioEstadual;CONSULTA EM OFTALMOLOGIA - RETINA GERAL;composto;inclusao;NaoDedutivel;Observar os;;;;Observar os;;CRECE p.39
OFTALMOLOGIA - RETINA GERAL;SER;CRECE;AmbulatorioEstadual;CONSULTA EM OFTALMOLOGIA - RETINA GERAL;composto;inclusao;NaoDedutivel;do paciente de acordo com cada prestador;;;;do paciente de acordo com cada prestador;;CRECE p.39
OFTALMOLOGIA - RETINA GERAL;SER;CRECE;AmbulatorioEstadual;CONSULTA EM OFTALMOLOGIA - RETINA GERAL;composto;exclusao;NaoDedutivel;Observar os;;;;Observar os;;CRECE p.39
OFTALMOLOGIA - RETINA GERAL;SER;CRECE;AmbulatorioEstadual;CONSULTA EM OFTALMOLOGIA - RETINA GERAL;composto;exclusao;NaoDedutivel;de cada prestador e faixa etária para atendimento;;;;de cada prestador e faixa etária para atendimento;;CRECE p.39
OFTALMOLOGIA - UVEÍTE;SER;CRECE;AmbulatorioEstadual;CONSULTA EM OFTALMOLOGIA - UVEITE;composto;inclusao;NaoDedutivel;Observar os;;;;Observar os;;CRECE p.39
OFTALMOLOGIA - UVEÍTE;SER;CRECE;AmbulatorioEstadual;CONSULTA EM OFTALMOLOGIA - UVEITE;composto;inclusao;NaoDedutivel;do paciente de acordo com cada prestador;;;;do paciente de acordo com cada prestador;;CRECE p.39
OFTALMOLOGIA - UVEÍTE;SER;CRECE;AmbulatorioEstadual;CONSULTA EM OFTALMOLOGIA - UVEITE;composto;exclusao;NaoDedutivel;Observar os;;;;Observar os;;CRECE p.39
OFTALMOLOGIA - UVEÍTE;SER;CRECE;AmbulatorioEstadual;CONSULTA EM OFTALMOLOGIA - UVEITE;composto;exclusao;NaoDedutivel;de cada prestador e faixa etária para atendimento;;;;de cada prestador e faixa etária para atendimento;;CRECE p.39
ORTOPEDIA - ORTOPEDIA GERAL;SER;CRECE;AmbulatorioEstadual;;SEM_PAR;inclusao;NaoDedutivel;Pacientes para consultas em Ortopedia Clínica;;;;Pacientes para consultas em Ortopedia Clínica;;CRECE p.39
ORTOPEDIA - ORTOPEDIA GERAL;SER;CRECE;AmbulatorioEstadual;;SEM_PAR;inclusao;Documental;Apresentar Exame de Imagem recente (até 180 dias);;;;;Apresentar Exame de Imagem recente (até 180 dias);CRECE p.39
ORTOPEDIA - ORTOPEDIA GERAL;SER;CRECE;AmbulatorioEstadual;;SEM_PAR;inclusao;NaoDedutivel;Observar os;;;;Observar os;;CRECE p.39
ORTOPEDIA - ORTOPEDIA GERAL;SER;CRECE;AmbulatorioEstadual;;SEM_PAR;inclusao;NaoDedutivel;do paciente de acordo com cada prestador;;;;do paciente de acordo com cada prestador;;CRECE p.39
ORTOPEDIA - ORTOPEDIA GERAL;SER;CRECE;AmbulatorioEstadual;;SEM_PAR;exclusao;NaoDedutivel;Não realizam Cirurgia Ortopédica;;;;Não realizam Cirurgia Ortopédica;;CRECE p.39
ORTOPEDIA - ORTOPEDIA GERAL;SER;CRECE;AmbulatorioEstadual;;SEM_PAR;exclusao;NaoDedutivel;Observar os;;;;Observar os;;CRECE p.39
ORTOPEDIA - ORTOPEDIA GERAL;SER;CRECE;AmbulatorioEstadual;;SEM_PAR;exclusao;NaoDedutivel;de cada prestador e faixa etária para atendimento;;;;de cada prestador e faixa etária para atendimento;;CRECE p.39
ORTOPEDIA - OTORRINOLAR;SER;CRECE;AmbulatorioEstadual;;SEM_PAR;inclusao;NaoDedutivel;INGOLOGIA;;;;INGOLOGIA;;CRECE p.39
OTORRINOLARINGOLOGIA - CIRURGIA PEDIÁTRICA;SER;CRECE;AmbulatorioEstadual;CONSULTA EM CIRURGIA PEDIATRICA;celula;inclusao;NaoDedutivel;Pacientes com indicação para cirurgia otorrinolaringológica;;;;Pacientes com indicação para cirurgia otorrinolaringológica;;CRECE p.40
OTORRINOLARINGOLOGIA - CIRURGIA PEDIÁTRICA;SER;CRECE;AmbulatorioEstadual;CONSULTA EM CIRURGIA PEDIATRICA;celula;inclusao;NaoDedutivel;Observar os;;;;Observar os;;CRECE p.40
OTORRINOLARINGOLOGIA - CIRURGIA PEDIÁTRICA;SER;CRECE;AmbulatorioEstadual;CONSULTA EM CIRURGIA PEDIATRICA;celula;inclusao;NaoDedutivel;do paciente de acordo com cada prestador;;;;do paciente de acordo com cada prestador;;CRECE p.40
OTORRINOLARINGOLOGIA - CIRURGIA PEDIÁTRICA;SER;CRECE;AmbulatorioEstadual;CONSULTA EM CIRURGIA PEDIATRICA;celula;exclusao;NaoDedutivel;Observar os;;;;Observar os;;CRECE p.40
OTORRINOLARINGOLOGIA - CIRURGIA PEDIÁTRICA;SER;CRECE;AmbulatorioEstadual;CONSULTA EM CIRURGIA PEDIATRICA;celula;exclusao;NaoDedutivel;de cada prestador e faixa etária para atendimento;;;;de cada prestador e faixa etária para atendimento;;CRECE p.40
OTORRINOLARINGOLOGIA - GERAL;SER;CRECE;AmbulatorioEstadual;CONSULTA EM OTORRINOLARINGOLOGIA;secao;inclusao;NaoDedutivel;Pacientes com indicação para consulta e/ou cirurgia otorrinolaringológica;;;;Pacientes com indicação para consulta e/ou cirurgia otorrinolaringológica;;CRECE p.39
OTORRINOLARINGOLOGIA - GERAL;SER;CRECE;AmbulatorioEstadual;CONSULTA EM OTORRINOLARINGOLOGIA;secao;inclusao;NaoDedutivel;Observar os;;;;Observar os;;CRECE p.39
OTORRINOLARINGOLOGIA - GERAL;SER;CRECE;AmbulatorioEstadual;CONSULTA EM OTORRINOLARINGOLOGIA;secao;inclusao;NaoDedutivel;do paciente de acordo com cada prestador;;;;do paciente de acordo com cada prestador;;CRECE p.39
OTORRINOLARINGOLOGIA - GERAL;SER;CRECE;AmbulatorioEstadual;CONSULTA EM OTORRINOLARINGOLOGIA;secao;exclusao;NaoDedutivel;Observar os;;;;Observar os;;CRECE p.39
OTORRINOLARINGOLOGIA - GERAL;SER;CRECE;AmbulatorioEstadual;CONSULTA EM OTORRINOLARINGOLOGIA;secao;exclusao;NaoDedutivel;de cada prestador e faixa etária para atendimento;;;;de cada prestador e faixa etária para atendimento;;CRECE p.39
PNEUMOLOGIA - ASMA DIFÍCIL CONTROLE;SER;CRECE;AmbulatorioEstadual;;SEM_PAR;inclusao;NaoDedutivel;Observar os;;;;Observar os;;CRECE p.41
PNEUMOLOGIA - ASMA DIFÍCIL CONTROLE;SER;CRECE;AmbulatorioEstadual;;SEM_PAR;inclusao;NaoDedutivel;do paciente de acordo com cada prestador;;;;do paciente de acordo com cada prestador;;CRECE p.41
PNEUMOLOGIA - ASMA DIFÍCIL CONTROLE;SER;CRECE;AmbulatorioEstadual;;SEM_PAR;exclusao;NaoDedutivel;Observar os;;;;Observar os;;CRECE p.41
PNEUMOLOGIA - ASMA DIFÍCIL CONTROLE;SER;CRECE;AmbulatorioEstadual;;SEM_PAR;exclusao;NaoDedutivel;de cada prestador e faixa etária para atendimento;;;;de cada prestador e faixa etária para atendimento;;CRECE p.41
PNEUMOLOGIA - GERAL;SER;CRECE;AmbulatorioEstadual;CONSULTA EM PNEUMOLOGIA - GERAL;composto;inclusao;NaoDedutivel;Observar os;;;;Observar os;;CRECE p.40
PNEUMOLOGIA - GERAL;SER;CRECE;AmbulatorioEstadual;CONSULTA EM PNEUMOLOGIA - GERAL;composto;inclusao;NaoDedutivel;do paciente de acordo com cada prestador;;;;do paciente de acordo com cada prestador;;CRECE p.40
PNEUMOLOGIA - GERAL;SER;CRECE;AmbulatorioEstadual;CONSULTA EM PNEUMOLOGIA - GERAL;composto;exclusao;NaoDedutivel;Observar os;;;;Observar os;;CRECE p.40
PNEUMOLOGIA - GERAL;SER;CRECE;AmbulatorioEstadual;CONSULTA EM PNEUMOLOGIA - GERAL;composto;exclusao;NaoDedutivel;de cada prestador e faixa etária para atendimento;;;;de cada prestador e faixa etária para atendimento;;CRECE p.40
PNEUMOLOGIA - HIPERTENSÃO PULMONAR;SER;CRECE;AmbulatorioEstadual;CONSULTA EM PNEUMOLOGIA - HIPERTENSAO PULMONAR;composto;inclusao;NaoDedutivel;Observar os;;;;Observar os;;CRECE p.41
PNEUMOLOGIA - HIPERTENSÃO PULMONAR;SER;CRECE;AmbulatorioEstadual;CONSULTA EM PNEUMOLOGIA - HIPERTENSAO PULMONAR;composto;inclusao;NaoDedutivel;do paciente de acordo com cada prestador;;;;do paciente de acordo com cada prestador;;CRECE p.41
PNEUMOLOGIA - HIPERTENSÃO PULMONAR;SER;CRECE;AmbulatorioEstadual;CONSULTA EM PNEUMOLOGIA - HIPERTENSAO PULMONAR;composto;exclusao;NaoDedutivel;Observar os;;;;Observar os;;CRECE p.41
PNEUMOLOGIA - HIPERTENSÃO PULMONAR;SER;CRECE;AmbulatorioEstadual;CONSULTA EM PNEUMOLOGIA - HIPERTENSAO PULMONAR;composto;exclusao;NaoDedutivel;de cada prestador e faixa etária para atendimento;;;;de cada prestador e faixa etária para atendimento;;CRECE p.41
PNEUMOLOGIA - TUBERCULOSE COMPLICADA;SER;CRECE;AmbulatorioEstadual;CONSULTA EM PNEUMOLOGIA - TUBERCULOSE COMPLICADA;composto;inclusao;NaoDedutivel;Pacientes apresentando os seguintes casos;;;;Pacientes apresentando os seguintes casos;;CRECE p.41
PNEUMOLOGIA - TUBERCULOSE COMPLICADA;SER;CRECE;AmbulatorioEstadual;CONSULTA EM PNEUMOLOGIA - TUBERCULOSE COMPLICADA;composto;inclusao;NaoDedutivel;Pacientes apresentando os seguintes casos: Tuberculose Extrapulmonar;;;;Pacientes apresentando os seguintes casos: Tuberculose Extrapulmonar;;CRECE p.41
PNEUMOLOGIA - TUBERCULOSE COMPLICADA;SER;CRECE;AmbulatorioEstadual;CONSULTA EM PNEUMOLOGIA - TUBERCULOSE COMPLICADA;composto;inclusao;NaoDedutivel;Pacientes apresentando os seguintes casos: Tuberculose com intolerância ao esquema básico com indicação para tratamento alternativo;;;;Pacientes apresentando os seguintes casos: Tuberculose com intolerância ao esquema básico com indicação para tratamento alternativo;;CRECE p.41
PNEUMOLOGIA - TUBERCULOSE COMPLICADA;SER;CRECE;AmbulatorioEstadual;CONSULTA EM PNEUMOLOGIA - TUBERCULOSE COMPLICADA;composto;inclusao;NaoDedutivel;Pacientes apresentando os seguintes casos: Tuberculose com evolução desfavorável ao esquema básico;;;;Pacientes apresentando os seguintes casos: Tuberculose com evolução desfavorável ao esquema básico;;CRECE p.41
PNEUMOLOGIA - TUBERCULOSE COMPLICADA;SER;CRECE;AmbulatorioEstadual;CONSULTA EM PNEUMOLOGIA - TUBERCULOSE COMPLICADA;composto;inclusao;NaoDedutivel;Pacientes apresentando os seguintes casos: Micobactéria Não-tuberculosa;;;;Pacientes apresentando os seguintes casos: Micobactéria Não-tuberculosa;;CRECE p.41
PNEUMOLOGIA - TUBERCULOSE COMPLICADA;SER;CRECE;AmbulatorioEstadual;CONSULTA EM PNEUMOLOGIA - TUBERCULOSE COMPLICADA;composto;inclusao;NaoDedutivel;Observar os;;;;Observar os;;CRECE p.41
PNEUMOLOGIA - TUBERCULOSE COMPLICADA;SER;CRECE;AmbulatorioEstadual;CONSULTA EM PNEUMOLOGIA - TUBERCULOSE COMPLICADA;composto;inclusao;NaoDedutivel;do paciente de acordo com cada prestador;;;;do paciente de acordo com cada prestador;;CRECE p.41
PNEUMOLOGIA - TUBERCULOSE COMPLICADA;SER;CRECE;AmbulatorioEstadual;CONSULTA EM PNEUMOLOGIA - TUBERCULOSE COMPLICADA;composto;exclusao;NaoDedutivel;Observar os;;;;Observar os;;CRECE p.41
PNEUMOLOGIA - TUBERCULOSE COMPLICADA;SER;CRECE;AmbulatorioEstadual;CONSULTA EM PNEUMOLOGIA - TUBERCULOSE COMPLICADA;composto;exclusao;NaoDedutivel;de cada prestador e faixa etária para atendimento;;;;de cada prestador e faixa etária para atendimento;;CRECE p.41
POLISSONOGRAFIA;SER;CRECE;AmbulatorioEstadual;CONSULTA EM POLISSONOGRAFIA;celula;inclusao;NaoDedutivel;"Pacientes que apresentem: queixa de insônia; movimentos anormais durante o sono; parassonia; narcolepsia; sonolência excessiva diurna; distúrbios do ritmo circadiano; transtorno comportamental do sono REM";;;;"Pacientes que apresentem: queixa de insônia; movimentos anormais durante o sono; parassonia; narcolepsia; sonolência excessiva diurna; distúrbios do ritmo circadiano; transtorno comportamental do sono REM";;CRECE p.41
POLISSONOGRAFIA;SER;CRECE;AmbulatorioEstadual;CONSULTA EM POLISSONOGRAFIA;celula;inclusao;NaoDedutivel;Observar os;;;;Observar os;;CRECE p.41
POLISSONOGRAFIA;SER;CRECE;AmbulatorioEstadual;CONSULTA EM POLISSONOGRAFIA;celula;inclusao;NaoDedutivel;do paciente de acordo com cada prestador;;;;do paciente de acordo com cada prestador;;CRECE p.41
POLISSONOGRAFIA;SER;CRECE;AmbulatorioEstadual;CONSULTA EM POLISSONOGRAFIA;celula;exclusao;NaoDedutivel;Observar os;;;;Observar os;;CRECE p.41
POLISSONOGRAFIA;SER;CRECE;AmbulatorioEstadual;CONSULTA EM POLISSONOGRAFIA;celula;exclusao;NaoDedutivel;de cada prestador e faixa etária para atendimento;;;;de cada prestador e faixa etária para atendimento;;CRECE p.41
POLISSONOGRAFIA;SER;CRECE;AmbulatorioEstadual;CONSULTA EM POLISSONOGRAFIA;celula;exclusao;NaoDedutivel;de cada prestador e faixa etária para atendimento: Doenças psiquiátricas descompensada;;;;de cada prestador e faixa etária para atendimento: Doenças psiquiátricas descompensada;;CRECE p.41
POLISSONOGRAFIA;SER;CRECE;AmbulatorioEstadual;CONSULTA EM POLISSONOGRAFIA;celula;exclusao;Dedutivel;de cada prestador e faixa etária para atendimento: Menores de 18 anos;;18;;;;CRECE p.41
PSIQUIATRIA;SER;CRECE;AmbulatorioEstadual;;SEM_PAR;inclusao;NaoDedutivel;Observar os;;;;Observar os;;CRECE p.42
PSIQUIATRIA;SER;CRECE;AmbulatorioEstadual;;SEM_PAR;inclusao;NaoDedutivel;do paciente de acordo com cada prestador;;;;do paciente de acordo com cada prestador;;CRECE p.42
PSIQUIATRIA;SER;CRECE;AmbulatorioEstadual;;SEM_PAR;exclusao;NaoDedutivel;Observar os;;;;Observar os;;CRECE p.42
PSIQUIATRIA;SER;CRECE;AmbulatorioEstadual;;SEM_PAR;exclusao;NaoDedutivel;de cada prestador e faixa etária para atendimento;;;;de cada prestador e faixa etária para atendimento;;CRECE p.42
PSIQUIATRIA;SER;CRECE;AmbulatorioEstadual;;SEM_PAR;exclusao;NaoDedutivel;de cada prestador e faixa etária para atendimento: Doenças psiquiátricas descompensada;;;;de cada prestador e faixa etária para atendimento: Doenças psiquiátricas descompensada;;CRECE p.42
PSIQUIATRIA;SER;CRECE;AmbulatorioEstadual;;SEM_PAR;exclusao;Dedutivel;de cada prestador e faixa etária para atendimento: Menores de 18 anos;;18;;;;CRECE p.42
REUMATOLOGIA - GERAL;SER;CRECE;AmbulatorioEstadual;CONSULTA EM REUMATOLOGIA GERAL;composto;inclusao;NaoDedutivel;Pacientes que apresentem determinadas patologias, como;;;;Pacientes que apresentem determinadas patologias, como;;CRECE p.42
REUMATOLOGIA - GERAL;SER;CRECE;AmbulatorioEstadual;CONSULTA EM REUMATOLOGIA GERAL;composto;inclusao;NaoDedutivel;"Pacientes que apresentem determinadas patologias, como: Doenças Autoimunes (Suspeita ou Confirmadas);";;;;"Pacientes que apresentem determinadas patologias, como: Doenças Autoimunes (Suspeita ou Confirmadas);";;CRECE p.42
REUMATOLOGIA - GERAL;SER;CRECE;AmbulatorioEstadual;CONSULTA EM REUMATOLOGIA GERAL;composto;inclusao;NaoDedutivel;"Pacientes que apresentem determinadas patologias, como: Lupus Sistêmico;";;;;"Pacientes que apresentem determinadas patologias, como: Lupus Sistêmico;";;CRECE p.42
REUMATOLOGIA - GERAL;SER;CRECE;AmbulatorioEstadual;CONSULTA EM REUMATOLOGIA GERAL;composto;inclusao;NaoDedutivel;"Pacientes que apresentem determinadas patologias, como: Colagenoses;";;;;"Pacientes que apresentem determinadas patologias, como: Colagenoses;";;CRECE p.42
REUMATOLOGIA - GERAL;SER;CRECE;AmbulatorioEstadual;CONSULTA EM REUMATOLOGIA GERAL;composto;inclusao;NaoDedutivel;"Pacientes que apresentem determinadas patologias, como: Artrite Reumatoide;";;;;"Pacientes que apresentem determinadas patologias, como: Artrite Reumatoide;";;CRECE p.42
REUMATOLOGIA - GERAL;SER;CRECE;AmbulatorioEstadual;CONSULTA EM REUMATOLOGIA GERAL;composto;inclusao;NaoDedutivel;"Pacientes que apresentem determinadas patologias, como: Dermatomiosite;";;;;"Pacientes que apresentem determinadas patologias, como: Dermatomiosite;";;CRECE p.42
REUMATOLOGIA - GERAL;SER;CRECE;AmbulatorioEstadual;CONSULTA EM REUMATOLOGIA GERAL;composto;inclusao;NaoDedutivel;"Pacientes que apresentem determinadas patologias, como: Esclerodermia;";;;;"Pacientes que apresentem determinadas patologias, como: Esclerodermia;";;CRECE p.42
REUMATOLOGIA - GERAL;SER;CRECE;AmbulatorioEstadual;CONSULTA EM REUMATOLOGIA GERAL;composto;inclusao;NaoDedutivel;"Pacientes que apresentem determinadas patologias, como: Síndrome de Sjogren;";;;;"Pacientes que apresentem determinadas patologias, como: Síndrome de Sjogren;";;CRECE p.42
REUMATOLOGIA - GERAL;SER;CRECE;AmbulatorioEstadual;CONSULTA EM REUMATOLOGIA GERAL;composto;inclusao;NaoDedutivel;Pacientes que apresentem determinadas patologias, como: Entre outras condições;;;;Pacientes que apresentem determinadas patologias, como: Entre outras condições;;CRECE p.42
REUMATOLOGIA - GERAL;SER;CRECE;AmbulatorioEstadual;CONSULTA EM REUMATOLOGIA GERAL;composto;inclusao;NaoDedutivel;Observar os;;;;Observar os;;CRECE p.42
REUMATOLOGIA - GERAL;SER;CRECE;AmbulatorioEstadual;CONSULTA EM REUMATOLOGIA GERAL;composto;inclusao;NaoDedutivel;do paciente de acordo com cada prestador;;;;do paciente de acordo com cada prestador;;CRECE p.42
REUMATOLOGIA - GERAL;SER;CRECE;AmbulatorioEstadual;CONSULTA EM REUMATOLOGIA GERAL;composto;exclusao;NaoDedutivel;Observar os;;;;Observar os;;CRECE p.42
REUMATOLOGIA - GERAL;SER;CRECE;AmbulatorioEstadual;CONSULTA EM REUMATOLOGIA GERAL;composto;exclusao;NaoDedutivel;de cada prestador e faixa etária para atendimento;;;;de cada prestador e faixa etária para atendimento;;CRECE p.42
UROLOGIA - DISFUNÇÃO MICCIONAL PEDIÁTRICA;SER;CRECE;AmbulatorioEstadual;CONSULTA EM UROLOGIA DISFUNCAO MICCIONAL - PEDIATRIA;composto;inclusao;NaoDedutivel;Pacientes que apresentem determinadas patologias, como;;;;Pacientes que apresentem determinadas patologias, como;;CRECE p.45
UROLOGIA - DISFUNÇÃO MICCIONAL PEDIÁTRICA;SER;CRECE;AmbulatorioEstadual;CONSULTA EM UROLOGIA DISFUNCAO MICCIONAL - PEDIATRIA;composto;inclusao;NaoDedutivel;"Pacientes que apresentem determinadas patologias, como: Bexiga neurogênica;";;;;"Pacientes que apresentem determinadas patologias, como: Bexiga neurogênica;";;CRECE p.45
UROLOGIA - DISFUNÇÃO MICCIONAL PEDIÁTRICA;SER;CRECE;AmbulatorioEstadual;CONSULTA EM UROLOGIA DISFUNCAO MICCIONAL - PEDIATRIA;composto;inclusao;NaoDedutivel;"Pacientes que apresentem determinadas patologias, como: Quadro suspeito ou confirmado de enurese, incontinência urinária, infecção urinária de repetição, sem resposta aos tratamentos convencionais;";;;;"Pacientes que apresentem determinadas patologias, como: Quadro suspeito ou confirmado de enurese, incontinência urinária, infecção urinária de repetição, sem resposta aos tratamentos convencionais;";;CRECE p.45
UROLOGIA - DISFUNÇÃO MICCIONAL PEDIÁTRICA;SER;CRECE;AmbulatorioEstadual;CONSULTA EM UROLOGIA DISFUNCAO MICCIONAL - PEDIATRIA;composto;inclusao;NaoDedutivel;Pacientes que apresentem determinadas patologias, como: Entre outras condições;;;;Pacientes que apresentem determinadas patologias, como: Entre outras condições;;CRECE p.45
UROLOGIA - DISFUNÇÃO MICCIONAL PEDIÁTRICA;SER;CRECE;AmbulatorioEstadual;CONSULTA EM UROLOGIA DISFUNCAO MICCIONAL - PEDIATRIA;composto;inclusao;NaoDedutivel;Observar os;;;;Observar os;;CRECE p.45
UROLOGIA - DISFUNÇÃO MICCIONAL PEDIÁTRICA;SER;CRECE;AmbulatorioEstadual;CONSULTA EM UROLOGIA DISFUNCAO MICCIONAL - PEDIATRIA;composto;inclusao;NaoDedutivel;do paciente de acordo com cada prestador;;;;do paciente de acordo com cada prestador;;CRECE p.45
UROLOGIA - DISFUNÇÃO MICCIONAL PEDIÁTRICA;SER;CRECE;AmbulatorioEstadual;CONSULTA EM UROLOGIA DISFUNCAO MICCIONAL - PEDIATRIA;composto;exclusao;NaoDedutivel;Observar os;;;;Observar os;;CRECE p.45
UROLOGIA - DISFUNÇÃO MICCIONAL PEDIÁTRICA;SER;CRECE;AmbulatorioEstadual;CONSULTA EM UROLOGIA DISFUNCAO MICCIONAL - PEDIATRIA;composto;exclusao;NaoDedutivel;de cada prestador e faixa etária para atendimento;;;;de cada prestador e faixa etária para atendimento;;CRECE p.45
UROLOGIA - DISFUNÇÃO SEXUAL;SER;CRECE;AmbulatorioEstadual;CONSULTA EM UROLOGIA - DISFUNCAO SEXUAL;composto;inclusao;NaoDedutivel;Observar os;;;;Observar os;;CRECE p.44
UROLOGIA - DISFUNÇÃO SEXUAL;SER;CRECE;AmbulatorioEstadual;CONSULTA EM UROLOGIA - DISFUNCAO SEXUAL;composto;inclusao;NaoDedutivel;do paciente de acordo com cada prestador;;;;do paciente de acordo com cada prestador;;CRECE p.44
UROLOGIA - DISFUNÇÃO SEXUAL;SER;CRECE;AmbulatorioEstadual;CONSULTA EM UROLOGIA - DISFUNCAO SEXUAL;composto;exclusao;NaoDedutivel;Observar os;;;;Observar os;;CRECE p.44
UROLOGIA - DISFUNÇÃO SEXUAL;SER;CRECE;AmbulatorioEstadual;CONSULTA EM UROLOGIA - DISFUNCAO SEXUAL;composto;exclusao;NaoDedutivel;de cada prestador e faixa etária para atendimento;;;;de cada prestador e faixa etária para atendimento;;CRECE p.44
UROLOGIA - GINECOLOGIA;SER;CRECE;AmbulatorioEstadual;CONSULTA EM UROLOGIA GINECOLOGIA;composto;inclusao;NaoDedutivel;Pacientes que apresentem determinadas patologias, como;;;;Pacientes que apresentem determinadas patologias, como;;CRECE p.45
UROLOGIA - GINECOLOGIA;SER;CRECE;AmbulatorioEstadual;CONSULTA EM UROLOGIA GINECOLOGIA;composto;inclusao;NaoDedutivel;"Pacientes que apresentem determinadas patologias, como: Incontinência urinária;";;;;"Pacientes que apresentem determinadas patologias, como: Incontinência urinária;";;CRECE p.45
UROLOGIA - GINECOLOGIA;SER;CRECE;AmbulatorioEstadual;CONSULTA EM UROLOGIA GINECOLOGIA;composto;inclusao;NaoDedutivel;"Pacientes que apresentem determinadas patologias, como: Prolapso vaginal;";;;;"Pacientes que apresentem determinadas patologias, como: Prolapso vaginal;";;CRECE p.45
UROLOGIA - GINECOLOGIA;SER;CRECE;AmbulatorioEstadual;CONSULTA EM UROLOGIA GINECOLOGIA;composto;inclusao;NaoDedutivel;"Pacientes que apresentem determinadas patologias, como: Prolapso genital;";;;;"Pacientes que apresentem determinadas patologias, como: Prolapso genital;";;CRECE p.45
UROLOGIA - GINECOLOGIA;SER;CRECE;AmbulatorioEstadual;CONSULTA EM UROLOGIA GINECOLOGIA;composto;inclusao;NaoDedutivel;Pacientes que apresentem determinadas patologias, como: Entre outras condições;;;;Pacientes que apresentem determinadas patologias, como: Entre outras condições;;CRECE p.45
UROLOGIA - GINECOLOGIA;SER;CRECE;AmbulatorioEstadual;CONSULTA EM UROLOGIA GINECOLOGIA;composto;inclusao;NaoDedutivel;Observar os;;;;Observar os;;CRECE p.45
UROLOGIA - GINECOLOGIA;SER;CRECE;AmbulatorioEstadual;CONSULTA EM UROLOGIA GINECOLOGIA;composto;inclusao;NaoDedutivel;do paciente de acordo com cada prestador;;;;do paciente de acordo com cada prestador;;CRECE p.45
UROLOGIA - GINECOLOGIA;SER;CRECE;AmbulatorioEstadual;CONSULTA EM UROLOGIA GINECOLOGIA;composto;exclusao;NaoDedutivel;Observar os;;;;Observar os;;CRECE p.45
UROLOGIA - GINECOLOGIA;SER;CRECE;AmbulatorioEstadual;CONSULTA EM UROLOGIA GINECOLOGIA;composto;exclusao;NaoDedutivel;de cada prestador e faixa etária para atendimento;;;;de cada prestador e faixa etária para atendimento;;CRECE p.45
UROLOGIA - LITÍASE;SER;CRECE;AmbulatorioEstadual;CONSULTA EM UROLOGIA - LITIASE;composto;inclusao;NaoDedutivel;Pacientes que apresentem cálculo renal: observar os;;;;Pacientes que apresentem cálculo renal: observar os;;CRECE p.44
UROLOGIA - LITÍASE;SER;CRECE;AmbulatorioEstadual;CONSULTA EM UROLOGIA - LITIASE;composto;inclusao;NaoDedutivel;do paciente de acordo com cada prestador;;;;do paciente de acordo com cada prestador;;CRECE p.44
UROLOGIA - LITÍASE;SER;CRECE;AmbulatorioEstadual;CONSULTA EM UROLOGIA - LITIASE;composto;exclusao;NaoDedutivel;Observar os;;;;Observar os;;CRECE p.44
UROLOGIA - LITÍASE;SER;CRECE;AmbulatorioEstadual;CONSULTA EM UROLOGIA - LITIASE;composto;exclusao;NaoDedutivel;de cada prestador e faixa etária para atendimento;;;;de cada prestador e faixa etária para atendimento;;CRECE p.44
UROLOGIA - PEDIÁTRICO;SER;CRECE;AmbulatorioEstadual;CONSULTA EM UROLOGIA PEDIATRICA;composto;inclusao;NaoDedutivel;Pacientes que apresentem determinadas patologias, como;;;;Pacientes que apresentem determinadas patologias, como;;CRECE p.44
UROLOGIA - PEDIÁTRICO;SER;CRECE;AmbulatorioEstadual;CONSULTA EM UROLOGIA PEDIATRICA;composto;inclusao;NaoDedutivel;"Pacientes que apresentem determinadas patologias, como: Anomalias congênitas urogenitais;";;;;"Pacientes que apresentem determinadas patologias, como: Anomalias congênitas urogenitais;";;CRECE p.44
UROLOGIA - PEDIÁTRICO;SER;CRECE;AmbulatorioEstadual;CONSULTA EM UROLOGIA PEDIATRICA;composto;inclusao;NaoDedutivel;"Pacientes que apresentem determinadas patologias, como: Patologias obstrutivas das vias urinárias;";;;;"Pacientes que apresentem determinadas patologias, como: Patologias obstrutivas das vias urinárias;";;CRECE p.44
UROLOGIA - PEDIÁTRICO;SER;CRECE;AmbulatorioEstadual;CONSULTA EM UROLOGIA PEDIATRICA;composto;inclusao;NaoDedutivel;"Pacientes que apresentem determinadas patologias, como: Criptorquidia;";;;;"Pacientes que apresentem determinadas patologias, como: Criptorquidia;";;CRECE p.44
UROLOGIA - PEDIÁTRICO;SER;CRECE;AmbulatorioEstadual;CONSULTA EM UROLOGIA PEDIATRICA;composto;inclusao;NaoDedutivel;"Pacientes que apresentem determinadas patologias, como: Enurese noturna;";;;;"Pacientes que apresentem determinadas patologias, como: Enurese noturna;";;CRECE p.44
UROLOGIA - PEDIÁTRICO;SER;CRECE;AmbulatorioEstadual;CONSULTA EM UROLOGIA PEDIATRICA;composto;inclusao;NaoDedutivel;"Pacientes que apresentem determinadas patologias, como: Distúrbios de diferenciação sexual (genitália ambígua);";;;;"Pacientes que apresentem determinadas patologias, como: Distúrbios de diferenciação sexual (genitália ambígua);";;CRECE p.44
UROLOGIA - PEDIÁTRICO;SER;CRECE;AmbulatorioEstadual;CONSULTA EM UROLOGIA PEDIATRICA;composto;inclusao;NaoDedutivel;"Pacientes que apresentem determinadas patologias, como: Bexiga neurogênica;";;;;"Pacientes que apresentem determinadas patologias, como: Bexiga neurogênica;";;CRECE p.44
UROLOGIA - PEDIÁTRICO;SER;CRECE;AmbulatorioEstadual;CONSULTA EM UROLOGIA PEDIATRICA;composto;inclusao;NaoDedutivel;"Pacientes que apresentem determinadas patologias, como: Incontinência urinária;";;;;"Pacientes que apresentem determinadas patologias, como: Incontinência urinária;";;CRECE p.44
UROLOGIA - PEDIÁTRICO;SER;CRECE;AmbulatorioEstadual;CONSULTA EM UROLOGIA PEDIATRICA;composto;inclusao;NaoDedutivel;Pacientes que apresentem determinadas patologias, como: Entre outras condições;;;;Pacientes que apresentem determinadas patologias, como: Entre outras condições;;CRECE p.44
UROLOGIA - PEDIÁTRICO;SER;CRECE;AmbulatorioEstadual;CONSULTA EM UROLOGIA PEDIATRICA;composto;inclusao;NaoDedutivel;Observar os;;;;Observar os;;CRECE p.44
UROLOGIA - PEDIÁTRICO;SER;CRECE;AmbulatorioEstadual;CONSULTA EM UROLOGIA PEDIATRICA;composto;inclusao;NaoDedutivel;do paciente de acordo com cada prestador;;;;do paciente de acordo com cada prestador;;CRECE p.44
UROLOGIA - PEDIÁTRICO;SER;CRECE;AmbulatorioEstadual;CONSULTA EM UROLOGIA PEDIATRICA;composto;exclusao;NaoDedutivel;Observar os;;;;Observar os;;CRECE p.44
UROLOGIA - PEDIÁTRICO;SER;CRECE;AmbulatorioEstadual;CONSULTA EM UROLOGIA PEDIATRICA;composto;exclusao;NaoDedutivel;de cada prestador e faixa etária para atendimento;;;;de cada prestador e faixa etária para atendimento;;CRECE p.44
UROLOGIA - RECONSTRUTORA;SER;CRECE;AmbulatorioEstadual;CONSULTA EM UROLOGIA RECONSTRUTORA;composto;inclusao;NaoDedutivel;Observar os;;;;Observar os;;CRECE p.45
UROLOGIA - RECONSTRUTORA;SER;CRECE;AmbulatorioEstadual;CONSULTA EM UROLOGIA RECONSTRUTORA;composto;inclusao;NaoDedutivel;do paciente de acordo com cada prestador;;;;do paciente de acordo com cada prestador;;CRECE p.45
UROLOGIA - RECONSTRUTORA;SER;CRECE;AmbulatorioEstadual;CONSULTA EM UROLOGIA RECONSTRUTORA;composto;exclusao;NaoDedutivel;Observar os;;;;Observar os;;CRECE p.45
UROLOGIA - RECONSTRUTORA;SER;CRECE;AmbulatorioEstadual;CONSULTA EM UROLOGIA RECONSTRUTORA;composto;exclusao;NaoDedutivel;de cada prestador e faixa etária para atendimento. 4.1.28. ODONTOLOGIA;;;;de cada prestador e faixa etária para atendimento. 4.1.28. ODONTOLOGIA;;CRECE p.45
UROLOGIA - VASECTOMIA;SER;CRECE;AmbulatorioEstadual;CONSULTA EM UROLOGIA - VASECTOMIA;composto;inclusao;NaoDedutivel;Observar os;;;;Observar os;;CRECE p.44
UROLOGIA - VASECTOMIA;SER;CRECE;AmbulatorioEstadual;CONSULTA EM UROLOGIA - VASECTOMIA;composto;inclusao;NaoDedutivel;do paciente de acordo com cada prestador;;;;do paciente de acordo com cada prestador;;CRECE p.44
UROLOGIA - VASECTOMIA;SER;CRECE;AmbulatorioEstadual;CONSULTA EM UROLOGIA - VASECTOMIA;composto;exclusao;NaoDedutivel;Observar os;;;;Observar os;;CRECE p.44
UROLOGIA - VASECTOMIA;SER;CRECE;AmbulatorioEstadual;CONSULTA EM UROLOGIA - VASECTOMIA;composto;exclusao;NaoDedutivel;de cada prestador e faixa etária para atendimento;;;;de cada prestador e faixa etária para atendimento;;CRECE p.44
CARDIOLOGIA - AVALIAÇÃO DE CARDIOPATIA CONGÊNITA PEDIÁTRICA (INTERNADOS);SER;REUNI;RedeGeral;Avaliação de Cardiopatia Congênita Pediátrica (Internados);celula;inclusao;Documental;Inserir exame de Ecocardiograma recente;;;;;Inserir exame de Ecocardiograma recente;REUNI p.10
CARDIOLOGIA - AVALIAÇÃO DE CARDIOPATIA CONGÊNITA PEDIÁTRICA (INTERNADOS);SER;REUNI;RedeGeral;Avaliação de Cardiopatia Congênita Pediátrica (Internados);celula;inclusao;Dedutivel;Destina-se a pacientes menores de 18 anos;;18;;;;REUNI p.10
CARDIOLOGIA - CARDIOPATIA CONGÊNITA (ADULTOS);SER;REUNI;RedeGeral;Ambulatório 1ª vez em Cardiologia - Cardiopatia Congênita (Adulto);composto;inclusao;Documental;Inserir exame de Ecocardiograma recente (< 6m);;;;;Inserir exame de Ecocardiograma recente (< 6m);REUNI p.10
CARDIOLOGIA - CARDIOPATIA CONGÊNITA (ADULTOS);SER;REUNI;RedeGeral;Ambulatório 1ª vez em Cardiologia - Cardiopatia Congênita (Adulto);composto;inclusao;NaoDedutivel;Destina-se a pacientes com 18 anos ou mais com sintomas ou sequela da cardiopatia;;;;Destina-se a pacientes com 18 anos ou mais com sintomas ou sequela da cardiopatia;;REUNI p.10
CARDIOLOGIA - CIRURGIA CARDÍACA PEDIÁTRICA;SER;REUNI;RedeGeral;Ambulatório 1ª vez em Cardiologia - Cirurgia Cardíaca Pediátrica;composto;inclusao;Documental;Inserir exame de Ecocardiograma recente;;;;;Inserir exame de Ecocardiograma recente;REUNI p.10
CARDIOLOGIA - ESTUDO ELETROFISIOLÓGICO (ABLAÇÃO);SER;REUNI;RedeGeral;Ambulatório 1ª vez em Cardiologia Estudo Eletrofisiológico / Ablação;composto;inclusao;NaoDedutivel;Recurso Requisitos necessários ECOCARDIOGRAMA TRANSESOFÁGICO (INTERNADOS);;;;Recurso Requisitos necessários ECOCARDIOGRAMA TRANSESOFÁGICO (INTERNADOS);;REUNI p.12
CARDIOLOGIA - ESTUDO ELETROFISIOLÓGICO (ABLAÇÃO);SER;REUNI;RedeGeral;Ambulatório 1ª vez em Cardiologia Estudo Eletrofisiológico / Ablação;composto;inclusao;NaoDedutivel;Informar modo ventilatório;;;;Informar modo ventilatório;;REUNI p.12
CARDIOLOGIA - ESTUDO ELETROFISIOLÓGICO (ABLAÇÃO);SER;REUNI;RedeGeral;Ambulatório 1ª vez em Cardiologia Estudo Eletrofisiológico / Ablação;composto;inclusao;Documental;Inserir exame de Ecocardiograma Transtorácico. ECOCARDIOGRAMA DE ESTRESSE;;;;;Inserir exame de Ecocardiograma Transtorácico. ECOCARDIOGRAMA DE ESTRESSE;REUNI p.12
CARDIOLOGIA - ESTUDO ELETROFISIOLÓGICO (ABLAÇÃO);SER;REUNI;RedeGeral;Ambulatório 1ª vez em Cardiologia Estudo Eletrofisiológico / Ablação;composto;inclusao;Documental;Inserir exame de Ecocardiograma Transtorácico;;;;;Inserir exame de Ecocardiograma Transtorácico;REUNI p.12
CARDIOLOGIA INTERVENCIONISTA - ARTERIOGRAFIA CEREBRAL (AMBULATORIAL);SER;REUNI;RedeGeral;;SEM_PAR;inclusao;Documental;Inserir no SER a solicitação médica em formulário de Alto Custo;;;;;Inserir no SER a solicitação médica em formulário de Alto Custo;REUNI p.13
CARDIOLOGIA INTERVENCIONISTA - ARTERIOGRAFIA CEREBRAL (AMBULATORIAL);SER;REUNI;RedeGeral;;SEM_PAR;inclusao;Documental;Inserir Exame de imagem (TC ou RNM de crânio);;;;;Inserir Exame de imagem (TC ou RNM de crânio);REUNI p.13
CARDIOLOGIA INTERVENCIONISTA - ARTERIOGRAFIA PERIFÉRICA (AMBULATORIAL);SER;REUNI;RedeGeral;Arteriografia Periférica (Ambulatorial);celula;inclusao;NaoDedutivel;Destina-se a pacientes em domicílio;;;;Destina-se a pacientes em domicílio;;REUNI p.13
CARDIOLOGIA INTERVENCIONISTA - ARTERIOGRAFIA PERIFÉRICA (AMBULATORIAL);SER;REUNI;RedeGeral;Arteriografia Periférica (Ambulatorial);celula;inclusao;Documental;Inserir no SER a solicitação médica em formulário de Alto Custo;;;;;Inserir no SER a solicitação médica em formulário de Alto Custo;REUNI p.13
CARDIOLOGIA INTERVENCIONISTA - ARTERIOGRAFIA PERIFÉRICA (AMBULATORIAL);SER;REUNI;RedeGeral;Arteriografia Periférica (Ambulatorial);celula;inclusao;Documental;Inserir resultado de Hematócrito, hemoglobina, ureia e creatinina;;;;;Inserir resultado de Hematócrito, hemoglobina, ureia e creatinina;REUNI p.13
CARDIOLOGIA INTERVENCIONISTA - ARTERIOGRAFIA PERIFÉRICA (AMBULATORIAL);SER;REUNI;RedeGeral;Arteriografia Periférica (Ambulatorial);celula;inclusao;Documental;Inserir exame de Doppler (exceto para arteriografia cerebral);;;;;Inserir exame de Doppler (exceto para arteriografia cerebral);REUNI p.13
CARDIOLOGIA INTERVENCIONISTA - ARTERIOGRAFIA PERIFÉRICA (INTERNADOS);SER;REUNI;RedeGeral;Arteriografia Periférica (Internados);celula;inclusao;NaoDedutivel;Destina-se a pacientes em ambiente hospitalar;;;;Destina-se a pacientes em ambiente hospitalar;;REUNI p.13
CARDIOLOGIA INTERVENCIONISTA - ARTERIOGRAFIA PERIFÉRICA (INTERNADOS);SER;REUNI;RedeGeral;Arteriografia Periférica (Internados);celula;inclusao;Documental;Inserir no SER a solicitação médica em formulário de Alto Custo;;;;;Inserir no SER a solicitação médica em formulário de Alto Custo;REUNI p.13
CARDIOLOGIA INTERVENCIONISTA - ARTERIOGRAFIA PERIFÉRICA (INTERNADOS);SER;REUNI;RedeGeral;Arteriografia Periférica (Internados);celula;inclusao;Documental;Inserir resultado de Hematócrito, hemoglobina, ureia e creatinina;;;;;Inserir resultado de Hematócrito, hemoglobina, ureia e creatinina;REUNI p.13
CARDIOLOGIA INTERVENCIONISTA - ARTERIOGRAFIA PERIFÉRICA (INTERNADOS);SER;REUNI;RedeGeral;Arteriografia Periférica (Internados);celula;inclusao;Documental;Inserir Exame de Doppler do Membro afetado;;;;;Inserir Exame de Doppler do Membro afetado;REUNI p.13
CARDIOLOGIA INTERVENCIONISTA - CATETERISMO CARDÍACO (AMBULATORIAL);SER;REUNI;RedeGeral;Cateterismo Cardíaco (Ambulatorial);celula;inclusao;NaoDedutivel;Destina-se a pacientes em domicílio;;;;Destina-se a pacientes em domicílio;;REUNI p.13
CARDIOLOGIA INTERVENCIONISTA - CATETERISMO CARDÍACO (AMBULATORIAL);SER;REUNI;RedeGeral;Cateterismo Cardíaco (Ambulatorial);celula;inclusao;Documental;Inserir no SER a solicitação médica em formulário de Alto Custo;;;;;Inserir no SER a solicitação médica em formulário de Alto Custo;REUNI p.13
CARDIOLOGIA INTERVENCIONISTA - CATETERISMO CARDÍACO (AMBULATORIAL);SER;REUNI;RedeGeral;Cateterismo Cardíaco (Ambulatorial);celula;inclusao;Documental;Inserir exame de ECG e/ou Ecocardiograma ou Teste ergométrico ou Cintilografia Miocárdica;;;;;Inserir exame de ECG e/ou Ecocardiograma ou Teste ergométrico ou Cintilografia Miocárdica;REUNI p.13
CARDIOLOGIA INTERVENCIONISTA - CATETERISMO CARDÍACO (AMBULATORIAL);SER;REUNI;RedeGeral;Cateterismo Cardíaco (Ambulatorial);celula;inclusao;Documental;Inserir resultado de Hematócrito, hemoglobina, ureia, creatinina e glicose (< 3 m);;;;;Inserir resultado de Hematócrito, hemoglobina, ureia, creatinina e glicose (< 3 m);REUNI p.13
CARDIOLOGIA INTERVENCIONISTA - CATETERISMO CARDÍACO (INTERNADOS);SER;REUNI;RedeGeral;Cateterismo Cardíaco (Internados);celula;inclusao;NaoDedutivel;Destina-se a pacientes em ambiente hospitalar. Informar o tipo de leito atual (CTI ou enfermaria);;;;Destina-se a pacientes em ambiente hospitalar. Informar o tipo de leito atual (CTI ou enfermaria);;REUNI p.13
CARDIOLOGIA INTERVENCIONISTA - CATETERISMO CARDÍACO (INTERNADOS);SER;REUNI;RedeGeral;Cateterismo Cardíaco (Internados);celula;inclusao;Documental;Inserir no SER a solicitação médica em formulário de Alto Custo;;;;;Inserir no SER a solicitação médica em formulário de Alto Custo;REUNI p.13
CARDIOLOGIA INTERVENCIONISTA - CATETERISMO CARDÍACO (INTERNADOS);SER;REUNI;RedeGeral;Cateterismo Cardíaco (Internados);celula;inclusao;Documental;Inserir resultado de Hematócrito, hemoglobina, ureia, creatinina e glicose;;;;;Inserir resultado de Hematócrito, hemoglobina, ureia, creatinina e glicose;REUNI p.13
CARDIOLOGIA INTERVENCIONISTA - CATETERISMO CARDÍACO (INTERNADOS);SER;REUNI;RedeGeral;Cateterismo Cardíaco (Internados);celula;inclusao;Documental;Inserir se o paciente foi trombolisado ou não, tempo de início de sintomas do infarto, curva enzimática de CK, CKMB e TROPONINA;;;;;Inserir se o paciente foi trombolisado ou não, tempo de início de sintomas do infarto, curva enzimática de CK, CKMB e TROPONINA;REUNI p.13
CARDIOLOGIA INTERVENCIONISTA - CATETERISMO CARDÍACO (INTERNADOS);SER;REUNI;RedeGeral;Cateterismo Cardíaco (Internados);celula;inclusao;Documental;Inserir exame de ECG e/ou Ecocardiograma;;;;;Inserir exame de ECG e/ou Ecocardiograma;REUNI p.13
CARDIOLOGIA INTERVENCIONISTA - CATETERISMO CARDÍACO (INTERNADOS);SER;REUNI;RedeGeral;Cateterismo Cardíaco (Internados);celula;inclusao;NaoDedutivel;Caso o paciente apresente alterações sugestivas de Insuficiência Renal (U>80 ou Cr>2,0 é necessária avaliação do nefrologista);;;;Caso o paciente apresente alterações sugestivas de Insuficiência Renal (U>80 ou Cr>2,0 é necessária avaliação do nefrologista);;REUNI p.13
CARDIOLOGIA INTERVENCIONISTA - CATETERISMO CARDÍACO (INTERNADOS);SER;REUNI;RedeGeral;Cateterismo Cardíaco (Internados);celula;inclusao;NaoDedutivel;HT<27 e Hb<9,0 não poderão realizar o exame;;;;HT<27 e Hb<9,0 não poderão realizar o exame;;REUNI p.13
CARDIOLOGIA INTERVENCIONISTA - ESTUDO ELETROFISIOLÓGICO (ABLAÇÃO);SER;REUNI;RedeGeral;;SEM_PAR;inclusao;NaoDedutivel;Recurso Requisitos necessários PRÉ- ANGIOPLASTIA;;;;Recurso Requisitos necessários PRÉ- ANGIOPLASTIA;;REUNI p.12
CARDIOLOGIA INTERVENCIONISTA - ESTUDO ELETROFISIOLÓGICO (ABLAÇÃO);SER;REUNI;RedeGeral;;SEM_PAR;inclusao;NaoDedutivel;Portadores de DAC com lesões moderadas a graves, comprovadas por cateterismo cardíaco;;;;Portadores de DAC com lesões moderadas a graves, comprovadas por cateterismo cardíaco;;REUNI p.12
CARDIOLOGIA INTERVENCIONISTA - ESTUDO ELETROFISIOLÓGICO (ABLAÇÃO);SER;REUNI;RedeGeral;;SEM_PAR;inclusao;Documental;Inserir Cateterismo Cardíaco realizado há menos de 1 ano. 4.1.5. CIRURGIA VASCULAR (ambulatório 1ª vez);;;;;Inserir Cateterismo Cardíaco realizado há menos de 1 ano. 4.1.5. CIRURGIA VASCULAR (ambulatório 1ª vez);REUNI p.12
CINTILOGRAFIAS - CINTILOGRAFIA DE COR INTEIRO PESQUISA D NEOPLASIAS (AMBULATORIAL);SER;REUNI;RedeGeral;;SEM_PAR;inclusao;Documental;RPO DE Inserir no SER;;;;;RPO DE Inserir no SER;REUNI p.38
CINTILOGRAFIAS - CINTILOGRAFIA DE COR INTEIRO PESQUISA D NEOPLASIAS (AMBULATORIAL);SER;REUNI;RedeGeral;;SEM_PAR;inclusao;Documental;Solicitação médica em formulário de Alto Custo, com indicação da patologia suspeita. LINFOCINTILOGRAFIA (AMBULATORIAL) Inserir no SER;;;;;Solicitação médica em formulário de Alto Custo, com indicação da patologia suspeita. LINFOCINTILOGRAFIA (AMBULATORIAL) Inserir no SER;REUNI p.38
CINTILOGRAFIAS - CINTILOGRAFIA DE COR INTEIRO PESQUISA D NEOPLASIAS (AMBULATORIAL);SER;REUNI;RedeGeral;;SEM_PAR;inclusao;Documental;Solicitação médica em formulário de Alto Custo, com indicação da patologia suspeita. CINTILOGRAFIA DE FÍGADO E VIAS BILIARES (AMBULATORIAL) Inserir no SER;;;;;Solicitação médica em formulário de Alto Custo, com indicação da patologia suspeita. CINTILOGRAFIA DE FÍGADO E VIAS BILIARES (AMBULATORIAL) Inserir no SER;REUNI p.38
CINTILOGRAFIAS - CINTILOGRAFIA DE COR INTEIRO PESQUISA D NEOPLASIAS (AMBULATORIAL);SER;REUNI;RedeGeral;;SEM_PAR;inclusao;Documental;Solicitação médica em formulário de Alto Custo, com indicação da patologia suspeita. CINTILOGRAFIA DE ARTICULAÇÕES / EXTREMIDADES / ÓSSEA (AMBULATORIAL) Inserir no SER;;;;;Solicitação médica em formulário de Alto Custo, com indicação da patologia suspeita. CINTILOGRAFIA DE ARTICULAÇÕES / EXTREMIDADES / ÓSSEA (AMBULATORIAL) Inserir no SER;REUNI p.38
CINTILOGRAFIAS - CINTILOGRAFIA DE COR INTEIRO PESQUISA D NEOPLASIAS (AMBULATORIAL);SER;REUNI;RedeGeral;;SEM_PAR;inclusao;Documental;Solicitação médica em formulário de Alto Custo, com indicação da patologia suspeita. CINTILOGRAFIA DE CAMPOS PULMONARES E ESVAZIAMENTO GÁSTRICO (AMBULATORIAL) Inserir no SER;;;;;Solicitação médica em formulário de Alto Custo, com indicação da patologia suspeita. CINTILOGRAFIA DE CAMPOS PULMONARES E ESVAZIAMENTO GÁSTRICO (AMBULATORIAL) Inserir no SER;REUNI p.38
CINTILOGRAFIAS - CINTILOGRAFIA DE COR INTEIRO PESQUISA D NEOPLASIAS (AMBULATORIAL);SER;REUNI;RedeGeral;;SEM_PAR;inclusao;Documental;Solicitação médica em formulário de Alto Custo, com indicação da patologia suspeita. CINTILOGRAFIA DE CÂMARAS CARDÍACAS Inserir no SER;;;;;Solicitação médica em formulário de Alto Custo, com indicação da patologia suspeita. CINTILOGRAFIA DE CÂMARAS CARDÍACAS Inserir no SER;REUNI p.38
CINTILOGRAFIAS - CINTILOGRAFIA DE COR INTEIRO PESQUISA D NEOPLASIAS (AMBULATORIAL);SER;REUNI;RedeGeral;;SEM_PAR;inclusao;Documental;Solicitação médica em formulário de Alto Custo, com indicação da patologia suspeita. 4.15. TESTE DO SUOR – DOSAGEM DE CLORETO NO SUOR 4.15.1. PREPARO PARA O PROCEDIMENTO;;;;;Solicitação médica em formulário de Alto Custo, com indicação da patologia suspeita. 4.15. TESTE DO SUOR – DOSAGEM DE CLORETO NO SUOR 4.15.1. PREPARO PARA O PROCEDIMENTO;REUNI p.38
CINTILOGRAFIAS - CINTILOGRAFIA DE OS COM OU SEM FLUXO SANGUÍNEO - CORPO INT (AMBULATORIAL);SER;REUNI;RedeGeral;;SEM_PAR;inclusao;Documental;SOS O TEIRO Inserir no SER;;;;;SOS O TEIRO Inserir no SER;REUNI p.38
CINTILOGRAFIAS - CINTILOGRAFIA DE OS COM OU SEM FLUXO SANGUÍNEO - CORPO INT (AMBULATORIAL);SER;REUNI;RedeGeral;;SEM_PAR;inclusao;Documental;Solicitação médica em formulário de Alto Custo, com indicação da patologia suspeita;;;;;Solicitação médica em formulário de Alto Custo, com indicação da patologia suspeita;REUNI p.38
CINTILOGRAFIAS - CINTILOGRAFIA DE PULM POR VENTILAÇÃO E/O PERFUSÃO (AMBULATOR;SER;REUNI;RedeGeral;;SEM_PAR;inclusao;Documental;MÃO OU RIAL) Inserir no SER;;;;;MÃO OU RIAL) Inserir no SER;REUNI p.38
CINTILOGRAFIAS - CINTILOGRAFIA DE PULM POR VENTILAÇÃO E/O PERFUSÃO (AMBULATOR;SER;REUNI;RedeGeral;;SEM_PAR;inclusao;Documental;Solicitação médica em formulário de Alto Custo, com indicação da patologia suspeita;;;;;Solicitação médica em formulário de Alto Custo, com indicação da patologia suspeita;REUNI p.38
CINTILOGRAFIAS - CINTILOGRAFIA DE TIRE COM OU SEM CAPTAÇ (AMBULATORIAL);SER;REUNI;RedeGeral;;SEM_PAR;inclusao;Documental;OIDE ÃO Inserir no SER;;;;;OIDE ÃO Inserir no SER;REUNI p.38
CINTILOGRAFIAS - CINTILOGRAFIA DE TIRE COM OU SEM CAPTAÇ (AMBULATORIAL);SER;REUNI;RedeGeral;;SEM_PAR;inclusao;Documental;Solicitação médica em formulário de Alto Custo, com indicação da patologia suspeita;;;;;Solicitação médica em formulário de Alto Custo, com indicação da patologia suspeita;REUNI p.38
CINTILOGRAFIAS - CINTILOGRAFIA DO MIOCÁRDIO (PACIENTES INTERNADO;SER;REUNI;RedeGeral;;SEM_PAR;inclusao;Documental;OS) Inserir no SER;;;;;OS) Inserir no SER;REUNI p.38
CINTILOGRAFIAS - CINTILOGRAFIA DO MIOCÁRDIO (PACIENTES INTERNADO;SER;REUNI;RedeGeral;;SEM_PAR;inclusao;Documental;Solicitação médica em formulário de Alto Custo, com indicação da patologia cardiológica suspeita ou comprovada. Modo ventilatório;;;;;Solicitação médica em formulário de Alto Custo, com indicação da patologia cardiológica suspeita ou comprovada. Modo ventilatório;REUNI p.38
CINTILOGRAFIAS - CINTILOGRAFIA DO MIOCÁRDIO (PACIENTES INTERNADO;SER;REUNI;RedeGeral;;SEM_PAR;inclusao;Documental;ECG, Ecocardiograma, Teste ergométrico Obs.: Destina-se a pacientes internados;;;;;ECG, Ecocardiograma, Teste ergométrico Obs.: Destina-se a pacientes internados;REUNI p.38
CINTILOGRAFIAS - CINTILOGRAFIA DO MIOCÁRDIO EM REPOU ESTRESSE AMBULATOR;SER;REUNI;RedeGeral;;SEM_PAR;inclusao;Documental;SO E RIAL Inserir no SER;;;;;SO E RIAL Inserir no SER;REUNI p.38
CINTILOGRAFIAS - CINTILOGRAFIA DO MIOCÁRDIO EM REPOU ESTRESSE AMBULATOR;SER;REUNI;RedeGeral;;SEM_PAR;inclusao;Documental;Solicitação médica em formulário de Alto Custo, com indicação da patologia cardiológica suspeita ou comprovada;;;;;Solicitação médica em formulário de Alto Custo, com indicação da patologia cardiológica suspeita ou comprovada;REUNI p.38
CINTILOGRAFIAS - CINTILOGRAFIA DO MIOCÁRDIO EM REPOU ESTRESSE AMBULATOR;SER;REUNI;RedeGeral;;SEM_PAR;inclusao;Documental;ECG, Ecocardiograma, Teste ergométrico Obs: Especificar se o exame de estresse será realizado em esteira ou farmacológico;;;;;ECG, Ecocardiograma, Teste ergométrico Obs: Especificar se o exame de estresse será realizado em esteira ou farmacológico;REUNI p.38
CINTILOGRAFIAS - CINTILOGRAFIA RENA ESTÁTICA E/OU DINÂM DMSA (AMBULATORIA;SER;REUNI;RedeGeral;;SEM_PAR;inclusao;Documental;AL ICA - AL) Inserir no SER;;;;;AL ICA - AL) Inserir no SER;REUNI p.38
CINTILOGRAFIAS - CINTILOGRAFIA RENA ESTÁTICA E/OU DINÂM DMSA (AMBULATORIA;SER;REUNI;RedeGeral;;SEM_PAR;inclusao;Documental;Solicitação médica em formulário de Alto Custo, com indicação da patologia suspeita;;;;;Solicitação médica em formulário de Alto Custo, com indicação da patologia suspeita;REUNI p.38
CIRURGIA BARIÁTRICA;SER;REUNI;RedeGeral;Ambulatório 1ª vez - Cirurgia Bariátrica (Adulto);celula;inclusao;NaoDedutivel;Conforme preconiza a Portaria SAS n° 492 de 31/08/2007, abaixo;;;;Conforme preconiza a Portaria SAS n° 492 de 31/08/2007, abaixo;;REUNI p.14
CIRURGIA BARIÁTRICA;SER;REUNI;RedeGeral;Ambulatório 1ª vez - Cirurgia Bariátrica (Adulto);celula;inclusao;NaoDedutivel;a. IMC > ou = 40 kg/m², sem comorbidades, que não respondem ao tratamento conservador (dieta, psicoterapia, atividade física, etc..), realizado durante pelo menos dois anos e sob orientação de equipe credenciada / habilitada como Unidade de Assistência de Alta Complexidade ao paciente portador de obesidade. b. IMC > ou = 40 kg/m² com comorbidades que ameaçam a vida. c. IMC entre 35 e 39,9 kg/m² portadores de doenças crônicas desencadeadas ou agravadas pela obesidade. Devem possuir laudo do endocrinologista informando que não há obesidade por doenças endócrinas ou que essa esteja em tratamento estabilizada. d. Idade entre 18 anos e 65 anos, com alguma das;;;;a. IMC > ou = 40 kg/m², sem comorbidades, que não respondem ao tratamento conservador (dieta, psicoterapia, atividade física, etc..), realizado durante pelo menos dois anos e sob orientação de equipe credenciada / habilitada como Unidade de Assistência de Alta Complexidade ao paciente portador de obesidade. b. IMC > ou = 40 kg/m² com comorbidades que ameaçam a vida. c. IMC entre 35 e 39,9 kg/m² portadores de doenças crônicas desencadeadas ou agravadas pela obesidade. Devem possuir laudo do endocrinologista informando que não há obesidade por doenças endócrinas ou que essa esteja em tratamento estabilizada. d. Idade entre 18 anos e 65 anos, com alguma das;;REUNI p.14
CIRURGIA BARIÁTRICA;SER;REUNI;RedeGeral;Ambulatório 1ª vez - Cirurgia Bariátrica (Adulto);celula;inclusao;Documental;acima. Se entre 16 e 18 anos, deverão apresentar comprovação de consolidação das epífises dos ossos longos;16;18;;;acima. Se entre 16 e 18 anos, deverão apresentar comprovação de consolidação das epífises dos ossos longos;REUNI p.14
CIRURGIA BARIÁTRICA;SER;REUNI;RedeGeral;Ambulatório 1ª vez - Cirurgia Bariátrica (Adulto);celula;exclusao;Documental;"a. Obesidade decorrente de doença endócrina (p. ex., Síndrome de Cushing devido à hiperplasia suprarrenal). b. Incapacidade intelectual para compreender todos os aspectos do tratamento. c. Ausência de suporte familiar constante. d. Alcoolismo; dependência química e outras drogas, distúrbio psicótico grave (bulimia, inclusive) ou história recente de tentativa de suicídio. Anexar (ou descrever de forma clara e detalhada)";;;;;"a. Obesidade decorrente de doença endócrina (p. ex., Síndrome de Cushing devido à hiperplasia suprarrenal). b. Incapacidade intelectual para compreender todos os aspectos do tratamento. c. Ausência de suporte familiar constante. d. Alcoolismo; dependência química e outras drogas, distúrbio psicótico grave (bulimia, inclusive) ou história recente de tentativa de suicídio. Anexar (ou descrever de forma clara e detalhada)";REUNI p.14
CIRURGIA BARIÁTRICA;SER;REUNI;RedeGeral;Ambulatório 1ª vez - Cirurgia Bariátrica (Adulto);celula;exclusao;Documental;Encaminhamento médico descrevendo o quadro clinico e indicando o procedimento;;;;;Encaminhamento médico descrevendo o quadro clinico e indicando o procedimento;REUNI p.14
CIRURGIA BARIÁTRICA;SER;REUNI;RedeGeral;Ambulatório 1ª vez - Cirurgia Bariátrica (Adulto);celula;exclusao;Documental;"Hemograma com plaquetas; Coagulograma; Ureia e Creatinina; Glicemia de jejum; Hemoglobina glicosilada (HbAIC); Ácido úrico; T3, T4, TSH; Colesterol total, HDL e Triglicerídeos";;;;;"Hemograma com plaquetas; Coagulograma; Ureia e Creatinina; Glicemia de jejum; Hemoglobina glicosilada (HbAIC); Ácido úrico; T3, T4, TSH; Colesterol total, HDL e Triglicerídeos";REUNI p.14
CIRURGIA CARDIOVASCULAR - ANEURISMA/ DISSECÇÃO DE AORTA TORÁCICA;SER;REUNI;RedeGeral;Ambulatório 1ª vez em Cirurgia Cardiovascular - Aneurisma / Dissecção de Aorta Torácica;composto;inclusao;Documental;Inserir exame de Ecocardiograma recente;;;;;Inserir exame de Ecocardiograma recente;REUNI p.11
CIRURGIA CARDIOVASCULAR - ANEURISMA/ DISSECÇÃO DE AORTA TORÁCICA;SER;REUNI;RedeGeral;Ambulatório 1ª vez em Cirurgia Cardiovascular - Aneurisma / Dissecção de Aorta Torácica;composto;inclusao;Documental;Inserir exames de imagem com laudos que comprovem a doença (Tomografia ou Angiotomografia ou Angioressonâcia);;;;;Inserir exames de imagem com laudos que comprovem a doença (Tomografia ou Angiotomografia ou Angioressonâcia);REUNI p.11
CIRURGIA CARDIOVASCULAR - CIRURGIA DE REVASCULARIZAÇÃO DO MIOCÁRDIO;SER;REUNI;RedeGeral;;SEM_PAR;inclusao;NaoDedutivel;Portadores de Doença Arterial Coronariana (DAC) comprovada por cateterismo cardíaco (lesão do tronco de coronária esquerda, lesão trivascular);;;;Portadores de Doença Arterial Coronariana (DAC) comprovada por cateterismo cardíaco (lesão do tronco de coronária esquerda, lesão trivascular);;REUNI p.11
CIRURGIA CARDIOVASCULAR - CIRURGIA DE REVASCULARIZAÇÃO DO MIOCÁRDIO;SER;REUNI;RedeGeral;;SEM_PAR;inclusao;Documental;Inserir Cateterismo Cardíaco realizado há menos de 1 ano;;;;;Inserir Cateterismo Cardíaco realizado há menos de 1 ano;REUNI p.11
CIRURGIA CARDIOVASCULAR - CIRURGIA DE REVASCULARIZAÇÃO DO MIOCÁRDIO;SER;REUNI;RedeGeral;;SEM_PAR;inclusao;Documental;Inserir ECG e Ecocardiograma;;;;;Inserir ECG e Ecocardiograma;REUNI p.11
CIRURGIA CARDIOVASCULAR - CIRURGIA OROVALVAR;SER;REUNI;RedeGeral;Ambulatório 1ª vez em Cirurgia Cardiovascular - Cirurgia Orovalvar;composto;inclusao;NaoDedutivel;Doença orovalvar moderada ou grave comprovada por Ecocardiograma;;;;Doença orovalvar moderada ou grave comprovada por Ecocardiograma;;REUNI p.11
CIRURGIA CARDIOVASCULAR - CIRURGIA OROVALVAR;SER;REUNI;RedeGeral;Ambulatório 1ª vez em Cirurgia Cardiovascular - Cirurgia Orovalvar;composto;inclusao;Documental;Inserir ECG e Ecocardiograma (<6m);;;;;Inserir ECG e Ecocardiograma (<6m);REUNI p.11
CIRURGIA CARDIOVASCULAR - ELETROFISIOLOG;SER;REUNI;RedeGeral;;SEM_PAR;inclusao;NaoDedutivel;IA/ABLAÇÃO (ambulatório 1ª vez);;;;IA/ABLAÇÃO (ambulatório 1ª vez);;REUNI p.11
CIRURGIA CARDIOVASCULAR - IMPLANTE DE CARDIODESFIBRILADO R(CDI);SER;REUNI;RedeGeral;;SEM_PAR;inclusao;NaoDedutivel;Diagnóstico de Taquicardia Ventricular sustentada ou morte súbita abortada ou disfunção ventricular grave com episódios de taquicardia ventricular não sustentada, comprovados ao Holter;;;;Diagnóstico de Taquicardia Ventricular sustentada ou morte súbita abortada ou disfunção ventricular grave com episódios de taquicardia ventricular não sustentada, comprovados ao Holter;;REUNI p.11
CIRURGIA CARDIOVASCULAR - IMPLANTE DE CARDIODESFIBRILADO R(CDI);SER;REUNI;RedeGeral;;SEM_PAR;inclusao;Documental;Inserir ECG e Ecocardiograma (<6m);;;;;Inserir ECG e Ecocardiograma (<6m);REUNI p.11
CIRURGIA CARDIOVASCULAR - IMPLANTE DE CARDIODESFIBRILADO R(CDI);SER;REUNI;RedeGeral;;SEM_PAR;inclusao;Documental;Inserir Holter 24 horas ou teste ergométrico;;;;;Inserir Holter 24 horas ou teste ergométrico;REUNI p.11
CIRURGIA CARDIOVASCULAR - IMPLANTE DE MARCAPASSO;SER;REUNI;RedeGeral;;SEM_PAR;inclusao;NaoDedutivel;Bradiarritmias ou Bloqueios Atrioventriculares;;;;Bradiarritmias ou Bloqueios Atrioventriculares;;REUNI p.11
CIRURGIA CARDIOVASCULAR - IMPLANTE DE MARCAPASSO;SER;REUNI;RedeGeral;;SEM_PAR;inclusao;Documental;Inserir ECG e Ecocardiograma (<6m);;;;;Inserir ECG e Ecocardiograma (<6m);REUNI p.11
CIRURGIA CARDIOVASCULAR - IMPLANTE DE MARCAPASSO;SER;REUNI;RedeGeral;;SEM_PAR;inclusao;Documental;Inserir Holter 24 horas ou teste ergométrico;;;;;Inserir Holter 24 horas ou teste ergométrico;REUNI p.11
CIRURGIA PLÁSTICA - CIRURGIA PLÁSTICA REPARADORA DE MAMA (PÓS-MASTECTOMI ONCOLÓGICA);SER;REUNI;RedeGeral;;SEM_PAR;inclusao;Documental;Inserir no SER de forma clara e detalhada o encaminhamento médico com indicação do local e data da realização da mastectomia por doença oncológica e liberação para a realização do procedimento de cirurgia reparadora;;;;;Inserir no SER de forma clara e detalhada o encaminhamento médico com indicação do local e data da realização da mastectomia por doença oncológica e liberação para a realização do procedimento de cirurgia reparadora;REUNI p.36
CIRURGIA VASCULAR - ESTUDO ELETROFISIOLÓGICO (ABLAÇÃO);SER;REUNI;RedeGeral;;SEM_PAR;inclusao;NaoDedutivel;Recurso Requisitos necessários Vasculopatia Arterial Periférica;;;;Recurso Requisitos necessários Vasculopatia Arterial Periférica;;REUNI p.12
CIRURGIA VASCULAR - ESTUDO ELETROFISIOLÓGICO (ABLAÇÃO);SER;REUNI;RedeGeral;;SEM_PAR;inclusao;Documental;Inserir exame de imagem (Doppler ou Angiorressonância ou Angio-TC de membros ou Arteriografia). Vasculopatia Carotídea;;;;;Inserir exame de imagem (Doppler ou Angiorressonância ou Angio-TC de membros ou Arteriografia). Vasculopatia Carotídea;REUNI p.12
CIRURGIA VASCULAR - ESTUDO ELETROFISIOLÓGICO (ABLAÇÃO);SER;REUNI;RedeGeral;;SEM_PAR;inclusao;Documental;Inserir exame de Doppler de artérias carotídeas (< 4 meses) ou Angio-TC. ANEURISMA/ DISSECÇÃO DE AORTA ABDOMINAL;;;;;Inserir exame de Doppler de artérias carotídeas (< 4 meses) ou Angio-TC. ANEURISMA/ DISSECÇÃO DE AORTA ABDOMINAL;REUNI p.12
CIRURGIA VASCULAR - ESTUDO ELETROFISIOLÓGICO (ABLAÇÃO);SER;REUNI;RedeGeral;;SEM_PAR;inclusao;Documental;Inserir exame de Angio-TC ou Tomografia. Obs.: Dissecção acima da saída das Artérias Renais deverá ser encaminhada à Cirurgia Cardiovascular (Aneurisma/ Dissecção de Aorta Torácica). FÍSTULA ARTERIOVENOSA PARA HEMODIÁLISE;;;;;Inserir exame de Angio-TC ou Tomografia. Obs.: Dissecção acima da saída das Artérias Renais deverá ser encaminhada à Cirurgia Cardiovascular (Aneurisma/ Dissecção de Aorta Torácica). FÍSTULA ARTERIOVENOSA PARA HEMODIÁLISE;REUNI p.12
ELETROFISIOLOGIA/ABLAÇÃO - ESTUDO ELETROFISIOLÓGICO (ABLAÇÃO);SER;REUNI;RedeGeral;;SEM_PAR;inclusao;NaoDedutivel;Arritmias complexas com indicação de avaliação de ablação por radiofrequência;;;;Arritmias complexas com indicação de avaliação de ablação por radiofrequência;;REUNI p.11
ELETROFISIOLOGIA/ABLAÇÃO - ESTUDO ELETROFISIOLÓGICO (ABLAÇÃO);SER;REUNI;RedeGeral;;SEM_PAR;inclusao;Documental;Inserir ECG e Ecocardiograma (<6m);;;;;Inserir ECG e Ecocardiograma (<6m);REUNI p.11
ELETROFISIOLOGIA/ABLAÇÃO - ESTUDO ELETROFISIOLÓGICO (ABLAÇÃO);SER;REUNI;RedeGeral;;SEM_PAR;inclusao;Documental;Inserir Holter 24 horas ou teste ergométrico;;;;;Inserir Holter 24 horas ou teste ergométrico;REUNI p.11
EXAMES QUE REQUEREM PREPARO PRÉVIO - CINTILOGRAFIA DE COR INTEIRO PESQUISA D NEOPLASIAS (AMBULATORIAL);SER;REUNI;RedeGeral;;SEM_PAR;inclusao;Documental;a. Jejum absoluto de 4 horas antes do exame: Não tomar café da manhã. b. Pode tomar medicamentos com água. c. Trazer receita médica e exames realizados: Eletrocardiograma, RX, Teste Ergométrico, ECO, Cintilografia Miocárdica, Holter, Cateterismo (laudo e filme). d. Apresentar documentos de identificação do paciente: identidade, CPF, Comprovante de residência, cartão do SUS, pedido do exame, exame laboratorial recente (hemograma e bioquímica), prescrição médica atual. e. Documentos de identificação do acompanhante: identidade. f. Iniciar 3 (três) dias antes, no mínimo, do agendamento as seguintes medicações;;;;;a. Jejum absoluto de 4 horas antes do exame: Não tomar café da manhã. b. Pode tomar medicamentos com água. c. Trazer receita médica e exames realizados: Eletrocardiograma, RX, Teste Ergométrico, ECO, Cintilografia Miocárdica, Holter, Cateterismo (laudo e filme). d. Apresentar documentos de identificação do paciente: identidade, CPF, Comprovante de residência, cartão do SUS, pedido do exame, exame laboratorial recente (hemograma e bioquímica), prescrição médica atual. e. Documentos de identificação do acompanhante: identidade. f. Iniciar 3 (três) dias antes, no mínimo, do agendamento as seguintes medicações;REUNI p.41
EXAMES QUE REQUEREM PREPARO PRÉVIO - CINTILOGRAFIA DE COR INTEIRO PESQUISA D NEOPLASIAS (AMBULATORIAL);SER;REUNI;RedeGeral;;SEM_PAR;inclusao;Documental;AAS 100mg (Aspirina Prevent, Somalgin, etc.) – 2 comprimidos após o almoço;;;;;AAS 100mg (Aspirina Prevent, Somalgin, etc.) – 2 comprimidos após o almoço;REUNI p.41
EXAMES QUE REQUEREM PREPARO PRÉVIO - CINTILOGRAFIA DE COR INTEIRO PESQUISA D NEOPLASIAS (AMBULATORIAL);SER;REUNI;RedeGeral;;SEM_PAR;inclusao;NaoDedutivel;Clopidogrel 75mg ( Plagrel, Plavix, Iscover, Lopidogrel) – 1 (Um) comprimido, Via Oral, 1 (Uma) vez ao dia. g. DIABÉTICOS – NÃO DEVERÃO TOMAR;;;;Clopidogrel 75mg ( Plagrel, Plavix, Iscover, Lopidogrel) – 1 (Um) comprimido, Via Oral, 1 (Uma) vez ao dia. g. DIABÉTICOS – NÃO DEVERÃO TOMAR;;REUNI p.41
EXAMES QUE REQUEREM PREPARO PRÉVIO - CINTILOGRAFIA DE COR INTEIRO PESQUISA D NEOPLASIAS (AMBULATORIAL);SER;REUNI;RedeGeral;;SEM_PAR;inclusao;NaoDedutivel;Insulina – Interromper o uso 1 (Um) dia antes do exame;;;;Insulina – Interromper o uso 1 (Um) dia antes do exame;;REUNI p.41
EXAMES QUE REQUEREM PREPARO PRÉVIO - CINTILOGRAFIA DE COR INTEIRO PESQUISA D NEOPLASIAS (AMBULATORIAL);SER;REUNI;RedeGeral;;SEM_PAR;inclusao;NaoDedutivel;Hipoglicemiantes orais – Interromper o uso 3 (Três) dias antes do exame (Amaryl, Daonil, Diabinese, Diamicron, Glifage, Metformina, etc.). h. Paciente uso de MAREVAN;;;;Hipoglicemiantes orais – Interromper o uso 3 (Três) dias antes do exame (Amaryl, Daonil, Diabinese, Diamicron, Glifage, Metformina, etc.). h. Paciente uso de MAREVAN;;REUNI p.41
EXAMES QUE REQUEREM PREPARO PRÉVIO - CINTILOGRAFIA DE COR INTEIRO PESQUISA D NEOPLASIAS (AMBULATORIAL);SER;REUNI;RedeGeral;;SEM_PAR;inclusao;NaoDedutivel;Solicitar orientação médica quanto a necessidade de suspender o medicamento 3 (três) dias antes da realização do exame;;;;Solicitar orientação médica quanto a necessidade de suspender o medicamento 3 (três) dias antes da realização do exame;;REUNI p.41
GENÉTICA MÉDICA ADULTO;SER;REUNI;RedeGeral;Ambulatório 1ª vez em Genética Médica - Adulto;celula;inclusao;NaoDedutivel;Pacientes com necessidade de Aconselhamento Genético, com história pessoal ou familiar de condição de causa genética e/ou malformação congênita, excluindo câncer familiar;;;;Pacientes com necessidade de Aconselhamento Genético, com história pessoal ou familiar de condição de causa genética e/ou malformação congênita, excluindo câncer familiar;;REUNI p.36
GENÉTICA MÉDICA ADULTO;SER;REUNI;RedeGeral;Ambulatório 1ª vez em Genética Médica - Adulto;celula;inclusao;NaoDedutivel;Pacientes com Aborto de Repetição: História de 03 abortos espontâneos ou mais de primeiro trimestre previamente investigados das causas infecciosas, materna, imunológicas, metabólicas e placentária;;;;Pacientes com Aborto de Repetição: História de 03 abortos espontâneos ou mais de primeiro trimestre previamente investigados das causas infecciosas, materna, imunológicas, metabólicas e placentária;;REUNI p.36
GENÉTICA MÉDICA ADULTO;SER;REUNI;RedeGeral;Ambulatório 1ª vez em Genética Médica - Adulto;celula;inclusao;NaoDedutivel;e exclusão do prestador;;;;e exclusão do prestador;;REUNI p.36
GENÉTICA MÉDICA ADULTO;SER;REUNI;RedeGeral;Ambulatório 1ª vez em Genética Médica - Adulto;celula;exclusao;NaoDedutivel;Síndrome de Down já diagnosticado (acompanhamento Atenção Primária);;;;Síndrome de Down já diagnosticado (acompanhamento Atenção Primária);;REUNI p.36
GENÉTICA MÉDICA ADULTO;SER;REUNI;RedeGeral;Ambulatório 1ª vez em Genética Médica - Adulto;celula;exclusao;NaoDedutivel;Síndrome Genética já diagnosticada (acompanhamento Atenção Primária);;;;Síndrome Genética já diagnosticada (acompanhamento Atenção Primária);;REUNI p.36
GENÉTICA MÉDICA ADULTO;SER;REUNI;RedeGeral;Ambulatório 1ª vez em Genética Médica - Adulto;celula;exclusao;NaoDedutivel;Suspeita da síndrome do X-frágil;;;;Suspeita da síndrome do X-frágil;;REUNI p.36
GENÉTICA MÉDICA ADULTO;SER;REUNI;RedeGeral;Ambulatório 1ª vez em Genética Médica - Adulto;celula;exclusao;NaoDedutivel;"Autismo isolado não-sindrômico (Autismo Isolado; Autismo Asperger)";;;;"Autismo isolado não-sindrômico (Autismo Isolado; Autismo Asperger)";;REUNI p.36
GENÉTICA MÉDICA ADULTO;SER;REUNI;RedeGeral;Ambulatório 1ª vez em Genética Médica - Adulto;celula;exclusao;NaoDedutivel;Doença de Huntington;;;;Doença de Huntington;;REUNI p.36
GENÉTICA MÉDICA ADULTO;SER;REUNI;RedeGeral;Ambulatório 1ª vez em Genética Médica - Adulto;celula;exclusao;NaoDedutivel;Síndromes de Ataxia Hereditárias;;;;Síndromes de Ataxia Hereditárias;;REUNI p.36
GENÉTICA MÉDICA ADULTO;SER;REUNI;RedeGeral;Ambulatório 1ª vez em Genética Médica - Adulto;celula;exclusao;NaoDedutivel;Ataxias Hereditárias familiar de instalação no Adulto;;;;Ataxias Hereditárias familiar de instalação no Adulto;;REUNI p.36
GENÉTICA MÉDICA PEDIÁTRICA;SER;REUNI;RedeGeral;Ambulatório 1ª vez em Genética Médica - Pediatria;celula;inclusao;Dedutivel;Pacientes na faixa etária de 0 a 19 anos incompletos;0;19;;;;REUNI p.36
GENÉTICA MÉDICA PEDIÁTRICA;SER;REUNI;RedeGeral;Ambulatório 1ª vez em Genética Médica - Pediatria;celula;inclusao;NaoDedutivel;Pacientes portadores das seguintes condições;;;;Pacientes portadores das seguintes condições;;REUNI p.36
GENÉTICA MÉDICA PEDIÁTRICA;SER;REUNI;RedeGeral;Ambulatório 1ª vez em Genética Médica - Pediatria;celula;inclusao;NaoDedutivel;Pacientes portadores das seguintes condições: Dismorfias, Anomalia Congênita e/ou Malformação Congênita;;;;Pacientes portadores das seguintes condições: Dismorfias, Anomalia Congênita e/ou Malformação Congênita;;REUNI p.36
GENÉTICA MÉDICA PEDIÁTRICA;SER;REUNI;RedeGeral;Ambulatório 1ª vez em Genética Médica - Pediatria;celula;inclusao;NaoDedutivel;Pacientes portadores das seguintes condições: Genitália ambígua;;;;Pacientes portadores das seguintes condições: Genitália ambígua;;REUNI p.36
GENÉTICA MÉDICA PEDIÁTRICA;SER;REUNI;RedeGeral;Ambulatório 1ª vez em Genética Médica - Pediatria;celula;inclusao;NaoDedutivel;Pacientes portadores das seguintes condições: Fraturas Patológicas;;;;Pacientes portadores das seguintes condições: Fraturas Patológicas;;REUNI p.36
GENÉTICA MÉDICA PEDIÁTRICA;SER;REUNI;RedeGeral;Ambulatório 1ª vez em Genética Médica - Pediatria;celula;inclusao;NaoDedutivel;Pacientes portadores das seguintes condições: Osteogênese imperfeita;;;;Pacientes portadores das seguintes condições: Osteogênese imperfeita;;REUNI p.36
GENÉTICA MÉDICA PEDIÁTRICA;SER;REUNI;RedeGeral;Ambulatório 1ª vez em Genética Médica - Pediatria;celula;inclusao;NaoDedutivel;Pacientes portadores das seguintes condições: Síndromes com Malformações Congênitas que acometem Múltiplos Sistemas;;;;Pacientes portadores das seguintes condições: Síndromes com Malformações Congênitas que acometem Múltiplos Sistemas;;REUNI p.36
GENÉTICA MÉDICA PEDIÁTRICA;SER;REUNI;RedeGeral;Ambulatório 1ª vez em Genética Médica - Pediatria;celula;inclusao;NaoDedutivel;Pacientes portadores das seguintes condições: Doenças do desenvolvimento para uma investigação de uma síndrome genética;;;;Pacientes portadores das seguintes condições: Doenças do desenvolvimento para uma investigação de uma síndrome genética;;REUNI p.36
GENÉTICA MÉDICA PEDIÁTRICA;SER;REUNI;RedeGeral;Ambulatório 1ª vez em Genética Médica - Pediatria;celula;inclusao;NaoDedutivel;Pacientes portadores das seguintes condições: Deficiência Intelectual e/ou Autismo SINDRÔMICO;;;;Pacientes portadores das seguintes condições: Deficiência Intelectual e/ou Autismo SINDRÔMICO;;REUNI p.36
GENÉTICA MÉDICA PEDIÁTRICA;SER;REUNI;RedeGeral;Ambulatório 1ª vez em Genética Médica - Pediatria;celula;inclusao;NaoDedutivel;Pacientes portadores das seguintes condições: Síndromes com malformações congênitas associadas ao Nanismo;;;;Pacientes portadores das seguintes condições: Síndromes com malformações congênitas associadas ao Nanismo;;REUNI p.36
GENÉTICA MÉDICA PEDIÁTRICA;SER;REUNI;RedeGeral;Ambulatório 1ª vez em Genética Médica - Pediatria;celula;inclusao;NaoDedutivel;"Pacientes portadores das seguintes condições: Erros Inatos do Metabolismo (Aminoácido; Carboidratos; Glicosaminoglicano)";;;;"Pacientes portadores das seguintes condições: Erros Inatos do Metabolismo (Aminoácido; Carboidratos; Glicosaminoglicano)";;REUNI p.36
GENÉTICA MÉDICA PEDIÁTRICA;SER;REUNI;RedeGeral;Ambulatório 1ª vez em Genética Médica - Pediatria;celula;inclusao;NaoDedutivel;Pacientes portadores das seguintes condições: Suspeita de bebês com síndrome de Down;;;;Pacientes portadores das seguintes condições: Suspeita de bebês com síndrome de Down;;REUNI p.36
GENÉTICA MÉDICA PEDIÁTRICA;SER;REUNI;RedeGeral;Ambulatório 1ª vez em Genética Médica - Pediatria;celula;inclusao;NaoDedutivel;Pacientes portadores das seguintes condições: Anomalia Cromossômica Constitucional;;;;Pacientes portadores das seguintes condições: Anomalia Cromossômica Constitucional;;REUNI p.36
GENÉTICA MÉDICA PEDIÁTRICA;SER;REUNI;RedeGeral;Ambulatório 1ª vez em Genética Médica - Pediatria;celula;inclusao;NaoDedutivel;Pacientes portadores das seguintes condições: Doenças Raras;;;;Pacientes portadores das seguintes condições: Doenças Raras;;REUNI p.36
GENÉTICA MÉDICA PEDIÁTRICA;SER;REUNI;RedeGeral;Ambulatório 1ª vez em Genética Médica - Pediatria;celula;inclusao;NaoDedutivel;e exclusão do prestador;;;;e exclusão do prestador;;REUNI p.36
HEMATOLOGIA - ANEMIA;SER;REUNI;RedeGeral;Ambulatório 1ª vez - Hematologia (Adulto);secao;inclusao;Documental;Inserir no SER;;;;;Inserir no SER;REUNI p.33
HEMATOLOGIA - ANEMIA;SER;REUNI;RedeGeral;Ambulatório 1ª vez - Hematologia (Adulto);secao;inclusao;Documental;Encaminhamento médico descrevendo de forma clara e detalhada o caso;;;;;Encaminhamento médico descrevendo de forma clara e detalhada o caso;REUNI p.33
HEMATOLOGIA - ANEMIA;SER;REUNI;RedeGeral;Ambulatório 1ª vez - Hematologia (Adulto);secao;inclusao;Documental;02 hemogramas (intervalo > ou = 15 dias);;;;;02 hemogramas (intervalo > ou = 15 dias);REUNI p.33
HEMATOLOGIA - ANEMIA;SER;REUNI;RedeGeral;Ambulatório 1ª vez - Hematologia (Adulto);secao;inclusao;Documental;Eletroforese de proteínas, ferro sérico, ferritina, saturação da transferrina, vitaminaB12, ácido fólico;;;;;Eletroforese de proteínas, ferro sérico, ferritina, saturação da transferrina, vitaminaB12, ácido fólico;REUNI p.33
HEMATOLOGIA - ANEMIA;SER;REUNI;RedeGeral;Ambulatório 1ª vez - Hematologia (Adulto);secao;inclusao;Documental;Sorologias para hepatite viral (HBV/ HCV), HIV;;;;;Sorologias para hepatite viral (HBV/ HCV), HIV;REUNI p.33
HEMATOLOGIA - ANEMIA;SER;REUNI;RedeGeral;Ambulatório 1ª vez - Hematologia (Adulto);secao;inclusao;Documental;Provas de função hepática e Renal/ FAN;;;;;Provas de função hepática e Renal/ FAN;REUNI p.33
HEMATOLOGIA - ANEMIA;SER;REUNI;RedeGeral;Ambulatório 1ª vez - Hematologia (Adulto);secao;inclusao;Documental;Eletroforese de Hb (em suspeita de hemoglobinopatias);;;;;Eletroforese de Hb (em suspeita de hemoglobinopatias);REUNI p.33
HEMATOLOGIA - ANEMIA;SER;REUNI;RedeGeral;Ambulatório 1ª vez - Hematologia (Adulto);secao;inclusao;NaoDedutivel;/ Agendamento;;;;/ Agendamento;;REUNI p.33
HEMATOLOGIA - ANEMIA;SER;REUNI;RedeGeral;Ambulatório 1ª vez - Hematologia (Adulto);secao;inclusao;NaoDedutivel;Hemoglobina sérica < 9 g/dl, de padrão macrocítico;;;;Hemoglobina sérica < 9 g/dl, de padrão macrocítico;;REUNI p.33
HEMATOLOGIA - ANEMIA;SER;REUNI;RedeGeral;Ambulatório 1ª vez - Hematologia (Adulto);secao;inclusao;NaoDedutivel;Anemia e icterícia com aumento de bilirrubina indireta;;;;Anemia e icterícia com aumento de bilirrubina indireta;;REUNI p.33
HEMATOLOGIA - ANEMIA;SER;REUNI;RedeGeral;Ambulatório 1ª vez - Hematologia (Adulto);secao;inclusao;NaoDedutivel;Anemia normocítica e normocrômica EXCLUÍDAS doenças crônicas como InsuficiênciaRenal, diabetes mellitus, colagenoses e hepatopatias;;;;Anemia normocítica e normocrômica EXCLUÍDAS doenças crônicas como InsuficiênciaRenal, diabetes mellitus, colagenoses e hepatopatias;;REUNI p.33
HEMATOLOGIA - ANEMIA;SER;REUNI;RedeGeral;Ambulatório 1ª vez - Hematologia (Adulto);secao;inclusao;Documental;Inserir no SER;;;;;Inserir no SER;REUNI p.33
HEMATOLOGIA - ANEMIA;SER;REUNI;RedeGeral;Ambulatório 1ª vez - Hematologia (Adulto);secao;inclusao;Documental;Encaminhamento médico descrevendo de forma clara e detalhada o caso;;;;;Encaminhamento médico descrevendo de forma clara e detalhada o caso;REUNI p.33
HEMATOLOGIA - ANEMIA;SER;REUNI;RedeGeral;Ambulatório 1ª vez - Hematologia (Adulto);secao;inclusao;Documental;02 hemogramas (intervalo > ou = 15 dias);;;;;02 hemogramas (intervalo > ou = 15 dias);REUNI p.33
HEMATOLOGIA - ANEMIA;SER;REUNI;RedeGeral;Ambulatório 1ª vez - Hematologia (Adulto);secao;inclusao;Documental;Eletroforese de proteínas, ferro sérico, ferritina, saturação da transferrina, vitamina B12, ácido fólico;;;;;Eletroforese de proteínas, ferro sérico, ferritina, saturação da transferrina, vitamina B12, ácido fólico;REUNI p.33
HEMATOLOGIA - ANEMIA;SER;REUNI;RedeGeral;Ambulatório 1ª vez - Hematologia (Adulto);secao;inclusao;Documental;Eletroforese de Hb (em suspeita de hemoglobinopatias);;;;;Eletroforese de Hb (em suspeita de hemoglobinopatias);REUNI p.33
HEMATOLOGIA - ANEMIA;SER;REUNI;RedeGeral;Ambulatório 1ª vez - Hematologia (Adulto);secao;inclusao;Documental;Teste do Pezinho com alterações para hemoglobinopatias, Deficiência de G6PD;;;;;Teste do Pezinho com alterações para hemoglobinopatias, Deficiência de G6PD;REUNI p.33
HEMATOLOGIA - ANEMIA;SER;REUNI;RedeGeral;Ambulatório 1ª vez - Hematologia (Adulto);secao;inclusao;NaoDedutivel;/ Agendamento;;;;/ Agendamento;;REUNI p.33
HEMATOLOGIA - ANEMIA;SER;REUNI;RedeGeral;Ambulatório 1ª vez - Hematologia (Adulto);secao;inclusao;NaoDedutivel;Hemoglobina sérica < 9 g/dl, de padrão macrocítico;;;;Hemoglobina sérica < 9 g/dl, de padrão macrocítico;;REUNI p.33
HEMATOLOGIA - ANEMIA;SER;REUNI;RedeGeral;Ambulatório 1ª vez - Hematologia (Adulto);secao;inclusao;NaoDedutivel;Anemia e icterícia com aumento de bilirrubina indireta;;;;Anemia e icterícia com aumento de bilirrubina indireta;;REUNI p.33
HEMATOLOGIA - ANEMIA;SER;REUNI;RedeGeral;Ambulatório 1ª vez - Hematologia (Adulto);secao;inclusao;NaoDedutivel;Anemia normocítica e normocrômica EXCLUÍDAS doenças crônicas como Insuficiência Renal, diabetes mellitus, colagenoses e hepatopatias;;;;Anemia normocítica e normocrômica EXCLUÍDAS doenças crônicas como Insuficiência Renal, diabetes mellitus, colagenoses e hepatopatias;;REUNI p.33
HEMATOLOGIA - DISTÚRBIOS DOS LEUCÓCITOS (LEUCOPENIA);SER;REUNI;RedeGeral;Ambulatório 1ª vez - Hematologia (Adulto);secao;inclusao;Documental;Inserir no SER;;;;;Inserir no SER;REUNI p.33
HEMATOLOGIA - DISTÚRBIOS DOS LEUCÓCITOS (LEUCOPENIA);SER;REUNI;RedeGeral;Ambulatório 1ª vez - Hematologia (Adulto);secao;inclusao;Documental;Encaminhamento médico descrevendo de forma clara e detalhada o caso;;;;;Encaminhamento médico descrevendo de forma clara e detalhada o caso;REUNI p.33
HEMATOLOGIA - DISTÚRBIOS DOS LEUCÓCITOS (LEUCOPENIA);SER;REUNI;RedeGeral;Ambulatório 1ª vez - Hematologia (Adulto);secao;inclusao;Documental;02 hemogramas recentes (intervalo mínimo de 1 mês);;;;;02 hemogramas recentes (intervalo mínimo de 1 mês);REUNI p.33
HEMATOLOGIA - DISTÚRBIOS DOS LEUCÓCITOS (LEUCOPENIA);SER;REUNI;RedeGeral;Ambulatório 1ª vez - Hematologia (Adulto);secao;inclusao;NaoDedutivel;/ Agendamento;;;;/ Agendamento;;REUNI p.33
HEMATOLOGIA - DISTÚRBIOS DOS LEUCÓCITOS (LEUCOPENIA);SER;REUNI;RedeGeral;Ambulatório 1ª vez - Hematologia (Adulto);secao;inclusao;NaoDedutivel;Leucometria global < ou = 3000/mm³;;;;Leucometria global < ou = 3000/mm³;;REUNI p.33
HEMATOLOGIA - DISTÚRBIOS DOS LEUCÓCITOS (LEUCOPENIA);SER;REUNI;RedeGeral;Ambulatório 1ª vez - Hematologia (Adulto);secao;inclusao;NaoDedutivel;Neutrófilos < ou = 1200/mm³;;;;Neutrófilos < ou = 1200/mm³;;REUNI p.33
HEMATOLOGIA - DISTÚRBIOS DOS LEUCÓCITOS (LEUCOPENIA);SER;REUNI;RedeGeral;Ambulatório 1ª vez - Hematologia (Adulto);secao;inclusao;NaoDedutivel;Atipias linfocitárias na ausência de quadro viral agudo;;;;Atipias linfocitárias na ausência de quadro viral agudo;;REUNI p.33
HEMATOLOGIA - DISTÚRBIOS DOS LEUCÓCITOS (LEUCOPENIA);SER;REUNI;RedeGeral;Ambulatório 1ª vez - Hematologia (Adulto);secao;inclusao;Documental;Esplenomegalia no adulto, DEPOIS DE AFASTADA doença hepática de qualquer etiologia. Inserir no SER;;;;;Esplenomegalia no adulto, DEPOIS DE AFASTADA doença hepática de qualquer etiologia. Inserir no SER;REUNI p.33
HEMATOLOGIA - DISTÚRBIOS DOS LEUCÓCITOS (LEUCOPENIA);SER;REUNI;RedeGeral;Ambulatório 1ª vez - Hematologia (Adulto);secao;inclusao;Documental;Encaminhamento médico descrevendo de forma clara e detalhada o caso;;;;;Encaminhamento médico descrevendo de forma clara e detalhada o caso;REUNI p.33
HEMATOLOGIA - DISTÚRBIOS DOS LEUCÓCITOS (LEUCOPENIA);SER;REUNI;RedeGeral;Ambulatório 1ª vez - Hematologia (Adulto);secao;inclusao;Documental;02 hemogramas recentes (intervalo mínimo de 1 mês);;;;;02 hemogramas recentes (intervalo mínimo de 1 mês);REUNI p.33
HEMATOLOGIA - DISTÚRBIOS DOS LEUCÓCITOS (LEUCOPENIA);SER;REUNI;RedeGeral;Ambulatório 1ª vez - Hematologia (Adulto);secao;inclusao;NaoDedutivel;/ Agendamento;;;;/ Agendamento;;REUNI p.33
HEMATOLOGIA - DISTÚRBIOS DOS LEUCÓCITOS (LEUCOPENIA);SER;REUNI;RedeGeral;Ambulatório 1ª vez - Hematologia (Adulto);secao;inclusao;NaoDedutivel;Leucometria global < ou = 3000/mm³;;;;Leucometria global < ou = 3000/mm³;;REUNI p.33
HEMATOLOGIA - DISTÚRBIOS DOS LEUCÓCITOS (LEUCOPENIA);SER;REUNI;RedeGeral;Ambulatório 1ª vez - Hematologia (Adulto);secao;inclusao;NaoDedutivel;Neutrófilos < ou = 1200/mm³;;;;Neutrófilos < ou = 1200/mm³;;REUNI p.33
HEMATOLOGIA - DISTÚRBIOS DOS LEUCÓCITOS (LEUCOPENIA);SER;REUNI;RedeGeral;Ambulatório 1ª vez - Hematologia (Adulto);secao;inclusao;NaoDedutivel;Atipias linfocitárias na ausência de quadro viral agudo;;;;Atipias linfocitárias na ausência de quadro viral agudo;;REUNI p.33
HEMATOLOGIA - DISTÚRBIOS DOS LEUCÓCITOS (LEUCOPENIA);SER;REUNI;RedeGeral;Ambulatório 1ª vez - Hematologia (Adulto);secao;inclusao;NaoDedutivel;Esplenomegalia;;;;Esplenomegalia;;REUNI p.33
HEMATOLOGIA - DISTÚRBIOS HEMORRÁGICOS;SER;REUNI;RedeGeral;Ambulatório 1ª vez - Hematologia (Adulto);secao;inclusao;Documental;Inserir no SER;;;;;Inserir no SER;REUNI p.35
HEMATOLOGIA - DISTÚRBIOS HEMORRÁGICOS;SER;REUNI;RedeGeral;Ambulatório 1ª vez - Hematologia (Adulto);secao;inclusao;Documental;Encaminhamento médico descrevendo de forma clara e detalhada o caso;;;;;Encaminhamento médico descrevendo de forma clara e detalhada o caso;REUNI p.35
HEMATOLOGIA - DISTÚRBIOS HEMORRÁGICOS;SER;REUNI;RedeGeral;Ambulatório 1ª vez - Hematologia (Adulto);secao;inclusao;Documental;Coagulograma e Plaquetas (2 exames diferentes);;;;;Coagulograma e Plaquetas (2 exames diferentes);REUNI p.35
HEMATOLOGIA - DISTÚRBIOS HEMORRÁGICOS;SER;REUNI;RedeGeral;Ambulatório 1ª vez - Hematologia (Adulto);secao;inclusao;NaoDedutivel;/ Agendamento;;;;/ Agendamento;;REUNI p.35
HEMATOLOGIA - DISTÚRBIOS HEMORRÁGICOS;SER;REUNI;RedeGeral;Ambulatório 1ª vez - Hematologia (Adulto);secao;inclusao;NaoDedutivel;Síndromes hemorrágicas: hematomas, equimoses, epistaxes, metrorragia (quando isolada deve ser avaliada ginecológica) com plaquetas < 75.000 e/ou TAP ou PTT alterados;;;;Síndromes hemorrágicas: hematomas, equimoses, epistaxes, metrorragia (quando isolada deve ser avaliada ginecológica) com plaquetas < 75.000 e/ou TAP ou PTT alterados;;REUNI p.35
HEMATOLOGIA - DISTÚRBIOS HEMORRÁGICOS;SER;REUNI;RedeGeral;Ambulatório 1ª vez - Hematologia (Adulto);secao;inclusao;NaoDedutivel;Alterações no coagulograma em exames subsequentes;;;;Alterações no coagulograma em exames subsequentes;;REUNI p.35
NEUROCIRURGIA - EPILEPSIA REFRATÁRIA OU FÁRMACO RESISTENTE (ADULTO E INFANTIL);SER;REUNI;RedeGeral;Ambulatório 1ª vez em Neurocirurgia - Epilepsia Refratária ou Fármaco-Resistente (Infantil);composto;inclusao;Documental;Inserir EEG de rotina e RNM de encéfalo (se possível);;;;;Inserir EEG de rotina e RNM de encéfalo (se possível);REUNI p.30
NEUROCIRURGIA - NEUROCIRURGIA - ADULTOE INFANTIL (EXCETO COLUNA);SER;REUNI;RedeGeral;;SEM_PAR;inclusao;Documental;Inserir Exames de Imagem (TC ou RNM);;;;;Inserir Exames de Imagem (TC ou RNM);REUNI p.30
NEUROCIRURGIA - NEUROVASCULAR;SER;REUNI;RedeGeral;Ambulatório 1ª vez em Neurocirurgia - Neurovascular;composto;inclusao;Documental;Inserir Exames de Imagem (TC ou RNM);;;;;Inserir Exames de Imagem (TC ou RNM);REUNI p.30
NEUROCIRURGIA - PLEXO BRAQUIAL/NERVOS PERIFÉRICOS;SER;REUNI;RedeGeral;;SEM_PAR;inclusao;Documental;Inserir Exames de Imagem em caso de trauma e eletroneuromiografia (se houver);;;;;Inserir Exames de Imagem em caso de trauma e eletroneuromiografia (se houver);REUNI p.30
OBSTETRÍCIA - PRÉ-NATAL DE ALTO RISCO ESTRATÉGICO;SER;REUNI;RedeGeral;Ambulatório 1ª vez - Pré Natal de Alto Risco Estratégico;celula;inclusao;Dedutivel;- Gestantes que apresentarem;;;F;;;REUNI p.31
OBSTETRÍCIA - PRÉ-NATAL DE ALTO RISCO ESTRATÉGICO;SER;REUNI;RedeGeral;Ambulatório 1ª vez - Pré Natal de Alto Risco Estratégico;celula;inclusao;NaoDedutivel;Cardiopatias;;;;Cardiopatias;;REUNI p.31
OBSTETRÍCIA - PRÉ-NATAL DE ALTO RISCO ESTRATÉGICO;SER;REUNI;RedeGeral;Ambulatório 1ª vez - Pré Natal de Alto Risco Estratégico;celula;inclusao;NaoDedutivel;Colagenoses;;;;Colagenoses;;REUNI p.31
OBSTETRÍCIA - PRÉ-NATAL DE ALTO RISCO ESTRATÉGICO;SER;REUNI;RedeGeral;Ambulatório 1ª vez - Pré Natal de Alto Risco Estratégico;celula;inclusao;NaoDedutivel;Doenças Hematológicas;;;;Doenças Hematológicas;;REUNI p.31
OBSTETRÍCIA - PRÉ-NATAL DE ALTO RISCO ESTRATÉGICO;SER;REUNI;RedeGeral;Ambulatório 1ª vez - Pré Natal de Alto Risco Estratégico;celula;inclusao;NaoDedutivel;Hemopatias;;;;Hemopatias;;REUNI p.31
OBSTETRÍCIA - PRÉ-NATAL DE ALTO RISCO ESTRATÉGICO;SER;REUNI;RedeGeral;Ambulatório 1ª vez - Pré Natal de Alto Risco Estratégico;celula;inclusao;NaoDedutivel;Nefropatias;;;;Nefropatias;;REUNI p.31
OBSTETRÍCIA - PRÉ-NATAL DE ALTO RISCO ESTRATÉGICO;SER;REUNI;RedeGeral;Ambulatório 1ª vez - Pré Natal de Alto Risco Estratégico;celula;inclusao;NaoDedutivel;Neuropatias;;;;Neuropatias;;REUNI p.31
OBSTETRÍCIA - PRÉ-NATAL DE ALTO RISCO ESTRATÉGICO;SER;REUNI;RedeGeral;Ambulatório 1ª vez - Pré Natal de Alto Risco Estratégico;celula;inclusao;NaoDedutivel;Patologias malignas;;;;Patologias malignas;;REUNI p.31
OBSTETRÍCIA - PRÉ-NATAL DE ALTO RISCO ESTRATÉGICO;SER;REUNI;RedeGeral;Ambulatório 1ª vez - Pré Natal de Alto Risco Estratégico;celula;inclusao;NaoDedutivel;Tireoideopatias;;;;Tireoideopatias;;REUNI p.31
OBSTETRÍCIA - PRÉ-NATAL DE ALTO RISCO ESTRATÉGICO;SER;REUNI;RedeGeral;Ambulatório 1ª vez - Pré Natal de Alto Risco Estratégico;celula;inclusao;NaoDedutivel;Pneumopatias;;;;Pneumopatias;;REUNI p.31
OBSTETRÍCIA - PRÉ-NATAL DE ALTO RISCO ESTRATÉGICO;SER;REUNI;RedeGeral;Ambulatório 1ª vez - Pré Natal de Alto Risco Estratégico;celula;inclusao;Dedutivel;Gestantes Transplantadas;;;F;;;REUNI p.31
OBSTETRÍCIA - PRÉ-NATAL DE ALTO RISCO ESTRATÉGICO;SER;REUNI;RedeGeral;Ambulatório 1ª vez - Pré Natal de Alto Risco Estratégico;celula;inclusao;NaoDedutivel;Patologias uterinas;;;;Patologias uterinas;;REUNI p.31
OBSTETRÍCIA - PRÉ-NATAL DE ALTO RISCO ESTRATÉGICO;SER;REUNI;RedeGeral;Ambulatório 1ª vez - Pré Natal de Alto Risco Estratégico;celula;inclusao;NaoDedutivel;Incompetência Istmo cervical;;;;Incompetência Istmo cervical;;REUNI p.31
OBSTETRÍCIA - PRÉ-NATAL DE ALTO RISCO ESTRATÉGICO;SER;REUNI;RedeGeral;Ambulatório 1ª vez - Pré Natal de Alto Risco Estratégico;celula;inclusao;NaoDedutivel;Gemelar (sem comorbidades até 28 semanas): somente gestação gemelar mono/monoamniótico ou com corionicidade desconhecida até 16 semanas;;;;Gemelar (sem comorbidades até 28 semanas): somente gestação gemelar mono/monoamniótico ou com corionicidade desconhecida até 16 semanas;;REUNI p.31
OBSTETRÍCIA - PRÉ-NATAL DE ALTO RISCO ESTRATÉGICO;SER;REUNI;RedeGeral;Ambulatório 1ª vez - Pré Natal de Alto Risco Estratégico;celula;inclusao;NaoDedutivel;Alo imunização materna, sem comorbidades em qualquer idade gestacional (resultado de COOMBS indireto +);;;;Alo imunização materna, sem comorbidades em qualquer idade gestacional (resultado de COOMBS indireto +);;REUNI p.31
OBSTETRÍCIA - PRÉ-NATAL DE ALTO RISCO ESTRATÉGICO;SER;REUNI;RedeGeral;Ambulatório 1ª vez - Pré Natal de Alto Risco Estratégico;celula;inclusao;NaoDedutivel;Peso maior que 140Kg (incluir peso e altura na solicitação);;;;Peso maior que 140Kg (incluir peso e altura na solicitação);;REUNI p.31
OBSTETRÍCIA - PRÉ-NATAL DE ALTO RISCO ESTRATÉGICO;SER;REUNI;RedeGeral;Ambulatório 1ª vez - Pré Natal de Alto Risco Estratégico;celula;inclusao;NaoDedutivel;H.P.P. de natimorto, neomorto, prematuridade, malformação fetal;;;;H.P.P. de natimorto, neomorto, prematuridade, malformação fetal;;REUNI p.31
OBSTETRÍCIA - PRÉ-NATAL DE ALTO RISCO ESTRATÉGICO;SER;REUNI;RedeGeral;Ambulatório 1ª vez - Pré Natal de Alto Risco Estratégico;celula;inclusao;NaoDedutivel;H.P.P. de trombose venosa profunda;;;;H.P.P. de trombose venosa profunda;;REUNI p.31
OBSTETRÍCIA - PRÉ-NATAL DE ALTO RISCO ESTRATÉGICO;SER;REUNI;RedeGeral;Ambulatório 1ª vez - Pré Natal de Alto Risco Estratégico;celula;inclusao;Documental;H. P. Familiar de cromossomopatias Inserir no SER de forma clara e detalhada;;;;;H. P. Familiar de cromossomopatias Inserir no SER de forma clara e detalhada;REUNI p.31
OBSTETRÍCIA - PRÉ-NATAL DE ALTO RISCO ESTRATÉGICO;SER;REUNI;RedeGeral;Ambulatório 1ª vez - Pré Natal de Alto Risco Estratégico;celula;inclusao;Documental;Encaminhamento médico com a história clínica, relatando o quadro atual, medicações em uso, exames ou relatórios comprovando as patologias acima;;;;;Encaminhamento médico com a história clínica, relatando o quadro atual, medicações em uso, exames ou relatórios comprovando as patologias acima;REUNI p.31
OBSTETRÍCIA - PRÉ-NATAL DE ALTO RISCO ESTRATÉGICO;SER;REUNI;RedeGeral;Ambulatório 1ª vez - Pré Natal de Alto Risco Estratégico;celula;inclusao;Documental;Laudo de USG e data provável de parto;;;;;Laudo de USG e data provável de parto;REUNI p.31
OBSTETRÍCIA - PRÉ-NATAL DE ALTO RISCO ESTRATÉGICO;SER;REUNI;RedeGeral;Ambulatório 1ª vez - Pré Natal de Alto Risco Estratégico;celula;inclusao;Documental;Laudo dos exames REALIZADOS com data recente;;;;;Laudo dos exames REALIZADOS com data recente;REUNI p.31
OBSTETRÍCIA - PRÉ-NATAL DE ALTO RISCO ESTRATÉGICO;SER;REUNI;RedeGeral;Ambulatório 1ª vez - Pré Natal de Alto Risco Estratégico;celula;inclusao;Documental;Para casos de gemelaridade: Laudo de USG c/ gestação gemelar monocoriônica, mono amniótica ou Di-amniótica;;;;;Para casos de gemelaridade: Laudo de USG c/ gestação gemelar monocoriônica, mono amniótica ou Di-amniótica;REUNI p.31
OBSTETRÍCIA - PRÉ-NATAL DE ALTO RISCO ESTRATÉGICO;SER;REUNI;RedeGeral;Ambulatório 1ª vez - Pré Natal de Alto Risco Estratégico;celula;exclusao;NaoDedutivel;Gestação acima de 36 semanas;;;;Gestação acima de 36 semanas;;REUNI p.31
OBSTETRÍCIA - PRÉ-NATAL DE ALTO RISCO ESTRATÉGICO;SER;REUNI;RedeGeral;Ambulatório 1ª vez - Pré Natal de Alto Risco Estratégico;celula;exclusao;NaoDedutivel;Emergências Obstétricas;;;;Emergências Obstétricas;;REUNI p.31
OBSTETRÍCIA - PRÉ-NATAL DE ALTO RISCO ESTRATÉGICO;SER;REUNI;RedeGeral;Ambulatório 1ª vez - Pré Natal de Alto Risco Estratégico;celula;exclusao;NaoDedutivel;Bolsa rota ACONSELHAMENTO EM MALFORMAÇÃO FETAL;;;;Bolsa rota ACONSELHAMENTO EM MALFORMAÇÃO FETAL;;REUNI p.31
OBSTETRÍCIA - PRÉ-NATAL DE ALTO RISCO ESTRATÉGICO;SER;REUNI;RedeGeral;Ambulatório 1ª vez - Pré Natal de Alto Risco Estratégico;celula;inclusao;Dedutivel;- Gestantes que apresentarem aos exames de USG as seguintes patologias;;;F;;;REUNI p.31
OBSTETRÍCIA - PRÉ-NATAL DE ALTO RISCO ESTRATÉGICO;SER;REUNI;RedeGeral;Ambulatório 1ª vez - Pré Natal de Alto Risco Estratégico;celula;inclusao;NaoDedutivel;Mielomeningocele;;;;Mielomeningocele;;REUNI p.31
OBSTETRÍCIA - PRÉ-NATAL DE ALTO RISCO ESTRATÉGICO;SER;REUNI;RedeGeral;Ambulatório 1ª vez - Pré Natal de Alto Risco Estratégico;celula;inclusao;NaoDedutivel;Onfalocele;;;;Onfalocele;;REUNI p.31
OBSTETRÍCIA - PRÉ-NATAL DE ALTO RISCO ESTRATÉGICO;SER;REUNI;RedeGeral;Ambulatório 1ª vez - Pré Natal de Alto Risco Estratégico;celula;inclusao;NaoDedutivel;Encefalocele;;;;Encefalocele;;REUNI p.31
OBSTETRÍCIA - PRÉ-NATAL DE ALTO RISCO ESTRATÉGICO;SER;REUNI;RedeGeral;Ambulatório 1ª vez - Pré Natal de Alto Risco Estratégico;celula;inclusao;NaoDedutivel;Gastrosquise;;;;Gastrosquise;;REUNI p.31
OBSTETRÍCIA - PRÉ-NATAL DE ALTO RISCO ESTRATÉGICO;SER;REUNI;RedeGeral;Ambulatório 1ª vez - Pré Natal de Alto Risco Estratégico;celula;inclusao;NaoDedutivel;Rim policístico bilateral;;;;Rim policístico bilateral;;REUNI p.31
OBSTETRÍCIA - PRÉ-NATAL DE ALTO RISCO ESTRATÉGICO;SER;REUNI;RedeGeral;Ambulatório 1ª vez - Pré Natal de Alto Risco Estratégico;celula;inclusao;NaoDedutivel;Dilatação pielocalicial (> 6,5mm);;;;Dilatação pielocalicial (> 6,5mm);;REUNI p.31
OBSTETRÍCIA - PRÉ-NATAL DE ALTO RISCO ESTRATÉGICO;SER;REUNI;RedeGeral;Ambulatório 1ª vez - Pré Natal de Alto Risco Estratégico;celula;inclusao;NaoDedutivel;Hérnia diafragmática;;;;Hérnia diafragmática;;REUNI p.31
OBSTETRÍCIA - PRÉ-NATAL DE ALTO RISCO ESTRATÉGICO;SER;REUNI;RedeGeral;Ambulatório 1ª vez - Pré Natal de Alto Risco Estratégico;celula;inclusao;NaoDedutivel;Hidrocefalia;;;;Hidrocefalia;;REUNI p.31
OBSTETRÍCIA - PRÉ-NATAL DE ALTO RISCO ESTRATÉGICO;SER;REUNI;RedeGeral;Ambulatório 1ª vez - Pré Natal de Alto Risco Estratégico;celula;inclusao;NaoDedutivel;Fetos com múltiplas malformações;;;;Fetos com múltiplas malformações;;REUNI p.31
OBSTETRÍCIA - PRÉ-NATAL DE ALTO RISCO ESTRATÉGICO;SER;REUNI;RedeGeral;Ambulatório 1ª vez - Pré Natal de Alto Risco Estratégico;celula;exclusao;NaoDedutivel;Gestação acima de 31 semanas e 6 dias;;;;Gestação acima de 31 semanas e 6 dias;;REUNI p.31
OBSTETRÍCIA - PRÉ-NATAL DE ALTO RISCO ESTRATÉGICO;SER;REUNI;RedeGeral;Ambulatório 1ª vez - Pré Natal de Alto Risco Estratégico;celula;exclusao;NaoDedutivel;Malformações cardíacas;;;;Malformações cardíacas;;REUNI p.31
ONCOLOGIA - AVALIAÇÃO CARDIOLÓGICA PARA PACIENTES EM TRATAMENTO ONCOLÓGICO;SER;REUNI;RedeGeral;;SEM_PAR;inclusao;NaoDedutivel;Indicação;;;;Indicação;;REUNI p.23
ONCOLOGIA - AVALIAÇÃO CARDIOLÓGICA PARA PACIENTES EM TRATAMENTO ONCOLÓGICO;SER;REUNI;RedeGeral;;SEM_PAR;inclusao;NaoDedutivel;Pacientes Oncológicos apresentando complicações cardiológicas relacionadas ao tratamento radioterápico ou quimioterápico;;;;Pacientes Oncológicos apresentando complicações cardiológicas relacionadas ao tratamento radioterápico ou quimioterápico;;REUNI p.23
ONCOLOGIA - AVALIAÇÃO CARDIOLÓGICA PARA PACIENTES EM TRATAMENTO ONCOLÓGICO;SER;REUNI;RedeGeral;;SEM_PAR;inclusao;NaoDedutivel;Pacientes com doença cardíaca necessitando de avaliação pré-quimioterapia;;;;Pacientes com doença cardíaca necessitando de avaliação pré-quimioterapia;;REUNI p.23
ONCOLOGIA - AVALIAÇÃO CARDIOLÓGICA PARA PACIENTES EM TRATAMENTO ONCOLÓGICO;SER;REUNI;RedeGeral;;SEM_PAR;inclusao;NaoDedutivel;Pacientes com neoplasia primária do coração;;;;Pacientes com neoplasia primária do coração;;REUNI p.23
ONCOLOGIA - AVALIAÇÃO EM ONCOLOGIA (NEUROLOGIA);SER;REUNI;RedeGeral;;SEM_PAR;inclusao;Dedutivel;Idade: acima de 18 anos;18;;;;;REUNI p.23
ONCOLOGIA - AVALIAÇÃO EM ONCOLOGIA (NEUROLOGIA);SER;REUNI;RedeGeral;;SEM_PAR;inclusao;NaoDedutivel;Complicações neurológicas de Quimioterapia, Imunoterapia e Radioterapia para Doenças Oncológicas, tais como mielopatias, plexopatias, radiculopatias, miopatias, doenças do neurônio motor, doenças da junção neuromuscular, distúrbios de movimento, demências e prejuízos na cognição, epilepsia e encefalopatias decorrentes dos tratamentos;;;;Complicações neurológicas de Quimioterapia, Imunoterapia e Radioterapia para Doenças Oncológicas, tais como mielopatias, plexopatias, radiculopatias, miopatias, doenças do neurônio motor, doenças da junção neuromuscular, distúrbios de movimento, demências e prejuízos na cognição, epilepsia e encefalopatias decorrentes dos tratamentos;;REUNI p.23
ONCOLOGIA - AVALIAÇÃO EM ONCOLOGIA (NEUROLOGIA);SER;REUNI;RedeGeral;;SEM_PAR;inclusao;NaoDedutivel;Complicações neurológicas de Transplante de medula óssea para Doenças Hemato-Oncológicas, tais como mielopatias, plexopatias, radiculopatias, miopatias, doenças do neurônio motor, doenças da junção neuromuscular, distúrbios de movimento, demências e prejuízosda cognição, epilepsia e encefalopatias decorrentes do tratamento;;;;Complicações neurológicas de Transplante de medula óssea para Doenças Hemato-Oncológicas, tais como mielopatias, plexopatias, radiculopatias, miopatias, doenças do neurônio motor, doenças da junção neuromuscular, distúrbios de movimento, demências e prejuízosda cognição, epilepsia e encefalopatias decorrentes do tratamento;;REUNI p.23
ONCOLOGIA - AVALIAÇÃO EM ONCOLOGIA (NEUROLOGIA);SER;REUNI;RedeGeral;;SEM_PAR;inclusao;NaoDedutivel;Suspeita de Encefalite Paraneoplásica, na presença de neoplasia já identificada;;;;Suspeita de Encefalite Paraneoplásica, na presença de neoplasia já identificada;;REUNI p.23
ONCOLOGIA - AVALIAÇÃO EM ONCOLOGIA (NEUROLOGIA);SER;REUNI;RedeGeral;;SEM_PAR;exclusao;NaoDedutivel;Tratamento Primário de Doenças Oncológicas, Hemato-Oncológicas, Neoplasias do Sistema Nervoso Central ou Periférico. O ambulatório atende apenas complicações do tratamento destas doenças e não as doenças propriamente ditas;;;;Tratamento Primário de Doenças Oncológicas, Hemato-Oncológicas, Neoplasias do Sistema Nervoso Central ou Periférico. O ambulatório atende apenas complicações do tratamento destas doenças e não as doenças propriamente ditas;;REUNI p.23
ONCOLOGIA - AVALIAÇÃO EM ONCOLOGIA (NEUROLOGIA);SER;REUNI;RedeGeral;;SEM_PAR;exclusao;NaoDedutivel;Encaminhamentos para Neuro-oncologia Cirúrgica. Os atendimentos do ambulatório são apenas clínicos por neurologista;;;;Encaminhamentos para Neuro-oncologia Cirúrgica. Os atendimentos do ambulatório são apenas clínicos por neurologista;;REUNI p.23
ONCOLOGIA - AVALIAÇÃO EM ONCOLOGIA (NEUROLOGIA);SER;REUNI;RedeGeral;;SEM_PAR;exclusao;NaoDedutivel;Encaminhamento para Cuidados Paliativos. Não é o foco de atendimento deste ambulatório e já existem serviços na rede com este perfil;;;;Encaminhamento para Cuidados Paliativos. Não é o foco de atendimento deste ambulatório e já existem serviços na rede com este perfil;;REUNI p.23
ONCOLOGIA - AVALIAÇÃO EM ONCOLOGIA (NEUROLOGIA);SER;REUNI;RedeGeral;;SEM_PAR;exclusao;NaoDedutivel;Encaminhamento para tratamento de Doenças Infecciosas, Dores, Cefaleias, Transtornos emocionais ou psiquiátricos, mesmo que decorrente de tratamentos oncológicos. Não são foco deste ambulatório e já existem serviços na rede com este perfil;;;;Encaminhamento para tratamento de Doenças Infecciosas, Dores, Cefaleias, Transtornos emocionais ou psiquiátricos, mesmo que decorrente de tratamentos oncológicos. Não são foco deste ambulatório e já existem serviços na rede com este perfil;;REUNI p.23
ONCOLOGIA - AVALIAÇÃO EM ONCOLOGIA (NEUROLOGIA);SER;REUNI;RedeGeral;;SEM_PAR;exclusao;NaoDedutivel;Pacientes graves e instáveis, por se tratar de atendimento ambulatorial;;;;Pacientes graves e instáveis, por se tratar de atendimento ambulatorial;;REUNI p.23
ONCOLOGIA - AVALIAÇÃO EM ONCOLOGIA (NEUROLOGIA);SER;REUNI;RedeGeral;;SEM_PAR;exclusao;NaoDedutivel;Indivíduos com menos de 18 anos. Recurso Requisitos necessários TRIAGEM EM ONCOLOGIA PEDIÁTRICA;;;;Indivíduos com menos de 18 anos. Recurso Requisitos necessários TRIAGEM EM ONCOLOGIA PEDIÁTRICA;;REUNI p.23
ONCOLOGIA - ESCOLIOSE;SER;REUNI;RedeGeral;;SEM_PAR;inclusao;Documental;Apresentar laudo e imagem de RX Panorâmico de Coluna em AP e Perfil, com medida do ângulo de Cobb > 30º;;;;;Apresentar laudo e imagem de RX Panorâmico de Coluna em AP e Perfil, com medida do ângulo de Cobb > 30º;REUNI p.26
ONCOLOGIA - ESTÔMAGO/DUODENO;SER;REUNI;RedeGeral;;SEM_PAR;inclusao;Documental;Inserir o resultado do exame de Endoscopia Digestiva Alta (EDA) e/ou Tomografia Computadorizada de Abdome e Tórax com lesão suspeita e laudo histopatológico;;;;;Inserir o resultado do exame de Endoscopia Digestiva Alta (EDA) e/ou Tomografia Computadorizada de Abdome e Tórax com lesão suspeita e laudo histopatológico;REUNI p.17
ONCOLOGIA - ESÔFAGO;SER;REUNI;RedeGeral;;SEM_PAR;inclusao;Documental;Inserir o resultado do exame de Endoscopia Digestiva Alta (EDA) e/ou Tomografia Computadorizada de Abdome e Tórax com lesão suspeita e laudo histopatológico;;;;;Inserir o resultado do exame de Endoscopia Digestiva Alta (EDA) e/ou Tomografia Computadorizada de Abdome e Tórax com lesão suspeita e laudo histopatológico;REUNI p.17
ONCOLOGIA - HÉRNIAS DE DISCO;SER;REUNI;RedeGeral;;SEM_PAR;inclusao;NaoDedutivel;"Inclui: a. Hérnia com compressão medular; b. Hérnia com compressão radicular; c. Hérnia extrusa; d. Abaulamentos discais onde o exame de eletroneuromiografia demonstre comprometimento radicular";;;;"Inclui: a. Hérnia com compressão medular; b. Hérnia com compressão radicular; c. Hérnia extrusa; d. Abaulamentos discais onde o exame de eletroneuromiografia demonstre comprometimento radicular";;REUNI p.26
ONCOLOGIA - JOELHO (INFANTIL – ATÉ 15 ANOS);SER;REUNI;RedeGeral;;SEM_PAR;inclusao;Documental;Também apresentar RX panorâmico de membros inferiores para os casos de deformidades angulares;;;;;Também apresentar RX panorâmico de membros inferiores para os casos de deformidades angulares;REUNI p.25
ONCOLOGIA - JOELHO (INFANTIL – ATÉ 15 ANOS);SER;REUNI;RedeGeral;;SEM_PAR;inclusao;Documental;Para lesões menisco-ligamentares, inserir, além do RX joelho em AP e perfil, o laudo da RNM;;;;;Para lesões menisco-ligamentares, inserir, além do RX joelho em AP e perfil, o laudo da RNM;REUNI p.25
ONCOLOGIA - LESÕES LIGAMENTARES/ MENISCO EM PACIENTES A PARTIR DE 50 ANOS;SER;REUNI;RedeGeral;;SEM_PAR;inclusao;Dedutivel;Geralmente, para pacientes a partir de 50 anos não se aplica solicitação do procedimento, portanto deve- se discutir com;50;;;;;REUNI p.25
ONCOLOGIA - LESÕES LIGAMENTARES/ MENISCO EM PACIENTES A PARTIR DE 50 ANOS;SER;REUNI;RedeGeral;;SEM_PAR;inclusao;NaoDedutivel;Ortopedista o tratamento conservador;;;;Ortopedista o tratamento conservador;;REUNI p.25
ONCOLOGIA - LESÕES LIGAMENTARES/ MENISCO EM PACIENTES A PARTIR DE 50 ANOS;SER;REUNI;RedeGeral;;SEM_PAR;inclusao;Documental;Caso o procedimento cirúrgico seja indicado após avaliação pelo ortopedista, para pacientes a partir de 50 anos é obrigatório, além do laudo do exame de RNM, inserir a imagem do exame de RX com carga dos joelhos;50;;;;Caso o procedimento cirúrgico seja indicado após avaliação pelo ortopedista, para pacientes a partir de 50 anos é obrigatório, além do laudo do exame de RNM, inserir a imagem do exame de RX com carga dos joelhos;REUNI p.25
ONCOLOGIA - NÓDULOS TUMORAIS PULMÃO TUMORES MEDIASTI TUMORES DA PLEU;SER;REUNI;RedeGeral;;SEM_PAR;inclusao;NaoDedutivel;Todos os pacientes encaminhados deverão ter um exame Tomografia Computadorizada do tórax e abdome superior;;;;Todos os pacientes encaminhados deverão ter um exame Tomografia Computadorizada do tórax e abdome superior;;REUNI p.17
ONCOLOGIA - NÓDULOS TUMORAIS PULMÃO TUMORES MEDIASTI TUMORES DA PLEU;SER;REUNI;RedeGeral;;SEM_PAR;inclusao;NaoDedutivel;NO RA Local da lesão Requisitos necessários CÓLON;;;;NO RA Local da lesão Requisitos necessários CÓLON;;REUNI p.17
ONCOLOGIA - NÓDULOS TUMORAIS PULMÃO TUMORES MEDIASTI TUMORES DA PLEU;SER;REUNI;RedeGeral;;SEM_PAR;inclusao;Documental;Inserir o resultado do exame de Colonoscopia e/ou Tomografia Computadorizada de Abdome Total e Pelve com contraste e/ou RNM de Pelve;;;;;Inserir o resultado do exame de Colonoscopia e/ou Tomografia Computadorizada de Abdome Total e Pelve com contraste e/ou RNM de Pelve;REUNI p.17
ONCOLOGIA - NÓDULOS TUMORAIS PULMÃO TUMORES MEDIASTI TUMORES DA PLEU;SER;REUNI;RedeGeral;;SEM_PAR;inclusao;Documental;Inserir laudo histopatológico RETO;;;;;Inserir laudo histopatológico RETO;REUNI p.17
ONCOLOGIA - NÓDULOS TUMORAIS PULMÃO TUMORES MEDIASTI TUMORES DA PLEU;SER;REUNI;RedeGeral;;SEM_PAR;inclusao;Documental;Inserir o resultado do exame de Colonoscopia (ou Retossigmoidoscopia) e/ou Tomografia Computadorizada de Abdome Total e Pelve com contraste e/ou RNM de pelve;;;;;Inserir o resultado do exame de Colonoscopia (ou Retossigmoidoscopia) e/ou Tomografia Computadorizada de Abdome Total e Pelve com contraste e/ou RNM de pelve;REUNI p.17
ONCOLOGIA - NÓDULOS TUMORAIS PULMÃO TUMORES MEDIASTI TUMORES DA PLEU;SER;REUNI;RedeGeral;;SEM_PAR;inclusao;Documental;Inserir laudo histopatológico;;;;;Inserir laudo histopatológico;REUNI p.17
ONCOLOGIA - ONCOLOGIA HEMATOLOGIA ADULTO;SER;REUNI;RedeGeral;Ambulatório 1ª vez - Hematologia (Oncologia);composto;exclusao;NaoDedutivel;a. Adenomegalias reacionais a viroses agudas. b. Atipias linfocitárias em presença de viroses agudas. c. Trombocitose em hemograma único. d. Pacientes com adenomegalias suspeitas sem biópsia;;;;a. Adenomegalias reacionais a viroses agudas. b. Atipias linfocitárias em presença de viroses agudas. c. Trombocitose em hemograma único. d. Pacientes com adenomegalias suspeitas sem biópsia;;REUNI p.20
ONCOLOGIA - ONCOLOGIA HEMATOLOGIA ADULTO;SER;REUNI;RedeGeral;Ambulatório 1ª vez - Hematologia (Oncologia);composto;inclusao;NaoDedutivel;"/ Agendamento: a. Dor óssea, com eletroforese de proteínas séricas, evidenciando Gamopatia Monoclonal (casos de Mieloma múltiplo). b. Bicitopenia após afastar todas as causas clínicas (hipotireoidismo, doenças hepáticas, uso de medicamentos, esplenomegalia com doença hepática). c. Citopenias + manifestações clínicas suspeitas de leucemia aguda (fadiga generalizada, fraqueza, palidez, equimose, petéquias, sangramentos, infecções recorrentes) – VIDE OBSERVAÇÃO. c.1. Citopenias + linfonodomegalia e esplenomegalia não explicada por quadroinfeccioso agudo; ou c.2. Presença de blastos/ promielócitos no sangue periférico; ou c.3. Paciente com febre + neurogenia (< 1500 /μL); ou c.4. Bicitopenia/pancitopenia com alterações hematológicas graves";;;;"/ Agendamento: a. Dor óssea, com eletroforese de proteínas séricas, evidenciando Gamopatia Monoclonal (casos de Mieloma múltiplo). b. Bicitopenia após afastar todas as causas clínicas (hipotireoidismo, doenças hepáticas, uso de medicamentos, esplenomegalia com doença hepática). c. Citopenias + manifestações clínicas suspeitas de leucemia aguda (fadiga generalizada, fraqueza, palidez, equimose, petéquias, sangramentos, infecções recorrentes) – VIDE OBSERVAÇÃO. c.1. Citopenias + linfonodomegalia e esplenomegalia não explicada por quadroinfeccioso agudo; ou c.2. Presença de blastos/ promielócitos no sangue periférico; ou c.3. Paciente com febre + neurogenia (< 1500 /μL); ou c.4. Bicitopenia/pancitopenia com alterações hematológicas graves";;REUNI p.20
ONCOLOGIA - ONCOLOGIA HEMATOLOGIA ADULTO;SER;REUNI;RedeGeral;Ambulatório 1ª vez - Hematologia (Oncologia);composto;inclusao;NaoDedutivel;"Hemoglobina < 7 g/dl; e/ou";;;;"Hemoglobina < 7 g/dl; e/ou";;REUNI p.20
ONCOLOGIA - ONCOLOGIA HEMATOLOGIA ADULTO;SER;REUNI;RedeGeral;Ambulatório 1ª vez - Hematologia (Oncologia);composto;inclusao;NaoDedutivel;"Neutrófilos < 500 cels/μL; e/ou";;;;"Neutrófilos < 500 cels/μL; e/ou";;REUNI p.20
ONCOLOGIA - ONCOLOGIA HEMATOLOGIA ADULTO;SER;REUNI;RedeGeral;Ambulatório 1ª vez - Hematologia (Oncologia);composto;inclusao;Dedutivel;"Plaquetas < 50 mil cels/mm³. d. Trombocitose: d.1. Isolada > 600.000/mm³ em 3 exames c/ intervalo <1m; ou d.2. Acompanhada de leucocitose e aumento do hematócrito; ou d.3. Associada a sintomas vasomotores, sangramento ou trombose (após avaliação em serviço de urgência / emergência); ou d.4. Associada a leucocitose ou policitemia. Excluir: trombocitose persistente após exclusão de causas secundárias (quadro infeccioso atual, anemia ferropriva, esplenectomia /asplenia, trauma/cirurgia recente). e. Trombocitose: e.1. Isolada > 600.000/mm³ em 3 exames c/ intervalo <1m; ou e.2. Acompanhada de leucocitose e aumento do hematócrito; ou e.3. Associada a sintomas vasomotores, sangramento ou trombose (após avaliaçãoem serviço de urgência / emergência); ou e.4. Associada a leucocitose ou policitemia. Excluir: trombocitose persistente após exclusão de causas secundárias (quadro infeccioso atual, anemia ferropriva, esplenectomia /asplenia, trauma/cirurgia recente). f. Leucocitose com desvio à esquerda em ausência de infecção: f.1. Leucocitose + manifestações clínicas suspeitas de leucemia aguda (fadiga generalizada, fraqueza, palidez, equimose, petéquias, sangramentos, infecçõesrecorrentes); ou f.2. Presença de blastos e promielócitos no sangue periférico; ou f.3. Leucostase (presença de sintomas respiratórios, neurológicos, priapismo empessoas com hiperleucocitose) ou leucócitos > 100 mil cels. /mm³. g. Policitemia: g.1. Suspeita de Policitemia vera (hb > 16,0g/dl em mulheres e > 16,5g/dl em homens), em pessoas com sintomas sugestivos: prurido após o banho, gota,trombose venosa ou arterial prévia, sangramento, esplenomegalia; ou g.2. Policitemia persistente (hb > 16,0g/dl em mulheres e > 16,5g/ dl em homens) após repetição do hemograma em 1 mês e exclusão de causas secundárias (DPOC, tabagismo, hepatocarcinoma, carcinoma renal). OBSERVAÇÃO: PACIENTES COM SUSPEITA DE LEUCEMIA AGUDA NÃO SÃO REGULADOS AMBULATORIALMENTE. NECESSÁRIO ESTAR INTERNADO E INSERIDO NO SISTEMA SER PARA TRANSFERÊNCIA HOSPITALAR";;;F;;;REUNI p.20
ONCOLOGIA - ONCOLOGIA HEMATOLOGIA PEDIÁTRICA;SER;REUNI;RedeGeral;Ambulatório 1ª vez - Hematologia Pediátrica (Oncologia);composto;exclusao;NaoDedutivel;a. Adenomegalias reacionais a viroses agudas. b. Atipias linfocitárias em presença de viroses agudas. c. Trombocitose em hemograma único. d. Pacientes com adenomegalias suspeitas sem biópsia;;;;a. Adenomegalias reacionais a viroses agudas. b. Atipias linfocitárias em presença de viroses agudas. c. Trombocitose em hemograma único. d. Pacientes com adenomegalias suspeitas sem biópsia;;REUNI p.22
ONCOLOGIA - ONCOLOGIA HEMATOLOGIA PEDIÁTRICA;SER;REUNI;RedeGeral;Ambulatório 1ª vez - Hematologia Pediátrica (Oncologia);composto;inclusao;NaoDedutivel;"/ Agendamento: a. Bicitopenia após afastar todas as causas clínicas (hipotireoidismo, doenças hepáticas, uso de medicamentos, esplenomegalia com doença hepática); ou b. Citopenias com manifestações clínicas suspeitas de leucemia aguda (fadiga generalizada, fraqueza, palidez, equimose, petéquias, sangramentos, infecções recorrentes); ou b.1. Citopenias com linfonodomegalia e esplenomegalia não explicada por quadroinfeccioso agudo; ou b.2. Presença de blastos/ promielócitos no sangue periférico; ou b.3. Paciente com febre + neutropenia (< 1500 /μL); ou b.4. Bicitopenia/pancitopenia com alterações hematológicas graves";;;;"/ Agendamento: a. Bicitopenia após afastar todas as causas clínicas (hipotireoidismo, doenças hepáticas, uso de medicamentos, esplenomegalia com doença hepática); ou b. Citopenias com manifestações clínicas suspeitas de leucemia aguda (fadiga generalizada, fraqueza, palidez, equimose, petéquias, sangramentos, infecções recorrentes); ou b.1. Citopenias com linfonodomegalia e esplenomegalia não explicada por quadroinfeccioso agudo; ou b.2. Presença de blastos/ promielócitos no sangue periférico; ou b.3. Paciente com febre + neutropenia (< 1500 /μL); ou b.4. Bicitopenia/pancitopenia com alterações hematológicas graves";;REUNI p.22
ONCOLOGIA - ONCOLOGIA HEMATOLOGIA PEDIÁTRICA;SER;REUNI;RedeGeral;Ambulatório 1ª vez - Hematologia Pediátrica (Oncologia);composto;inclusao;NaoDedutivel;"Hemoglobina < 7 g/dl; e/ou";;;;"Hemoglobina < 7 g/dl; e/ou";;REUNI p.22
ONCOLOGIA - ONCOLOGIA HEMATOLOGIA PEDIÁTRICA;SER;REUNI;RedeGeral;Ambulatório 1ª vez - Hematologia Pediátrica (Oncologia);composto;inclusao;NaoDedutivel;"Neutrófilos < 500 cels/μL; e/ou";;;;"Neutrófilos < 500 cels/μL; e/ou";;REUNI p.22
ONCOLOGIA - ONCOLOGIA HEMATOLOGIA PEDIÁTRICA;SER;REUNI;RedeGeral;Ambulatório 1ª vez - Hematologia Pediátrica (Oncologia);composto;inclusao;NaoDedutivel;"Plaquetas < 50 mil cels/mm³. c. Trombocitose: c.1. Isolada > 600.000/mm³ em 3 exames c/ intervalo <1m; ou c.2. Acompanhada de leucocitose e aumento do hematócrito. c.3. Associada a sintomas vasomotores, sangramento ou trombose (após avaliaçãoem serviço de urgência / emergência); ou c.4. Associada a leucocitose ou policitemia; Excluir: trombocitose persistente após exclusão de causas secundárias (quadro infeccioso atual, anemia ferropriva, esplenectomia /asplenia, trauma/cirurgia recente). d. Leucocitose com desvio à esquerda em ausência de infecção: d.1. Leucocitose + manifestações clínicas suspeitas de leucemia aguda (fadiga generalizada, fraqueza, palidez, equimose, petéquias, sangramentos, infecções recorrentes); ou d.2. Presença de blastos e promielócitos no sangue periférico. OBSERVAÇÃO: PACIENTES COM SUSPEITA DE LEUCEMIA AGUDA NÃO SÃO REGULADOS AMBULATORIALMENTE. NECESSÁRIO ESTAR INTERNADO E INSERIDO NO SISTEMA SER PARA TRANSFERÊNCIA HOSPITALAR";;;;"Plaquetas < 50 mil cels/mm³. c. Trombocitose: c.1. Isolada > 600.000/mm³ em 3 exames c/ intervalo <1m; ou c.2. Acompanhada de leucocitose e aumento do hematócrito. c.3. Associada a sintomas vasomotores, sangramento ou trombose (após avaliaçãoem serviço de urgência / emergência); ou c.4. Associada a leucocitose ou policitemia; Excluir: trombocitose persistente após exclusão de causas secundárias (quadro infeccioso atual, anemia ferropriva, esplenectomia /asplenia, trauma/cirurgia recente). d. Leucocitose com desvio à esquerda em ausência de infecção: d.1. Leucocitose + manifestações clínicas suspeitas de leucemia aguda (fadiga generalizada, fraqueza, palidez, equimose, petéquias, sangramentos, infecções recorrentes); ou d.2. Presença de blastos e promielócitos no sangue periférico. OBSERVAÇÃO: PACIENTES COM SUSPEITA DE LEUCEMIA AGUDA NÃO SÃO REGULADOS AMBULATORIALMENTE. NECESSÁRIO ESTAR INTERNADO E INSERIDO NO SISTEMA SER PARA TRANSFERÊNCIA HOSPITALAR";;REUNI p.22
ONCOLOGIA - PRÓSTATA;SER;REUNI;RedeGeral;;SEM_PAR;inclusao;Documental;Inserir no SER o encaminhamento com a descrição clínica do caso e resultados dos exames de toque retal alterado e PSA > 4 ng/ml, com diagnóstico confirmado por biópsia;;;;;Inserir no SER o encaminhamento com a descrição clínica do caso e resultados dos exames de toque retal alterado e PSA > 4 ng/ml, com diagnóstico confirmado por biópsia;REUNI p.17
OUTRAS ESPECIALIDADES - AVALIAÇÃO DIAGNÓSTICA INFECÇÃO CONGÊNI ZIKA/ STORCH/CHIKUNGUN;SER;REUNI;RedeGeral;;SEM_PAR;inclusao;Documental;Inserir no SER de forma clara e detalhada o encaminhamento médico de casos suspeitos de infecção congênita em crianças;;;;;Inserir no SER de forma clara e detalhada o encaminhamento médico de casos suspeitos de infecção congênita em crianças;REUNI p.37
OUTRAS ESPECIALIDADES - CENTRO DE REFERÊN MULTIDISCIPLINAR PÓS-COVID 19;SER;REUNI;RedeGeral;;SEM_PAR;inclusao;Documental;CIA R Inserir no SER de forma clara e detalhada;;;;;CIA R Inserir no SER de forma clara e detalhada;REUNI p.37
OUTRAS ESPECIALIDADES - CENTRO DE REFERÊN MULTIDISCIPLINAR PÓS-COVID 19;SER;REUNI;RedeGeral;;SEM_PAR;inclusao;Documental;Encaminhamento médico;;;;;Encaminhamento médico;REUNI p.37
OUTRAS ESPECIALIDADES - CENTRO DE REFERÊN MULTIDISCIPLINAR PÓS-COVID 19;SER;REUNI;RedeGeral;;SEM_PAR;inclusao;Documental;Comprovação de infecção prévia por COVID-19;;;;;Comprovação de infecção prévia por COVID-19;REUNI p.37
OUTRAS ESPECIALIDADES - CENTRO DE REFERÊN MULTIDISCIPLINAR PÓS-COVID 19;SER;REUNI;RedeGeral;;SEM_PAR;inclusao;Documental;Descrição de internação e tipo de leito;;;;;Descrição de internação e tipo de leito;REUNI p.37
OUTRAS ESPECIALIDADES - CENTRO DE REFERÊN MULTIDISCIPLINAR PÓS-COVID 19;SER;REUNI;RedeGeral;;SEM_PAR;inclusao;NaoDedutivel;Pacientes com agravamento de comorbidades ou sequelas após a infecção por COVID-19;;;;Pacientes com agravamento de comorbidades ou sequelas após a infecção por COVID-19;;REUNI p.37
OUTRAS ESPECIALIDADES - HORMONIZAÇÃO SAÚDE - TRANS;SER;REUNI;RedeGeral;Ambulatório de 1ª vez - Hormonização - Saúde - Trans;celula;inclusao;Documental;Inserir no SER de forma clara e detalhada;;;;;Inserir no SER de forma clara e detalhada;REUNI p.37
OUTRAS ESPECIALIDADES - HORMONIZAÇÃO SAÚDE - TRANS;SER;REUNI;RedeGeral;Ambulatório de 1ª vez - Hormonização - Saúde - Trans;celula;inclusao;Documental;Encaminhamento médico;;;;;Encaminhamento médico;REUNI p.37
OUTRAS ESPECIALIDADES - HORMONIZAÇÃO SAÚDE - TRANS;SER;REUNI;RedeGeral;Ambulatório de 1ª vez - Hormonização - Saúde - Trans;celula;inclusao;Dedutivel;Idade a partir de 16 anos;16;;;;;REUNI p.37
OUTROS EXAMES - CINTILOGRAFIA DE COR INTEIRO PESQUISA D NEOPLASIAS (AMBULATORIAL);SER;REUNI;RedeGeral;;SEM_PAR;inclusao;Documental;4.17. OUTROS EXAMES Local/tipo de lesão Requisitos necessários TOMOGRAFIA POR EMISSÃODE PÓSITRONS (PET-CT) Inserir no SER, descrevendo de forma clara e detalhada;;;;;4.17. OUTROS EXAMES Local/tipo de lesão Requisitos necessários TOMOGRAFIA POR EMISSÃODE PÓSITRONS (PET-CT) Inserir no SER, descrevendo de forma clara e detalhada;REUNI p.40
OUTROS EXAMES - CINTILOGRAFIA DE COR INTEIRO PESQUISA D NEOPLASIAS (AMBULATORIAL);SER;REUNI;RedeGeral;;SEM_PAR;inclusao;Documental;Encaminhamento médico com descrição do caso;;;;;Encaminhamento médico com descrição do caso;REUNI p.40
OUTROS EXAMES - CINTILOGRAFIA DE COR INTEIRO PESQUISA D NEOPLASIAS (AMBULATORIAL);SER;REUNI;RedeGeral;;SEM_PAR;inclusao;Documental;Formulário de Alto Custo;;;;;Formulário de Alto Custo;REUNI p.40
OUTROS EXAMES - CINTILOGRAFIA DE COR INTEIRO PESQUISA D NEOPLASIAS (AMBULATORIAL);SER;REUNI;RedeGeral;;SEM_PAR;inclusao;Documental;Estadiamento clínico do câncer de pulmão de células não pequenas (carcinoma epidermoide, adenocarcinoma e carcinoma de células grandes), potencialmente ressecável;;;;;Estadiamento clínico do câncer de pulmão de células não pequenas (carcinoma epidermoide, adenocarcinoma e carcinoma de células grandes), potencialmente ressecável;REUNI p.40
OUTROS EXAMES - CINTILOGRAFIA DE COR INTEIRO PESQUISA D NEOPLASIAS (AMBULATORIAL);SER;REUNI;RedeGeral;;SEM_PAR;inclusao;Documental;Detecção de metástases exclusivamente hepáticas e potencialmente ressecáveis decâncer colorretal;;;;;Detecção de metástases exclusivamente hepáticas e potencialmente ressecáveis decâncer colorretal;REUNI p.40
OUTROS EXAMES - CINTILOGRAFIA DE COR INTEIRO PESQUISA D NEOPLASIAS (AMBULATORIAL);SER;REUNI;RedeGeral;;SEM_PAR;inclusao;Documental;Estadiamento e avaliação da resposta ao tratamento de linfomas de Hodgkin e não-Hodgkin;;;;;Estadiamento e avaliação da resposta ao tratamento de linfomas de Hodgkin e não-Hodgkin;REUNI p.40
OUTROS EXAMES - CINTILOGRAFIA DE COR INTEIRO PESQUISA D NEOPLASIAS (AMBULATORIAL);SER;REUNI;RedeGeral;;SEM_PAR;inclusao;Documental;ANGIOTOMOGRAFIA Inserir no SER, descrevendo de forma clara e detalhada;;;;;ANGIOTOMOGRAFIA Inserir no SER, descrevendo de forma clara e detalhada;REUNI p.40
OUTROS EXAMES - CINTILOGRAFIA DE COR INTEIRO PESQUISA D NEOPLASIAS (AMBULATORIAL);SER;REUNI;RedeGeral;;SEM_PAR;inclusao;Documental;Encaminhamento médico com descrição do caso;;;;;Encaminhamento médico com descrição do caso;REUNI p.40
OUTROS EXAMES - CINTILOGRAFIA DE COR INTEIRO PESQUISA D NEOPLASIAS (AMBULATORIAL);SER;REUNI;RedeGeral;;SEM_PAR;inclusao;Documental;Formulário de Alto Custo. RESSONÂNCIA MAGNÉTICA SEM SEDAÇÃO (INTERNADOS) Inserir no SER, descrevendo de forma clara e detalhada;;;;;Formulário de Alto Custo. RESSONÂNCIA MAGNÉTICA SEM SEDAÇÃO (INTERNADOS) Inserir no SER, descrevendo de forma clara e detalhada;REUNI p.40
OUTROS EXAMES - CINTILOGRAFIA DE COR INTEIRO PESQUISA D NEOPLASIAS (AMBULATORIAL);SER;REUNI;RedeGeral;;SEM_PAR;inclusao;Documental;Encaminhamento médico com descrição do caso;;;;;Encaminhamento médico com descrição do caso;REUNI p.40
OUTROS EXAMES - CINTILOGRAFIA DE COR INTEIRO PESQUISA D NEOPLASIAS (AMBULATORIAL);SER;REUNI;RedeGeral;;SEM_PAR;inclusao;Documental;Formulário de Alto Custo;;;;;Formulário de Alto Custo;REUNI p.40
OUTROS EXAMES - CINTILOGRAFIA DE COR INTEIRO PESQUISA D NEOPLASIAS (AMBULATORIAL);SER;REUNI;RedeGeral;;SEM_PAR;inclusao;Documental;Modo ventilatório;;;;;Modo ventilatório;REUNI p.40
OUTROS EXAMES - CINTILOGRAFIA DE COR INTEIRO PESQUISA D NEOPLASIAS (AMBULATORIAL);SER;REUNI;RedeGeral;;SEM_PAR;inclusao;Documental;Atualização diária de evolução clínica, descrita no sistema SER;;;;;Atualização diária de evolução clínica, descrita no sistema SER;REUNI p.40
OUTROS EXAMES - CINTILOGRAFIA DE COR INTEIRO PESQUISA D NEOPLASIAS (AMBULATORIAL);SER;REUNI;RedeGeral;;SEM_PAR;inclusao;Dedutivel;Destina-se apenas para pacientes internados, acima de 5 anos de idade que não necessitam de sedação;5;;;;;REUNI p.40
OUTROS EXAMES - CINTILOGRAFIA DE COR INTEIRO PESQUISA D NEOPLASIAS (AMBULATORIAL);SER;REUNI;RedeGeral;;SEM_PAR;inclusao;NaoDedutivel;Tipos de exames;;;;Tipos de exames;;REUNI p.40
OUTROS EXAMES - CINTILOGRAFIA DE COR INTEIRO PESQUISA D NEOPLASIAS (AMBULATORIAL);SER;REUNI;RedeGeral;;SEM_PAR;inclusao;NaoDedutivel;RNM de Crânio, Face, ATM, Mastoide, Órbitas, Coluna Cervical, Torácica e Lombar, Pescoço;;;;RNM de Crânio, Face, ATM, Mastoide, Órbitas, Coluna Cervical, Torácica e Lombar, Pescoço;;REUNI p.40
OUTROS EXAMES - CINTILOGRAFIA DE COR INTEIRO PESQUISA D NEOPLASIAS (AMBULATORIAL);SER;REUNI;RedeGeral;;SEM_PAR;inclusao;NaoDedutivel;Angiorressonância de Crânio e/ou Pescoço;;;;Angiorressonância de Crânio e/ou Pescoço;;REUNI p.40
OUTROS EXAMES - CINTILOGRAFIA DE COR INTEIRO PESQUISA D NEOPLASIAS (AMBULATORIAL);SER;REUNI;RedeGeral;;SEM_PAR;inclusao;Documental;RESSONÂNCIA MAGNÉTICA COM SEDAÇÃO (INTERNADOS) Inserir no SER, descrevendo de forma clara e detalhada;;;;;RESSONÂNCIA MAGNÉTICA COM SEDAÇÃO (INTERNADOS) Inserir no SER, descrevendo de forma clara e detalhada;REUNI p.40
OUTROS EXAMES - CINTILOGRAFIA DE COR INTEIRO PESQUISA D NEOPLASIAS (AMBULATORIAL);SER;REUNI;RedeGeral;;SEM_PAR;inclusao;Documental;Encaminhamento médico com descrição do caso;;;;;Encaminhamento médico com descrição do caso;REUNI p.40
OUTROS EXAMES - CINTILOGRAFIA DE COR INTEIRO PESQUISA D NEOPLASIAS (AMBULATORIAL);SER;REUNI;RedeGeral;;SEM_PAR;inclusao;Documental;Formulário de Alto Custo;;;;;Formulário de Alto Custo;REUNI p.40
OUTROS EXAMES - CINTILOGRAFIA DE COR INTEIRO PESQUISA D NEOPLASIAS (AMBULATORIAL);SER;REUNI;RedeGeral;;SEM_PAR;inclusao;Documental;Modo ventilatório;;;;;Modo ventilatório;REUNI p.40
OUTROS EXAMES - CINTILOGRAFIA DE COR INTEIRO PESQUISA D NEOPLASIAS (AMBULATORIAL);SER;REUNI;RedeGeral;;SEM_PAR;inclusao;Documental;Atualização diária de evolução clínica, descrita no sistema SER;;;;;Atualização diária de evolução clínica, descrita no sistema SER;REUNI p.40
OUTROS EXAMES - CINTILOGRAFIA DE COR INTEIRO PESQUISA D NEOPLASIAS (AMBULATORIAL);SER;REUNI;RedeGeral;;SEM_PAR;inclusao;NaoDedutivel;Destina-se apenas para pacientes internados. Tipos de exames;;;;Destina-se apenas para pacientes internados. Tipos de exames;;REUNI p.40
OUTROS EXAMES - CINTILOGRAFIA DE COR INTEIRO PESQUISA D NEOPLASIAS (AMBULATORIAL);SER;REUNI;RedeGeral;;SEM_PAR;inclusao;NaoDedutivel;RNM de Crânio, Face, ATM, Mastoide, Órbitas, Coluna Cervical, Torácica e Lombar, Pescoço;;;;RNM de Crânio, Face, ATM, Mastoide, Órbitas, Coluna Cervical, Torácica e Lombar, Pescoço;;REUNI p.40
OUTROS EXAMES - CINTILOGRAFIA DE COR INTEIRO PESQUISA D NEOPLASIAS (AMBULATORIAL);SER;REUNI;RedeGeral;;SEM_PAR;inclusao;NaoDedutivel;Angiorressonância de Crânio e/ou Pescoço;;;;Angiorressonância de Crânio e/ou Pescoço;;REUNI p.40
OUTROS EXAMES - CINTILOGRAFIA DE COR INTEIRO PESQUISA D NEOPLASIAS (AMBULATORIAL);SER;REUNI;RedeGeral;;SEM_PAR;inclusao;Documental;ELETROENCEFALOGRAMA (ADULTO) Inserir no SER, descrevendo de forma clara e detalhada;;;;;ELETROENCEFALOGRAMA (ADULTO) Inserir no SER, descrevendo de forma clara e detalhada;REUNI p.40
OUTROS EXAMES - CINTILOGRAFIA DE COR INTEIRO PESQUISA D NEOPLASIAS (AMBULATORIAL);SER;REUNI;RedeGeral;;SEM_PAR;inclusao;Documental;Encaminhamento médico com descrição do caso;;;;;Encaminhamento médico com descrição do caso;REUNI p.40
OUTROS EXAMES - CINTILOGRAFIA DE COR INTEIRO PESQUISA D NEOPLASIAS (AMBULATORIAL);SER;REUNI;RedeGeral;;SEM_PAR;exclusao;Documental;Pacientes com necessidade de sedação. ELETROENCEFALOGRAMA (INFANTIL) Inserir no SER, descrevendo de forma clara e detalhada;;;;;Pacientes com necessidade de sedação. ELETROENCEFALOGRAMA (INFANTIL) Inserir no SER, descrevendo de forma clara e detalhada;REUNI p.40
OUTROS EXAMES - CINTILOGRAFIA DE COR INTEIRO PESQUISA D NEOPLASIAS (AMBULATORIAL);SER;REUNI;RedeGeral;;SEM_PAR;exclusao;Documental;Encaminhamento médico com descrição do caso;;;;;Encaminhamento médico com descrição do caso;REUNI p.40
OUTROS EXAMES - CINTILOGRAFIA DE COR INTEIRO PESQUISA D NEOPLASIAS (AMBULATORIAL);SER;REUNI;RedeGeral;;SEM_PAR;exclusao;Documental;Pacientes com necessidade de sedação. VÍDEO EEG (ADULTO) Inserir no SER, descrevendo de forma clara e detalhada;;;;;Pacientes com necessidade de sedação. VÍDEO EEG (ADULTO) Inserir no SER, descrevendo de forma clara e detalhada;REUNI p.40
OUTROS EXAMES - CINTILOGRAFIA DE COR INTEIRO PESQUISA D NEOPLASIAS (AMBULATORIAL);SER;REUNI;RedeGeral;;SEM_PAR;exclusao;Documental;Encaminhamento médico com descrição do caso;;;;;Encaminhamento médico com descrição do caso;REUNI p.40
OUTROS EXAMES - CINTILOGRAFIA DE COR INTEIRO PESQUISA D NEOPLASIAS (AMBULATORIAL);SER;REUNI;RedeGeral;;SEM_PAR;exclusao;Documental;Pacientes com necessidade de sedação. VÍDEO EEG (INFANTIL) Inserir no SER, descrevendo de forma clara e detalhada;;;;;Pacientes com necessidade de sedação. VÍDEO EEG (INFANTIL) Inserir no SER, descrevendo de forma clara e detalhada;REUNI p.40
OUTROS EXAMES - CINTILOGRAFIA DE COR INTEIRO PESQUISA D NEOPLASIAS (AMBULATORIAL);SER;REUNI;RedeGeral;;SEM_PAR;exclusao;Documental;Encaminhamento médico com descrição do caso;;;;;Encaminhamento médico com descrição do caso;REUNI p.40
OUTROS EXAMES - CINTILOGRAFIA DE COR INTEIRO PESQUISA D NEOPLASIAS (AMBULATORIAL);SER;REUNI;RedeGeral;;SEM_PAR;exclusao;NaoDedutivel;Pacientes com necessidade de sedação. 4.18. EXAMES QUE REQUEREM PREPARO PRÉVIO 4.18.1. Preparo prévio para Angioplastia;;;;Pacientes com necessidade de sedação. 4.18. EXAMES QUE REQUEREM PREPARO PRÉVIO 4.18.1. Preparo prévio para Angioplastia;;REUNI p.40
PREPARO PARA O PROCEDIMENTO - CINTILOGRAFIA DE COR INTEIRO PESQUISA D NEOPLASIAS (AMBULATORIAL);SER;REUNI;RedeGeral;;SEM_PAR;inclusao;Documental;a. SOMENTE após o segundo mês de vida. b. NÃO apresentar com febre (se temperatura acima de 37,5ºC e deverá ser reagendado. c. É NECESSÁRIO SUSPENDER corticoide 30 dias antes do exame. (consulte seu médico antes de suspender o medicamento). d. Beber líquidos de hora em hora, usando recipiente de uso habitual, (exceto refrigerantes) 03 dias ANTES DO EXAME. e. NÃO USAR nenhum tipo de creme ou pomada nos braços e tronco do paciente, dois (2) dias antes do exame. f. Levar um agasalho, que será usado na hora do exame. g. Observar demais orientações do prestador. a. Maiores de 18 anos. b. Jejum absoluto de 6 horas. c. Pacientes portadores de hepatites crônicas por vírus (B,C), álcool, gordura no fígado, doença autoimune, uso crônico de medicamentos(artrite reumatoide, psoríase, CA de Mama). Nas doenças agudas não há indicação. d. Contraindicação: Gravidez, Enzimas do fígado muito altas(>400). e. Suspender medicamentos para Glicose no dia do exame. f. Observar demais orientações do prestador;18;;;;a. SOMENTE após o segundo mês de vida. b. NÃO apresentar com febre (se temperatura acima de 37,5ºC e deverá ser reagendado. c. É NECESSÁRIO SUSPENDER corticoide 30 dias antes do exame. (consulte seu médico antes de suspender o medicamento). d. Beber líquidos de hora em hora, usando recipiente de uso habitual, (exceto refrigerantes) 03 dias ANTES DO EXAME. e. NÃO USAR nenhum tipo de creme ou pomada nos braços e tronco do paciente, dois (2) dias antes do exame. f. Levar um agasalho, que será usado na hora do exame. g. Observar demais orientações do prestador. a. Maiores de 18 anos. b. Jejum absoluto de 6 horas. c. Pacientes portadores de hepatites crônicas por vírus (B,C), álcool, gordura no fígado, doença autoimune, uso crônico de medicamentos(artrite reumatoide, psoríase, CA de Mama). Nas doenças agudas não há indicação. d. Contraindicação: Gravidez, Enzimas do fígado muito altas(>400). e. Suspender medicamentos para Glicose no dia do exame. f. Observar demais orientações do prestador;REUNI p.39
TRANSPLANTE - CARDÍACO;SER;REUNI;RedeGeral;;SEM_PAR;inclusao;NaoDedutivel;Idade inferior aos 65 anos;;;;Idade inferior aos 65 anos;;REUNI p.37
TRANSPLANTE - CARDÍACO;SER;REUNI;RedeGeral;;SEM_PAR;inclusao;NaoDedutivel;Insuficiência Cardíaca Classe III ou IV (NYHA);;;;Insuficiência Cardíaca Classe III ou IV (NYHA);;REUNI p.37
TRANSPLANTE - CARDÍACO;SER;REUNI;RedeGeral;;SEM_PAR;inclusao;NaoDedutivel;Insuficiência Cardíaca Classe II, III ou IV + Terapia de Ressincronização Cardíaca;;;;Insuficiência Cardíaca Classe II, III ou IV + Terapia de Ressincronização Cardíaca;;REUNI p.37
TRANSPLANTE - CARDÍACO;SER;REUNI;RedeGeral;;SEM_PAR;inclusao;Documental;Cardiomiopatia Hipertrófica Anexar;;;;;Cardiomiopatia Hipertrófica Anexar;REUNI p.37
TRANSPLANTE - CARDÍACO;SER;REUNI;RedeGeral;;SEM_PAR;inclusao;Documental;Encaminhamento por cardiologista com descrição do caso;;;;;Encaminhamento por cardiologista com descrição do caso;REUNI p.37
TRANSPLANTE - CARDÍACO;SER;REUNI;RedeGeral;;SEM_PAR;inclusao;Documental;"Ecocardiograma (< 6m); Holter 24 horas (se necessário)";;;;;"Ecocardiograma (< 6m); Holter 24 horas (se necessário)";REUNI p.37
TRANSPLANTE - FÍGADO (INFANT;SER;REUNI;RedeGeral;;SEM_PAR;inclusao;Documental;TIL) Anexar (ou descrever de forma clara e detalhada);;;;;TIL) Anexar (ou descrever de forma clara e detalhada);REUNI p.37
TRANSPLANTE - FÍGADO (INFANT;SER;REUNI;RedeGeral;;SEM_PAR;inclusao;Documental;Encaminhamento médico com descrição do caso;;;;;Encaminhamento médico com descrição do caso;REUNI p.37
TRANSPLANTE - PULMONAR;SER;REUNI;RedeGeral;;SEM_PAR;inclusao;Documental;Anexar (ou descrever de forma clara e detalhada);;;;;Anexar (ou descrever de forma clara e detalhada);REUNI p.38
TRANSPLANTE - PULMONAR;SER;REUNI;RedeGeral;;SEM_PAR;inclusao;Documental;Encaminhamento médico com descrição do caso;;;;;Encaminhamento médico com descrição do caso;REUNI p.38
TRANSPLANTE - PULMONAR;SER;REUNI;RedeGeral;;SEM_PAR;exclusao;NaoDedutivel;Pacientes agudamente doentes ou clinicamente instáveis;;;;Pacientes agudamente doentes ou clinicamente instáveis;;REUNI p.38
TRANSPLANTE - RENAL (INFANTI;SER;REUNI;RedeGeral;;SEM_PAR;inclusao;Documental;L) Anexar (ou descrever de forma clara e detalhada);;;;;L) Anexar (ou descrever de forma clara e detalhada);REUNI p.37
TRANSPLANTE - RENAL (INFANTI;SER;REUNI;RedeGeral;;SEM_PAR;inclusao;Documental;Encaminhamento médico com descrição do caso;;;;;Encaminhamento médico com descrição do caso;REUNI p.37
